Unnamed: 0,CURLTUGMZLYLDI-UHFFFAOYSA-N_298K,IJGRMHOSHXDMSA-UHFFFAOYSA-N_298K,VNWKTOKETHGBQD-UHFFFAOYSA-N_298K,MYMOFIZGZYHOMD-UHFFFAOYSA-N_298K,IJGRMHOSHXDMSA-UHFFFAOYSA-N_77K,CURLTUGMZLYLDI-UHFFFAOYSA-N_195K,UFHFLCQGNIYNRP-UHFFFAOYSA-N_77K,QQONPFPTGQHPMA-UHFFFAOYSA-N_298K,ATUOYWHBWRKTHZ-UHFFFAOYSA-N_298K,HSFWRNGVRCDJHI-UHFFFAOYSA-N_298K,UFHFLCQGNIYNRP-UHFFFAOYSA-N_298K,FHNFHKCVQCLJFQ-UHFFFAOYSA-N_298K,DNNSSWSSYDEUBZ-UHFFFAOYSA-N_298K,MWUXSHHQAYIFBG-UHFFFAOYSA-N_298K,XLYOFNOQVPJJNP-UHFFFAOYSA-N_298K,VLKZOEOYAKHREP-UHFFFAOYSA-N_298K,OKKJLVBELUTLKV-UHFFFAOYSA-N_298K,LFQSCWFLJHTTHZ-UHFFFAOYSA-N_298K,SFZCNBIFKDRMGX-UHFFFAOYSA-N_298K,UGFAIRIUMAVXCW-UHFFFAOYSA-N_298K,XDTMQSROBMDMFD-UHFFFAOYSA-N_298K,UHOVQNZJYSORNB-UHFFFAOYSA-N_298K,XKRFYHLGVUSROY-UHFFFAOYSA-N_87K,XKRFYHLGVUSROY-UHFFFAOYSA-N_298K,OTMSDBZUPAUEDD-UHFFFAOYSA-N_298K,VGGSQFUCUMXWEO-UHFFFAOYSA-N_298K,QGZKDVFQNNGYKY-UHFFFAOYSA-N_298K,CSCPPACGZOOCGX-UHFFFAOYSA-N_298K,IJDNQMDRQITEOD-UHFFFAOYSA-N_298K,NNPPMTNAJDCUHE-UHFFFAOYSA-N_298K,KFZMGEQAYNKOFK-UHFFFAOYSA-N_298K,BDERNNFJNOPAEC-UHFFFAOYSA-N_298K,WEVYAHXRMPXWCK-UHFFFAOYSA-N_298K,YXFVVABEGXRONW-UHFFFAOYSA-N_298K,RWSOTUBLDIXVET-UHFFFAOYSA-N_298K,OFBQJSOFQDEBGM-UHFFFAOYSA-N_298K,LRHPLDYGYMQRHN-UHFFFAOYSA-N_298K,URLKBWYHVLBVBO-UHFFFAOYSA-N_298K,RAHZWNYVWXNFOC-UHFFFAOYSA-N_298K,SWQJXJOGLNCZEY-UHFFFAOYSA-N_298K,VXNZUUAINFGPBY-UHFFFAOYSA-N_298K,QWTDNUCVQCZILF-UHFFFAOYSA-N_298K
NIST-MATDB-b2dc02871a66ac38e4b195796cf3e00b,0.6430469050917006,0.0774384630472127,0.2391186988573352,,1672.743597325261,,160.33501944416255,13.21084759777081,18.98758446238461,0.0015064637697364833,3.510666096545971,,,,2.15433215161393,,1.1752785483040873,,,0.11997002725671174,,,73599.14821432852,,2.591107356497705,1.3701766554642072,0.9580378238117655,,,,,,,,,,,184.51511376454607,65.50282701210202,,,
NIST-MATDB-035dc75dddd00241bd76627f78cbef2d,73.59534231126624,0.30379413060209226,0.7703028037533114,0.09101239544569004,3379.7294600734954,,,52.095266272189804,80.8179347826087,,,,,,194301.76857834568,,,,,1.0517589095545399,,,,,2e-10,3.1160330921201544,590.1722282823831,,340.47202129308516,,,,,,,,,,,0.00043231232984214764,96.78620143561847,
NIST-MATDB-453276ee992ed07dc207ed08b2b221ce,1.760339850499302,0.27192847754043603,0.326730365509554,2e-10,1227.6799746722195,91.53743625903783,1208.198529130384,,,,3.7899199561508,1132.7272830449886,253.45717405675745,,2.335394819739001,306.0361637461997,540.879078103839,,,0.419406806634375,,,1.0264974712543478,1.0184267599620265,4.627283439866799,43.03174955595196,1.4094536334897059,530.8652430332747,,,,,,,12.899583622278739,,,,,,,
NIST-MATDB-1b85b1862d4e9cc2e0f46d0e2698ab79,2.1722008714977408,0.20080856376385164,0.6901716813103527,0.18260102719897592,1875.5724434044082,,112.24743673814359,,,,,,,,,,,,,0.25070543673837037,,,,,,,66.20441577000679,,,,,,,,,,,2545.4883056471385,,,,
NIST-MATDB-991daf7313251e7e607e2bab2da57e33,4.2772877857885945,0.21625720889128558,0.5454809369281681,0.22986423576959497,1857.1264201800122,2e-10,1000.3969030367423,638.4649087227872,48.65581513287653,86.77465759200413,1.1181507153319783,20.891915656597927,,12.930496737418789,2707.182059743327,926.736264170325,2094.4450516938905,1420.8271837177376,,0.9763893361375727,,279.7979628807241,78720.0150739287,0.22439445382448955,1.0002449623160565,32.69344592428428,603.2859179571656,1348.941827663523,0.30957449017577265,585.316319880179,,,,,,5039.506517047952,,,94.94429498055146,,,4128.514098207788
NIST-MATDB-9f02824618e94d86caedc9fb497366ba,0.22644067238968604,,0.003669995610705509,,1184.8152838423612,,850.0102184305182,,,5.88860096598614,3.6359697614839273,,,,,,,,,,,,,,,,,,,,,,,,,,,,,,,
NIST-MATDB-acbbe796d49416e999dc819f2ae65fe9,3.040278101815128,,14.129263712200931,,2770.2417882383966,,1249.6182292314695,,,51.060140800083396,7.839381338185769,1.6248748771771522,0.7671134998952922,,,,,,,,,,,,,,,,,,,,,,,,,,57.137198376954785,,,
NIST-MATDB-e23e0f3921a269533d74caae8c5a12bf,2.0211174723692666,2e-10,33.81771470779108,,982.7096513232987,0.3430361171206173,1963.2148044104426,,,,10.21288649146402,,,,896.7011740513539,3.7082786602711564,,1496.7407067182642,,8.625878847444064,,,,,,,,,,,,,,,,1.4028273492491017,,,,,,
NIST-MATDB-9d023a670a2aedb5225d9cd365e24210,2.22010445080448,,0.5516449834410099,,18491.16111789984,25.796334300989525,25.177850289043224,,,,5.724714423085727,,,,,,,,,,,,,,,,,,,,,,,,,,,,17.700402656578152,,,
NIST-MATDB-612dffd0588cbe4108374b80475f83a1,0.25491571166073584,,,,4114.442681096615,13.679059153294256,18.092798839676526,,,,0.19133948846124352,,,,,,,,,,,,,,,,,,,,,,,,,,,,,,,
NIST-MATDB-da5220e5839a57a58fc9a754a694c09d,0.4520382746138145,,,,,18.133454098806894,9.408602193274321,,,,0.12565909449161247,,,,,,,,,,,,,,,,,,,,,,,,,,,,17.13181965355859,,,
NIST-MATDB-a378219a763aefdf46b08bb3faff567f,0.9272127225708933,,0.3648429165669266,,,28.315390092957315,544.1156795517736,,,,10.038425803174954,,,,,,,,,,,,,,,,,,,,,,,,,,,,,,,
NIST-MATDB-2c9380bddc59f547484ff729eab7d7cb,1.0388785365021436,0.4477490325477329,0.35179373717396445,,748.5514033259153,24.897806135294022,312.90098609466565,,0.2191421437242873,1.1566739467362006,0.07519309878712233,1.7919949315173436,0.43206792591450766,0.17159773502983944,0.07269269295787206,,,,,0.18434360845163233,,23.212017629678606,789.5190327293851,0.16647355671563413,0.005896469872660375,,37.412807561162964,,,,,,,,,,,,16.823525004020002,,,
NIST-MATDB-a32141d840ee476b01d03de6aabc5dd0,,,,,1019.5784199210995,,4.93472328408556,,,,,,,,,,,2717.299275344505,,,,,,,,,,,,,,,,44479.83229534218,,1261.470518194382,,,,,,529.2727829118651
NIST-MATDB-70adc65753e53e19b9751edf07eb47c2,2.248936608037033,,,,538.6591024234004,,,,,,,,,,,,,,,,,87.96780591434867,,,0.19358821356851857,2.6483017699860327,,,,,,,,,,,,,,,,
NIST-MATDB-8599871cd17b08ae7919e1260a35e914,5.585892308540646,1.1379334113726305,2.4635884876628316,,3245.1526075081206,,,,,,2e-10,,,,,,,,,,,,,,,,,,,,,,,,,,,,,,,
NIST-MATDB-7c81afbf8f12d8eea290644848d46385,5.447164591441242,0.9806878659656542,1.2747258366140863,,1355.1371635613507,,,,,,0.21091107328799666,,,,,,,,,,,,,,,,,,,,,,,,,,,,,,,
NIST-MATDB-99ef80e5d83870b3d92d1e7cc0055c90,5.107773130266454,0.9446141418496158,3.131316191616605,,4911.367698637534,,,,,,3.4340958855075647,,,,,,,,,,,,,,,,,,,,,,,,,,,,,,,
NIST-MATDB-99b2d1b315d9bd0b70972c5b0da4b675,,0.1945342530364066,,,47609.523826886914,,14.846869212143872,,,,,14.040998473428644,1.2614816588923363,,,,319.10995810437964,,,,,,,,,,,,,,,,,,,,,,,,,
NIST-MATDB-5ab0dbe0639729711750ef4b97715f0f,2.4191964366318577,0.2333511790586721,0.5532921463428742,0.12242863182978067,699.3078192698556,,204.66155112874117,,,,0.7208044420449046,,,,463.1371239117236,8.73485831846153,,,,0.23409344845520402,,8.54767325782205,,,,,,,,,,,,,,,,,,,,
NIST-MATDB-9ee35322ac5ddba224d845a03c651b29,139.01530952544877,,0.8806469928190049,,,,4.695513131404278,,,,0.027665972015891858,,,,26624.34412650703,,,11031.15124715774,,,,,,,,,,,,,,,,,,,,,,,,
NIST-MATDB-0d52b4312e8dd98a53fcfaba14cd0e82,,,,,163.92020452911953,,21.53762337009684,4005.7764657393127,217.61104934780786,,1.9512060030915324,,,,52.07315770371717,,,,,,,,380.54218645842826,,,,,,3133.6640021803432,,,,,,,,,,,,529.0874729747043,
NIST-MATDB-1e130146cc6d11f05471f1e054d640c8,105.3265730179023,,2e-10,,,,4.719135362721461,,219.77075457526442,,0.6844883793338045,,9.68452540154759e-06,,,,,,28.36771765605244,,,,,,13.556909212153368,316.88245111124536,,,,,,,,,,,,,,,,
NIST-MATDB-b848f05ba9fb26cdd50755863b377c56,3.2658855523738803,0.41594696711151935,0.818047063159127,,2505.2944070681942,,,,,,0.008474950509374754,,,,0.7097153791461783,,,,,0.2648885848400439,,,,,,,,,,,,,,,,,,,24.87933702443925,,,
NIST-MATDB-47dadc99a0da13b9e9bb3032468ecbdf,0.41082567393617436,,0.2984480105092798,,104.17297254737582,,386.94443590153895,,,,1.1396292236816838,,,,43.01038639625858,,,,,,,,,,,,,,,,,,,,,,,,,,,
NIST-MATDB-190ed881ef2c7d18396b178dd6a6d96e,4.155566562271816,2e-10,,2e-10,1.0114662362615636,229.48883020395158,,,,,,,,,59.4029684447233,,630.5159231188923,361.58234046913844,,,,,,,,,,,,,,,,,,,,,,,,
NIST-MATDB-41c2805a6520a1ee656e0804d78c64b9,,,,,4.708433705512397,5.559496755644617,,,,,,,,,,,,,,,1.6937159062568166,3.0526572142132506,5.790920616033887,,,,,,,,,,,,,,,,,,,
NIST-MATDB-71d6fc9e1d75f65e8a04544608290958,11.064982751752467,491.4184004286883,0.6783350433054909,,794.4732245633286,,4813.240417608908,,,,2.415466320893895,,,,16067.315442465646,,,,8.11598714639381,,,,,,,,,,,,,,,,,,,,,,,
NIST-MATDB-f55cae58cff61d336d8b65bece21175f,1.743407428341904,2e-10,0.2713034029775564,,1342.1464151808455,,848.358936178342,,,,2.3711169673594172,,,,445.2462883902433,,,,,2e-10,,,,,6.719705408784309,2.3739293534156705,,,,,,,,655.1892000443244,,,,23834.280068041873,,,,
NIST-MATDB-7cb7f2ebc677a987561f61f34f01f965,1.8345330669093227,0.16094300631834427,0.0008262321013684298,0.17284890807594466,2777.3200230970842,,,,2e-10,,,,,,5.265429811571953,,29.51397796361948,227.77597136122262,,,,,,0.15736537097723918,0.012127084895020838,,,,2e-10,,,,,,7.585450336436492,,,,,,,
NIST-MATDB-139fa76b34e8599641ff3814365cf4b4,0.7390614218430122,,0.4697103852315232,,1049.5284298550134,,2.8748635144279526,,,,0.17111561434820896,,,,,,,,,,,,,,,,,,,,,,,,,,,,,,,
NIST-MATDB-30cd18fdfeb9951585bf327f31556422,0.7071579112596851,,0.30103013197373507,,647.7066103738291,,3.3906584533820237,,,,2e-10,,,,,,,,,,,,,,,,,,,,,,,,,,,,,,,
NIST-MATDB-bbd809480ca8c8d0e4d066e70a9719d1,1.0097596698715428,0.20809314960839803,0.38017432478970486,0.17266204356468612,1085.3760156605151,,208.20836271592745,,,,5.942807180071319,,,0.33098118870349974,796240.8217976532,,,,,0.478551813585926,,,,,,,351.68284010503555,,,,,,,,,,,,34.50444151445142,,,
NIST-MATDB-c72a7787d6aa9690e6f0e608535eba56,0.8785978722024855,0.1685798383831774,0.4131800557306475,,1981.1257586615307,30.000575877300996,9.480619478449919,,,,,,,,,,,,,,,,2466.142985528577,,,,3179.350707751389,,,,,,,,,,,,,,,
NIST-MATDB-c9f07797eede38c284db86f39de45b80,0.4811288255438229,,25.403831798824267,,1422.4218579122146,,4.286116919585442,,,,4.547524294576369,,,,,,,,,,,,876.8259392213105,,,,,,,,,,,,,,,,,,,
NIST-MATDB-35e89b21945136485b33f7d6240f3934,,,124.8246217535466,,254.2340378150283,,21.80424722099819,,,,0.0019569456611487758,,,,285720.77941045584,,,,,,,,50.032487228572286,,,,,,,,,,,,,,,,,,,
NIST-MATDB-b2cbe7a27aa1570f2ff2c04b82289f25,6.067902891648926,0.28694765225160995,0.6777611504769157,,856.2404969687279,,1612.3925648218635,,76.71274958009047,,2.053230378509393,,,,816.068558301132,1199.4260756907415,,2666.8774951125224,,,,32403.747272744404,1288.795994033128,,9.26826513626034,,,,,,,,,89112.40514837098,,1873.8643067847183,,,,0.001285172498053782,,
NIST-MATDB-9ab18a5aa1db0a6827d18e1707055261,46.21232944342672,,,,,,,,,,,761.900147300476,139.63951978413988,,685.8502285937982,,,,,,,,,,,,,,,,,,,,,,,,,,,
NIST-MATDB-121099da5c9e0772a6f7a19e407c83ab,7.910865927478905,,0.0022419455796513035,,,,,,,,,,,,2581118.333103167,,3684412.433957373,2013183.9658612225,,,,,,,,,,,,,,,,,,,,,,,,
NIST-MATDB-89e81937227ff55fd71de86adb493b79,5.729243736322388,0.2124761680340371,1.1867549075408572,,,,210.8455490343806,,,,28.054758360049476,,,,,,,,,,,,,,,,,,,,,,,,,,,,,,,
NIST-MATDB-d8cf38b309ee3a17162e8cfe4c836f7e,4.300482671475336,0.4966783114078134,1.0538210922175963,,,,356.50251552231083,,,,16.872512628086007,,,,,,,,,,,,,,,,,,,,,,,,,,,,,,,
NIST-MATDB-96713fc6845e0ffe5a35364c2d59e6dc,1.273767322879432,,0.4203970551834129,,559.3405249177027,,1227.5892335832652,,,,7.602847904523129,,,,,,,,,,,,,,,,,,,,,,,,,,,,,,,
NIST-MATDB-aab7f4d547e6752b772d6f12520fde3b,1.4734711269427199,0.1603576688892487,0.8259896845590469,,,,,100.67994129953837,105.17056245755207,,,,,,64.14711605272076,,,,,,,,,,22.055882785743375,,,,502.12269339247695,,,,,,,6041.1210378174055,,,,,,1343.5856241485542
NIST-MATDB-5d0728ebc1e0053aa120288307a704c8,,0.33481268485538673,1.4412350249712242,0.4358666884289988,328.45144263933156,,,,91.25247253835539,,,,,,4.131299750952316,3.871528295918962,,1007.356376945931,,,,495.8522884804414,,0.22522871295303099,3.9353882808220915,20.292694538144104,,,920.8748923888538,517.8658820986387,,,,,,,,,,0.005917633820355941,,
NIST-MATDB-eb8a03810908350733a3ad317d9a5927,1.8498597732701711,0.7201881360665248,0.7904824128077822,,523.9320341737259,72.51443313771658,41.65051960842443,,,,,,,,,,,,,,,,,,,,,,,,,,,,,,,,,,,
NIST-MATDB-f5e80ffaaaf05f4ed655664fd22defb9,41.76378730207088,1.0851440476202152,0.7724504151801801,,325.80036015031317,,80.56099491208631,1.7588768994145156,59.99554498785248,,2e-10,,,,13178.128947297699,,,,18.977071260345365,,,,,,5.316452976366367,4.254180630529161,174.54037674086126,,,,,,,,,,,,,,,
NIST-MATDB-71334e26f762777895a284849f14ca16,,,,,19.65084698359173,,,,,1.7524846582716624,,,,,,,,,,,,,,,1.8952109608420131,1.2515891742967316,,,,,,,,,,,,,,,,
NIST-MATDB-1733c0f5ae26290495f099f06d0dd880,1.0506368776819541,,48.97526724813574,,,,468.68655376421,,,8959582.270408262,22.280074079470392,,,0.35729785835087713,,,,,,0.29371887755103815,,,,,,,,,,,,,,,,,,,,,,
NIST-MATDB-297c8ffe0f482757db45335130e02770,1.0726059260431307,,48.94752888137219,,,,476.4462059795135,,,9362429.511278277,22.273977815296313,,,0.25213164469010435,,,,,,0.3218281163683582,,,,,,,,,,,,,,,,,,,,,,
NIST-MATDB-d86d4371ef53e79be2d4bfa4da89d87d,10.395621684653621,,1.9777623930876862,,1167.51385178846,,226.1569570936275,,,,,,,,,,,,,,,,,,40.825234446599296,,,,,,,,,,,,,,,,,
NIST-MATDB-1912fa97c73af69dfe5371cbe82e983a,5.899786502039319,0.19090858079036238,0.7463819778649198,,814.816058003409,,39.430110164580924,,,,,,,,,,,,,,,,,,,,,,,,,,,,,,,,,,,
NIST-MATDB-1f9d4e4fac6d97c9f29f5f996ab9f08d,0.6112414242993988,,0.7838753871574589,,,,,,4.3172563884657125,,,,,,,,,,,,,,,,2e-10,,,,20.100493985645812,,,,,,,,,,,,,
NIST-MATDB-0fda178e19926b1dd1cb87d13b6c9b8f,1.1042855347280345,,0.4649793428285292,,,,,,18.31791033783543,,,,,,,,,,,,,,,,2.9974155717238333,,,,182.660725831389,94.42222222222223,,,,,,,,,,,,
NIST-MATDB-62e7a8f42d4e7a6d5367646f760058d1,4.958937499490163,1.8318180506612123,5.376792064225669,,47.40759650653977,,,,,39.09092334239011,,,,,,,,,,,,,,,,,,,,,,,,,,,,,,,,
NIST-MATDB-9e095580c7def92493b44834013f53af,6.047094498899436,1.3185743603700735,1.1309171060812717,,45.28323335096816,,8079.32007980848,,,,,,,,,,,,,,,,,,,,,,,,,,,,,,,,,,,
NIST-MATDB-af11a58c392320621e86752e11cf2b18,,,,,2.0209175498687966,,,,,,,,,,243.39595559963806,,110.42037749358192,20.43143011404918,,,,2187.7466770250526,,,,,,,,,,,,,,,,,,,,
NIST-MATDB-2f391b46b4e3f7747db4ad7bba0ccbfd,0.42357537607900586,2e-10,0.09723223415910488,2e-10,625.9778838252249,,,,,,0.008976743254042172,,,,249.08312995695553,,,,,,,,,,,,303.6406797096154,,,,,,,,,,,,,,,
NIST-MATDB-775250b0154475da1a9521dd991a76d6,6.509571768673341,424.65242048227395,0.8004635475036215,,446.9451630186902,,10429.61457340518,106.7097608080243,100.69093267644061,,3.0606106741839687,109.29318675316614,78.9240736881647,,10951.866769333576,,,,,,,,,,,,,,,,,,,,,,,,,,,
NIST-MATDB-7aa6f7200318ad474b557940bc6726c0,13.667468404575688,,,,2209.7846990683674,83.48931966708298,,,,,,,,,,,,,,,,,3388.724363507795,,40.960708853587974,26.527250032931203,,,,,,,,,,,,,,,,
NIST-MATDB-90c6a1887a5e0f522854022bac0600a2,,,,,,,,,,,,,,,6290.19816477521,64.16067018525247,16522.721092506956,29470.86902931713,,,,,,,,,,,149.59057436496818,,38589.40097304745,50058.9508113294,,,,2516.0050409578243,,,,,,
NIST-MATDB-e6b24d002f0be7b19db9e4a0b3345ee7,3.3558842956531705,141.31923873816874,0.9011929575798768,,,,,,,,,,,,,,,,,,,,7960.377890580939,,14.059486503712755,,,,,,,,,,,,,,,,,
NIST-MATDB-bbd4c0c32dbd9f7b1df341984b71983f,6.115636416409192,89.91529302928383,0.8928085595385646,,,,,,179.68375670613278,,,,,,,,,,,,,,3761.455205213842,,17.095718467224174,,,,,,,,,,,,,,,,,
NIST-MATDB-b959013d12b8df7d874e8bc19a3ad825,16.43168128828257,0.3571700488085152,0.888445776287479,,1890.8857931398054,,338.51071993227555,,,,,,,,,,,,,,,,,,,,,,,,,,,,,,,,,,,
NIST-MATDB-b8633e438eb4b3b1963008b5ffb3e34e,2.009090903105249,0.08898323301283759,0.3050383555595265,,326.1193245712639,,,,,,,,,,,,,,,0.12413721493408991,,,,,,,,,,,,,,,,,,,,,,
NIST-MATDB-99723c0194e8cf989d93bc5e2da6aeea,0.7375775240149515,1.5664163329271366,0.17478069587622597,,,89.25618009471097,,,,,,,,,,,,,,,,,,,,,,,,,,,,,,,,,,,,
NIST-MATDB-c8b87c33b697e8a3304458115b4cd8de,0.932054797842682,0.004895047545448649,2.0000000000000003e-10,,,75.82053555926726,,,,,,,,,,,,,,,,,,,,,,,,,,,,,,,,,,,,
NIST-MATDB-5350a399babe6c33a34d193da74689a3,2.099897758010206,0.5535378556715794,0.5333588130762177,,,434.99974873567186,,,,,,,,,,,,,,,,,,,,,,,,,,,,,,,,,,,,
NIST-MATDB-6f2de59bc9a4aafa57769c230fce91ab,3.4842494826554926,,0.3484895717310208,,,,,11.208848627159671,9.500136442193991,,,,,,,,,,,,,,,,8.009594824277654,6.6385479520723445,,,,,,,,,,,,,,,,
NIST-MATDB-19f0b99c8dbe789defa47a66736fe641,2.5727381813735253,,0.44629468827796537,,,,,21.413092016392994,19.3429270517111,,,,,,,,,,,,,,,,4.726937314812782,7.898651122097666,,,,,,,,,,,,,,,,
NIST-MATDB-1b5c20248717ca46ef341e3c5f2c1f30,8.365832817172961,0.0001011194657470026,0.5768516236329123,,982.1559364472497,,,,0.05645378715604184,,2e-10,,,,,,,,,,,,,,0.6036847066910055,,,,,,,,,,,,,,,,,
NIST-MATDB-14c091e09b6f2b80b8dba65f778b7715,,,,,1811.8326583211742,3484.2739564961944,,,,,,,,,,,2789.345534380545,,,,1e-10,944.3782882415622,,,,,,,,,,,35412.94645191076,,,,,,,,,
NIST-MATDB-dd648c6388274576eaa6f506d849b3f9,5.966360265101336,0.003426819113163595,0.7475159638164312,2e-10,11414.37763215598,,743.2349358655574,,,,0.014240612281255078,,,,138614.65361997328,,,,,0.7318144973525014,,,,,,,,,,,,,,,,,,,,,,
NIST-MATDB-85fcc6055ba3ac2715a9d7ef6112cfa9,4.379793616364993,2e-10,0.8101167473332374,,369.26760610034535,,20.983373844364156,,,,0.009471906580512456,,,,,,,,,,,,,,,,,,,,,,,,,,,,,,,
NIST-MATDB-ab995b569e3eef266e371252ec189e8b,20.609324776996246,0.11767399177119958,2e-10,,,,,,,,0.013295313616220108,,,,,,,,,0.20942137472550088,,,,,,,,,,,,,,,,,,,,,,
NIST-MATDB-a4ed01077a429c5f198b12181cd8b6d8,4.533181953699693,,0.8765067784487813,,,,,,122.36407435702392,32.69925822350704,,,,,,,,,,,,,,,11.762306317346527,9.316865217567132,,,,,,,,,,,,,,,,
NIST-MATDB-e788f40ad7a33abe049ca098ed6ee980,,,,,,142.8484238411276,,,,,,,,,51.0482990416328,,28.03166720567816,17.250747007903843,,,,,,,,,,,,,1.1963225265218869,8.611636967922518,,,,,,,,,,
NIST-MATDB-2df53cb5b49803b76e21603aaac024e5,4.760203836286641,0.3833309077839442,0.7535703956830107,,0.1286631666678864,121.15217699445915,51.51893576690892,,,,,,,,52.217713697743015,,250.79529300547546,,,,,,,,,,,,,,2.2435466266730533,,,,,,,,,,,
NIST-MATDB-5b3ad76c63b1ce87a685648f69a4de28,1.8469834477833347,0.8529964544991864,0.9404441321274343,,281.5602211917144,,200.6710420899994,,,,,,,94.11706861291051,36617.264177665755,,,626.9261530530929,,,,,,,,,,,,,,,,,,,,,,,,
NIST-MATDB-b425ac967ceb23a458c5e6f13f9dee6b,4.966169199331887,0.18746569838210503,0.8647330354285376,,17.336006308345286,,,,,,,,,,1001.8803930438202,,,,,0.29263953180921976,,,,,,,,,,,,,,,,,,,,,,
NIST-MATDB-4f997dd50218f80755de4f39ef56d711,3.2153635265475184,0.19647196739743233,0.8695702489736068,,261.22729561999824,,,,,,,,,,,,,,,0.294033899881298,,,,,,,,,,,,,,,,,,,,,,
NIST-MATDB-fa79ad13534250f0bc3baa41eda9ec6f,3.1853830252189335,0.24872960776726677,0.8582166143202303,,848.4318503391111,,,,,,,,,,,,,,,0.39044261669500135,,,,,,,,,,,,,,,,,,,,,,
NIST-MATDB-fd7ade7b33c3327069abc402f4d18439,10.988969002614734,1.0967220993728912,3.8918486438958793,,1623.3089897265684,,,,,,2e-10,,,,,,,,,,,,,,,,,,,,,,,,,,,,,,,
NIST-MATDB-951db94d5701c144378afbaface18b87,1.010814564001144,,0.01748169505803957,,,37.16184606131041,,,2e-10,,,,,,,,,,,,,,,,2e-10,,,,15.984559290997272,,,,,,,,,,,,,
NIST-MATDB-258f598c6216eafd0dfcd61b5977abc0,3.0013721832631766,2e-10,1.1874665029507727,,254.52748550085127,,58.755330564332695,,,,,,,,,,,,,,,,,,,,,,,,,,,,,,,,,,,
NIST-MATDB-c750312180598dce5e7e8761b750f6ab,2.97777717695903,0.9989601470826613,0.9684532125114276,,,2717.4051515112305,,,,,,,,,,,,,,,,,,,,,,,,,,,,,,,,,,,,
NIST-MATDB-f7dc4657c1d121aa6da15e936391c2cb,2.1216068026078045,,,,564.2027393216546,147.20205493105456,4003.0785803877116,,,,2.082110354753514,,,,,,,,,,,,,,,,,,,,,,,,,,,,,,,
NIST-MATDB-ad8443a58b6d0f9c90e2c966b478e551,8.213812369243984,2e-10,0.994400972358318,,,,,,,31.4757917659635,,,,,,,,,,,,,,,9.896307530473889,21.068230904690996,,,,,,,,,,,,,,,,
NIST-MATDB-120341abab512148a2586319c9580c29,,,0.22203374417185473,,2375.1226791989416,,,,,2.614547034221577,,,,,,,,,,,,,,,1.1633921178386166,1.1362579822250716,,,,,,,,,,,,,,,,
NIST-MATDB-f4b549a56c1a5caf008c436b7d0aaaea,131.60736412894028,1.1568207247448168,0.9882347486340308,,4636.5036163129935,,1073.3929065550062,,,,4.886360831060907,,,,,,,,,,,,,,,,,,,,,,,,,,,,,,,
NIST-MATDB-8b2f5bfff597fd6ac1507365a3732a97,10.518033638317462,246.37748335606284,0.7238153445698313,,305.99408091647234,,21966.668571386934,,,,3.0408345927060627,736.58006748572,1114.5324751279595,,39207.183846572414,,,,20.209679948584384,,,,,,,,,,,,,,,,,,,,,,,
NIST-MATDB-98261e1cacd11dbc66fdc2910f2226ce,2e-10,,0.01760232642555692,,2026.7161893783398,,1459.1774324821777,,,,1.744394292334962,9.095620149823771,0.8880409911117317,,,,236.16721632003714,,,,,,,0.1383313310666666,,,,,,,,455.8613633168061,,350.89073962933617,,,580.125516735716,544.8459733152418,,,,
NIST-MATDB-7afa6cd2b9010a5fee66c761d34f79ff,3.178917832710944,1.1074409996484198,0.7726093453027945,,672.0474519645161,,39.1277020288719,,,,2e-10,,,,338.8980215981641,,,,,,,,,,,,,,,,,,,,,,,,,,,
NIST-MATDB-b8c4e18463117dee9f5f15647d05d70d,248.4591096673256,,0.6610308032711759,,805.2478424953349,5110.107336376576,166.3118823708719,,,,,,,,,,,,,,,,,,,,,,,,,,,,,,,,,,,
NIST-MATDB-02fa0a686d30d0daa41b039b888c529d,27.19423250003562,,9.963812252237664,,455.54784273945967,3772.1408299797745,215.61509328808629,,,,,,,,,,,,,,,,,,,,,,,,,,,,,,,,,,,
NIST-MATDB-b970cc46b139824b51520d18a9b63146,3.507418398925851,2e-10,0.7113257268864416,0.14580858678143188,3840.264891541044,,76.33766297343928,,,,7.345927289932234,,,,,,,,,,,,,,,,,,,,,,,,,,,,,,,
NIST-MATDB-5ac4b4c4a8c7d9aac288b2fe0c8698bb,,,,,9.500165201770711,51.03638761212991,,,,,,,,,15.44678838707621,,48.502943865201075,9.742567232441216,,,,,,,,,,,,,,,,,,,,,,,,
NIST-MATDB-50f70ae705dac74976f4c6867d15233c,1.1835575220037997,2e-10,0.15737192069901956,,2e-10,52.12852373353186,2e-10,,,,2.0000000000000003e-10,,,,4148.7665122946,,,,,0.05617198818475315,,,,,,,,,,,,,,,,,,,,,,
NIST-MATDB-81cd50ebbcd4f89b1e67ab2d3a2195db,90.86628066808322,7.863779403777548,21.414799060720217,,403.56002155508605,,916.6900872138629,,,,,,,,,,,,,,,,,,,,,,,,,,,,,,,,,,,
NIST-MATDB-cb92fb8a573d601d911df43416fac968,1.3823452297988739,2.6817726987009123,0.46153036456786434,,258.527026671775,,556.9453480605443,,,,,,,,,,,,,,,,,,,,,,,,,,,,,,,,,,,
NIST-MATDB-1e1291030fcd194b53599b4d457548d1,1.155256342576402,,0.2570485516866384,,1240.973369116789,200.35984116331082,1596.6974036359488,,,,,,,,,,,,,,,,,,,,,,,,,,,,,,,,,,,
NIST-MATDB-3d59d2678a8055eac758c16bc16a055f,1.2083184041107649,0.2403227910185874,0.30376101578200865,,1751.9416571118704,,,,,,,,,,,,,,,,,,,,,,,,,,,,,,1.1589096384913111,,,,,,,
NIST-MATDB-0f23e9138eb186545d5877788ca80f1b,,,,,,,,,,,,,,,41361.530439036374,,1890.5333318278474,8101.027209111321,,,95.24748655172738,233.40207641529125,,,,,,,,,,,,,,,,,,,,
NIST-MATDB-554de36b7f2f656529c27910955ec14f,1.3366253559762693,,0.41113545234571947,,,7939.342747191073,16.699571176645243,,,,,,,,,,,114416.11044232332,,,99193.38974247668,85196.2209427224,,,,,,,,,,,,,,,,,,,,
NIST-MATDB-d7ca58df25e418904749b937dc840b31,,,0.5438082334940135,,106.08998858813302,,15.061679107371905,,23.575605020190594,,,,,,,,,,,,,,,,5.092243835376507,2.9370215436414875,,,,,,,,,,,,,,,,
NIST-MATDB-4c3f756846170c3b55b807888c07cbfa,5.7022726368327215,2e-10,,0.009337647302065735,4.980063663646678,,1.0095900547134418,,,,1.564848976125745,,,,,,,,,,,,34.47066934902206,,,,,,,,,,,,,,,,,,,
NIST-MATDB-8218c9eddd5fc7ca376c0e5518b22881,,,0.4960401107562479,,,,,,76.88135538715679,,,,,,,,,,,,,,2137.1375655612105,,19.43710866390581,6.390906408244836,,,,,,,,,,,,,,,,
NIST-MATDB-56514a6199a2ce53fc3b4acafef4d3c0,3.4407626147933805,2.1168545846531366,,,0.9103034579104778,130.92918035882454,17.630624744057997,,,,,,,,,,,,,,,,,,,,,,,,,,,,,,,,,,,
NIST-MATDB-3af5f20d8e1a2365aba6693b255f8f68,1.5734954538136077,,0.533116567710354,,2762.4620412785343,,3.7840208522233514,,,,0.019246153496042605,,,,,,,,,,,,598.9754012063859,,,,,,,,,,,,,,,,,,,
NIST-MATDB-066d569bcd25b6e06b165af9e668c7c1,2.7950715060276123,2.0000000000000003e-10,,2e-10,329.0711226162694,118.44685862232834,18.188154876481246,,,,,,,,,,,,,,,,,,,,,,,,,,,,,,,,,,,
NIST-MATDB-6fd1bd97a5b2289108bee3430b51618c,79.10013212862818,2e-10,0.45211301972390877,2e-10,6372.384313291693,,1121.011979620873,,,,2.626111872116694,,,,,,,,,0.18566468596691002,,,,,,,,,,,,,,,,,,,,,,
NIST-MATDB-6c3aa1fc2c64433a2c6a23ce2e354193,5.092809406091115,1.5749091687309065,,,19.118518108196294,96.58728794488985,4168.666444002136,,,,,,,,,,,,,,,,,,,,,,,,,,,,,,,,,,,
NIST-MATDB-e19585e244cc821de95904466912228c,3.861079926372592,0.0003739808174694436,,,189.00950570440287,22.8066944503307,6.742463245750781,,,,0.0155626752646453,,,,,,,,,,,,,,,,,,,,,,,,,,,,,,,
NIST-MATDB-a90af2f6523476761c9c35a6bd39896b,0.1969614570488833,,0.3687246947303089,,1576.2050383342375,31.44841698810796,3.533775666961037,,,,,,,,,,,,,,,,,,,,,,,,,,,,,,,,,,,
NIST-MATDB-48f4023d446be2a618f2ac6acc88fee2,2.2023451384556196,,2e-10,,987.5464540269895,,,13.617039004044036,,,8.754284576992607,,,,1106.9445061590623,,,1059.0347447070244,,,,,,,,,,,,,,,,,,2.8573115549490136,,,,,,
NIST-MATDB-e8a1a82c4fe2ad952d1c107156f780f2,1.8907403465768442,0.18927435345376245,0.19928867071900835,,1425.719057352837,,,1638.6224225172646,,41.0646399889576,,,,,999.4085341120025,,,52849.60622563369,2.951419258046504,,,,,,3.3515611149352296,12.251725111380996,,,,,,,,15746.30122880321,,,,,,,,
NIST-MATDB-c93e4e4de0de5f69784bd3a044290aa6,12.583490621538752,0.379898479644057,0.5562766915450846,,37.88164416001178,12.510121865508944,63.540490782719544,,,,,,,,,,,,,,,,,,,,,,,,,,,,,,,,,,,
NIST-MATDB-aa9d45b8f26556531b2b8a0a19335c9b,1.6256855167260245,2e-10,0.640684870280573,,1242.0886202174383,,2e-10,40.367988381108,40.415835166644676,5.201871966211167,,,,,,,,,,,,,,,7.360660702448312,6.408031828761178,,,,,,,,,,,,,,,,
NIST-MATDB-217068c8f810635ff0993eb984f54688,1.0675660122924007,0.04780597669017113,0.2622556385094188,,,,6820.817108943325,,,,2e-10,,,,,,,,,,,,,,,,,,,,,,,,,,,,,,,
NIST-MATDB-26ee3aefd50411b7c51dc126cd95d6bb,0.40950856715505113,2e-10,0.003338146573130439,,2.2386637898490203,99.2684116259866,7.675414752149071,,,,,,,,,,,,,,,,,,,,,,,,,,,,,,,,,,,
NIST-MATDB-d46634db5e453c0b9bd1d9ceee9f7876,,,0.4331491854794567,,15718.82890271948,,24.302691022647018,49.08394609255119,49.55063682142971,3.969855105853182,,,,,,,,,,,,,,,4.732521890900859,3.5560819369132366,,,,,,,,,,,,,,,,
NIST-MATDB-53139b1e3f2cd1225de4a47fba252e59,0.8730975636995757,,0.3184438984552532,,2.0000000000000003e-10,106.43418900235832,4.874942531601192,,,,,,,,,,,,,,,,3378.32663347306,,,,,,,,,,,,,,,,,,,
NIST-MATDB-6d9a3e40757ae61aefc59e3fda366056,3.712023978757002,,31.777969367116988,,1550.3285119460875,,5.498597318728608,,,,6.375227985354353,,,,,,,,,,,,1271.8272857645482,,,,39.29895194307696,,,,,,,,,,,,,,,
NIST-MATDB-0b2b7343b7de1244ff728cfeddc56694,,,,,21327.325271840647,,1442.4889273769822,,,,,,,,,,,10405.79253459123,,,856.8616151498517,4115.999275636574,,,,,,,,,,,,,,,,,,,,
NIST-MATDB-36aea41c0f12ee7f7520dd971e4d71f2,,2e-10,,,,,,,,,,,,,,,1149.400869473396,2.2032480664272356,,,,,,,,,,,,,,,,2e-10,,,,,,,,
NIST-MATDB-b9bffc1a1dbe706adfe44577120a9311,0.5762001520213276,0.011379492940216139,0.21875116580046322,0.01412086687922867,1908.8253680234238,,4.97279043786344,,,,2.0000000000000003e-10,,,,319.3115331979008,,,,,,,,,,,,,,,,,,,,,,,,,,,
NIST-MATDB-e541b4260474f7557374f08111813c73,0.729044122179311,0.13564950431575654,0.2573076327146884,,4682.683524965888,,6.314232004115084,,,,2e-10,,,,,,,,,,,,,,,,,,,,,,,,,,,,,,,
NIST-MATDB-b76bbf3e404395a8b5d1b9ec08bf2d8f,45.89359689472396,0.2597445872154914,0.5004397279706584,,9368.168432788741,,,,,,0.017225201890987304,,,,7508.997798830831,,,,171.1070792018524,0.7089639932077887,,,8962.991037668002,,,,468.1035816478222,,,,,,,,,,,,,0.0006116481121233354,,
NIST-MATDB-7d1571382dd79cf21cfb21568cdc0ccf,357.85716536053076,0.11623065022107218,0.5825104070579521,,62681.47598478263,,8166.429555073269,,,,,,,,,,,,,,,,,,,,,,,,,,,,,,,,,,,
NIST-MATDB-447c9019b6ef13139916dbdfdee1681e,3.0556128431260694,,1.4417774390809146,,2e-10,145.23929179331878,2669.865976856989,,,,,,,,,,,,,,,,2.0000000000000003e-10,,,,,,,,,,,,,,,,,,,
NIST-MATDB-078a12b17a121e5311cf9f4f424c0be2,2.298357073303164,0.40005399035660194,0.766688368171298,,1852.781064987822,,7.789224982124546,,,,,,,,,,,,,,,,,,,,,,,,,,,,,,,,,,,
NIST-MATDB-9420239d82db4174dac318d2f43463da,7.617468975204968,0.2519725260275302,0.2519725260275302,,829.4880499740383,3420.9414041282075,,,,,,,,,,,,,,,,,,,,,,,,,,,,,,,,,,,,
NIST-MATDB-34af58e8269e88453eb7e755736c3d17,0.6963587338399077,2e-10,,,6.783492164171438,122.14388850483631,0.9202701075504932,,,,,,,,,,,,,,,,,,,,,,,,,,,,,,,,,,,
NIST-MATDB-271c45b6b4144b8371cb2301a8c093d9,4.098000895047825,2e-10,,,705.7107713753803,9.613051140049533,31.849952079947986,,,,,,,,,,,,,,,,,,,,,,,,,,,,,,,,,,,
NIST-MATDB-1463164fd412775c8f1cd0ae9fdd734c,0.7099725508897352,,0.2333210705566452,,,,,,,1.2355566247569294,,,,,,,46.80232895230555,3.374229603365727,,,,,,,,,,,,,,,,,,,,,,,,
NIST-MATDB-8cae84fb784881ac1d577dea3d006c4e,0.9691508912682159,,2e-10,,116.94538003697201,298.8266707235343,,10.305435498416001,82.94597338340074,,,,,,,,,,,,,,,,0.8953757467776089,0.5655059045434109,,,63.9989953750345,,,,,,,,,,,,25.199536497152465,
NIST-MATDB-cf456ceb20be181c82372f598ccd6566,1.4884344473572777,0.2981329106686902,38.55559858041616,,1705.9138854216458,,552.249149965065,,,,10.422793624964692,,,,0.6228899695346021,,,,,,,,2643.1437253025856,,,,,,,,,,,,,,,,,,,
NIST-MATDB-14d11886a664be3e7f199aa2c1cdb76d,1.5703859469543564,,28.268540965080796,,,,4.741518528905662,,,,3.5431922757003997,,,,,,,,,,,,467.623389078616,,,,,,,,,,,,,,,,,,,
NIST-MATDB-5b2f2fe36d08c935b34cbe0368bb90af,91.33371078824747,2e-10,0.41618505195751987,,2e-10,261.78046538449723,230.65273438688737,,,,5.882078093445173,,,,,,,,,,,,,,,,,,,,,,,,,,,,,,,
NIST-MATDB-6853463892c58fa717af9cbfb228f048,1657.6440654747782,2e-10,57.24854285279115,,2e-10,371.03980346228116,674.2181033885207,,,,1.1583302395799113,,,,,,,,,,,,,,,,,,,,,,,,,,,,,,,
NIST-MATDB-d912f177ba8efc7896115a2e38b821e1,7.463184404320628,2e-10,,,,,10379.149929634865,,,,,,,,29.639907353020995,,91.1128862124774,203.61022569199733,,,,,,,,,,,,,13.939268285345284,,,,,,2e-10,,,,,
NIST-MATDB-e0f1ea383b8b290ca83fb4c214ff9cf0,7.220862819910504,,4.412635254984478,,1252.0982331207433,110.5634345098197,2732.1188351260703,,,,,,,,,,,,,,,,,,,,,,,,,,,,,,,,,,,
NIST-MATDB-1a674d4d6bef939cd8a9c11f83c6ca64,2e-10,,0.12205303866568266,,66.0074909433655,2e-10,1.9034929459715144,,,,,,,,,,,,,,,,51994.653963708195,,,,,,,,,,,,,,,,,,,
NIST-MATDB-16b46a73888e61b0cad26c50f220e8e0,,,2e-10,,,,,,,,,,,,242.0637217230579,,590.0546642831985,165.2132990078667,,,1.2995447156327544,6.570900187331251,,,,,,,,,,,,7.650609993863202,,,,,,,,
NIST-MATDB-e38b8c1f4edd0b1a02f828d5d8e588e5,65.43113610906259,11.19350767020242,19.741861620061435,,1013.7270654411906,28.795684169798243,,,,,,,,,,,,,,,,,,,,,,,,,,,,,,,,,,,,
NIST-MATDB-3d8168c3dd32cd01b769c05e9322fc7c,42.38332570366576,,116.2707572626265,,2866.653318650618,2645974099099100.0,230.8777291044554,,,,,,,,,,,,,,,,,,,,,,4.463965018707925,,,,,,,,,,,,,
NIST-MATDB-69f363671c1af77d5e044616e37f0142,,,,,,,1716.5165593702086,,,,3.015123327289056,,,,,1252.9218645932685,43.19710489936173,184.9636768609024,,,,,117161.09366928783,,,,,,,,,1002.8118622346674,,,,,,1.874440189380101,,,,
NIST-MATDB-70e4cfa1b84669ae598c0d6593fbc8ea,41.14276871541158,,28.77119873692247,,,,5.783033982761099,,,,595.1157249738654,,,,,,,,,,,,131.34482668375347,,,,,,,,,,,,,,,,,,,
NIST-MATDB-c0644aad5e19a216cd10eb1d055a3c1a,1.1271562990097235,,47.89535860026763,,,,461.1417494597241,,,,9.848615643238421,,,,,,,,,,,,1501.4012761059098,,,,,,,,,,,,,,,,,,,
NIST-MATDB-8d651cf53aa2990d2cccb34177e624ff,1.2034543979167065,0.1666127893907055,0.47339060960132856,0.1569315222200163,1661.7946511490707,84.7711347374318,9.362373886814021,,,,0.6645498008915527,,,,,,,,,,,,1.0000050319769316,0.16512061899668987,,,,,,,,,,,,,,,34.175367764256386,,,
NIST-MATDB-73d80cf55c3c599e004a9828b244ec48,,,,,0.29206192108952667,234.02978899059988,,,,,,,,,282.3374251226592,,263.44164547173534,119.57508239261087,,,,,,,,,,106.07637438944312,,,,,,,,,,,,,,
NIST-MATDB-c9b48f1b01eb70760c7d618b9ac9c937,5.891776591669759,0.3466384509716687,0.703308884221197,1.3426112234062049,2e-10,,18.32483480617194,,,15.27258874644708,0.6338080312751395,,,,,,,,,0.8330252848702603,,,1.4674351747044618,2e-10,1.365289103390578,10.551995598381293,,,,,,,,,,,,,189.92075857607188,,,
NIST-MATDB-80fbb6d9d0d99c15030b9ffcb2954bbf,,,,,0.8256056483418603,40.45878904997129,,,,,,,,,,,,,,,1.4980299965647959,2.6007767544447606,0.4330661361476424,,,,,,,,,,,,,,,,,,,
NIST-MATDB-fab951d1e53d35279d22a30a416c2e08,1.0956557777722549,,0.537317338520402,,,,,,35.988720422030035,,,,,,,,,,,,,,,,4.535436721981948,,,,46.26872825988069,,,,,,,,,,,,,
NIST-MATDB-081a0818678716f502aee0b58ac1b30a,80.19799770911743,,0.4133142832902683,,,745.4784318748796,,,,,,,,,22441.03596286384,,2692.2224443746604,9766.590841657602,,,,,12.721419404317304,,,,367.7686097642891,,,,,,,,,,,,,0.0001379115175018101,,
NIST-MATDB-1b4fff6cb48e3c544cb81776c1f1ac76,1.8817971545861143,,0.4542791767441787,,2043736.8263994453,,,,,,2.0000000000000003e-10,,,,,,,,,,,,73704.65646457666,,,,,,,,,,,,,,,,,,,
NIST-MATDB-49b1e69854030020562c1a51b5d17de8,4.879277902242333,0.1237061300681633,2.0000000000000003e-10,,8021.618150684932,,4770.282900233151,,,,0.006030977528223548,,,,15.552720382295758,,,,,,,,,,,,,,,,,,,,,,,,,,,
NIST-MATDB-7794dcbafbe2d5a283b6a87ef79c2a1d,,,,,1183.3092485553213,,16799.566877746744,356.49649097711773,232.09404116206758,,,,,,,,,,,,,,,,24.32256243607928,46.32378441919435,,,,,,,,,,,,,,,,
NIST-MATDB-98bd1513147122918efeb91846323729,,,,,395.96400169187365,,20734.856622924035,12.054263026624922,121.74024331888681,,,,,,,,,,,,,,,,13.554747180309391,37.245239731232026,,,,,,,,,,,,,,,,
NIST-MATDB-27ce47f74d79f611f6d3f9caa686697b,,0.05292675193775096,,,3006.430524868742,,,,166.18544949505707,,,,,,,,,,20.766693154984253,,,,,,0.6173778650880027,,,,2529.8707702853,,,,,,,,,,,,,
NIST-MATDB-d1d373b14184482d96176fbe7e616dc5,,,2e-10,,2.0000000000000003e-10,,3.0040922637542957,,0.4909970675426657,,,,,,,,,,,,,,1.4514702052695014,,0.22215999936725608,,,,4.911155640036455,,,,,,,,,,,,,
NIST-MATDB-18e376e92b271f0e1a62a2a81dcd0a63,,,0.17131637842857445,,,,199.0376695605748,,5506.768941120264,,4.234566717139614,,,,,,,,,,,,,,1.0353577150479345,,,,,,,,,,,,,,,,,
NIST-MATDB-9e5edba55f0f609476161019d58113ed,2.0898279091547582,0.12625309325727582,52.165460721404756,,1225.9692718952567,,225.53801510574613,,,,22.166990766231134,,,,,,,,,,,,,,,,,,,,,,,,,,,,,,,
NIST-MATDB-360f2ab072a135afc123f12de4ac3cae,574.6067968119306,,24.416722090995545,,6371.406491772865,,288.448769616762,,,,10.783775525222783,,,,,,,,,,,,,,,,,,,,,,,,,,,,,,,
NIST-MATDB-ddd6f2d174f6d5cc75ee1fda94840dd8,2.668167513719303,0.15818167023397933,0.7923274965035222,,1626.486214865947,,,,,,2e-10,,,,,,,,,,,,,,,,,,,,,,,,,,,,,,,
NIST-MATDB-e09d347dd969d6bd83df1d148fc34ecc,1.924265641831047,2e-10,0.4689840012873909,,1064.196706720646,,255.01580654649615,,,,56.8349135740869,,,,2.011772051983039,,,,,,,,,,,,,,,,,,,,,,,,,,,
NIST-MATDB-ba925980550f907f14b9e2aa08b07d60,0.9032811402731693,,0.4441375998006472,,6109.085590688833,,,,,,,,,,3.0978602018580563,,7.8580243800589304,39.079389741167205,,,,,,,,,,,,,,,,,,,,,,,,
NIST-MATDB-6c372b00bde601be7642210d9d4ab853,0.5883118015820605,0.13684902171004848,,,,,,,,,,,,,,,,,,,,,,,,,,,13668.18187864664,13668.18187864664,,,,,,1146.2456161141306,,,,,,1341.8800455454716
NIST-MATDB-871f479ada0eb83955ce7aa6f2d0900c,0.6503126275738017,0.14979196161356995,,,,,,,,,,,,,,,,,,,,,,,,,,,5517.094882962195,5884.001328166427,,,,,,1337.9852013700104,,,,,,
NIST-MATDB-2a55d7fddaa59cb289e94c60012b7c80,0.5045811446549963,442.98676452670355,2e-10,,250.6325638273908,,,,,1.3757173109627485,0.008473407216711545,,,,,,,,,,,,,2e-10,,,,,,,,,,,,,,,,,,
NIST-MATDB-45306d110432f9a656573b3fe5c50f66,,,,,164.28754730875661,,,,,,,,,,0.010605954125014633,,1020.1522004500056,,,,2e-10,,58.496012802034834,,,,,,,,,,,,,,,,,,,
NIST-MATDB-df647d61b00b35b8b88ae26030802346,1.9911450885139368,0.17100958209268496,0.46286084326209387,,3669.2759295499136,,,,2949.6731773770725,,,,,,,,,,,0.21066861787084315,,,,,4.899870383736343,,,,,177.83286359680116,,,,,,947.1884525610808,,,,,,
NIST-MATDB-3a650ab57f585098f15b7607aeb8fdb6,1.1660582722301625,,0.41233501203428247,0.2692011794377982,701.5208334248263,,584.9186180619367,,,,,,,,,,,,,,,,,,,,,,,,,,,,0.1316911576707758,,,,,,,
NIST-MATDB-be9f51ea48c4eeb348d95a383edddd8a,5.4699144132488735,,0.4249499834079815,,,,,,9.496470274130788,,2e-10,,,,,,,,,,,,2158.215945601591,,2.5979904598193615,,,,30.481695185056903,,,,,,,,,,,,,
NIST-MATDB-58eb860660b0d8e24705977ef0e19004,0.8197388110343551,,,,4029.3040293040394,,457.66213570853625,9.03302765497542,,,10.367644125073268,,,,,,,,,,,,,,,,,,,,,,,,,,,,,,,
NIST-MATDB-84c6537d2a715f8b37fef04b615f0df0,398.1458512199563,28.7144670567129,,,555.8076991606428,7.782234536136176,21.896237519015383,,,,,,,,,,,,,,,,,,,,,,,,,,,,,,,,,,,
NIST-MATDB-c8ef237d84290dbc0b2948cb057d6671,,,,,0.1267312646055839,,,,,,,,,,64.39427652883178,,52.696602204127316,236.93973583498928,,,5.423389796071672,1.0497171675612234,,,,,,,,,,,62.2065218784156,,,,,,,,,
NIST-MATDB-6e3a08482c472745491d45de75647062,2.0343007158690023,0.1902069989941223,0.4040058163746624,,4.1212105895163385,,,,,,3.7932536675876807,,,,2.3557080248842697,,,,,,,,,,,,,,,,,,,,,,,,,,,
NIST-MATDB-1e93bd0672ca0c9d104d64b9ac6b00a2,12.037381467855303,64.17545641770808,0.7093501005298192,4378.465347574284,,,,,,,,,,,,,,,,,,,,,,,,,,,,,,,,,,,,,,
NIST-MATDB-f0d21fca297aa06616af675ba0c455a4,5.48103216516497,0.15426756266243946,0.4641769735036281,,535.8627300599787,,,,,,0.0053554158165617415,,,,,,,,,,,,,,,,,,,,,,,,,,,,,,,
NIST-MATDB-888a980473df7b326048a36cbcd7a4c4,1.4247761480619976,0.12914484577622823,0.3621007348123663,,441.37419061424396,,,,,,0.007723381635644613,,,,,,,,,,,,,,,,,,,,,,,,,,,,,,,
NIST-MATDB-aff80a2ff66e5982846a01ae3ce36d1e,,,,,2e-10,,0.0016078360936768268,,,,,,,,3611.449795996069,,83.47774884012219,9.828132091147086,,,,,,,,,,2.473258271687364,,,2.482591325141311,7.080315243947745,6.265161758771463,,,,8.850319778078651,,,,,
NIST-MATDB-6fd1551f35082430e34eb9ebf32ff5ea,,,,,536.3373384203977,145.59539429743913,33.87719627551763,,,,,,,,198.27893723982345,,367.5646430989956,40883.048800701996,,,,,7.560978917245576,,,,,,,,,3084.72263083916,,,,,,,,,,
NIST-MATDB-c235e2b9f0e0f3949e37b5ac3054f2ec,,,55.063471372603914,,2e-10,,9326.426017143844,,,,6.524063922540492,,,,24221.69886723711,955.3091170833575,1341419.853117735,,,,,735692.4668844073,,,,,,,,,,,,74805.10936479282,,226.2668418145833,,,,,,
NIST-MATDB-aec96b031f9b1b6286fb22c88ca31f63,,,,,69.61177936912237,,1195.6885497287137,,,,,,,,52.2299689320073,,2.290519559996452,8.280920650546056,,,,,1.0154090043739847,,,,,,,,,,,,,,,,,,,
NIST-MATDB-c9d20f8b3674900f2fe7f5c4ebc436af,,,,,1.4326418709012374,3.190257149544618,,,,,,,,,,,10206.96478685407,724.6719784037988,,,,,,,,,,10.665450331647127,,,,,225.7535909718655,,,,,,,,,
NIST-MATDB-2d25531dab4bccac4af1b6e13fe962fd,1.8750267773612257,,,,1193.8960307243426,,33.49343865169976,,,8.802241297453941,,,,,,,,,,,,,,,,3.992545610148787,,,,,,,,,,,,,,,,
NIST-MATDB-168dd46cb51dd3666c5d60a32201d287,1.5657079978793078,,,,493.4093289306087,155.97401737241645,54.17128419939643,,,,0.008307053716478854,,,,,,,,,,,,,,,,,,,,,,,,,,,,,,,
NIST-MATDB-68390f4a9ea74563f10a775377cf5166,2.9754685738232074,2e-10,0.4669909729104186,,,,,,,,2e-10,,,,,,,,,,,,,,,,,,,,,,,,,,,,,,,
NIST-MATDB-1b640cdaf885a25b91b8daa3c3416e79,3.3877276834508097,2e-10,0.7975722388411827,,9443.556380162692,,365.9999825883925,,,,0.46864764290572736,,,,,,,,,,,,,,,,,,,,,,,,,,,,,,,
NIST-MATDB-901f5824839e50316a0fab04e514019d,0.010649166097637948,,,,,77.4325184547524,,,,,,,,,118.27605968073206,,89.45115288308297,,,,,17.21599829984919,,,,,,,,,,,,,,,,,,,,
NIST-MATDB-a16375e910e5376ba64672a5b1e5ae7b,3.9376695441445837,2e-10,1.003648618850569,,,,3524.319878963473,,,,,,,,,,,,,,,,,,,,,,,,,,,,,,,,,,,
NIST-MATDB-fd4118ab9a5243d679099317a1763c3c,,,,,632.7547512767466,7086.099939343399,,,,,,,,,8.670186185585003,,26.217324689577232,0.5847838307621528,,,,,,,,,,,,,,,43.81183903281958,,,,,,,,,
NIST-MATDB-d9783e337e7ce09116e25a43e33f6d63,2.055797340257565,,0.8667797914642873,,110.99850475861197,,23.278031610250768,,327.0561649170411,,,,,,,,,,,,,,,,17.179619894033756,10.16637495740062,,,,,,,,,,,,,,,,
NIST-MATDB-6fb238246366535807268f8df02ede00,0.889731856678392,,0.07644198118483123,,1586.3519910424766,19.079638559393185,5.621964831740891,,,,,,,,26.91780414975222,,,,,,,,,,,,,,,,,,,,,,,,,,,
NIST-MATDB-0fc6fe0e88747d6206743f79868a947c,2.7365205609675085,,0.7064124752570248,,59.14220999386332,28.158442737846133,2e-10,,,,,,,,,,,,,,,,,,,,,,,,,,,,,,,,,,,
NIST-MATDB-d571a5656193994299350053021c7e8f,,,0.4691056347595743,,7.094202147033946,22.609074579709965,1.5166679860254133,,,,,,,,,,628.0473573660176,,,,,,,,,,,,,,,,,,,,,,,,,
NIST-MATDB-8fe18f88883242d53435d170bd3d34a7,,,2e-10,,,22.609074579709965,0.1197505272029386,,,,,,,,,,59.375409018303735,,,,8.812127294921854,,,,,,,,,,,,,,,,,,,,,
NIST-MATDB-12b0f5d8ac54f1f4864b9e37d09149b5,0.2841576154215938,0.17994011207977476,0.5237175821344315,,,,101.94714796484708,,,,,,,,,,,,,,,,,,,,,,,,,,,,,,,,,,,
NIST-MATDB-25deda5c080d86d236a09c056561d3ff,8.099636855900357,,2.1468445348682885,,1615.8071535124313,282.561322882756,0.7678887940705491,,,,,,,,,,,,,,,,,,,,,,,,,,,,,,,,,,,
NIST-MATDB-3d633fabbc0fca8705969ae33b77bb14,1.4409324767364857,,0.42340084753980034,,2e-10,102.72171217837251,13.401225969061642,,,,,,,,,,,,,,,,,,,,,,,,,,,,,304.5117512110576,,,,,,
NIST-MATDB-07d78240c661ad1bae52f1a6f30cdb54,1.8255898906590877,,,,7433.025636934452,,2e-10,,,,,,,,,,,,,,1189.9102075253409,1282.036427665985,7433.031653614083,,,,,,,,,,,,,,,,,,,
NIST-MATDB-a0ba6cd310796edf309f0196ef75a697,1.2245772160913688,,0.2623460470889622,,2e-10,299.0802156438474,10.233656879408496,,,,,,,,,,179.19343573504008,159.3717047683367,,,,187.7684974479497,,,,,,,,,,,1035.0450925563896,,,,,,,,,
NIST-MATDB-352b605242cc1f4890e99b90b61d9dfb,4.341178744704224,,0.9871960425048365,,7883.876961189102,,8577.290447344305,,,,,,,,,,,,,,,,4432.497315300461,,,,,,,,,,,,,,,,,,,
NIST-MATDB-2a4b7a481832eb193875f79401b4669d,11.92008456927248,,2.491963283501217,,1558.2223248759803,215.0318894259252,18253.316831317494,,,,,,,,,,,,,,,,,,,,,,,,,,,,,,,,,,,
NIST-MATDB-2348f026850f75fcaf193b4f68a06388,0.2604343780941997,0.006692688131401187,2e-10,,114.99781446648902,,,,,,0.0013562355802273491,,,,,,,,,,,,,,,,,,,,,,,,,,,,,,,
NIST-MATDB-507bc57ee9ef5cbee2d2eb7e9e4e1d89,12.384461107964679,,0.8896842057215931,,486.51615260216994,,644.4626259889603,,,,3.2382722738156993,,,,,,,,,,,,,,,,,,,,,,,,,,,,,,,
NIST-MATDB-068e46454f275afa018a4a34a337e260,2e-10,,,,121.17547782261005,46.5779695449925,3.0212628563345496,,,,,,,,3153.6475544639507,,4612.1121546782815,3.7819158542980555,,,,,,,,,,,,,,,6142.93906088385,,,,,,,,,
NIST-MATDB-1b95fcd71d4ffac273b7f59c717efe16,2.846995194511888,256.84642051980313,0.9043712123116807,,,,207.47834535995858,,,,207.47834535995858,,,,,,,,,,,,,,,,,,,,,,,,,,,,,,,
NIST-MATDB-61ce58a9848227ea4fd4503b0da4e50a,6.245388514902187,0.7403351560984432,1.6407010648719242,,2e-10,330.2217821396434,5232.6282126946035,,,,,,,,,,,,,,,,2372.7858116327593,,,,,,,,,,,,,,,,,,,
NIST-MATDB-12f0e59f182a26494316933fff0304e2,0.3537961257594787,2e-10,2.440701408444171,,100.78363105094809,,,,,,,,,,,,,,,,,,,,,,,,,,,,,,1.0422639772193167,,,,4.05837593048921,,,
NIST-MATDB-87df8c190af0b5a382312b8a4fd78f2a,1.7088854626852543,,0.2668431854089089,,,606.076396876341,,,,4.047426034139022,,,,,,,,,,,,,,,,,,,,,,,,,,,,,,,,
NIST-MATDB-1abe86f816a5c69313179613441e2c6f,354.0715109926978,23.549729362863633,,,3860.614520568136,,1859.3350125558404,,,,,,,,,,,,,,,,2e-10,,,,,,,,,,,,,,,,,,,
NIST-MATDB-e49df279a7d2f86005c20fab4fb2d2e1,1.928634246692325,,0.20429478566211962,,319.89565241071807,,23.154223213042496,,,12.218578998310598,,,,,,,,,,,,,,,,,,,,,,,,,,,,,,,,
NIST-MATDB-af9b5a1bd2336cee6a19fb3149c6fead,,,,,2.7116102769834787,140.85121917297357,0.20055820551971415,,,,,,,,5.1541918880763395,,13.658806242939427,5.2607109177115055,,,,37.41141005672279,,,,,,,,,1.0300567607943312,0.3481520957379514,,,,,,,,,,
NIST-MATDB-08b430465997e5387cbbba0576f38f1f,1.5574668032856767,0.0009667327123017181,0.48801986846382617,,4224.861095979964,,32.68258217583522,,,,,,,,,,,,,,,,,,,,,,,,,,,,,,,,,,,
NIST-MATDB-054c65ae1d9fa79ec1fd41c42c58f738,,,,,1.6163169551595202,39.03381599476154,,,,,,,,,3.640149839845001,,4.7351908893104255,3.4604255260258285,,,,,,,,,,,,,,,,,,,,,,,,
NIST-MATDB-a6f101f386dee100047fcaf572ce237c,,,0.15741428194728135,,,,,6.260144648139762,0.9216144024930312,,,,,,,,,,,,,,,,1.0720991695088105,0.7239872215992563,,,,,,,,,,,,,,,,
NIST-MATDB-21bd304f964b828142eecce0f718d41f,445.8972660275243,43.62979770082622,,,,18619.40839408357,,,,,,,,,,,,,,,,,,36.95008516841527,,,,,,,,,,,,,,,,415.0396704778158,,
NIST-MATDB-7ff3a3a0cb9caeb14aea109250cb9329,,0.0018542518913032653,,0.00016623299408060298,,,,61.778740157480435,52.24444444444488,,,,,,,,,,,,,,,0.0002295467796525675,,,,,,,,,,,,,,,,,,
NIST-MATDB-5d21dad0bce099244138bdcd0a410e0d,1.4152236752138,2e-10,,2.412979748613258,2175.1677852349676,,,,,,,,,,,,,,,0.5815472590451526,,,,,,,,,,,,,,,,,,,,,,
NIST-MATDB-29c4141c741c8af2dfa727803041cce8,1.3828857468226767,2e-10,,1.5038364662716341,1341.244635193417,,,,,,,,,,,,,,,2e-10,,,,,,,,,,,,,,,,,,,,,,
NIST-MATDB-ee36b2a9095ec91288836a44edfdc823,4.179572980679999,,5.22718942309492,,,,55.41620659510236,,,6.043766272614322,,,,,,,,,,,,,,,,7.566387132747263,,,,,,,,,,,,,,,,
NIST-MATDB-62cac39e7df6723d237dfb0c4bd20985,2.315215885684211,0.1442919994612173,0.475301373730916,,723.2764795731914,,,,,,1.0022148263030215,,,,,,,,,0.20302614043581907,,,,,,,,,,,,,,,,,,,,,,
NIST-MATDB-5fee9a23ff456bc1904034f8ccd4dd08,,,1.53550361423846,,507.3240892716359,,,,,21.0772752108505,,,,,,,,,,,,,,,25.375530016039306,16.171423785927033,,,,,,,,,,,,,,,,
NIST-MATDB-0430f3ede7fd0f8d58eb6cf454011ef2,2.136289304347845,0.2569933408520393,0.6045417391677631,,0.5048012129367974,,,,,,2e-10,,,,,,,,,,,,,,,,,,,,,,,,,,,,,,,
NIST-MATDB-53e35057427decf192a1effd7d881922,2e-10,,2e-10,,,,,,2e-10,,,,,,,,,,,,,,,,2e-10,,,,0.3498709879876643,,,,,,,,,,,,,
NIST-MATDB-6e0014114e24ab8e83b8782e3c9ed523,4.1543133507702255,,1.9514318973034508,,1383.48813857926,,,64.15429243445023,71.94978961463676,,,,,,,,,,,,,,,,0.8618126593231163,7.605323600601267,,,91.22635178185988,,,,,,,,,,,,125.20880230960444,
NIST-MATDB-1ce14eb3e9cae7c5664342ced717c6d0,2.012755722701204,,2.594071539885231,,1353.9364460993572,,,147.90659219126658,33.377576602388345,,,,,,,,,,,,,,,,5.464099980973311,4.4071166379932745,,,308.3510552534224,,,,,,,,,,,,250.68519547165772,
NIST-MATDB-78e8e8044f33dfb63d742cd181396dfc,38.21528301268548,0.9053872659616796,0.6077562638807646,,,,,,51.77172482118673,,,,,,,,,,,,,,,,55.012447095254004,237.3788271201195,,,,,,,,,,,,,,,,
NIST-MATDB-df5a7d1b98bf856906a188166face5b4,168.228721927157,1.273535387868151,1.2748092276021723,,450.27536463102604,,,,186.59665332466832,,,,,,,,,,,,,,,,151.0203910170987,92.37994092462911,,,,,,,,,,,,,,,,
NIST-MATDB-ffef9fe8f87486bc0a607d2de561618d,225.85543126331552,1.1098289357997813,1.1414038399789053,,481.23890753264,,,,21.325310801445507,,,,,,,,,,,,,,,,198.04290735090808,113.34368286378913,,,,,,,,,,,,,,,,
NIST-MATDB-2d9160505b3f649ff3c6a4c594f5fec1,32.52957642961878,1.2580062164044183,1.3986752362184154,,,,,,100.00000068298962,,,,,,,,,,,,,,,,58.002789207545014,51.8448187768802,,,,,,,,,,,,,,,,
NIST-MATDB-a371d7ca1910f161339879328de66819,1.997954950398575,,2e-10,,1264.5041676224946,,27.794164597732465,,,12.83682438161758,,,,,,,,,,,,,,,,,,,,,,,,,,,,,,,,
NIST-MATDB-bd4fe632a93717aa1dc57800af0c8760,,,0.012353092242179543,,42.00035459176091,,,,0.030439630461456577,,,,,,,,,,,,,,,,0.0294607614398811,,,,0.019224717475676945,,,,,,,,,,,,,
NIST-MATDB-00b78d0e9d058acad9b8199b719abc12,0.001888541119582157,0.000138931189578907,,,1.179284413499329,1361.9389149104934,1.7764806700224633,,,,,,,,,,,,,,,,,,,,,,,,,,,,,,,,,,,
NIST-MATDB-68a48f466949d3c6ea7faa50d7d5823c,6.438364018645195,0.4476058879414222,1.3278210728552013,,,,,,,,,,,,102.14990877999658,,,,,,,,,,,,,,,,,,,,,,,,,,,
NIST-MATDB-c8f4c078b4a081946d94943919a5aa6f,9.653329296039601,0.6537053082718938,1.7567661982535188,,,,,,,,2e-10,,,,150.40153371457512,,,,,,,,,,,,,,,,,,,,,,,,,,,
NIST-MATDB-5442cdd93ee8028ce1e8b57896f7a844,4.7810855293020635,0.24091719897467045,0.8829729029600101,,4449.096747366483,,,,,,,,,,,,,,,9.880742300112866,,,,,,,,,,,,,,,,,,,,,,
NIST-MATDB-d1644201ec3b21d8e8c31c3df7c6f060,2.1298939424227155,0.1956859715987906,0.5332250546106337,2e-10,13414.290726446801,,,,,,,,,,,,,,,0.26812002991761547,,,,0.15256171849577518,,,,,,,,,,,,,,,,,,
NIST-MATDB-725694ffb14abc06c5c38b8b0df81a89,3.43349625586206,2e-10,1.304624234441953,1.1922390889244467,,,,,,,,,,,,,,,,1.1570862586106714,,,,,,,,,,,,,,,,,,,,,,
NIST-MATDB-18d847275c17628840d55ab241751109,,,,,2e-10,19.59949041240677,25.09223171215038,,,,,,,,3316.0124124276754,,739.6634615401468,,,,,,,,,,,,,,,,,651.7582554473678,,,,,,,,
NIST-MATDB-69defbb815a1b2e90296326827748d96,3.878337905519927,,0.6515791701365665,,469.07911782702575,,7.174820833560017,,,5.491730347342011,,,,,,,857.3159652843742,,,,,,,,,,,,,,,,,,,,,,,,,
NIST-MATDB-81ce97da3e80d0c4f1b51b10da948255,,,,,48.05951570286156,,6.96708850909226,,,,0.009012305442778845,,,,,,242.3456432602687,420.62962718208803,,,,,,,,,,225.50945770052812,,,,103.6618069238626,,,,,,,,,,
NIST-MATDB-99bf92208771cc605a3faf79b8eabf10,,,0.5815528992910295,,512.0972969922639,,,,29.55393920257715,10.990618024948573,,,,,,,2063.255133605836,2040.827390366193,,,374.98143237592546,8595.545052714811,,,4.89335671976675,3.582222987523935,,,,,,,,914.3015242442085,,,,,,,,
NIST-MATDB-22cc5d2f7013cee412e01e9ff0861ce4,,,,,,882.6200738926156,,1.9425060360250466,3.3752474415293574,17.023602402436556,,,,,,,,,,,,,,,2.174991863384788,4.933400836689392,,,2.350472513668556,,,,,,,,,,,,,
NIST-MATDB-3225e6e13cd2934089cb853b7066a511,3.321400464491821,1.7533693515116446,0.5837916013236563,,8178.786468403918,,26.80659511108683,,,,,,,,,,,,,,,,,,,,,,,,,,,,,,,,,,,
NIST-MATDB-4c5fc9ec0f07f55545f660abeabc296d,6.1854449337105795,2e-10,0.9965068044859221,,433560.26785904967,30482.26863878583,1129.0627362060632,,,,2e-10,,,,,,,,,,,,33902.16300223741,0.29295843888133427,,,,,,,,,,,,,,,,,,
NIST-MATDB-87409b8f4e7dd582708197939def2994,1.3100263106909642,0.07804522426586907,2e-10,,12607.220600176219,54.65198400896816,16.032306283552682,,,,,,,,,,,,,,,,,,,,,,,,,,,,,,,,,,,
NIST-MATDB-e33038a31023858d56e771675539401d,3.806049604390206,0.0740309971035534,1.0404336028258925,,7428.783753020701,302.6971281685248,31.464248504929383,,,,,,,,,,,,,,,,,,,,,,,,,,,,,,,,,,,
NIST-MATDB-fb65f0f64c80608cc22691330104b229,4.602694423751801,,0.6763604196548798,,56.007157768000134,,43.453547353704465,,,,,,,,,,,,,,,,,,,7.080610556766672,,,,,,,,,,,,,,,,
NIST-MATDB-e7c1a673818ca05ad7638253e9b7cbc3,1.095561177085436,,0.31165456019478455,,749.1553278761725,27.46483288954377,8.015050635183808,,,,,,0.38552109262417367,,,,,,,,,,,,,,,,,,,,,,,,,,,,,
NIST-MATDB-98b4630d872ab5d38b0d06707cc4834f,1.0961792132215789,,0.3210370161906896,,671.0976855375352,42.7517533890716,6.123930627854511,,,,0.04322305519597209,,,,,,,,,,,,,,,,,,,,,,,,,,,,,,,
NIST-MATDB-01b001eeeae512912967a14764e486df,0.7842737882341285,,0.29333821177715097,,2106.635443665438,39.354738807667964,4.086161499731188,,,,0.09570994771937315,,,,,,,,,,,,,,,,,,,,,,,,,,,,,,,
NIST-MATDB-a1811d120b849d172a5b30fd4889ec1d,,,0.786614423104499,,2428.634144046666,,496.0612734885013,,,16.438178275014465,,,,,,,,,,,,,,,13.816065195264098,12.428400100100406,,,,,,,,,,,,,,,,
NIST-MATDB-f048a93795284c8e98b0c848fc471416,,,0.6472838209965845,,2074.220097162562,,,,,8.33429551036398,,,,,,,,,,,,,,,12.625558943488805,3.1750557933277372,,,,,,,,,,,,,,,,
NIST-MATDB-30dd74c9be4b046c2076cd94dec7e267,19.855765911019954,60.45354089595308,21.14840725403093,,124.70430004169468,,9.970060299507608,,,,,,,,11.728928910738594,,68.20610612180877,101.26538441293387,,,,,124.70430004169468,,,,,486.8087332845927,,,278.55548974323926,25.658642953927146,,,,,37.38910139453956,,,,,
NIST-MATDB-595990fd285c5478047fd2f16f7f3be3,,,0.5661915432488317,,1937.6101534111306,,39.3105081794217,,,8.198349379661655,,,,,,,,,,,,,,,8.81706574857909,5.749496568386134,,,,,,,,,,,,,,,,
NIST-MATDB-583d697c0afbca86fe273ecf518cf711,0.6515824136115994,,,,0.8879739554929462,212.3811405140369,2e-10,,,,,,,,107.31823607607113,,1798.434283117843,256.9831575696872,,,,2.6564916124560063,,,,,,,,,,,,,,,,,,,,
NIST-MATDB-148bf92e876591b367272f179fd6810e,,,0.6525619296900425,,2309.516732247312,,58.1768322723406,,,6.516203961749305,,,,,,,,,,,,,,,7.271677668967962,5.544618455703841,,,,,,,,,,,,,,,,
NIST-MATDB-933325db10a6a6b755a95edef601a3d9,100.47001517921896,,,,991.0320183371584,44.894789805816814,711.8640246309097,,,,4.905512657869759,,,,,,,,,,,,,,,,,,,,,,,,,,,,,,,
NIST-MATDB-a913314565a8850d65ecf76b10569999,313.06107132482913,2e-10,0.46825573001658244,2e-10,6855.591424598406,,1892.7239146216357,,,,,,,,,,,,,2e-10,,,,,,,,,,,,,,,,,,,,,,
NIST-MATDB-1c8c5285a706062eabfdae03e3a3e79c,18.155930379806854,,9.717113453497825,,3498.314273740468,6432.617612302514,777.4730999474707,,,,6.955196946347101,,,,,,,,,,,,,,,,,,,,,,,,,,,,,,,
NIST-MATDB-1dee7f17d4304cd2f5c200de12a5335f,0.6424154788142689,,1e-10,,549.8605871781286,260.2364533552004,117.12193688646339,,,,,,,,,,,,,,,,,,,,,,,,,,,,,,,,,,,
NIST-MATDB-79bb15266bb8ce342990c61767bf4f13,,,,,88.53827880225074,212.6153776152109,48.79437723560711,,,,,,,,4.263675999629398,,,173.31364643797139,,,,,,,,,,,,,,,,,,,,,,,,
NIST-MATDB-61f9334857ca139ef1abe3aaa8dcbad7,,,,,119777.12131192256,,,,,,,,,,,,30.906045072487018,22.704481105414605,,,,,,,,,,,,,,26.800055650431396,,,,,228.62024049882993,,,,,
NIST-MATDB-16d2ea75949f753ebc0daffccae0ed52,,,0.4834793585611865,,,,,,61.63803096466866,,,,,,273133.0681619903,,,,,,,,,,10.667805853021193,,,,109.13056732713933,,,,,,,,,,,,,
NIST-MATDB-29da3034f56a3f314e86df224086cae2,,,0.6539868472685637,,,,,,76.55332302936634,,,,,,56018.541490997275,,,,,,,,,,13.449890288801399,,,,678.6754698280602,,,,,,,229.3139791183827,,,,,,
NIST-MATDB-9aa5608088a0aab82ce1738a4116f469,,,,,,,,,,,,,,,109.78804761570984,,17.167882551014845,24.292047523672878,,,2e-10,8.164596369502094,,,,,,6.828999669141519,,,,,27.53750383313533,,,,,,,,,
NIST-MATDB-e5f91e45030905cffe29ac36db9a1d90,,,,,0.8752479097506243,41.22965735923298,1.0000050319676528,,,,,,,,,,,,1e-10,,,,,,,,,,,2.166123846896574,,,,,,,,,,,,
NIST-MATDB-d049583f6d607e59dc804c4029176dcb,45.121301739937245,22.358709000684808,61.70916769160606,19.573967108380824,2552.205110797235,,496.06127349407626,,,,,,,,,,,,,,,,,,,,,,,,,,,,,,,,,,,
NIST-MATDB-8fad47f65fa08c7ac5157aa92c218b1d,36.9093086626464,14.732035858482085,14.07361023973349,5.184777229168352,82.80620970635975,,1235.0337757400982,,,,,,,,,,,,,,,,,,,,,,,,,,,,,,,,,,,
NIST-MATDB-b16ee19c4a2d5d7d2f7e09cb7263392f,103.05865421669164,,19.750776455756057,50.186454737357515,298.7051445204476,,8484.65568608461,,,,,,,,,,,,,,,,,,,,,,,,,,,,,,,,,,,
NIST-MATDB-655315f090663b4723680a6683f06403,74.60813911734886,28.175992847411578,35.18814316991407,14.063595313101493,1049.2921956744237,,5187.141050991333,,,,,,,,,,,,,,,,,,,,,,,,,,,,,,,,,,,
NIST-MATDB-7fdf5997d47b59af2318c9cf774e49ca,,,,,,,1515.8253699007173,,39.8182547647447,,,,,,41.5921405865005,2740.5471095230255,114.39097537836358,173.4924930927143,,,277.53422215039933,213.62022441953155,,,,,,,,,,,,,,,,,,,,
