,CURLTUGMZLYLDI-UHFFFAOYSA-N_298K,IJGRMHOSHXDMSA-UHFFFAOYSA-N_298K,VNWKTOKETHGBQD-UHFFFAOYSA-N_298K,MYMOFIZGZYHOMD-UHFFFAOYSA-N_298K,IJGRMHOSHXDMSA-UHFFFAOYSA-N_77K,QQONPFPTGQHPMA-UHFFFAOYSA-N_298K,ATUOYWHBWRKTHZ-UHFFFAOYSA-N_298K,HSFWRNGVRCDJHI-UHFFFAOYSA-N_298K,UFHFLCQGNIYNRP-UHFFFAOYSA-N_298K,FHNFHKCVQCLJFQ-UHFFFAOYSA-N_298K,DNNSSWSSYDEUBZ-UHFFFAOYSA-N_298K,MWUXSHHQAYIFBG-UHFFFAOYSA-N_298K,XLYOFNOQVPJJNP-UHFFFAOYSA-N_298K,VLKZOEOYAKHREP-UHFFFAOYSA-N_298K,OKKJLVBELUTLKV-UHFFFAOYSA-N_298K,LFQSCWFLJHTTHZ-UHFFFAOYSA-N_298K,SFZCNBIFKDRMGX-UHFFFAOYSA-N_298K,UGFAIRIUMAVXCW-UHFFFAOYSA-N_298K,XDTMQSROBMDMFD-UHFFFAOYSA-N_298K,UHOVQNZJYSORNB-UHFFFAOYSA-N_298K,XKRFYHLGVUSROY-UHFFFAOYSA-N_87K,XKRFYHLGVUSROY-UHFFFAOYSA-N_298K,OTMSDBZUPAUEDD-UHFFFAOYSA-N_298K,VGGSQFUCUMXWEO-UHFFFAOYSA-N_298K,QGZKDVFQNNGYKY-UHFFFAOYSA-N_298K,CSCPPACGZOOCGX-UHFFFAOYSA-N_298K,IJDNQMDRQITEOD-UHFFFAOYSA-N_298K,NNPPMTNAJDCUHE-UHFFFAOYSA-N_298K,KFZMGEQAYNKOFK-UHFFFAOYSA-N_298K,BDERNNFJNOPAEC-UHFFFAOYSA-N_298K,WEVYAHXRMPXWCK-UHFFFAOYSA-N_298K,YXFVVABEGXRONW-UHFFFAOYSA-N_298K,RWSOTUBLDIXVET-UHFFFAOYSA-N_298K,OFBQJSOFQDEBGM-UHFFFAOYSA-N_298K,LRHPLDYGYMQRHN-UHFFFAOYSA-N_298K,URLKBWYHVLBVBO-UHFFFAOYSA-N_298K,RAHZWNYVWXNFOC-UHFFFAOYSA-N_298K,SWQJXJOGLNCZEY-UHFFFAOYSA-N_298K,VXNZUUAINFGPBY-UHFFFAOYSA-N_298K,QWTDNUCVQCZILF-UHFFFAOYSA-N_298K
NIST-MATDB-b2dc02871a66ac38e4b195796cf3e00b,1,1,1,0,1,1,1,1,1,0,0,0,1,0,1,0,0,1,0,0,1,0,1,1,1,0,0,0,0,0,0,0,0,0,0,1,1,0,0,0
NIST-MATDB-035dc75dddd00241bd76627f78cbef2d,1,1,1,1,1,1,1,0,0,0,0,0,1,0,0,0,0,1,0,0,0,0,1,1,1,0,1,0,0,0,0,0,0,0,0,0,0,1,1,0
NIST-MATDB-453276ee992ed07dc207ed08b2b221ce,1,1,1,1,1,0,0,0,1,1,1,0,1,1,1,0,0,1,0,0,1,1,1,1,1,1,0,0,0,0,0,0,1,0,0,0,0,0,0,0
NIST-MATDB-1b85b1862d4e9cc2e0f46d0e2698ab79,1,1,1,1,1,0,0,0,0,0,0,0,0,0,0,0,0,1,0,0,0,0,0,0,1,0,0,0,0,0,0,0,0,0,0,1,0,0,0,0
NIST-MATDB-991daf7313251e7e607e2bab2da57e33,1,1,1,1,1,1,1,1,1,1,0,1,1,1,1,1,0,1,0,1,1,1,1,1,1,1,1,1,0,0,0,0,0,1,0,0,1,0,0,1
NIST-MATDB-9f02824618e94d86caedc9fb497366ba,1,0,1,0,1,0,0,1,1,0,0,0,0,0,0,0,0,0,0,0,0,0,0,0,0,0,1,0,0,0,0,0,0,0,0,0,0,0,0,0
NIST-MATDB-acbbe796d49416e999dc819f2ae65fe9,1,0,1,0,1,0,0,1,1,1,1,0,0,0,0,0,0,0,0,0,0,0,0,0,0,0,0,0,0,0,0,0,0,0,0,0,1,0,0,0
NIST-MATDB-e23e0f3921a269533d74caae8c5a12bf,1,1,1,0,1,0,0,0,1,0,0,0,1,1,0,1,0,1,0,0,0,0,0,0,0,0,0,0,0,0,0,0,0,1,0,0,0,0,0,0
NIST-MATDB-2c9380bddc59f547484ff729eab7d7cb,1,1,1,0,1,0,1,1,1,1,1,1,1,0,0,0,0,1,0,1,1,1,1,0,1,0,0,0,0,0,0,0,0,0,0,0,1,0,0,0
NIST-MATDB-a32141d840ee476b01d03de6aabc5dd0,0,0,0,0,1,0,0,0,0,0,0,0,0,0,0,1,0,0,0,0,0,0,0,0,0,0,0,0,0,0,0,1,0,1,0,0,0,0,0,1
NIST-MATDB-70adc65753e53e19b9751edf07eb47c2,1,0,0,0,1,0,0,0,0,0,0,0,0,0,0,0,0,0,0,1,0,0,1,1,0,0,0,0,0,0,0,0,0,0,0,0,0,0,0,0
NIST-MATDB-8599871cd17b08ae7919e1260a35e914,1,1,1,0,1,0,0,0,1,0,0,0,0,0,0,0,0,0,0,0,0,0,0,0,0,0,0,0,0,0,0,0,0,0,0,0,0,0,0,0
NIST-MATDB-7c81afbf8f12d8eea290644848d46385,1,1,1,0,1,0,0,0,1,0,0,0,0,0,0,0,0,0,0,0,0,0,0,0,0,0,0,0,0,0,0,0,0,0,0,0,0,0,0,0
NIST-MATDB-99ef80e5d83870b3d92d1e7cc0055c90,1,1,1,0,1,0,0,0,1,0,0,0,0,0,0,0,0,0,0,0,0,0,0,0,0,0,0,0,0,0,0,0,0,0,0,0,0,0,0,0
NIST-MATDB-99b2d1b315d9bd0b70972c5b0da4b675,0,1,0,0,1,0,0,0,0,1,1,0,0,0,1,0,0,0,0,0,0,0,0,0,0,0,0,0,0,0,0,0,0,0,0,0,0,0,0,0
NIST-MATDB-5ab0dbe0639729711750ef4b97715f0f,1,1,1,1,1,0,0,0,1,0,0,0,1,1,0,0,0,1,0,1,0,0,0,0,0,0,0,0,0,0,0,0,0,0,0,0,0,0,0,0
NIST-MATDB-9ee35322ac5ddba224d845a03c651b29,1,0,1,0,0,0,0,0,1,0,0,0,1,0,0,1,0,0,0,0,0,0,0,0,0,0,0,0,0,0,0,0,0,0,0,0,0,0,0,0
NIST-MATDB-0d52b4312e8dd98a53fcfaba14cd0e82,0,0,0,0,1,1,1,0,1,0,0,0,1,0,0,0,0,0,0,0,1,0,0,0,0,0,1,0,0,0,0,0,0,0,0,0,0,0,1,0
NIST-MATDB-1e130146cc6d11f05471f1e054d640c8,1,0,1,0,0,0,1,0,1,0,1,0,0,0,0,0,1,0,0,0,0,0,1,1,0,0,0,0,0,0,0,0,0,0,0,0,0,0,0,0
NIST-MATDB-b848f05ba9fb26cdd50755863b377c56,1,1,1,0,1,0,0,0,1,0,0,0,1,0,0,0,0,1,0,0,0,0,0,0,0,0,0,0,0,0,0,0,0,0,0,0,1,0,0,0
NIST-MATDB-47dadc99a0da13b9e9bb3032468ecbdf,1,0,1,0,1,0,0,0,1,0,0,0,1,0,0,0,0,0,0,0,0,0,0,0,0,0,0,0,0,0,0,0,0,0,0,0,0,0,0,0
NIST-MATDB-71d6fc9e1d75f65e8a04544608290958,1,1,1,0,1,0,0,0,1,0,0,0,1,0,0,0,1,0,0,0,0,0,0,0,0,0,0,0,0,0,0,0,0,0,0,0,0,0,0,0
NIST-MATDB-f55cae58cff61d336d8b65bece21175f,1,1,1,0,1,0,0,0,1,0,0,0,1,0,0,0,0,1,0,0,0,0,1,1,0,0,0,0,0,0,0,1,0,0,0,1,0,0,0,0
NIST-MATDB-7cb7f2ebc677a987561f61f34f01f965,1,1,1,1,1,0,1,0,0,0,0,0,1,0,1,1,0,0,0,0,0,1,1,0,0,0,1,0,0,0,0,0,1,0,0,0,0,0,0,0
NIST-MATDB-bbd809480ca8c8d0e4d066e70a9719d1,1,1,1,1,1,0,0,0,1,0,0,1,1,0,0,0,0,1,0,0,0,0,0,0,1,0,0,0,0,0,0,0,0,0,0,0,1,0,0,0
NIST-MATDB-c72a7787d6aa9690e6f0e608535eba56,1,1,1,0,1,0,0,0,0,0,0,0,0,0,0,0,0,0,0,0,1,0,0,0,1,0,0,0,0,0,0,0,0,0,0,0,0,0,0,0
NIST-MATDB-c9f07797eede38c284db86f39de45b80,1,0,1,0,1,0,0,0,1,0,0,0,0,0,0,0,0,0,0,0,1,0,0,0,0,0,0,0,0,0,0,0,0,0,0,0,0,0,0,0
NIST-MATDB-35e89b21945136485b33f7d6240f3934,0,0,1,0,1,0,0,0,1,0,0,0,1,0,0,0,0,0,0,0,1,0,0,0,0,0,0,0,0,0,0,0,0,0,0,0,0,0,0,0
NIST-MATDB-b2cbe7a27aa1570f2ff2c04b82289f25,1,1,1,0,1,0,1,0,1,0,0,0,1,1,0,1,0,0,0,1,1,0,1,0,0,0,0,0,0,0,0,1,0,1,0,0,0,1,0,0
NIST-MATDB-9ab18a5aa1db0a6827d18e1707055261,1,1,0,0,0,0,0,0,0,1,1,0,1,0,0,0,0,0,0,0,0,0,0,0,0,0,0,0,0,0,0,0,0,0,0,0,0,0,0,0
NIST-MATDB-121099da5c9e0772a6f7a19e407c83ab,1,0,1,0,0,0,0,0,0,0,0,0,1,0,1,1,0,0,0,0,0,0,0,0,0,0,0,0,0,0,0,0,0,0,0,0,0,0,0,0
NIST-MATDB-9d023a670a2aedb5225d9cd365e24210,1,0,1,0,1,0,0,0,1,0,0,0,0,0,0,0,0,0,0,0,0,0,0,0,0,0,0,0,0,0,0,0,0,0,0,0,1,0,0,0
NIST-MATDB-aab7f4d547e6752b772d6f12520fde3b,1,1,1,0,0,1,1,0,0,0,0,0,1,0,0,0,0,0,0,0,0,0,1,0,0,0,1,1,0,0,0,0,0,1,0,0,0,0,0,1
NIST-MATDB-5d0728ebc1e0053aa120288307a704c8,0,1,1,1,1,0,1,0,0,0,0,0,1,1,0,1,0,0,0,1,0,1,1,1,0,0,1,1,0,0,0,0,0,0,0,0,0,1,0,0
NIST-MATDB-f5e80ffaaaf05f4ed655664fd22defb9,1,1,1,0,1,1,1,0,1,0,0,0,1,0,0,0,1,0,0,0,0,0,1,1,1,0,0,0,0,0,0,0,0,0,0,0,0,0,0,0
NIST-MATDB-71334e26f762777895a284849f14ca16,0,0,1,0,1,0,0,1,0,0,0,0,0,0,0,0,0,0,0,0,0,0,1,1,0,0,0,0,0,0,0,0,0,0,0,0,0,0,0,0
NIST-MATDB-1733c0f5ae26290495f099f06d0dd880,1,0,1,0,0,0,0,1,1,0,0,1,0,0,0,0,0,1,0,0,0,0,0,0,0,0,0,0,0,0,0,0,0,0,0,0,0,0,0,0
NIST-MATDB-297c8ffe0f482757db45335130e02770,1,0,1,0,0,0,0,1,1,0,0,1,0,0,0,0,0,1,0,0,0,0,0,0,0,0,0,0,0,0,0,0,0,0,0,0,0,0,0,0
NIST-MATDB-1f9d4e4fac6d97c9f29f5f996ab9f08d,1,0,1,0,0,0,1,0,0,0,0,0,0,0,0,0,0,0,0,0,0,0,1,0,0,0,1,0,0,0,0,0,0,0,0,0,0,0,0,0
NIST-MATDB-0fda178e19926b1dd1cb87d13b6c9b8f,1,0,1,0,0,0,1,0,0,0,0,0,0,0,0,0,0,0,0,0,0,0,1,0,0,0,1,1,0,0,0,0,0,0,0,0,0,0,0,0
NIST-MATDB-62e7a8f42d4e7a6d5367646f760058d1,1,1,1,0,1,0,0,1,0,0,0,0,0,0,0,0,0,0,0,0,0,0,0,0,0,0,0,0,0,0,0,0,0,0,0,0,0,0,0,0
NIST-MATDB-af11a58c392320621e86752e11cf2b18,0,0,0,0,1,0,0,0,0,0,0,0,1,0,1,1,0,0,0,1,0,0,0,0,0,0,0,0,0,0,0,0,0,0,0,0,0,0,0,0
NIST-MATDB-2f391b46b4e3f7747db4ad7bba0ccbfd,1,1,1,1,1,0,0,0,1,0,0,0,1,0,0,0,0,0,0,0,0,0,0,0,1,0,0,0,0,0,0,0,0,0,0,0,0,0,0,0
NIST-MATDB-775250b0154475da1a9521dd991a76d6,1,1,1,0,1,1,1,0,1,1,1,0,1,0,0,0,0,0,0,0,0,0,0,0,0,0,0,0,0,0,0,0,0,0,0,0,0,0,0,0
NIST-MATDB-7aa6f7200318ad474b557940bc6726c0,1,0,1,0,1,0,0,0,0,0,0,0,0,0,0,0,0,0,0,0,1,0,1,1,0,0,0,0,0,0,0,0,0,0,0,0,0,0,0,0
NIST-MATDB-90c6a1887a5e0f522854022bac0600a2,0,0,0,0,0,0,0,0,0,0,0,0,1,1,1,1,0,0,0,0,0,0,0,0,0,0,1,0,1,1,0,0,0,1,0,0,0,0,0,0
NIST-MATDB-e6b24d002f0be7b19db9e4a0b3345ee7,1,1,1,0,0,0,0,0,0,0,0,0,0,0,0,0,0,0,0,0,1,0,1,0,0,0,0,0,0,0,0,0,0,0,0,0,0,0,0,0
NIST-MATDB-bbd4c0c32dbd9f7b1df341984b71983f,1,1,1,0,0,0,1,0,0,0,0,0,0,0,0,0,0,0,0,0,1,0,1,0,0,0,0,0,0,0,0,0,0,0,0,0,0,0,0,0
NIST-MATDB-b8633e438eb4b3b1963008b5ffb3e34e,1,1,1,0,1,0,0,0,0,0,0,0,0,0,0,0,0,1,0,0,0,0,0,0,0,0,0,0,0,0,0,0,0,0,0,0,0,0,0,0
NIST-MATDB-6f2de59bc9a4aafa57769c230fce91ab,1,0,1,0,0,1,1,0,0,0,0,0,0,0,0,0,0,0,0,0,0,0,1,1,0,0,0,0,0,0,0,0,0,0,0,0,0,0,0,0
NIST-MATDB-19f0b99c8dbe789defa47a66736fe641,1,0,1,0,0,1,1,0,0,0,0,0,0,0,0,0,0,0,0,0,0,0,1,1,0,0,0,0,0,0,0,0,0,0,0,0,0,0,0,0
NIST-MATDB-1b5c20248717ca46ef341e3c5f2c1f30,1,1,1,0,1,0,1,0,1,0,0,0,0,0,0,0,0,0,0,0,0,0,1,0,0,0,0,0,0,0,0,0,0,0,0,0,0,0,0,0
NIST-MATDB-14c091e09b6f2b80b8dba65f778b7715,0,0,0,0,1,0,0,0,0,0,0,0,0,0,1,0,0,0,1,1,0,0,0,0,0,0,0,0,0,0,1,0,0,0,0,0,0,0,0,0
NIST-MATDB-dd648c6388274576eaa6f506d849b3f9,1,1,1,1,1,0,0,0,1,0,0,0,1,0,0,0,0,1,0,0,0,0,0,0,0,0,0,0,0,0,0,0,0,0,0,0,0,0,0,0
NIST-MATDB-85fcc6055ba3ac2715a9d7ef6112cfa9,1,1,1,0,1,0,0,0,1,0,0,0,0,0,0,0,0,0,0,0,0,0,0,0,0,0,0,0,0,0,0,0,0,0,0,0,0,0,0,0
NIST-MATDB-ab995b569e3eef266e371252ec189e8b,1,1,1,0,0,0,0,0,1,0,0,0,0,0,0,0,0,1,0,0,0,0,0,0,0,0,0,0,0,0,0,0,0,0,0,0,0,0,0,0
NIST-MATDB-a4ed01077a429c5f198b12181cd8b6d8,1,0,1,0,0,0,1,1,0,0,0,0,0,0,0,0,0,0,0,0,0,0,1,1,0,0,0,0,0,0,0,0,0,0,0,0,0,0,0,0
NIST-MATDB-e788f40ad7a33abe049ca098ed6ee980,0,0,0,0,0,0,0,0,0,0,0,0,1,0,1,1,0,0,0,0,0,0,0,0,0,0,0,0,1,1,0,0,0,0,0,0,0,0,0,0
NIST-MATDB-2df53cb5b49803b76e21603aaac024e5,1,1,1,0,1,0,0,0,0,0,0,0,1,0,1,1,0,0,0,0,0,0,0,0,0,0,0,0,1,0,0,0,0,0,0,0,0,0,0,0
NIST-MATDB-5b3ad76c63b1ce87a685648f69a4de28,1,1,1,0,1,0,0,0,0,0,0,1,1,0,0,1,0,0,0,0,0,0,0,0,0,0,0,0,0,0,0,0,0,0,0,0,0,0,0,0
NIST-MATDB-b425ac967ceb23a458c5e6f13f9dee6b,1,1,1,0,1,0,0,0,0,0,0,0,1,0,0,0,0,1,0,0,0,0,0,0,0,0,0,0,0,0,0,0,0,0,0,0,0,0,0,0
NIST-MATDB-4f997dd50218f80755de4f39ef56d711,1,1,1,0,1,0,0,0,0,0,0,0,0,0,0,0,0,1,0,0,0,0,0,0,0,0,0,0,0,0,0,0,0,0,0,0,0,0,0,0
NIST-MATDB-fa79ad13534250f0bc3baa41eda9ec6f,1,1,1,0,1,0,0,0,0,0,0,0,0,0,0,0,0,1,0,0,0,0,0,0,0,0,0,0,0,0,0,0,0,0,0,0,0,0,0,0
NIST-MATDB-fd7ade7b33c3327069abc402f4d18439,1,1,1,0,1,0,0,0,1,0,0,0,0,0,0,0,0,0,0,0,0,0,0,0,0,0,0,0,0,0,0,0,0,0,0,0,0,0,0,0
NIST-MATDB-951db94d5701c144378afbaface18b87,1,0,1,0,0,0,1,0,0,0,0,0,0,0,0,0,0,0,0,0,0,0,1,0,0,0,1,0,0,0,0,0,0,0,0,0,0,0,0,0
NIST-MATDB-ad8443a58b6d0f9c90e2c966b478e551,1,1,1,0,0,0,0,1,0,0,0,0,0,0,0,0,0,0,0,0,0,0,1,1,0,0,0,0,0,0,0,0,0,0,0,0,0,0,0,0
NIST-MATDB-120341abab512148a2586319c9580c29,0,0,1,0,1,0,0,1,0,0,0,0,0,0,0,0,0,0,0,0,0,0,1,1,0,0,0,0,0,0,0,0,0,0,0,0,0,0,0,0
NIST-MATDB-f4b549a56c1a5caf008c436b7d0aaaea,1,1,1,0,1,0,0,0,1,0,0,0,0,0,0,0,0,0,0,0,0,0,0,0,0,0,0,0,0,0,0,0,0,0,0,0,0,0,0,0
NIST-MATDB-8b2f5bfff597fd6ac1507365a3732a97,1,1,1,0,1,0,0,0,1,1,1,0,1,0,0,0,1,0,0,0,0,0,0,0,0,0,0,0,0,0,0,0,0,0,0,0,0,0,0,0
NIST-MATDB-98261e1cacd11dbc66fdc2910f2226ce,1,0,1,0,1,0,0,0,1,1,1,0,0,0,1,0,0,0,0,0,0,1,0,0,0,0,0,0,0,1,0,1,0,0,1,1,0,0,0,0
NIST-MATDB-7afa6cd2b9010a5fee66c761d34f79ff,1,1,1,0,1,0,0,0,1,0,0,0,1,0,0,0,0,0,0,0,0,0,0,0,0,0,0,0,0,0,0,0,0,0,0,0,0,0,0,0
NIST-MATDB-b970cc46b139824b51520d18a9b63146,1,1,1,1,1,0,0,0,1,0,0,0,0,0,0,0,0,0,0,0,0,0,0,0,0,0,0,0,0,0,0,0,0,0,0,0,0,0,0,0
NIST-MATDB-50f70ae705dac74976f4c6867d15233c,1,1,1,0,1,0,0,0,1,0,0,0,1,0,0,0,0,1,0,0,0,0,0,0,0,0,0,0,0,0,0,0,0,0,0,0,0,0,0,0
NIST-MATDB-3d59d2678a8055eac758c16bc16a055f,1,1,1,0,1,0,0,0,0,0,0,0,0,0,0,0,0,0,0,0,0,0,0,0,0,0,0,0,0,0,0,0,1,0,0,0,0,0,0,0
NIST-MATDB-0f23e9138eb186545d5877788ca80f1b,0,0,0,0,0,0,0,0,0,0,0,0,1,0,1,1,0,0,1,1,0,0,0,0,0,0,0,0,0,0,0,0,0,0,0,0,0,0,0,0
NIST-MATDB-554de36b7f2f656529c27910955ec14f,1,0,1,0,1,0,0,0,0,0,0,0,0,0,0,1,0,0,1,1,0,0,0,0,0,0,0,0,0,0,0,0,0,0,0,0,0,0,0,0
NIST-MATDB-d7ca58df25e418904749b937dc840b31,0,0,1,0,1,0,1,0,0,0,0,0,0,0,0,0,0,0,0,0,0,0,1,1,0,0,0,0,0,0,0,0,0,0,0,0,0,0,0,0
NIST-MATDB-4c3f756846170c3b55b807888c07cbfa,1,1,0,1,1,0,0,0,1,0,0,0,0,0,0,0,0,0,0,0,1,0,0,0,0,0,0,0,0,0,0,0,0,0,0,0,0,0,0,0
NIST-MATDB-8218c9eddd5fc7ca376c0e5518b22881,0,0,1,0,0,0,1,0,0,0,0,0,0,0,0,0,0,0,0,0,1,0,1,1,0,0,0,0,0,0,0,0,0,0,0,0,0,0,0,0
NIST-MATDB-3af5f20d8e1a2365aba6693b255f8f68,1,0,1,0,1,0,0,0,1,0,0,0,0,0,0,0,0,0,0,0,1,0,0,0,0,0,0,0,0,0,0,0,0,0,0,0,0,0,0,0
NIST-MATDB-6fd1bd97a5b2289108bee3430b51618c,1,1,1,1,1,0,0,0,1,0,0,0,0,0,0,0,0,1,0,0,0,0,0,0,0,0,0,0,0,0,0,0,0,0,0,0,0,0,0,0
NIST-MATDB-48f4023d446be2a618f2ac6acc88fee2,1,0,1,0,1,1,0,0,1,0,0,0,1,0,0,1,0,0,0,0,0,0,0,0,0,0,0,0,0,0,0,0,0,1,0,0,0,0,0,0
NIST-MATDB-e8a1a82c4fe2ad952d1c107156f780f2,1,1,1,0,1,1,0,1,0,0,0,0,1,0,0,1,1,0,0,0,0,0,1,1,0,0,0,0,0,0,0,1,0,0,0,0,0,0,0,0
NIST-MATDB-aa9d45b8f26556531b2b8a0a19335c9b,1,1,1,0,1,1,1,1,0,0,0,0,0,0,0,0,0,0,0,0,0,0,1,1,0,0,0,0,0,0,0,0,0,0,0,0,0,0,0,0
NIST-MATDB-d46634db5e453c0b9bd1d9ceee9f7876,0,0,1,0,1,1,1,1,0,0,0,0,0,0,0,0,0,0,0,0,0,0,1,1,0,0,0,0,0,0,0,0,0,0,0,0,0,0,0,0
NIST-MATDB-6d9a3e40757ae61aefc59e3fda366056,1,0,1,0,1,0,0,0,1,0,0,0,0,0,0,0,0,0,0,0,1,0,0,0,1,0,0,0,0,0,0,0,0,0,0,0,0,0,0,0
NIST-MATDB-36aea41c0f12ee7f7520dd971e4d71f2,1,1,0,0,0,0,0,0,0,0,0,0,0,0,1,1,0,0,0,0,0,0,0,0,0,0,0,0,0,0,0,1,0,0,0,0,0,0,0,0
NIST-MATDB-b9bffc1a1dbe706adfe44577120a9311,1,1,1,1,1,0,0,0,1,0,0,0,1,0,0,0,0,0,0,0,0,0,0,0,0,0,0,0,0,0,0,0,0,0,0,0,0,0,0,0
NIST-MATDB-e541b4260474f7557374f08111813c73,1,1,1,0,1,0,0,0,1,0,0,0,0,0,0,0,0,0,0,0,0,0,0,0,0,0,0,0,0,0,0,0,0,0,0,0,0,0,0,0
NIST-MATDB-b76bbf3e404395a8b5d1b9ec08bf2d8f,1,1,1,0,1,0,0,0,1,0,0,0,1,0,0,0,1,1,0,0,1,0,0,0,1,0,0,0,0,0,0,0,0,0,0,0,0,1,0,0
NIST-MATDB-7d1571382dd79cf21cfb21568cdc0ccf,1,1,1,0,1,0,0,0,1,0,0,0,0,0,0,0,0,0,0,0,0,0,0,0,0,0,0,0,0,0,0,0,0,0,0,0,0,0,0,0
NIST-MATDB-1463164fd412775c8f1cd0ae9fdd734c,1,0,1,0,0,0,0,1,0,0,0,0,0,0,1,1,0,0,0,0,0,0,0,0,0,0,0,0,0,0,0,0,0,0,0,0,0,0,0,0
NIST-MATDB-8cae84fb784881ac1d577dea3d006c4e,1,0,1,0,1,1,1,0,0,0,0,0,0,0,0,0,0,0,0,0,0,0,1,1,0,0,1,0,0,0,0,0,0,0,0,0,0,0,1,0
NIST-MATDB-cf456ceb20be181c82372f598ccd6566,1,1,1,0,1,0,0,0,1,0,0,0,1,0,0,0,0,0,0,0,1,0,0,0,0,0,0,0,0,0,0,0,0,0,0,0,0,0,0,0
NIST-MATDB-5b2f2fe36d08c935b34cbe0368bb90af,1,1,1,0,1,0,0,0,1,0,0,0,0,0,0,0,0,0,0,0,0,0,0,0,0,0,0,0,0,0,0,0,0,0,0,0,0,0,0,0
NIST-MATDB-6853463892c58fa717af9cbfb228f048,1,1,1,0,1,0,0,0,1,0,0,0,0,0,0,0,0,0,0,0,0,0,0,0,0,0,0,0,0,0,0,0,0,0,0,0,0,0,0,0
NIST-MATDB-d912f177ba8efc7896115a2e38b821e1,1,1,0,0,0,0,0,0,0,0,0,0,1,0,1,1,0,0,0,0,0,0,0,0,0,0,0,0,1,0,0,0,0,0,1,0,0,0,0,0
NIST-MATDB-16b46a73888e61b0cad26c50f220e8e0,0,0,1,0,0,0,0,0,0,0,0,0,1,0,1,1,0,0,1,1,0,0,0,0,0,0,0,0,0,0,0,1,0,0,0,0,0,0,0,0
NIST-MATDB-190ed881ef2c7d18396b178dd6a6d96e,1,1,0,1,1,0,0,0,0,0,0,0,1,0,1,1,0,0,0,0,0,0,0,0,0,0,0,0,0,0,0,0,0,0,0,0,0,0,0,0
NIST-MATDB-69f363671c1af77d5e044616e37f0142,0,0,0,0,0,0,0,0,1,0,0,0,0,1,1,1,0,0,0,0,1,0,0,0,0,0,0,0,0,1,0,0,0,0,0,1,0,0,0,0
NIST-MATDB-8d651cf53aa2990d2cccb34177e624ff,1,1,1,1,1,0,0,0,1,0,0,0,0,0,0,0,0,0,0,0,1,1,0,0,0,0,0,0,0,0,0,0,0,0,0,0,1,0,0,0
NIST-MATDB-73d80cf55c3c599e004a9828b244ec48,0,0,0,0,1,0,0,0,0,0,0,0,1,0,1,1,0,0,0,0,0,0,0,0,0,1,0,0,0,0,0,0,0,0,0,0,0,0,0,0
NIST-MATDB-c9b48f1b01eb70760c7d618b9ac9c937,1,1,1,1,1,0,0,1,1,0,0,0,0,0,0,0,0,1,0,0,1,1,1,1,0,0,0,0,0,0,0,0,0,0,0,0,1,0,0,0
NIST-MATDB-fab951d1e53d35279d22a30a416c2e08,1,0,1,0,0,0,1,0,0,0,0,0,0,0,0,0,0,0,0,0,0,0,1,0,0,0,1,0,0,0,0,0,0,0,0,0,0,0,0,0
NIST-MATDB-081a0818678716f502aee0b58ac1b30a,1,0,1,0,0,0,0,0,0,0,0,0,1,0,1,1,0,0,0,0,1,0,0,0,1,0,0,0,0,0,0,0,0,0,0,0,0,1,0,0
NIST-MATDB-1b4fff6cb48e3c544cb81776c1f1ac76,1,0,1,0,1,0,0,0,1,0,0,0,0,0,0,0,0,0,0,0,1,0,0,0,0,0,0,0,0,0,0,0,0,0,0,0,0,0,0,0
NIST-MATDB-7794dcbafbe2d5a283b6a87ef79c2a1d,0,0,0,0,1,1,1,0,0,0,0,0,0,0,0,0,0,0,0,0,0,0,1,1,0,0,0,0,0,0,0,0,0,0,0,0,0,0,0,0
NIST-MATDB-98bd1513147122918efeb91846323729,0,0,0,0,1,1,1,0,0,0,0,0,0,0,0,0,0,0,0,0,0,0,1,1,0,0,0,0,0,0,0,0,0,0,0,0,0,0,0,0
NIST-MATDB-27ce47f74d79f611f6d3f9caa686697b,0,1,0,0,1,0,1,0,0,0,0,0,0,0,0,0,1,0,0,0,0,0,1,0,0,0,1,0,0,0,0,0,0,0,0,0,0,0,0,0
NIST-MATDB-d1d373b14184482d96176fbe7e616dc5,0,0,1,0,1,0,1,0,0,0,0,0,0,0,0,0,0,0,0,0,1,0,1,0,0,0,1,0,0,0,0,0,0,0,0,0,0,0,0,0
NIST-MATDB-9e5edba55f0f609476161019d58113ed,1,1,1,0,1,0,0,0,1,0,0,0,0,0,0,0,0,0,0,0,0,0,0,0,0,0,0,0,0,0,0,0,0,0,0,0,0,0,0,0
NIST-MATDB-49b1e69854030020562c1a51b5d17de8,1,1,1,0,1,0,0,0,1,0,0,0,1,0,0,0,0,0,0,0,0,0,0,0,0,0,0,0,0,0,0,0,0,0,0,0,0,0,0,0
NIST-MATDB-ddd6f2d174f6d5cc75ee1fda94840dd8,1,1,1,0,1,0,0,0,1,0,0,0,0,0,0,0,0,0,0,0,0,0,0,0,0,0,0,0,0,0,0,0,0,0,0,0,0,0,0,0
NIST-MATDB-e09d347dd969d6bd83df1d148fc34ecc,1,1,1,0,1,0,0,0,1,0,0,0,1,0,0,0,0,1,0,0,0,0,0,0,0,0,0,0,0,0,0,0,0,0,0,0,0,0,0,0
NIST-MATDB-ba925980550f907f14b9e2aa08b07d60,1,0,1,0,1,0,0,0,0,0,0,0,1,0,1,1,0,0,0,0,0,0,0,0,0,0,0,0,0,0,0,0,0,0,0,0,0,0,0,0
NIST-MATDB-6c372b00bde601be7642210d9d4ab853,1,1,0,0,0,0,0,0,0,0,0,0,0,0,0,0,0,0,0,0,0,0,0,0,0,0,1,1,0,0,0,0,0,1,0,0,0,0,0,1
NIST-MATDB-871f479ada0eb83955ce7aa6f2d0900c,1,1,0,0,0,0,0,0,0,0,0,0,0,0,0,0,0,0,0,0,0,0,0,0,0,0,1,1,0,0,0,0,0,1,0,0,0,0,0,0
NIST-MATDB-2a55d7fddaa59cb289e94c60012b7c80,1,1,1,0,1,0,0,1,1,0,0,0,0,0,0,0,0,0,0,0,0,1,0,0,0,0,0,0,0,0,0,0,0,0,0,0,0,0,0,0
NIST-MATDB-45306d110432f9a656573b3fe5c50f66,0,0,0,0,1,0,0,0,0,0,0,0,1,0,1,0,0,0,1,0,1,0,0,0,0,0,0,0,0,0,0,0,0,0,0,0,0,0,0,0
NIST-MATDB-df647d61b00b35b8b88ae26030802346,1,1,1,0,1,0,1,0,0,0,0,0,0,0,0,0,0,1,0,0,0,0,1,0,0,0,0,1,0,0,0,0,0,1,0,0,0,0,0,0
NIST-MATDB-3a650ab57f585098f15b7607aeb8fdb6,1,0,1,1,1,0,0,0,0,0,0,0,0,0,0,0,0,0,0,0,0,0,0,0,0,0,0,0,0,0,0,0,1,0,0,0,0,0,0,0
NIST-MATDB-be9f51ea48c4eeb348d95a383edddd8a,1,0,1,0,0,0,1,0,1,0,0,0,0,0,0,0,0,0,0,0,1,0,1,0,0,0,1,0,0,0,0,0,0,0,0,0,0,0,0,0
NIST-MATDB-c8ef237d84290dbc0b2948cb057d6671,0,0,0,0,1,0,0,0,0,0,0,0,1,0,1,1,0,0,1,1,0,0,0,0,0,0,0,0,0,0,1,0,0,0,0,0,0,0,0,0
NIST-MATDB-6e3a08482c472745491d45de75647062,1,1,1,0,1,0,0,0,1,0,0,0,1,0,0,0,0,0,0,0,0,0,0,0,0,0,0,0,0,0,0,0,0,0,0,0,0,0,0,0
NIST-MATDB-1e93bd0672ca0c9d104d64b9ac6b00a2,1,1,1,1,1,0,0,0,0,0,0,1,0,0,0,0,0,0,0,0,0,0,0,0,0,0,0,0,0,0,0,0,0,0,0,0,0,0,0,0
NIST-MATDB-f0d21fca297aa06616af675ba0c455a4,1,1,1,0,1,0,0,0,1,0,0,0,0,0,0,0,0,0,0,0,0,0,0,0,0,0,0,0,0,0,0,0,0,0,0,0,0,0,0,0
NIST-MATDB-888a980473df7b326048a36cbcd7a4c4,1,1,1,0,1,0,0,0,1,0,0,0,0,0,0,0,0,0,0,0,0,0,0,0,0,0,0,0,0,0,0,0,0,0,0,0,0,0,0,0
NIST-MATDB-aff80a2ff66e5982846a01ae3ce36d1e,0,0,0,0,1,0,0,0,0,0,0,0,1,0,1,1,0,0,0,0,0,0,0,0,0,1,0,0,1,1,1,0,0,0,1,0,0,0,0,0
NIST-MATDB-6fd1551f35082430e34eb9ebf32ff5ea,0,0,0,0,1,0,0,0,0,0,0,0,1,0,1,1,0,0,0,0,1,0,0,0,0,0,0,0,0,1,0,0,0,0,0,0,0,0,0,0
NIST-MATDB-c235e2b9f0e0f3949e37b5ac3054f2ec,0,0,1,0,1,0,0,0,1,0,0,0,1,1,1,0,0,0,0,1,0,0,0,0,0,0,0,0,0,0,0,1,0,1,0,0,0,0,0,0
NIST-MATDB-aec96b031f9b1b6286fb22c88ca31f63,0,0,0,0,1,0,0,0,0,0,0,0,1,0,1,1,0,0,0,0,1,0,0,0,0,0,0,0,0,0,0,0,0,0,0,0,0,0,0,0
NIST-MATDB-c9d20f8b3674900f2fe7f5c4ebc436af,0,0,0,0,1,0,0,0,0,0,0,0,0,0,1,1,0,0,0,0,0,0,0,0,0,1,0,0,0,0,1,0,0,0,0,0,0,0,0,0
NIST-MATDB-2d25531dab4bccac4af1b6e13fe962fd,1,0,1,0,1,0,0,1,0,0,0,0,0,0,0,0,0,0,0,0,0,0,0,1,0,0,0,0,0,0,0,0,0,0,0,0,0,0,0,0
NIST-MATDB-68390f4a9ea74563f10a775377cf5166,1,1,1,0,1,0,0,0,1,0,0,0,0,0,0,0,0,0,0,0,0,0,0,0,0,0,0,0,0,0,0,0,0,0,0,0,0,0,0,0
NIST-MATDB-1b640cdaf885a25b91b8daa3c3416e79,1,1,1,0,1,0,0,0,1,0,0,0,0,0,0,0,0,0,0,0,0,0,0,0,0,0,0,0,0,0,0,0,0,0,0,0,0,0,0,0
NIST-MATDB-fd4118ab9a5243d679099317a1763c3c,0,0,0,0,1,0,0,0,0,0,0,0,1,0,1,1,0,0,0,0,0,0,0,0,0,0,0,0,0,0,1,0,0,0,0,0,0,0,0,0
NIST-MATDB-d9783e337e7ce09116e25a43e33f6d63,1,0,1,0,1,0,1,0,0,0,0,0,0,0,0,0,0,0,0,0,0,0,1,1,0,0,0,0,0,0,0,0,0,0,0,0,0,0,0,0
NIST-MATDB-07d78240c661ad1bae52f1a6f30cdb54,1,0,0,0,1,0,0,0,0,0,0,0,0,0,0,0,0,0,1,1,1,0,0,0,0,0,0,0,0,0,0,0,0,0,0,0,0,0,0,0
NIST-MATDB-a0ba6cd310796edf309f0196ef75a697,1,0,1,0,1,0,0,0,0,0,0,0,0,0,1,1,0,0,0,1,0,0,0,0,0,0,0,0,0,0,1,0,0,0,0,0,0,0,0,0
NIST-MATDB-2348f026850f75fcaf193b4f68a06388,1,1,1,0,1,0,0,0,1,0,0,0,0,0,0,0,0,0,0,0,0,0,0,0,0,0,0,0,0,0,0,0,0,0,0,0,0,0,0,0
NIST-MATDB-068e46454f275afa018a4a34a337e260,1,0,0,0,1,0,0,0,0,0,0,0,1,0,1,1,0,0,0,0,0,0,0,0,0,0,0,0,0,0,1,0,0,0,0,0,0,0,0,0
NIST-MATDB-61ce58a9848227ea4fd4503b0da4e50a,1,1,1,0,1,0,0,0,0,0,0,0,0,0,0,0,0,0,0,0,1,0,0,0,0,0,0,0,0,0,0,0,0,0,0,0,0,0,0,0
NIST-MATDB-12f0e59f182a26494316933fff0304e2,1,1,1,0,1,0,0,0,0,0,0,0,0,0,0,0,0,0,0,0,0,0,0,0,0,0,0,0,0,0,0,0,1,0,0,0,1,0,0,0
NIST-MATDB-af9b5a1bd2336cee6a19fb3149c6fead,0,0,0,0,1,0,0,0,0,0,0,0,1,0,1,1,0,0,0,1,0,0,0,0,0,0,0,0,1,1,0,0,0,0,0,0,0,0,0,0
NIST-MATDB-a6f101f386dee100047fcaf572ce237c,0,0,1,0,0,1,1,0,0,0,0,0,0,0,0,0,0,0,0,0,0,0,1,1,0,0,0,0,0,0,0,0,0,0,0,0,0,0,0,0
NIST-MATDB-7ff3a3a0cb9caeb14aea109250cb9329,0,1,0,1,0,1,1,0,0,0,0,0,0,0,0,0,0,0,0,0,0,1,0,0,0,0,0,0,0,0,0,0,0,0,0,0,0,0,0,0
NIST-MATDB-5d21dad0bce099244138bdcd0a410e0d,1,1,0,1,1,0,0,0,0,0,0,0,0,0,0,0,0,1,0,0,0,0,0,0,0,0,0,0,0,0,0,0,0,0,0,0,0,0,0,0
NIST-MATDB-29c4141c741c8af2dfa727803041cce8,1,1,0,1,1,0,0,0,0,0,0,0,0,0,0,0,0,1,0,0,0,0,0,0,0,0,0,0,0,0,0,0,0,0,0,0,0,0,0,0
NIST-MATDB-62cac39e7df6723d237dfb0c4bd20985,1,1,1,0,1,0,0,0,1,0,0,0,0,0,0,0,0,1,0,0,0,0,0,0,0,0,0,0,0,0,0,0,0,0,0,0,0,0,0,0
NIST-MATDB-5fee9a23ff456bc1904034f8ccd4dd08,0,0,1,0,1,0,0,1,0,0,0,0,0,0,0,0,0,0,0,0,0,0,1,1,0,0,0,0,0,0,0,0,0,0,0,0,0,0,0,0
NIST-MATDB-0430f3ede7fd0f8d58eb6cf454011ef2,1,1,1,0,1,0,0,0,1,0,0,0,0,0,0,0,0,0,0,0,0,0,0,0,0,0,0,0,0,0,0,0,0,0,0,0,0,0,0,0
NIST-MATDB-53e35057427decf192a1effd7d881922,1,0,1,0,0,0,1,0,0,0,0,0,0,0,0,0,0,0,0,0,0,0,1,0,0,0,1,0,0,0,0,0,0,0,0,0,0,0,0,0
NIST-MATDB-6e0014114e24ab8e83b8782e3c9ed523,1,0,1,0,1,1,1,0,0,0,0,0,0,0,0,0,0,0,0,0,0,0,1,1,0,0,1,0,0,0,0,0,0,0,0,0,0,0,1,0
NIST-MATDB-1ce14eb3e9cae7c5664342ced717c6d0,1,0,1,0,1,1,1,0,0,0,0,0,0,0,0,0,0,0,0,0,0,0,1,1,0,0,1,0,0,0,0,0,0,0,0,0,0,0,1,0
NIST-MATDB-78e8e8044f33dfb63d742cd181396dfc,1,1,1,0,1,0,1,0,0,0,0,0,0,0,0,0,0,0,0,0,0,0,1,1,0,0,0,0,0,0,0,0,0,0,0,0,0,0,0,0
NIST-MATDB-df5a7d1b98bf856906a188166face5b4,1,1,1,0,1,0,1,0,0,0,0,0,0,0,0,0,0,0,0,0,0,0,1,1,0,0,0,0,0,0,0,0,0,0,0,0,0,0,0,0
NIST-MATDB-ffef9fe8f87486bc0a607d2de561618d,1,1,1,0,1,0,1,0,0,0,0,0,0,0,0,0,0,0,0,0,0,0,1,1,0,0,0,0,0,0,0,0,0,0,0,0,0,0,0,0
NIST-MATDB-2d9160505b3f649ff3c6a4c594f5fec1,1,1,1,0,1,0,1,0,0,0,0,0,0,0,0,0,0,0,0,0,0,0,1,1,0,0,0,0,0,0,0,0,0,0,0,0,0,0,0,0
NIST-MATDB-bd4fe632a93717aa1dc57800af0c8760,0,0,1,0,1,0,1,0,0,0,0,0,0,0,0,0,0,0,0,0,0,0,1,0,0,0,1,0,0,0,0,0,0,0,0,0,0,0,0,0
NIST-MATDB-68a48f466949d3c6ea7faa50d7d5823c,1,1,1,0,0,0,0,0,1,0,0,0,1,0,0,0,0,0,0,0,0,0,0,0,0,0,0,0,0,0,0,0,0,0,0,0,0,0,0,0
NIST-MATDB-c8f4c078b4a081946d94943919a5aa6f,1,1,1,0,0,0,0,0,1,0,0,0,1,0,0,0,0,0,0,0,0,0,0,0,0,0,0,0,0,0,0,0,0,0,0,0,0,0,0,0
NIST-MATDB-5442cdd93ee8028ce1e8b57896f7a844,1,1,1,0,1,0,0,0,0,0,0,0,0,0,0,0,0,1,0,0,0,0,0,0,0,0,0,0,0,0,0,0,0,0,0,0,0,0,0,0
NIST-MATDB-d1644201ec3b21d8e8c31c3df7c6f060,1,1,1,1,1,0,0,0,0,0,0,0,0,0,0,0,0,1,0,0,0,1,0,0,0,0,0,0,0,0,0,0,0,0,0,0,0,0,0,0
NIST-MATDB-725694ffb14abc06c5c38b8b0df81a89,1,1,1,1,0,0,0,0,0,0,0,0,0,0,0,0,0,1,0,0,0,0,0,0,0,0,0,0,0,0,0,0,0,0,0,0,0,0,0,0
NIST-MATDB-69defbb815a1b2e90296326827748d96,1,0,1,0,1,0,0,1,0,0,0,0,0,0,1,0,0,0,0,0,0,0,0,0,0,0,0,0,0,0,0,0,0,0,0,0,0,0,0,0
NIST-MATDB-81ce97da3e80d0c4f1b51b10da948255,0,0,0,0,1,0,0,0,1,0,0,0,0,0,1,1,0,0,0,0,0,0,0,0,0,1,0,0,0,1,0,0,0,0,0,0,0,0,0,0
NIST-MATDB-99bf92208771cc605a3faf79b8eabf10,0,0,1,0,1,0,1,1,0,0,0,0,0,0,1,1,0,0,1,1,0,0,1,1,0,0,0,0,0,0,0,1,0,0,0,0,0,0,0,0
NIST-MATDB-22cc5d2f7013cee412e01e9ff0861ce4,0,0,0,0,0,1,1,1,0,0,0,0,0,0,0,0,0,0,0,0,0,0,1,1,0,0,1,0,0,0,0,0,0,0,0,0,0,0,0,0
NIST-MATDB-4c5fc9ec0f07f55545f660abeabc296d,1,1,1,1,1,0,0,0,1,0,0,0,0,0,0,0,0,0,0,0,1,1,0,0,0,0,0,0,0,0,0,0,0,0,0,0,0,0,0,0
NIST-MATDB-a1811d120b849d172a5b30fd4889ec1d,0,0,1,0,1,0,0,1,0,0,0,0,0,0,0,0,0,0,0,0,0,0,1,1,0,0,0,0,0,0,0,0,0,0,0,0,0,0,0,0
NIST-MATDB-f048a93795284c8e98b0c848fc471416,0,0,1,0,1,0,0,1,0,0,0,0,0,0,0,0,0,0,0,0,0,0,1,1,0,0,0,0,0,0,0,0,0,0,0,0,0,0,0,0
NIST-MATDB-30dd74c9be4b046c2076cd94dec7e267,1,1,1,0,1,0,0,0,0,0,0,0,1,0,1,1,0,0,0,0,1,0,0,0,0,1,0,0,1,1,0,0,0,0,1,0,0,0,0,0
NIST-MATDB-595990fd285c5478047fd2f16f7f3be3,0,0,1,0,1,0,0,1,0,0,0,0,0,0,0,0,0,0,0,0,0,0,1,1,0,0,0,0,0,0,0,0,0,0,0,0,0,0,0,0
NIST-MATDB-583d697c0afbca86fe273ecf518cf711,1,0,0,0,1,0,0,0,0,0,0,0,1,0,1,1,0,0,0,1,0,0,0,0,0,0,0,0,0,0,0,0,0,0,0,0,0,0,0,0
NIST-MATDB-148bf92e876591b367272f179fd6810e,0,0,1,0,1,0,0,1,0,0,0,0,0,0,0,0,0,0,0,0,0,0,1,1,0,0,0,0,0,0,0,0,0,0,0,0,0,0,0,0
NIST-MATDB-a913314565a8850d65ecf76b10569999,1,1,1,1,1,0,0,0,0,0,0,0,0,0,0,0,0,1,0,0,0,0,0,0,0,0,0,0,0,0,0,0,0,0,0,0,0,0,0,0
NIST-MATDB-79bb15266bb8ce342990c61767bf4f13,0,0,0,0,1,0,0,0,0,0,0,0,1,0,1,1,0,0,0,0,0,0,0,0,0,0,0,0,0,1,0,0,0,0,0,0,0,0,0,0
NIST-MATDB-61f9334857ca139ef1abe3aaa8dcbad7,0,0,0,0,1,0,0,0,0,0,0,0,0,0,1,1,0,0,0,0,0,0,0,0,0,0,0,0,0,1,0,0,0,0,1,0,0,0,0,0
NIST-MATDB-16d2ea75949f753ebc0daffccae0ed52,0,0,1,0,0,0,1,0,0,0,0,0,1,0,0,0,0,0,0,0,0,0,1,0,0,0,1,0,0,0,0,0,0,0,0,0,0,0,0,0
NIST-MATDB-29da3034f56a3f314e86df224086cae2,0,0,1,0,0,0,1,0,0,0,0,0,1,0,0,0,0,0,0,0,0,0,1,0,0,0,1,1,0,0,0,0,0,1,0,0,0,0,0,1
NIST-MATDB-9aa5608088a0aab82ce1738a4116f469,0,0,0,0,0,0,0,0,0,0,0,0,1,0,1,1,0,0,1,1,0,0,0,0,0,1,0,0,0,0,1,0,0,0,0,0,0,0,0,0
NIST-MATDB-d049583f6d607e59dc804c4029176dcb,1,1,1,1,1,0,0,0,0,0,0,0,0,0,0,0,0,0,0,0,0,0,0,0,0,0,0,0,0,0,0,0,0,0,0,0,0,0,0,0
NIST-MATDB-b16ee19c4a2d5d7d2f7e09cb7263392f,1,1,1,1,1,0,0,0,0,0,0,0,0,0,0,0,0,0,0,0,0,0,0,0,0,0,0,0,0,0,0,0,0,0,0,0,0,0,0,0
NIST-MATDB-8fad47f65fa08c7ac5157aa92c218b1d,1,1,1,1,1,0,0,0,0,0,0,0,0,0,0,0,0,0,0,0,0,0,0,0,0,0,0,0,0,0,0,0,0,0,0,0,0,0,0,0
NIST-MATDB-655315f090663b4723680a6683f06403,1,1,1,1,1,0,0,0,0,0,0,0,0,0,0,0,0,0,0,0,0,0,0,0,0,0,0,0,0,0,0,0,0,0,0,0,0,0,0,0
NIST-MATDB-7fdf5997d47b59af2318c9cf774e49ca,0,0,0,0,0,0,1,0,0,0,0,0,1,1,1,1,0,0,1,1,0,0,0,0,0,0,0,0,0,0,0,0,0,0,0,0,0,0,0,0
