{"isotherm_data":[{"pressure":6.72e-6,"total_adsorption":0.17801,"species_data":[{"composition":1,"adsorption":0.17801,"InChIKey":"URLKBWYHVLBVBO-UHFFFAOYSA-N"}]},{"pressure":1.66e-5,"total_adsorption":1.15183,"species_data":[{"composition":1,"adsorption":1.15183,"InChIKey":"URLKBWYHVLBVBO-UHFFFAOYSA-N"}]},{"pressure":2.09e-5,"total_adsorption":1.74869,"species_data":[{"composition":1,"adsorption":1.74869,"InChIKey":"URLKBWYHVLBVBO-UHFFFAOYSA-N"}]},{"pressure":8.69e-5,"total_adsorption":2.40838,"species_data":[{"composition":1,"adsorption":2.40838,"InChIKey":"URLKBWYHVLBVBO-UHFFFAOYSA-N"}]},{"pressure":0.00011718,"total_adsorption":2.53403,"species_data":[{"composition":1,"adsorption":2.53403,"InChIKey":"URLKBWYHVLBVBO-UHFFFAOYSA-N"}]},{"pressure":0.000216665,"total_adsorption":2.77487,"species_data":[{"composition":1,"adsorption":2.77487,"InChIKey":"URLKBWYHVLBVBO-UHFFFAOYSA-N"}]},{"pressure":0.0002859,"total_adsorption":2.87958,"species_data":[{"composition":1,"adsorption":2.87958,"InChIKey":"URLKBWYHVLBVBO-UHFFFAOYSA-N"}]},{"pressure":0.000440624,"total_adsorption":2.96335,"species_data":[{"composition":1,"adsorption":2.96335,"InChIKey":"URLKBWYHVLBVBO-UHFFFAOYSA-N"}]},{"pressure":0.000649853,"total_adsorption":3.01571,"species_data":[{"composition":1,"adsorption":3.01571,"InChIKey":"URLKBWYHVLBVBO-UHFFFAOYSA-N"}]},{"pressure":0.000897824,"total_adsorption":3.07853,"species_data":[{"composition":1,"adsorption":3.07853,"InChIKey":"URLKBWYHVLBVBO-UHFFFAOYSA-N"}]},{"pressure":0.000998468,"total_adsorption":3.12042,"species_data":[{"composition":1,"adsorption":3.12042,"InChIKey":"URLKBWYHVLBVBO-UHFFFAOYSA-N"}]},{"pressure":0.00126208,"total_adsorption":3.1623,"species_data":[{"composition":1,"adsorption":3.1623,"InChIKey":"URLKBWYHVLBVBO-UHFFFAOYSA-N"}]},{"pressure":0.00148695,"total_adsorption":3.19372,"species_data":[{"composition":1,"adsorption":3.19372,"InChIKey":"URLKBWYHVLBVBO-UHFFFAOYSA-N"}]},{"pressure":0.00163422,"total_adsorption":3.22513,"species_data":[{"composition":1,"adsorption":3.22513,"InChIKey":"URLKBWYHVLBVBO-UHFFFAOYSA-N"}]},{"pressure":0.0018902,"total_adsorption":3.24607,"species_data":[{"composition":1,"adsorption":3.24607,"InChIKey":"URLKBWYHVLBVBO-UHFFFAOYSA-N"}]},{"pressure":0.00216945,"total_adsorption":3.26702,"species_data":[{"composition":1,"adsorption":3.26702,"InChIKey":"URLKBWYHVLBVBO-UHFFFAOYSA-N"}]},{"pressure":0.00241773,"total_adsorption":3.27749,"species_data":[{"composition":1,"adsorption":3.27749,"InChIKey":"URLKBWYHVLBVBO-UHFFFAOYSA-N"}]},{"pressure":0.00264273,"total_adsorption":3.28796,"species_data":[{"composition":1,"adsorption":3.28796,"InChIKey":"URLKBWYHVLBVBO-UHFFFAOYSA-N"}]},{"pressure":0.002891,"total_adsorption":3.29843,"species_data":[{"composition":1,"adsorption":3.29843,"InChIKey":"URLKBWYHVLBVBO-UHFFFAOYSA-N"}]},{"pressure":0.00299195,"total_adsorption":3.28796,"species_data":[{"composition":1,"adsorption":3.28796,"InChIKey":"URLKBWYHVLBVBO-UHFFFAOYSA-N"}]}],"temperature":423,"articleSource":"UNKNOWN","compositionType":"molefraction","adsorbates":[{"name":"P-Xylene","InChIKey":"URLKBWYHVLBVBO-UHFFFAOYSA-N"}],"adsorptionUnits":"molecules/supercage","date":"1000-01-01","category":"","digitizer":"UNKNOWN","pressureUnits":"bar","DOI":"10.1039/B007281h","adsorbent":{"name":"Zeolite MYm","hashkey":"NIST-MATDB-e0d41e5bd75fca3b3a375ababb626e75"},"concentrationUnits":"","filename":"10.1039B007281h.Isotherm2","isotherm_type":""}