{"filename": "10.1039C2ee22769j.isotherm7", "DOI": "10.1039/C2ee22769j", "articleSource": "UNKNOWN", "date": "1000-01-01", "digitizer": "UNKNOWN", "adsorbent": {"hashkey": "NIST-MATDB-453276ee992ed07dc207ed08b2b221ce", "name": "Carbon"}, "adsorbates": [{"InChIKey": "IJGRMHOSHXDMSA-UHFFFAOYSA-N", "name": "Nitrogen"}], "category": "", "temperature": 77, "isotherm_type": "", "adsorptionUnits": "cm3(STP)/g", "pressureUnits": "bar", "compositionType": "molefraction", "concentrationUnits": "", "isotherm_data": [{"pressure": 0.00914077, "total_adsorption": 342.23, "species_data": [{"InChIKey": "IJGRMHOSHXDMSA-UHFFFAOYSA-N", "composition": 1, "adsorption": 342.23}]}, {"pressure": 0.0197303, "total_adsorption": 537.477, "species_data": [{"InChIKey": "IJGRMHOSHXDMSA-UHFFFAOYSA-N", "composition": 1, "adsorption": 537.477}]}, {"pressure": 0.0775998, "total_adsorption": 653.748, "species_data": [{"InChIKey": "IJGRMHOSHXDMSA-UHFFFAOYSA-N", "composition": 1, "adsorption": 653.748}]}, {"pressure": 0.155375, "total_adsorption": 791.956, "species_data": [{"InChIKey": "IJGRMHOSHXDMSA-UHFFFAOYSA-N", "composition": 1, "adsorption": 791.956}]}, {"pressure": 0.263506, "total_adsorption": 914.808, "species_data": [{"InChIKey": "IJGRMHOSHXDMSA-UHFFFAOYSA-N", "composition": 1, "adsorption": 914.808}]}, {"pressure": 0.406993, "total_adsorption": 991.59, "species_data": [{"InChIKey": "IJGRMHOSHXDMSA-UHFFFAOYSA-N", "composition": 1, "adsorption": 991.59}]}, {"pressure": 0.609595, "total_adsorption": 1026.69, "species_data": [{"InChIKey": "IJGRMHOSHXDMSA-UHFFFAOYSA-N", "composition": 1, "adsorption": 1026.69}]}, {"pressure": 0.813223, "total_adsorption": 1042.05, "species_data": [{"InChIKey": "IJGRMHOSHXDMSA-UHFFFAOYSA-N", "composition": 1, "adsorption": 1042.05}]}, {"pressure": 1.01415, "total_adsorption": 1061.79, "species_data": [{"InChIKey": "IJGRMHOSHXDMSA-UHFFFAOYSA-N", "composition": 1, "adsorption": 1061.79}]}]}