{"filename": "10.1039C4ra05407e.Isotherm9", "DOI": "10.1039/C4ra05407e", "articleSource": "UNKNOWN", "date": "1000-01-01", "digitizer": "UNKNOWN", "adsorbent": {"hashkey": "NIST-MATDB-717a9d3f07870f8d8ed2ea2956139162", "name": "[Ni3(HCOO)6] 1a"}, "adsorbates": [{"InChIKey": "IJGRMHOSHXDMSA-UHFFFAOYSA-N", "name": "Nitrogen"}], "category": "", "temperature": 308, "isotherm_type": "", "adsorptionUnits": "mmol/g", "pressureUnits": "bar", "compositionType": "molefraction", "concentrationUnits": "", "isotherm_data": [{"pressure": 0.0248042, "total_adsorption": 0.00538117, "species_data": [{"InChIKey": "IJGRMHOSHXDMSA-UHFFFAOYSA-N", "composition": 1, "adsorption": 0.00538117}]}, {"pressure": 0.0425214, "total_adsorption": 0.00538117, "species_data": [{"InChIKey": "IJGRMHOSHXDMSA-UHFFFAOYSA-N", "composition": 1, "adsorption": 0.00538117}]}, {"pressure": 0.0637821, "total_adsorption": 0.0107623, "species_data": [{"InChIKey": "IJGRMHOSHXDMSA-UHFFFAOYSA-N", "composition": 1, "adsorption": 0.0107623}]}, {"pressure": 0.109847, "total_adsorption": 0.0107623, "species_data": [{"InChIKey": "IJGRMHOSHXDMSA-UHFFFAOYSA-N", "composition": 1, "adsorption": 0.0107623}]}, {"pressure": 0.162999, "total_adsorption": 0.0215247, "species_data": [{"InChIKey": "IJGRMHOSHXDMSA-UHFFFAOYSA-N", "composition": 1, "adsorption": 0.0215247}]}, {"pressure": 0.209064, "total_adsorption": 0.0269058, "species_data": [{"InChIKey": "IJGRMHOSHXDMSA-UHFFFAOYSA-N", "composition": 1, "adsorption": 0.0269058}]}, {"pressure": 0.255128, "total_adsorption": 0.0376682, "species_data": [{"InChIKey": "IJGRMHOSHXDMSA-UHFFFAOYSA-N", "composition": 1, "adsorption": 0.0376682}]}, {"pressure": 0.315367, "total_adsorption": 0.0430493, "species_data": [{"InChIKey": "IJGRMHOSHXDMSA-UHFFFAOYSA-N", "composition": 1, "adsorption": 0.0430493}]}, {"pressure": 0.368519, "total_adsorption": 0.0538117, "species_data": [{"InChIKey": "IJGRMHOSHXDMSA-UHFFFAOYSA-N", "composition": 1, "adsorption": 0.0538117}]}, {"pressure": 0.421671, "total_adsorption": 0.0591928, "species_data": [{"InChIKey": "IJGRMHOSHXDMSA-UHFFFAOYSA-N", "composition": 1, "adsorption": 0.0591928}]}, {"pressure": 0.467736, "total_adsorption": 0.064574, "species_data": [{"InChIKey": "IJGRMHOSHXDMSA-UHFFFAOYSA-N", "composition": 1, "adsorption": 0.064574}]}, {"pressure": 0.520888, "total_adsorption": 0.0699552, "species_data": [{"InChIKey": "IJGRMHOSHXDMSA-UHFFFAOYSA-N", "composition": 1, "adsorption": 0.0699552}]}, {"pressure": 0.570496, "total_adsorption": 0.0807175, "species_data": [{"InChIKey": "IJGRMHOSHXDMSA-UHFFFAOYSA-N", "composition": 1, "adsorption": 0.0807175}]}, {"pressure": 0.623647, "total_adsorption": 0.0807175, "species_data": [{"InChIKey": "IJGRMHOSHXDMSA-UHFFFAOYSA-N", "composition": 1, "adsorption": 0.0807175}]}, {"pressure": 0.676799, "total_adsorption": 0.0860987, "species_data": [{"InChIKey": "IJGRMHOSHXDMSA-UHFFFAOYSA-N", "composition": 1, "adsorption": 0.0860987}]}, {"pressure": 0.722865, "total_adsorption": 0.096861, "species_data": [{"InChIKey": "IJGRMHOSHXDMSA-UHFFFAOYSA-N", "composition": 1, "adsorption": 0.096861}]}, {"pressure": 0.77956, "total_adsorption": 0.102242, "species_data": [{"InChIKey": "IJGRMHOSHXDMSA-UHFFFAOYSA-N", "composition": 1, "adsorption": 0.102242}]}, {"pressure": 0.832712, "total_adsorption": 0.113004, "species_data": [{"InChIKey": "IJGRMHOSHXDMSA-UHFFFAOYSA-N", "composition": 1, "adsorption": 0.113004}]}, {"pressure": 0.889407, "total_adsorption": 0.118386, "species_data": [{"InChIKey": "IJGRMHOSHXDMSA-UHFFFAOYSA-N", "composition": 1, "adsorption": 0.118386}]}, {"pressure": 0.935471, "total_adsorption": 0.123767, "species_data": [{"InChIKey": "IJGRMHOSHXDMSA-UHFFFAOYSA-N", "composition": 1, "adsorption": 0.123767}]}, {"pressure": 0.953188, "total_adsorption": 0.123767, "species_data": [{"InChIKey": "IJGRMHOSHXDMSA-UHFFFAOYSA-N", "composition": 1, "adsorption": 0.123767}]}, {"pressure": 0.970905, "total_adsorption": 0.129148, "species_data": [{"InChIKey": "IJGRMHOSHXDMSA-UHFFFAOYSA-N", "composition": 1, "adsorption": 0.129148}]}, {"pressure": 0.99571, "total_adsorption": 0.129148, "species_data": [{"InChIKey": "IJGRMHOSHXDMSA-UHFFFAOYSA-N", "composition": 1, "adsorption": 0.129148}]}, {"pressure": 1.02406, "total_adsorption": 0.134529, "species_data": [{"InChIKey": "IJGRMHOSHXDMSA-UHFFFAOYSA-N", "composition": 1, "adsorption": 0.134529}]}, {"pressure": 1.03469, "total_adsorption": 0.134529, "species_data": [{"InChIKey": "IJGRMHOSHXDMSA-UHFFFAOYSA-N", "composition": 1, "adsorption": 0.134529}]}]}