{"isotherm_data":[{"pressure":0.00463112,"total_adsorption":8.38104,"species_data":[{"composition":1,"adsorption":8.38104,"InChIKey":"QQONPFPTGQHPMA-UHFFFAOYSA-N"}]},{"pressure":0.0325184,"total_adsorption":12.8881,"species_data":[{"composition":1,"adsorption":12.8881,"InChIKey":"QQONPFPTGQHPMA-UHFFFAOYSA-N"}]},{"pressure":0.0789973,"total_adsorption":19.5782,"species_data":[{"composition":1,"adsorption":19.5782,"InChIKey":"QQONPFPTGQHPMA-UHFFFAOYSA-N"}]},{"pressure":0.181251,"total_adsorption":25.9867,"species_data":[{"composition":1,"adsorption":25.9867,"InChIKey":"QQONPFPTGQHPMA-UHFFFAOYSA-N"}]},{"pressure":0.280406,"total_adsorption":29.1557,"species_data":[{"composition":1,"adsorption":29.1557,"InChIKey":"QQONPFPTGQHPMA-UHFFFAOYSA-N"}]},{"pressure":0.407448,"total_adsorption":31.1275,"species_data":[{"composition":1,"adsorption":31.1275,"InChIKey":"QQONPFPTGQHPMA-UHFFFAOYSA-N"}]},{"pressure":0.501955,"total_adsorption":32.1839,"species_data":[{"composition":1,"adsorption":32.1839,"InChIKey":"QQONPFPTGQHPMA-UHFFFAOYSA-N"}]},{"pressure":0.636744,"total_adsorption":33.2402,"species_data":[{"composition":1,"adsorption":33.2402,"InChIKey":"QQONPFPTGQHPMA-UHFFFAOYSA-N"}]},{"pressure":0.740547,"total_adsorption":34.4374,"species_data":[{"composition":1,"adsorption":34.4374,"InChIKey":"QQONPFPTGQHPMA-UHFFFAOYSA-N"}]},{"pressure":0.844349,"total_adsorption":35.1416,"species_data":[{"composition":1,"adsorption":35.1416,"InChIKey":"QQONPFPTGQHPMA-UHFFFAOYSA-N"}]},{"pressure":1.01167,"total_adsorption":36.1275,"species_data":[{"composition":1,"adsorption":36.1275,"InChIKey":"QQONPFPTGQHPMA-UHFFFAOYSA-N"}]}],"temperature":373,"articleSource":"UNKNOWN","compositionType":"molefraction","adsorbates":[{"name":"Propene","InChIKey":"QQONPFPTGQHPMA-UHFFFAOYSA-N"}],"adsorptionUnits":"molecules/unitcell","date":"1000-01-01","category":"","digitizer":"UNKNOWN","pressureUnits":"bar","DOI":"10.1021/Ie0705655","adsorbent":{"name":"Zeolite 13X","hashkey":"NIST-MATDB-b76bbf3e404395a8b5d1b9ec08bf2d8f"},"concentrationUnits":"","filename":"10.1021Ie0705655.isotherm59","isotherm_type":""}