{"filename": "10.1021am403810j.Isotherm7", "DOI": "10.1021/am403810j", "articleSource": "UNKNOWN", "date": "1000-01-01", "digitizer": "UNKNOWN", "adsorbent": {"hashkey": "NIST-MATDB-8864057a3eebf94a436c9b2f89eb5867", "name": "Zeolite 10X-Carbon-C60"}, "adsorbates": [{"InChIKey": "IJGRMHOSHXDMSA-UHFFFAOYSA-N", "name": "Nitrogen"}], "category": "", "temperature": 77, "isotherm_type": "", "adsorptionUnits": "cm3(STP)/g", "pressureUnits": "bar", "compositionType": "molefraction", "concentrationUnits": "", "isotherm_data": [{"pressure": 0.00333127, "total_adsorption": 217.269, "species_data": [{"InChIKey": "IJGRMHOSHXDMSA-UHFFFAOYSA-N", "composition": 1, "adsorption": 217.269}]}, {"pressure": 0.00625419, "total_adsorption": 285.323, "species_data": [{"InChIKey": "IJGRMHOSHXDMSA-UHFFFAOYSA-N", "composition": 1, "adsorption": 285.323}]}, {"pressure": 0.0064118, "total_adsorption": 342.915, "species_data": [{"InChIKey": "IJGRMHOSHXDMSA-UHFFFAOYSA-N", "composition": 1, "adsorption": 342.915}]}, {"pressure": 0.00922009, "total_adsorption": 369.085, "species_data": [{"InChIKey": "IJGRMHOSHXDMSA-UHFFFAOYSA-N", "composition": 1, "adsorption": 369.085}]}, {"pressure": 0.0175375, "total_adsorption": 408.33, "species_data": [{"InChIKey": "IJGRMHOSHXDMSA-UHFFFAOYSA-N", "composition": 1, "adsorption": 408.33}]}, {"pressure": 0.0175805, "total_adsorption": 424.036, "species_data": [{"InChIKey": "IJGRMHOSHXDMSA-UHFFFAOYSA-N", "composition": 1, "adsorption": 424.036}]}, {"pressure": 0.0258693, "total_adsorption": 452.81, "species_data": [{"InChIKey": "IJGRMHOSHXDMSA-UHFFFAOYSA-N", "composition": 1, "adsorption": 452.81}]}, {"pressure": 0.0451118, "total_adsorption": 484.172, "species_data": [{"InChIKey": "IJGRMHOSHXDMSA-UHFFFAOYSA-N", "composition": 1, "adsorption": 484.172}]}, {"pressure": 0.0533863, "total_adsorption": 507.71, "species_data": [{"InChIKey": "IJGRMHOSHXDMSA-UHFFFAOYSA-N", "composition": 1, "adsorption": 507.71}]}, {"pressure": 0.0781022, "total_adsorption": 539.057, "species_data": [{"InChIKey": "IJGRMHOSHXDMSA-UHFFFAOYSA-N", "composition": 1, "adsorption": 539.057}]}, {"pressure": 0.100046, "total_adsorption": 557.322, "species_data": [{"InChIKey": "IJGRMHOSHXDMSA-UHFFFAOYSA-N", "composition": 1, "adsorption": 557.322}]}, {"pressure": 0.130235, "total_adsorption": 588.654, "species_data": [{"InChIKey": "IJGRMHOSHXDMSA-UHFFFAOYSA-N", "composition": 1, "adsorption": 588.654}]}, {"pressure": 0.168598, "total_adsorption": 606.876, "species_data": [{"InChIKey": "IJGRMHOSHXDMSA-UHFFFAOYSA-N", "composition": 1, "adsorption": 606.876}]}, {"pressure": 0.198751, "total_adsorption": 625.119, "species_data": [{"InChIKey": "IJGRMHOSHXDMSA-UHFFFAOYSA-N", "composition": 1, "adsorption": 625.119}]}, {"pressure": 0.253549, "total_adsorption": 648.531, "species_data": [{"InChIKey": "IJGRMHOSHXDMSA-UHFFFAOYSA-N", "composition": 1, "adsorption": 648.531}]}, {"pressure": 0.308332, "total_adsorption": 666.708, "species_data": [{"InChIKey": "IJGRMHOSHXDMSA-UHFFFAOYSA-N", "composition": 1, "adsorption": 666.708}]}, {"pressure": 0.357635, "total_adsorption": 682.282, "species_data": [{"InChIKey": "IJGRMHOSHXDMSA-UHFFFAOYSA-N", "composition": 1, "adsorption": 682.282}]}, {"pressure": 0.390504, "total_adsorption": 692.665, "species_data": [{"InChIKey": "IJGRMHOSHXDMSA-UHFFFAOYSA-N", "composition": 1, "adsorption": 692.665}]}, {"pressure": 0.439799, "total_adsorption": 705.621, "species_data": [{"InChIKey": "IJGRMHOSHXDMSA-UHFFFAOYSA-N", "composition": 1, "adsorption": 705.621}]}, {"pressure": 0.489095, "total_adsorption": 718.577, "species_data": [{"InChIKey": "IJGRMHOSHXDMSA-UHFFFAOYSA-N", "composition": 1, "adsorption": 718.577}]}, {"pressure": 0.538383, "total_adsorption": 728.916, "species_data": [{"InChIKey": "IJGRMHOSHXDMSA-UHFFFAOYSA-N", "composition": 1, "adsorption": 728.916}]}, {"pressure": 0.587672, "total_adsorption": 739.254, "species_data": [{"InChIKey": "IJGRMHOSHXDMSA-UHFFFAOYSA-N", "composition": 1, "adsorption": 739.254}]}, {"pressure": 0.636982, "total_adsorption": 757.446, "species_data": [{"InChIKey": "IJGRMHOSHXDMSA-UHFFFAOYSA-N", "composition": 1, "adsorption": 757.446}]}, {"pressure": 0.686277, "total_adsorption": 770.402, "species_data": [{"InChIKey": "IJGRMHOSHXDMSA-UHFFFAOYSA-N", "composition": 1, "adsorption": 770.402}]}, {"pressure": 0.73558, "total_adsorption": 785.976, "species_data": [{"InChIKey": "IJGRMHOSHXDMSA-UHFFFAOYSA-N", "composition": 1, "adsorption": 785.976}]}, {"pressure": 0.782139, "total_adsorption": 798.94, "species_data": [{"InChIKey": "IJGRMHOSHXDMSA-UHFFFAOYSA-N", "composition": 1, "adsorption": 798.94}]}, {"pressure": 0.834164, "total_adsorption": 809.271, "species_data": [{"InChIKey": "IJGRMHOSHXDMSA-UHFFFAOYSA-N", "composition": 1, "adsorption": 809.271}]}, {"pressure": 0.877994, "total_adsorption": 824.859, "species_data": [{"InChIKey": "IJGRMHOSHXDMSA-UHFFFAOYSA-N", "composition": 1, "adsorption": 824.859}]}, {"pressure": 0.927304, "total_adsorption": 843.051, "species_data": [{"InChIKey": "IJGRMHOSHXDMSA-UHFFFAOYSA-N", "composition": 1, "adsorption": 843.051}]}, {"pressure": 0.971147, "total_adsorption": 863.875, "species_data": [{"InChIKey": "IJGRMHOSHXDMSA-UHFFFAOYSA-N", "composition": 1, "adsorption": 863.875}]}]}