{"filename": "10.1039C3cc41866a.isotherm8", "DOI": "10.1039/C3cc41866a", "articleSource": "UNKNOWN", "date": "1000-01-01", "digitizer": "UNKNOWN", "adsorbent": {"hashkey": "NIST-MATDB-681dd797683ed3ee444efbb992dfb17d", "name": "ZJU-5a"}, "adsorbates": [{"InChIKey": "VNWKTOKETHGBQD-UHFFFAOYSA-N", "name": "Methane"}], "category": "", "temperature": 300, "isotherm_type": "", "adsorptionUnits": "cm3(STP)/cm3", "pressureUnits": "bar", "compositionType": "molefraction", "concentrationUnits": "", "isotherm_data": [{"pressure": 1.81011, "total_adsorption": 5.99265, "species_data": [{"InChIKey": "VNWKTOKETHGBQD-UHFFFAOYSA-N", "composition": 1, "adsorption": 5.99265}]}, {"pressure": 6.85717, "total_adsorption": 67.1691, "species_data": [{"InChIKey": "VNWKTOKETHGBQD-UHFFFAOYSA-N", "composition": 1, "adsorption": 67.1691}]}, {"pressure": 11.7513, "total_adsorption": 103.001, "species_data": [{"InChIKey": "VNWKTOKETHGBQD-UHFFFAOYSA-N", "composition": 1, "adsorption": 103.001}]}, {"pressure": 18.4807, "total_adsorption": 138.833, "species_data": [{"InChIKey": "VNWKTOKETHGBQD-UHFFFAOYSA-N", "composition": 1, "adsorption": 138.833}]}, {"pressure": 23.9866, "total_adsorption": 162.43, "species_data": [{"InChIKey": "VNWKTOKETHGBQD-UHFFFAOYSA-N", "composition": 1, "adsorption": 162.43}]}, {"pressure": 39.1278, "total_adsorption": 193.892, "species_data": [{"InChIKey": "VNWKTOKETHGBQD-UHFFFAOYSA-N", "composition": 1, "adsorption": 193.892}]}, {"pressure": 47.3866, "total_adsorption": 209.623, "species_data": [{"InChIKey": "VNWKTOKETHGBQD-UHFFFAOYSA-N", "composition": 1, "adsorption": 209.623}]}, {"pressure": 57.9395, "total_adsorption": 223.606, "species_data": [{"InChIKey": "VNWKTOKETHGBQD-UHFFFAOYSA-N", "composition": 1, "adsorption": 223.606}]}, {"pressure": 63.9042, "total_adsorption": 225.354, "species_data": [{"InChIKey": "VNWKTOKETHGBQD-UHFFFAOYSA-N", "composition": 1, "adsorption": 225.354}]}]}