{"filename": "10.1002chem.201002818.Isotherm14", "DOI": "10.1002/chem.201002818", "articleSource": "UNKNOWN", "date": "1000-01-01", "digitizer": "UNKNOWN", "adsorbent": {"hashkey": "NIST-MATDB-a913314565a8850d65ecf76b10569999", "name": "[Zn(BDC-OH)-(TED)0.5]"}, "adsorbates": [{"InChIKey": "MYMOFIZGZYHOMD-UHFFFAOYSA-N", "name": "Oxygen"}], "category": "", "temperature": 298, "isotherm_type": "", "adsorptionUnits": "cm3(STP)/g", "pressureUnits": "bar", "compositionType": "molefraction", "concentrationUnits": "", "isotherm_data": [{"pressure": 0.0951408, "total_adsorption": 0.262011, "species_data": [{"InChIKey": "MYMOFIZGZYHOMD-UHFFFAOYSA-N", "composition": 1, "adsorption": 0.262011}]}, {"pressure": 0.204553, "total_adsorption": 0.527396, "species_data": [{"InChIKey": "MYMOFIZGZYHOMD-UHFFFAOYSA-N", "composition": 1, "adsorption": 0.527396}]}, {"pressure": 0.306829, "total_adsorption": 1.03061, "species_data": [{"InChIKey": "MYMOFIZGZYHOMD-UHFFFAOYSA-N", "composition": 1, "adsorption": 1.03061}]}, {"pressure": 0.404349, "total_adsorption": 1.29319, "species_data": [{"InChIKey": "MYMOFIZGZYHOMD-UHFFFAOYSA-N", "composition": 1, "adsorption": 1.29319}]}, {"pressure": 0.506625, "total_adsorption": 1.55689, "species_data": [{"InChIKey": "MYMOFIZGZYHOMD-UHFFFAOYSA-N", "composition": 1, "adsorption": 1.55689}]}, {"pressure": 0.604144, "total_adsorption": 2.05898, "species_data": [{"InChIKey": "MYMOFIZGZYHOMD-UHFFFAOYSA-N", "composition": 1, "adsorption": 2.05898}]}, {"pressure": 0.706421, "total_adsorption": 2.32268, "species_data": [{"InChIKey": "MYMOFIZGZYHOMD-UHFFFAOYSA-N", "composition": 1, "adsorption": 2.32268}]}, {"pressure": 0.811076, "total_adsorption": 2.58694, "species_data": [{"InChIKey": "MYMOFIZGZYHOMD-UHFFFAOYSA-N", "composition": 1, "adsorption": 2.58694}]}, {"pressure": 0.908595, "total_adsorption": 2.84951, "species_data": [{"InChIKey": "MYMOFIZGZYHOMD-UHFFFAOYSA-N", "composition": 1, "adsorption": 2.84951}]}, {"pressure": 1.00849, "total_adsorption": 3.11265, "species_data": [{"InChIKey": "MYMOFIZGZYHOMD-UHFFFAOYSA-N", "composition": 1, "adsorption": 3.11265}]}]}