{"filename": "10.1016j.micromeso.2012.01.008.Isotherm19", "DOI": "10.1016/j.micromeso.2012.01.008", "articleSource": "UNKNOWN", "date": "1000-01-01", "digitizer": "UNKNOWN", "adsorbent": {"hashkey": "NIST-MATDB-7208d91e4112275967c2b765718ce7ed", "name": "[Cu(dhbc)2(bpy)]H2O]"}, "adsorbates": [{"InChIKey": "IJGRMHOSHXDMSA-UHFFFAOYSA-N", "name": "Nitrogen"}], "category": "", "temperature": 77, "isotherm_type": "", "adsorptionUnits": "cm3(STP)/g", "pressureUnits": "bar", "compositionType": "molefraction", "concentrationUnits": "", "isotherm_data": [{"pressure": 0.00997506, "total_adsorption": 9.24658, "species_data": [{"InChIKey": "IJGRMHOSHXDMSA-UHFFFAOYSA-N", "composition": 1, "adsorption": 9.24658}]}, {"pressure": 0.0299252, "total_adsorption": 36.9863, "species_data": [{"InChIKey": "IJGRMHOSHXDMSA-UHFFFAOYSA-N", "composition": 1, "adsorption": 36.9863}]}, {"pressure": 0.0498753, "total_adsorption": 61.6438, "species_data": [{"InChIKey": "IJGRMHOSHXDMSA-UHFFFAOYSA-N", "composition": 1, "adsorption": 61.6438}]}, {"pressure": 0.104738, "total_adsorption": 73.9726, "species_data": [{"InChIKey": "IJGRMHOSHXDMSA-UHFFFAOYSA-N", "composition": 1, "adsorption": 73.9726}]}, {"pressure": 0.15212, "total_adsorption": 81.1644, "species_data": [{"InChIKey": "IJGRMHOSHXDMSA-UHFFFAOYSA-N", "composition": 1, "adsorption": 81.1644}]}, {"pressure": 0.199501, "total_adsorption": 87.3288, "species_data": [{"InChIKey": "IJGRMHOSHXDMSA-UHFFFAOYSA-N", "composition": 1, "adsorption": 87.3288}]}, {"pressure": 0.256858, "total_adsorption": 91.4384, "species_data": [{"InChIKey": "IJGRMHOSHXDMSA-UHFFFAOYSA-N", "composition": 1, "adsorption": 91.4384}]}, {"pressure": 0.299252, "total_adsorption": 94.5205, "species_data": [{"InChIKey": "IJGRMHOSHXDMSA-UHFFFAOYSA-N", "composition": 1, "adsorption": 94.5205}]}, {"pressure": 0.354115, "total_adsorption": 96.5753, "species_data": [{"InChIKey": "IJGRMHOSHXDMSA-UHFFFAOYSA-N", "composition": 1, "adsorption": 96.5753}]}, {"pressure": 0.40399, "total_adsorption": 96.5753, "species_data": [{"InChIKey": "IJGRMHOSHXDMSA-UHFFFAOYSA-N", "composition": 1, "adsorption": 96.5753}]}, {"pressure": 0.448878, "total_adsorption": 97.6027, "species_data": [{"InChIKey": "IJGRMHOSHXDMSA-UHFFFAOYSA-N", "composition": 1, "adsorption": 97.6027}]}, {"pressure": 0.496259, "total_adsorption": 98.6301, "species_data": [{"InChIKey": "IJGRMHOSHXDMSA-UHFFFAOYSA-N", "composition": 1, "adsorption": 98.6301}]}, {"pressure": 0.548628, "total_adsorption": 100.685, "species_data": [{"InChIKey": "IJGRMHOSHXDMSA-UHFFFAOYSA-N", "composition": 1, "adsorption": 100.685}]}, {"pressure": 0.583541, "total_adsorption": 101.712, "species_data": [{"InChIKey": "IJGRMHOSHXDMSA-UHFFFAOYSA-N", "composition": 1, "adsorption": 101.712}]}, {"pressure": 0.643392, "total_adsorption": 101.712, "species_data": [{"InChIKey": "IJGRMHOSHXDMSA-UHFFFAOYSA-N", "composition": 1, "adsorption": 101.712}]}, {"pressure": 0.695761, "total_adsorption": 103.767, "species_data": [{"InChIKey": "IJGRMHOSHXDMSA-UHFFFAOYSA-N", "composition": 1, "adsorption": 103.767}]}, {"pressure": 0.755611, "total_adsorption": 102.74, "species_data": [{"InChIKey": "IJGRMHOSHXDMSA-UHFFFAOYSA-N", "composition": 1, "adsorption": 102.74}]}, {"pressure": 0.850374, "total_adsorption": 105.822, "species_data": [{"InChIKey": "IJGRMHOSHXDMSA-UHFFFAOYSA-N", "composition": 1, "adsorption": 105.822}]}, {"pressure": 0.932668, "total_adsorption": 107.877, "species_data": [{"InChIKey": "IJGRMHOSHXDMSA-UHFFFAOYSA-N", "composition": 1, "adsorption": 107.877}]}, {"pressure": 0.997506, "total_adsorption": 109.932, "species_data": [{"InChIKey": "IJGRMHOSHXDMSA-UHFFFAOYSA-N", "composition": 1, "adsorption": 109.932}]}]}