{"isotherm_data":[{"pressure":7.10543e-15,"total_adsorption":0,"species_data":[{"composition":1,"adsorption":0,"InChIKey":"VNWKTOKETHGBQD-UHFFFAOYSA-N"}]},{"pressure":4.06818,"total_adsorption":41.25,"species_data":[{"composition":1,"adsorption":41.25,"InChIKey":"VNWKTOKETHGBQD-UHFFFAOYSA-N"}]},{"pressure":8.53788,"total_adsorption":78.75,"species_data":[{"composition":1,"adsorption":78.75,"InChIKey":"VNWKTOKETHGBQD-UHFFFAOYSA-N"}]},{"pressure":13.4116,"total_adsorption":116.25,"species_data":[{"composition":1,"adsorption":116.25,"InChIKey":"VNWKTOKETHGBQD-UHFFFAOYSA-N"}]},{"pressure":17.8763,"total_adsorption":146.25,"species_data":[{"composition":1,"adsorption":146.25,"InChIKey":"VNWKTOKETHGBQD-UHFFFAOYSA-N"}]},{"pressure":22.7475,"total_adsorption":180,"species_data":[{"composition":1,"adsorption":180,"InChIKey":"VNWKTOKETHGBQD-UHFFFAOYSA-N"}]},{"pressure":27.2071,"total_adsorption":202.5,"species_data":[{"composition":1,"adsorption":202.5,"InChIKey":"VNWKTOKETHGBQD-UHFFFAOYSA-N"}]},{"pressure":32.0758,"total_adsorption":232.5,"species_data":[{"composition":1,"adsorption":232.5,"InChIKey":"VNWKTOKETHGBQD-UHFFFAOYSA-N"}]},{"pressure":36.9394,"total_adsorption":255,"species_data":[{"composition":1,"adsorption":255,"InChIKey":"VNWKTOKETHGBQD-UHFFFAOYSA-N"}]},{"pressure":41.8005,"total_adsorption":273.75,"species_data":[{"composition":1,"adsorption":273.75,"InChIKey":"VNWKTOKETHGBQD-UHFFFAOYSA-N"}]},{"pressure":47.0657,"total_adsorption":292.5,"species_data":[{"composition":1,"adsorption":292.5,"InChIKey":"VNWKTOKETHGBQD-UHFFFAOYSA-N"}]},{"pressure":51.9268,"total_adsorption":311.25,"species_data":[{"composition":1,"adsorption":311.25,"InChIKey":"VNWKTOKETHGBQD-UHFFFAOYSA-N"}]},{"pressure":56.7854,"total_adsorption":326.25,"species_data":[{"composition":1,"adsorption":326.25,"InChIKey":"VNWKTOKETHGBQD-UHFFFAOYSA-N"}]},{"pressure":61.6439,"total_adsorption":341.25,"species_data":[{"composition":1,"adsorption":341.25,"InChIKey":"VNWKTOKETHGBQD-UHFFFAOYSA-N"}]},{"pressure":66.9066,"total_adsorption":356.25,"species_data":[{"composition":1,"adsorption":356.25,"InChIKey":"VNWKTOKETHGBQD-UHFFFAOYSA-N"}]},{"pressure":71.7626,"total_adsorption":367.5,"species_data":[{"composition":1,"adsorption":367.5,"InChIKey":"VNWKTOKETHGBQD-UHFFFAOYSA-N"}]},{"pressure":75.0051,"total_adsorption":382.5,"species_data":[{"composition":1,"adsorption":382.5,"InChIKey":"VNWKTOKETHGBQD-UHFFFAOYSA-N"}]},{"pressure":78.2374,"total_adsorption":382.5,"species_data":[{"composition":1,"adsorption":382.5,"InChIKey":"VNWKTOKETHGBQD-UHFFFAOYSA-N"}]},{"pressure":81.4747,"total_adsorption":390,"species_data":[{"composition":1,"adsorption":390,"InChIKey":"VNWKTOKETHGBQD-UHFFFAOYSA-N"}]}],"temperature":298,"articleSource":"UNKNOWN","compositionType":"molefraction","adsorbates":[{"name":"Methane","InChIKey":"VNWKTOKETHGBQD-UHFFFAOYSA-N"}],"adsorptionUnits":"cm3(STP)/g","date":"1000-01-01","category":"","digitizer":"UNKNOWN","pressureUnits":"bar","DOI":"10.1039/C4dt02300e","adsorbent":{"name":"MOF-205-OBn","hashkey":"NIST-MATDB-c37eba54e85c5feb4bb0c694afb281f2"},"concentrationUnits":"","filename":"10.1039C4dt02300e.Isotherm27","isotherm_type":""}