{"isotherm_data":[{"pressure":0.0500748,"total_adsorption":2.51653,"species_data":[{"composition":1,"adsorption":2.51653,"InChIKey":"KFZMGEQAYNKOFK-UHFFFAOYSA-N"}]},{"pressure":0.0970408,"total_adsorption":3.03006,"species_data":[{"composition":1,"adsorption":3.03006,"InChIKey":"KFZMGEQAYNKOFK-UHFFFAOYSA-N"}]},{"pressure":0.158724,"total_adsorption":4.16535,"species_data":[{"composition":1,"adsorption":4.16535,"InChIKey":"KFZMGEQAYNKOFK-UHFFFAOYSA-N"}]},{"pressure":0.202818,"total_adsorption":5.35967,"species_data":[{"composition":1,"adsorption":5.35967,"InChIKey":"KFZMGEQAYNKOFK-UHFFFAOYSA-N"}]},{"pressure":0.249725,"total_adsorption":5.20227,"species_data":[{"composition":1,"adsorption":5.20227,"InChIKey":"KFZMGEQAYNKOFK-UHFFFAOYSA-N"}]},{"pressure":0.296632,"total_adsorption":5.04486,"species_data":[{"composition":1,"adsorption":5.04486,"InChIKey":"KFZMGEQAYNKOFK-UHFFFAOYSA-N"}]},{"pressure":0.355324,"total_adsorption":5.51905,"species_data":[{"composition":1,"adsorption":5.51905,"InChIKey":"KFZMGEQAYNKOFK-UHFFFAOYSA-N"}]},{"pressure":0.40229,"total_adsorption":6.03258,"species_data":[{"composition":1,"adsorption":6.03258,"InChIKey":"KFZMGEQAYNKOFK-UHFFFAOYSA-N"}]},{"pressure":0.45207,"total_adsorption":5.1944,"species_data":[{"composition":1,"adsorption":5.1944,"InChIKey":"KFZMGEQAYNKOFK-UHFFFAOYSA-N"}]},{"pressure":0.501968,"total_adsorption":5.6981,"species_data":[{"composition":1,"adsorption":5.6981,"InChIKey":"KFZMGEQAYNKOFK-UHFFFAOYSA-N"}]},{"pressure":0.554797,"total_adsorption":6.19196,"species_data":[{"composition":1,"adsorption":6.19196,"InChIKey":"KFZMGEQAYNKOFK-UHFFFAOYSA-N"}]},{"pressure":0.607685,"total_adsorption":7.35676,"species_data":[{"composition":1,"adsorption":7.35676,"InChIKey":"KFZMGEQAYNKOFK-UHFFFAOYSA-N"}]},{"pressure":0.654474,"total_adsorption":5.85747,"species_data":[{"composition":1,"adsorption":5.85747,"InChIKey":"KFZMGEQAYNKOFK-UHFFFAOYSA-N"}]},{"pressure":0.698509,"total_adsorption":6.38084,"species_data":[{"composition":1,"adsorption":6.38084,"InChIKey":"KFZMGEQAYNKOFK-UHFFFAOYSA-N"}]},{"pressure":0.75427,"total_adsorption":6.86487,"species_data":[{"composition":1,"adsorption":6.86487,"InChIKey":"KFZMGEQAYNKOFK-UHFFFAOYSA-N"}]},{"pressure":0.806981,"total_adsorption":6.01684,"species_data":[{"composition":1,"adsorption":6.01684,"InChIKey":"KFZMGEQAYNKOFK-UHFFFAOYSA-N"}]},{"pressure":0.851015,"total_adsorption":6.54022,"species_data":[{"composition":1,"adsorption":6.54022,"InChIKey":"KFZMGEQAYNKOFK-UHFFFAOYSA-N"}]},{"pressure":0.906717,"total_adsorption":6.3533,"species_data":[{"composition":1,"adsorption":6.3533,"InChIKey":"KFZMGEQAYNKOFK-UHFFFAOYSA-N"}]},{"pressure":0.939084,"total_adsorption":7.58697,"species_data":[{"composition":1,"adsorption":7.58697,"InChIKey":"KFZMGEQAYNKOFK-UHFFFAOYSA-N"}]}],"temperature":298,"articleSource":"UNKNOWN","compositionType":"molefraction","adsorbates":[{"name":"2-Propanol","InChIKey":"KFZMGEQAYNKOFK-UHFFFAOYSA-N"}],"adsorptionUnits":"cm3(STP)/g","date":"1000-01-01","category":"","digitizer":"UNKNOWN","pressureUnits":"bar","DOI":"10.1039/C4dt00230j","adsorbent":{"name":"Cd (II)-MOF [Cd(L)(DMF)]","hashkey":"NIST-MATDB-2df53cb5b49803b76e21603aaac024e5"},"concentrationUnits":"","filename":"10.1039C4dt00230j.Isotherm14","isotherm_type":""}