{"filename": "10.1016j.theochem.2009.01.010.Isotherm5", "DOI": "10.1016/j.theochem.2009.01.010", "articleSource": "UNKNOWN", "date": "1000-01-01", "digitizer": "UNKNOWN", "adsorbent": {"hashkey": "NIST-MATDB-367c1fc33062b7f842fdf3a5071148d9", "name": "Zeolite FAU"}, "adsorbates": [{"InChIKey": "IJGRMHOSHXDMSA-UHFFFAOYSA-N", "name": "Nitrogen"}], "category": "", "temperature": 298, "isotherm_type": "", "adsorptionUnits": "mmol/g", "pressureUnits": "bar", "compositionType": "molefraction", "concentrationUnits": "", "isotherm_data": [{"pressure": 1.12266, "total_adsorption": 0.0463918, "species_data": [{"InChIKey": "IJGRMHOSHXDMSA-UHFFFAOYSA-N", "composition": 1, "adsorption": 0.0463918}]}, {"pressure": 2.99376, "total_adsorption": 0.108247, "species_data": [{"InChIKey": "IJGRMHOSHXDMSA-UHFFFAOYSA-N", "composition": 1, "adsorption": 0.108247}]}, {"pressure": 5.11435, "total_adsorption": 0.185567, "species_data": [{"InChIKey": "IJGRMHOSHXDMSA-UHFFFAOYSA-N", "composition": 1, "adsorption": 0.185567}]}, {"pressure": 7.85863, "total_adsorption": 0.278351, "species_data": [{"InChIKey": "IJGRMHOSHXDMSA-UHFFFAOYSA-N", "composition": 1, "adsorption": 0.278351}]}, {"pressure": 9.97921, "total_adsorption": 0.340206, "species_data": [{"InChIKey": "IJGRMHOSHXDMSA-UHFFFAOYSA-N", "composition": 1, "adsorption": 0.340206}]}, {"pressure": 12.7235, "total_adsorption": 0.43299, "species_data": [{"InChIKey": "IJGRMHOSHXDMSA-UHFFFAOYSA-N", "composition": 1, "adsorption": 0.43299}]}, {"pressure": 15.2183, "total_adsorption": 0.525773, "species_data": [{"InChIKey": "IJGRMHOSHXDMSA-UHFFFAOYSA-N", "composition": 1, "adsorption": 0.525773}]}, {"pressure": 17.7131, "total_adsorption": 0.572165, "species_data": [{"InChIKey": "IJGRMHOSHXDMSA-UHFFFAOYSA-N", "composition": 1, "adsorption": 0.572165}]}, {"pressure": 20.0832, "total_adsorption": 0.664948, "species_data": [{"InChIKey": "IJGRMHOSHXDMSA-UHFFFAOYSA-N", "composition": 1, "adsorption": 0.664948}]}, {"pressure": 22.2037, "total_adsorption": 0.726804, "species_data": [{"InChIKey": "IJGRMHOSHXDMSA-UHFFFAOYSA-N", "composition": 1, "adsorption": 0.726804}]}, {"pressure": 24.948, "total_adsorption": 0.804124, "species_data": [{"InChIKey": "IJGRMHOSHXDMSA-UHFFFAOYSA-N", "composition": 1, "adsorption": 0.804124}]}, {"pressure": 27.5676, "total_adsorption": 0.881443, "species_data": [{"InChIKey": "IJGRMHOSHXDMSA-UHFFFAOYSA-N", "composition": 1, "adsorption": 0.881443}]}, {"pressure": 30.0624, "total_adsorption": 0.958763, "species_data": [{"InChIKey": "IJGRMHOSHXDMSA-UHFFFAOYSA-N", "composition": 1, "adsorption": 0.958763}]}, {"pressure": 32.6819, "total_adsorption": 1.00515, "species_data": [{"InChIKey": "IJGRMHOSHXDMSA-UHFFFAOYSA-N", "composition": 1, "adsorption": 1.00515}]}, {"pressure": 35.052, "total_adsorption": 1.08247, "species_data": [{"InChIKey": "IJGRMHOSHXDMSA-UHFFFAOYSA-N", "composition": 1, "adsorption": 1.08247}]}, {"pressure": 37.6715, "total_adsorption": 1.14433, "species_data": [{"InChIKey": "IJGRMHOSHXDMSA-UHFFFAOYSA-N", "composition": 1, "adsorption": 1.14433}]}, {"pressure": 40.1663, "total_adsorption": 1.20619, "species_data": [{"InChIKey": "IJGRMHOSHXDMSA-UHFFFAOYSA-N", "composition": 1, "adsorption": 1.20619}]}, {"pressure": 42.7859, "total_adsorption": 1.26804, "species_data": [{"InChIKey": "IJGRMHOSHXDMSA-UHFFFAOYSA-N", "composition": 1, "adsorption": 1.26804}]}, {"pressure": 45.0312, "total_adsorption": 1.31443, "species_data": [{"InChIKey": "IJGRMHOSHXDMSA-UHFFFAOYSA-N", "composition": 1, "adsorption": 1.31443}]}, {"pressure": 47.6507, "total_adsorption": 1.36082, "species_data": [{"InChIKey": "IJGRMHOSHXDMSA-UHFFFAOYSA-N", "composition": 1, "adsorption": 1.36082}]}, {"pressure": 50.0208, "total_adsorption": 1.42268, "species_data": [{"InChIKey": "IJGRMHOSHXDMSA-UHFFFAOYSA-N", "composition": 1, "adsorption": 1.42268}]}]}