{"filename": "10.1016j.seppur.2011.09.041.isotherm10", "DOI": "10.1016/j.seppur.2011.09.041", "articleSource": "UNKNOWN", "date": "1000-01-01", "digitizer": "UNKNOWN", "adsorbent": {"hashkey": "NIST-MATDB-df647d61b00b35b8b88ae26030802346", "name": "Zn-DABCO"}, "adsorbates": [{"InChIKey": "IJGRMHOSHXDMSA-UHFFFAOYSA-N", "name": "Nitrogen"}], "category": "", "temperature": 294, "isotherm_type": "", "adsorptionUnits": "mmol/g", "pressureUnits": "bar", "compositionType": "molefraction", "concentrationUnits": "", "isotherm_data": [{"pressure": 0.464331, "total_adsorption": 0.0902018, "species_data": [{"InChIKey": "IJGRMHOSHXDMSA-UHFFFAOYSA-N", "composition": 1, "adsorption": 0.0902018}]}, {"pressure": 1.05588, "total_adsorption": 0.19161, "species_data": [{"InChIKey": "IJGRMHOSHXDMSA-UHFFFAOYSA-N", "composition": 1, "adsorption": 0.19161}]}, {"pressure": 1.56292, "total_adsorption": 0.30992, "species_data": [{"InChIKey": "IJGRMHOSHXDMSA-UHFFFAOYSA-N", "composition": 1, "adsorption": 0.30992}]}, {"pressure": 2.61926, "total_adsorption": 0.501469, "species_data": [{"InChIKey": "IJGRMHOSHXDMSA-UHFFFAOYSA-N", "composition": 1, "adsorption": 0.501469}]}, {"pressure": 4.64743, "total_adsorption": 0.862033, "species_data": [{"InChIKey": "IJGRMHOSHXDMSA-UHFFFAOYSA-N", "composition": 1, "adsorption": 0.862033}]}, {"pressure": 7.9432, "total_adsorption": 1.41978, "species_data": [{"InChIKey": "IJGRMHOSHXDMSA-UHFFFAOYSA-N", "composition": 1, "adsorption": 1.41978}]}, {"pressure": 13.2671, "total_adsorption": 2.19161, "species_data": [{"InChIKey": "IJGRMHOSHXDMSA-UHFFFAOYSA-N", "composition": 1, "adsorption": 2.19161}]}, {"pressure": 18.6756, "total_adsorption": 2.86203, "species_data": [{"InChIKey": "IJGRMHOSHXDMSA-UHFFFAOYSA-N", "composition": 1, "adsorption": 2.86203}]}, {"pressure": 25.7319, "total_adsorption": 3.61696, "species_data": [{"InChIKey": "IJGRMHOSHXDMSA-UHFFFAOYSA-N", "composition": 1, "adsorption": 3.61696}]}]}