{"isotherm_data":[{"pressure":6.11703,"total_adsorption":0.0657701,"species_data":[{"composition":1,"adsorption":0.0657701,"InChIKey":"UFHFLCQGNIYNRP-UHFFFAOYSA-N"}]},{"pressure":11.021,"total_adsorption":0.111113,"species_data":[{"composition":1,"adsorption":0.111113,"InChIKey":"UFHFLCQGNIYNRP-UHFFFAOYSA-N"}]},{"pressure":22.0235,"total_adsorption":0.199499,"species_data":[{"composition":1,"adsorption":0.199499,"InChIKey":"UFHFLCQGNIYNRP-UHFFFAOYSA-N"}]},{"pressure":32.5099,"total_adsorption":0.276534,"species_data":[{"composition":1,"adsorption":0.276534,"InChIKey":"UFHFLCQGNIYNRP-UHFFFAOYSA-N"}]},{"pressure":43.8074,"total_adsorption":0.35355,"species_data":[{"composition":1,"adsorption":0.35355,"InChIKey":"UFHFLCQGNIYNRP-UHFFFAOYSA-N"}]},{"pressure":54.2274,"total_adsorption":0.423768,"species_data":[{"composition":1,"adsorption":0.423768,"InChIKey":"UFHFLCQGNIYNRP-UHFFFAOYSA-N"}]},{"pressure":65.075,"total_adsorption":0.496248,"species_data":[{"composition":1,"adsorption":0.496248,"InChIKey":"UFHFLCQGNIYNRP-UHFFFAOYSA-N"}]},{"pressure":75.248,"total_adsorption":0.561926,"species_data":[{"composition":1,"adsorption":0.561926,"InChIKey":"UFHFLCQGNIYNRP-UHFFFAOYSA-N"}]},{"pressure":86.0072,"total_adsorption":0.625318,"species_data":[{"composition":1,"adsorption":0.625318,"InChIKey":"UFHFLCQGNIYNRP-UHFFFAOYSA-N"}]},{"pressure":96.5414,"total_adsorption":0.686442,"species_data":[{"composition":1,"adsorption":0.686442,"InChIKey":"UFHFLCQGNIYNRP-UHFFFAOYSA-N"}]},{"pressure":106.965,"total_adsorption":0.736205,"species_data":[{"composition":1,"adsorption":0.736205,"InChIKey":"UFHFLCQGNIYNRP-UHFFFAOYSA-N"}]}],"temperature":300,"articleSource":"UNKNOWN","compositionType":"molefraction","adsorbates":[{"name":"Hydrogen","InChIKey":"UFHFLCQGNIYNRP-UHFFFAOYSA-N"}],"adsorptionUnits":"wt%","date":"1000-01-01","category":"","digitizer":"UNKNOWN","pressureUnits":"bar","DOI":"10.1021/Jp103785u","adsorbent":{"name":"ZIF-79","hashkey":"NIST-MATDB-89e81937227ff55fd71de86adb493b79"},"concentrationUnits":"","filename":"10.1021Jp103785u.isotherm4e","isotherm_type":""}