{"filename": "10.1039C000931h.Isotherm4", "DOI": "10.1039/C000931h", "articleSource": "UNKNOWN", "date": "1000-01-01", "digitizer": "UNKNOWN", "adsorbent": {"hashkey": "NIST-MATDB-5d0728ebc1e0053aa120288307a704c8", "name": "Silicalite MFI"}, "adsorbates": [{"InChIKey": "XLYOFNOQVPJJNP-UHFFFAOYSA-N", "name": "Water"}], "category": "", "temperature": 298, "isotherm_type": "", "adsorptionUnits": "cm3(STP)/g", "pressureUnits": "bar", "compositionType": "molefraction", "concentrationUnits": "", "isotherm_data": [{"pressure": 322.636, "total_adsorption": 0.00122867, "species_data": [{"InChIKey": "XLYOFNOQVPJJNP-UHFFFAOYSA-N", "composition": 1, "adsorption": 0.00122867}]}, {"pressure": 564.7, "total_adsorption": 0.00409556, "species_data": [{"InChIKey": "XLYOFNOQVPJJNP-UHFFFAOYSA-N", "composition": 1, "adsorption": 0.00409556}]}, {"pressure": 720.76, "total_adsorption": 0.00737201, "species_data": [{"InChIKey": "XLYOFNOQVPJJNP-UHFFFAOYSA-N", "composition": 1, "adsorption": 0.00737201}]}, {"pressure": 801.552, "total_adsorption": 0.0106485, "species_data": [{"InChIKey": "XLYOFNOQVPJJNP-UHFFFAOYSA-N", "composition": 1, "adsorption": 0.0106485}]}, {"pressure": 844.783, "total_adsorption": 0.0155631, "species_data": [{"InChIKey": "XLYOFNOQVPJJNP-UHFFFAOYSA-N", "composition": 1, "adsorption": 0.0155631}]}, {"pressure": 888.638, "total_adsorption": 0.0344027, "species_data": [{"InChIKey": "XLYOFNOQVPJJNP-UHFFFAOYSA-N", "composition": 1, "adsorption": 0.0344027}]}, {"pressure": 894.62, "total_adsorption": 0.0479181, "species_data": [{"InChIKey": "XLYOFNOQVPJJNP-UHFFFAOYSA-N", "composition": 1, "adsorption": 0.0479181}]}, {"pressure": 900.877, "total_adsorption": 0.0675768, "species_data": [{"InChIKey": "XLYOFNOQVPJJNP-UHFFFAOYSA-N", "composition": 1, "adsorption": 0.0675768}]}, {"pressure": 912.327, "total_adsorption": 0.0831399, "species_data": [{"InChIKey": "XLYOFNOQVPJJNP-UHFFFAOYSA-N", "composition": 1, "adsorption": 0.0831399}]}, {"pressure": 993.486, "total_adsorption": 0.0946075, "species_data": [{"InChIKey": "XLYOFNOQVPJJNP-UHFFFAOYSA-N", "composition": 1, "adsorption": 0.0946075}]}, {"pressure": 1117.27, "total_adsorption": 0.0974744, "species_data": [{"InChIKey": "XLYOFNOQVPJJNP-UHFFFAOYSA-N", "composition": 1, "adsorption": 0.0974744}]}, {"pressure": 1294.76, "total_adsorption": 0.0991126, "species_data": [{"InChIKey": "XLYOFNOQVPJJNP-UHFFFAOYSA-N", "composition": 1, "adsorption": 0.0991126}]}, {"pressure": 1542.22, "total_adsorption": 0.102389, "species_data": [{"InChIKey": "XLYOFNOQVPJJNP-UHFFFAOYSA-N", "composition": 1, "adsorption": 0.102389}]}, {"pressure": 1827.33, "total_adsorption": 0.106075, "species_data": [{"InChIKey": "XLYOFNOQVPJJNP-UHFFFAOYSA-N", "composition": 1, "adsorption": 0.106075}]}]}