{"filename": "10.1039C2cp23839j.Isotherm83", "DOI": "10.1039/C2cp23839j", "articleSource": "UNKNOWN", "date": "1000-01-01", "digitizer": "UNKNOWN", "adsorbent": {"hashkey": "NIST-MATDB-b425ac967ceb23a458c5e6f13f9dee6b", "name": "UiO-66-NH2"}, "adsorbates": [{"InChIKey": "VNWKTOKETHGBQD-UHFFFAOYSA-N", "name": "Methane"}], "category": "", "temperature": 298, "isotherm_type": "", "adsorptionUnits": "mmol/g", "pressureUnits": "bar", "compositionType": "molefraction", "concentrationUnits": "", "isotherm_data": [{"pressure": 0.144526, "total_adsorption": 0.12668, "species_data": [{"InChIKey": "VNWKTOKETHGBQD-UHFFFAOYSA-N", "composition": 1, "adsorption": 0.12668}]}, {"pressure": 0.19422, "total_adsorption": 0.174939, "species_data": [{"InChIKey": "VNWKTOKETHGBQD-UHFFFAOYSA-N", "composition": 1, "adsorption": 0.174939}]}, {"pressure": 0.248329, "total_adsorption": 0.193036, "species_data": [{"InChIKey": "VNWKTOKETHGBQD-UHFFFAOYSA-N", "composition": 1, "adsorption": 0.193036}]}, {"pressure": 0.297988, "total_adsorption": 0.22923, "species_data": [{"InChIKey": "VNWKTOKETHGBQD-UHFFFAOYSA-N", "composition": 1, "adsorption": 0.22923}]}, {"pressure": 0.352169, "total_adsorption": 0.271457, "species_data": [{"InChIKey": "VNWKTOKETHGBQD-UHFFFAOYSA-N", "composition": 1, "adsorption": 0.271457}]}, {"pressure": 0.397305, "total_adsorption": 0.301619, "species_data": [{"InChIKey": "VNWKTOKETHGBQD-UHFFFAOYSA-N", "composition": 1, "adsorption": 0.301619}]}, {"pressure": 0.451468, "total_adsorption": 0.337813, "species_data": [{"InChIKey": "VNWKTOKETHGBQD-UHFFFAOYSA-N", "composition": 1, "adsorption": 0.337813}]}, {"pressure": 0.50109, "total_adsorption": 0.361943, "species_data": [{"InChIKey": "VNWKTOKETHGBQD-UHFFFAOYSA-N", "composition": 1, "adsorption": 0.361943}]}, {"pressure": 0.550748, "total_adsorption": 0.398137, "species_data": [{"InChIKey": "VNWKTOKETHGBQD-UHFFFAOYSA-N", "composition": 1, "adsorption": 0.398137}]}, {"pressure": 0.604893, "total_adsorption": 0.428299, "species_data": [{"InChIKey": "VNWKTOKETHGBQD-UHFFFAOYSA-N", "composition": 1, "adsorption": 0.428299}]}, {"pressure": 0.645488, "total_adsorption": 0.446396, "species_data": [{"InChIKey": "VNWKTOKETHGBQD-UHFFFAOYSA-N", "composition": 1, "adsorption": 0.446396}]}, {"pressure": 0.699633, "total_adsorption": 0.476558, "species_data": [{"InChIKey": "VNWKTOKETHGBQD-UHFFFAOYSA-N", "composition": 1, "adsorption": 0.476558}]}, {"pressure": 0.749273, "total_adsorption": 0.50672, "species_data": [{"InChIKey": "VNWKTOKETHGBQD-UHFFFAOYSA-N", "composition": 1, "adsorption": 0.50672}]}, {"pressure": 0.803418, "total_adsorption": 0.536882, "species_data": [{"InChIKey": "VNWKTOKETHGBQD-UHFFFAOYSA-N", "composition": 1, "adsorption": 0.536882}]}, {"pressure": 0.853041, "total_adsorption": 0.561011, "species_data": [{"InChIKey": "VNWKTOKETHGBQD-UHFFFAOYSA-N", "composition": 1, "adsorption": 0.561011}]}, {"pressure": 0.902663, "total_adsorption": 0.585141, "species_data": [{"InChIKey": "VNWKTOKETHGBQD-UHFFFAOYSA-N", "composition": 1, "adsorption": 0.585141}]}, {"pressure": 0.94778, "total_adsorption": 0.60927, "species_data": [{"InChIKey": "VNWKTOKETHGBQD-UHFFFAOYSA-N", "composition": 1, "adsorption": 0.60927}]}, {"pressure": 0.997421, "total_adsorption": 0.639432, "species_data": [{"InChIKey": "VNWKTOKETHGBQD-UHFFFAOYSA-N", "composition": 1, "adsorption": 0.639432}]}]}