{"isotherm_data":[{"pressure":0.250468,"total_adsorption":2.82972,"species_data":[{"composition":1,"adsorption":2.82972,"InChIKey":"CURLTUGMZLYLDI-UHFFFAOYSA-N"}]},{"pressure":0.493981,"total_adsorption":3.11813,"species_data":[{"composition":1,"adsorption":3.11813,"InChIKey":"CURLTUGMZLYLDI-UHFFFAOYSA-N"}]},{"pressure":1.06659,"total_adsorption":3.40653,"species_data":[{"composition":1,"adsorption":3.40653,"InChIKey":"CURLTUGMZLYLDI-UHFFFAOYSA-N"}]},{"pressure":2.04101,"total_adsorption":3.60317,"species_data":[{"composition":1,"adsorption":3.60317,"InChIKey":"CURLTUGMZLYLDI-UHFFFAOYSA-N"}]},{"pressure":5.04803,"total_adsorption":3.82602,"species_data":[{"composition":1,"adsorption":3.82602,"InChIKey":"CURLTUGMZLYLDI-UHFFFAOYSA-N"}]},{"pressure":11.4044,"total_adsorption":3.97023,"species_data":[{"composition":1,"adsorption":3.97023,"InChIKey":"CURLTUGMZLYLDI-UHFFFAOYSA-N"}]},{"pressure":21.4964,"total_adsorption":4.08821,"species_data":[{"composition":1,"adsorption":4.08821,"InChIKey":"CURLTUGMZLYLDI-UHFFFAOYSA-N"}]},{"pressure":42.3959,"total_adsorption":4.06199,"species_data":[{"composition":1,"adsorption":4.06199,"InChIKey":"CURLTUGMZLYLDI-UHFFFAOYSA-N"}]}],"temperature":303,"articleSource":"UNKNOWN","compositionType":"molefraction","adsorbates":[{"name":"Carbon Dioxide","InChIKey":"CURLTUGMZLYLDI-UHFFFAOYSA-N"}],"adsorptionUnits":"mmol/g","date":"1000-01-01","category":"","digitizer":"UNKNOWN","pressureUnits":"bar","DOI":"10.1021/La400352r","adsorbent":{"name":"Zeolite LS-Li-KFI","hashkey":"NIST-MATDB-79fdbf540a89212363d769c81e10caee"},"concentrationUnits":"","filename":"10.1021La400352r.isotherm10","isotherm_type":""}