{"isotherm_data":[{"pressure":0.0683527,"total_adsorption":0.575942,"species_data":[{"composition":1,"adsorption":0.575942,"InChIKey":"IJGRMHOSHXDMSA-UHFFFAOYSA-N"}]},{"pressure":0.0797549,"total_adsorption":0.805418,"species_data":[{"composition":1,"adsorption":0.805418,"InChIKey":"IJGRMHOSHXDMSA-UHFFFAOYSA-N"}]},{"pressure":0.1443,"total_adsorption":1.20952,"species_data":[{"composition":1,"adsorption":1.20952,"InChIKey":"IJGRMHOSHXDMSA-UHFFFAOYSA-N"}]},{"pressure":0.189853,"total_adsorption":1.38372,"species_data":[{"composition":1,"adsorption":1.38372,"InChIKey":"IJGRMHOSHXDMSA-UHFFFAOYSA-N"}]},{"pressure":0.205036,"total_adsorption":1.44178,"species_data":[{"composition":1,"adsorption":1.44178,"InChIKey":"IJGRMHOSHXDMSA-UHFFFAOYSA-N"}]},{"pressure":0.260089,"total_adsorption":1.78814,"species_data":[{"composition":1,"adsorption":1.78814,"InChIKey":"IJGRMHOSHXDMSA-UHFFFAOYSA-N"}]},{"pressure":0.30186,"total_adsorption":2.13375,"species_data":[{"composition":1,"adsorption":2.13375,"InChIKey":"IJGRMHOSHXDMSA-UHFFFAOYSA-N"}]},{"pressure":0.356913,"total_adsorption":2.48011,"species_data":[{"composition":1,"adsorption":2.48011,"InChIKey":"IJGRMHOSHXDMSA-UHFFFAOYSA-N"}]},{"pressure":0.404372,"total_adsorption":2.76883,"species_data":[{"composition":1,"adsorption":2.76883,"InChIKey":"IJGRMHOSHXDMSA-UHFFFAOYSA-N"}]},{"pressure":0.457527,"total_adsorption":3.11508,"species_data":[{"composition":1,"adsorption":3.11508,"InChIKey":"IJGRMHOSHXDMSA-UHFFFAOYSA-N"}]},{"pressure":0.508789,"total_adsorption":3.51843,"species_data":[{"composition":1,"adsorption":3.51843,"InChIKey":"IJGRMHOSHXDMSA-UHFFFAOYSA-N"}]},{"pressure":0.556244,"total_adsorption":3.74994,"species_data":[{"composition":1,"adsorption":3.74994,"InChIKey":"IJGRMHOSHXDMSA-UHFFFAOYSA-N"}]},{"pressure":0.607506,"total_adsorption":4.15329,"species_data":[{"composition":1,"adsorption":4.15329,"InChIKey":"IJGRMHOSHXDMSA-UHFFFAOYSA-N"}]},{"pressure":0.662559,"total_adsorption":4.49965,"species_data":[{"composition":1,"adsorption":4.49965,"InChIKey":"IJGRMHOSHXDMSA-UHFFFAOYSA-N"}]},{"pressure":0.717616,"total_adsorption":4.90322,"species_data":[{"composition":1,"adsorption":4.90322,"InChIKey":"IJGRMHOSHXDMSA-UHFFFAOYSA-N"}]},{"pressure":0.75749,"total_adsorption":5.24872,"species_data":[{"composition":1,"adsorption":5.24872,"InChIKey":"IJGRMHOSHXDMSA-UHFFFAOYSA-N"}]},{"pressure":0.785965,"total_adsorption":5.42195,"species_data":[{"composition":1,"adsorption":5.42195,"InChIKey":"IJGRMHOSHXDMSA-UHFFFAOYSA-N"}]},{"pressure":0.81824,"total_adsorption":5.65261,"species_data":[{"composition":1,"adsorption":5.65261,"InChIKey":"IJGRMHOSHXDMSA-UHFFFAOYSA-N"}]},{"pressure":0.835321,"total_adsorption":5.71078,"species_data":[{"composition":1,"adsorption":5.71078,"InChIKey":"IJGRMHOSHXDMSA-UHFFFAOYSA-N"}]},{"pressure":0.848612,"total_adsorption":5.82594,"species_data":[{"composition":1,"adsorption":5.82594,"InChIKey":"IJGRMHOSHXDMSA-UHFFFAOYSA-N"}]},{"pressure":0.877091,"total_adsorption":6.05639,"species_data":[{"composition":1,"adsorption":6.05639,"InChIKey":"IJGRMHOSHXDMSA-UHFFFAOYSA-N"}]},{"pressure":0.892272,"total_adsorption":6.05724,"species_data":[{"composition":1,"adsorption":6.05724,"InChIKey":"IJGRMHOSHXDMSA-UHFFFAOYSA-N"}]},{"pressure":0.926444,"total_adsorption":6.28801,"species_data":[{"composition":1,"adsorption":6.28801,"InChIKey":"IJGRMHOSHXDMSA-UHFFFAOYSA-N"}]},{"pressure":0.941627,"total_adsorption":6.34607,"species_data":[{"composition":1,"adsorption":6.34607,"InChIKey":"IJGRMHOSHXDMSA-UHFFFAOYSA-N"}]},{"pressure":0.954914,"total_adsorption":6.40403,"species_data":[{"composition":1,"adsorption":6.40403,"InChIKey":"IJGRMHOSHXDMSA-UHFFFAOYSA-N"}]},{"pressure":0.972009,"total_adsorption":6.63383,"species_data":[{"composition":1,"adsorption":6.63383,"InChIKey":"IJGRMHOSHXDMSA-UHFFFAOYSA-N"}]},{"pressure":0.985301,"total_adsorption":6.74899,"species_data":[{"composition":1,"adsorption":6.74899,"InChIKey":"IJGRMHOSHXDMSA-UHFFFAOYSA-N"}]},{"pressure":1.00429,"total_adsorption":6.9789,"species_data":[{"composition":1,"adsorption":6.9789,"InChIKey":"IJGRMHOSHXDMSA-UHFFFAOYSA-N"}]}],"temperature":292,"articleSource":"UNKNOWN","compositionType":"molefraction","adsorbates":[{"name":"Nitrogen","InChIKey":"IJGRMHOSHXDMSA-UHFFFAOYSA-N"}],"adsorptionUnits":"cm3(STP)/g","date":"1000-01-01","category":"","digitizer":"UNKNOWN","pressureUnits":"bar","DOI":"10.1021/Jp501495f","adsorbent":{"name":"Zn-MOF-74","hashkey":"NIST-MATDB-71d6fc9e1d75f65e8a04544608290958"},"concentrationUnits":"","filename":"10.1021Jp501495f.Isotherm4","isotherm_type":""}