{"filename": "10.1039C2jm31541f.Isotherm5", "DOI": "10.1039/C2jm31541f", "articleSource": "UNKNOWN", "date": "1000-01-01", "digitizer": "UNKNOWN", "adsorbent": {"hashkey": "NIST-MATDB-b2dc02871a66ac38e4b195796cf3e00b", "name": "ZIF-8"}, "adsorbates": [{"InChIKey": "XLYOFNOQVPJJNP-UHFFFAOYSA-N", "name": "Water"}], "category": "", "temperature": 269, "isotherm_type": "", "adsorptionUnits": "mmol/g", "pressureUnits": "bar", "compositionType": "molefraction", "concentrationUnits": "", "isotherm_data": [{"pressure": 50.1695, "total_adsorption": 9.75628, "species_data": [{"InChIKey": "XLYOFNOQVPJJNP-UHFFFAOYSA-N", "composition": 1, "adsorption": 9.75628}]}, {"pressure": 52.8814, "total_adsorption": 9.78392, "species_data": [{"InChIKey": "XLYOFNOQVPJJNP-UHFFFAOYSA-N", "composition": 1, "adsorption": 9.78392}]}, {"pressure": 56.2712, "total_adsorption": 9.86683, "species_data": [{"InChIKey": "XLYOFNOQVPJJNP-UHFFFAOYSA-N", "composition": 1, "adsorption": 9.86683}]}, {"pressure": 59.322, "total_adsorption": 9.94975, "species_data": [{"InChIKey": "XLYOFNOQVPJJNP-UHFFFAOYSA-N", "composition": 1, "adsorption": 9.94975}]}, {"pressure": 62.3729, "total_adsorption": 10.0603, "species_data": [{"InChIKey": "XLYOFNOQVPJJNP-UHFFFAOYSA-N", "composition": 1, "adsorption": 10.0603}]}, {"pressure": 64.7458, "total_adsorption": 10.2538, "species_data": [{"InChIKey": "XLYOFNOQVPJJNP-UHFFFAOYSA-N", "composition": 1, "adsorption": 10.2538}]}, {"pressure": 66.1017, "total_adsorption": 10.4472, "species_data": [{"InChIKey": "XLYOFNOQVPJJNP-UHFFFAOYSA-N", "composition": 1, "adsorption": 10.4472}]}, {"pressure": 68.1356, "total_adsorption": 10.6683, "species_data": [{"InChIKey": "XLYOFNOQVPJJNP-UHFFFAOYSA-N", "composition": 1, "adsorption": 10.6683}]}, {"pressure": 69.8305, "total_adsorption": 10.8894, "species_data": [{"InChIKey": "XLYOFNOQVPJJNP-UHFFFAOYSA-N", "composition": 1, "adsorption": 10.8894}]}, {"pressure": 71.5254, "total_adsorption": 11.0829, "species_data": [{"InChIKey": "XLYOFNOQVPJJNP-UHFFFAOYSA-N", "composition": 1, "adsorption": 11.0829}]}, {"pressure": 74.5763, "total_adsorption": 11.1106, "species_data": [{"InChIKey": "XLYOFNOQVPJJNP-UHFFFAOYSA-N", "composition": 1, "adsorption": 11.1106}]}, {"pressure": 77.9661, "total_adsorption": 11.1106, "species_data": [{"InChIKey": "XLYOFNOQVPJJNP-UHFFFAOYSA-N", "composition": 1, "adsorption": 11.1106}]}, {"pressure": 81.3559, "total_adsorption": 11.1106, "species_data": [{"InChIKey": "XLYOFNOQVPJJNP-UHFFFAOYSA-N", "composition": 1, "adsorption": 11.1106}]}, {"pressure": 84.7458, "total_adsorption": 11.1382, "species_data": [{"InChIKey": "XLYOFNOQVPJJNP-UHFFFAOYSA-N", "composition": 1, "adsorption": 11.1382}]}, {"pressure": 87.7966, "total_adsorption": 11.1658, "species_data": [{"InChIKey": "XLYOFNOQVPJJNP-UHFFFAOYSA-N", "composition": 1, "adsorption": 11.1658}]}, {"pressure": 91.1864, "total_adsorption": 11.1935, "species_data": [{"InChIKey": "XLYOFNOQVPJJNP-UHFFFAOYSA-N", "composition": 1, "adsorption": 11.1935}]}, {"pressure": 94.2373, "total_adsorption": 11.1935, "species_data": [{"InChIKey": "XLYOFNOQVPJJNP-UHFFFAOYSA-N", "composition": 1, "adsorption": 11.1935}]}, {"pressure": 97.6271, "total_adsorption": 11.1935, "species_data": [{"InChIKey": "XLYOFNOQVPJJNP-UHFFFAOYSA-N", "composition": 1, "adsorption": 11.1935}]}, {"pressure": 101.017, "total_adsorption": 11.1935, "species_data": [{"InChIKey": "XLYOFNOQVPJJNP-UHFFFAOYSA-N", "composition": 1, "adsorption": 11.1935}]}]}