{"isotherm_data":[{"pressure":0,"total_adsorption":0,"species_data":[{"composition":1,"adsorption":0,"InChIKey":"IJGRMHOSHXDMSA-UHFFFAOYSA-N"}]},{"pressure":0.002552,"total_adsorption":101.037,"species_data":[{"composition":1,"adsorption":101.037,"InChIKey":"IJGRMHOSHXDMSA-UHFFFAOYSA-N"}]},{"pressure":0.007657,"total_adsorption":421.576,"species_data":[{"composition":1,"adsorption":421.576,"InChIKey":"IJGRMHOSHXDMSA-UHFFFAOYSA-N"}]},{"pressure":0.010209,"total_adsorption":470.348,"species_data":[{"composition":1,"adsorption":470.348,"InChIKey":"IJGRMHOSHXDMSA-UHFFFAOYSA-N"}]},{"pressure":0.02297,"total_adsorption":515.6,"species_data":[{"composition":1,"adsorption":515.6,"InChIKey":"IJGRMHOSHXDMSA-UHFFFAOYSA-N"}]},{"pressure":0.033179,"total_adsorption":536.471,"species_data":[{"composition":1,"adsorption":536.471,"InChIKey":"IJGRMHOSHXDMSA-UHFFFAOYSA-N"}]},{"pressure":0.045941,"total_adsorption":557.333,"species_data":[{"composition":1,"adsorption":557.333,"InChIKey":"IJGRMHOSHXDMSA-UHFFFAOYSA-N"}]},{"pressure":0.053598,"total_adsorption":581.697,"species_data":[{"composition":1,"adsorption":581.697,"InChIKey":"IJGRMHOSHXDMSA-UHFFFAOYSA-N"}]},{"pressure":0.061254,"total_adsorption":602.577,"species_data":[{"composition":1,"adsorption":602.577,"InChIKey":"IJGRMHOSHXDMSA-UHFFFAOYSA-N"}]},{"pressure":0.071464,"total_adsorption":616.479,"species_data":[{"composition":1,"adsorption":616.479,"InChIKey":"IJGRMHOSHXDMSA-UHFFFAOYSA-N"}]},{"pressure":0.084225,"total_adsorption":633.857,"species_data":[{"composition":1,"adsorption":633.857,"InChIKey":"IJGRMHOSHXDMSA-UHFFFAOYSA-N"}]},{"pressure":0.094434,"total_adsorption":647.759,"species_data":[{"composition":1,"adsorption":647.759,"InChIKey":"IJGRMHOSHXDMSA-UHFFFAOYSA-N"}]},{"pressure":0.102091,"total_adsorption":654.701,"species_data":[{"composition":1,"adsorption":654.701,"InChIKey":"IJGRMHOSHXDMSA-UHFFFAOYSA-N"}]},{"pressure":0.130165,"total_adsorption":692.932,"species_data":[{"composition":1,"adsorption":692.932,"InChIKey":"IJGRMHOSHXDMSA-UHFFFAOYSA-N"}]},{"pressure":0.160793,"total_adsorption":727.67,"species_data":[{"composition":1,"adsorption":727.67,"InChIKey":"IJGRMHOSHXDMSA-UHFFFAOYSA-N"}]},{"pressure":0.188868,"total_adsorption":755.448,"species_data":[{"composition":1,"adsorption":755.448,"InChIKey":"IJGRMHOSHXDMSA-UHFFFAOYSA-N"}]},{"pressure":0.196525,"total_adsorption":758.906,"species_data":[{"composition":1,"adsorption":758.906,"InChIKey":"IJGRMHOSHXDMSA-UHFFFAOYSA-N"}]},{"pressure":0.222048,"total_adsorption":779.724,"species_data":[{"composition":1,"adsorption":779.724,"InChIKey":"IJGRMHOSHXDMSA-UHFFFAOYSA-N"}]},{"pressure":0.257779,"total_adsorption":803.992,"species_data":[{"composition":1,"adsorption":803.992,"InChIKey":"IJGRMHOSHXDMSA-UHFFFAOYSA-N"}]},{"pressure":0.273092,"total_adsorption":814.392,"species_data":[{"composition":1,"adsorption":814.392,"InChIKey":"IJGRMHOSHXDMSA-UHFFFAOYSA-N"}]},{"pressure":0.293511,"total_adsorption":817.806,"species_data":[{"composition":1,"adsorption":817.806,"InChIKey":"IJGRMHOSHXDMSA-UHFFFAOYSA-N"}]},{"pressure":0.319033,"total_adsorption":831.656,"species_data":[{"composition":1,"adsorption":831.656,"InChIKey":"IJGRMHOSHXDMSA-UHFFFAOYSA-N"}]},{"pressure":0.3369,"total_adsorption":838.563,"species_data":[{"composition":1,"adsorption":838.563,"InChIKey":"IJGRMHOSHXDMSA-UHFFFAOYSA-N"}]},{"pressure":0.354765,"total_adsorption":841.986,"species_data":[{"composition":1,"adsorption":841.986,"InChIKey":"IJGRMHOSHXDMSA-UHFFFAOYSA-N"}]},{"pressure":0.377736,"total_adsorption":848.875,"species_data":[{"composition":1,"adsorption":848.875,"InChIKey":"IJGRMHOSHXDMSA-UHFFFAOYSA-N"}]},{"pressure":0.400706,"total_adsorption":855.765,"species_data":[{"composition":1,"adsorption":855.765,"InChIKey":"IJGRMHOSHXDMSA-UHFFFAOYSA-N"}]},{"pressure":0.416019,"total_adsorption":855.712,"species_data":[{"composition":1,"adsorption":855.712,"InChIKey":"IJGRMHOSHXDMSA-UHFFFAOYSA-N"}]},{"pressure":0.433886,"total_adsorption":859.135,"species_data":[{"composition":1,"adsorption":859.135,"InChIKey":"IJGRMHOSHXDMSA-UHFFFAOYSA-N"}]},{"pressure":0.456856,"total_adsorption":862.54,"species_data":[{"composition":1,"adsorption":862.54,"InChIKey":"IJGRMHOSHXDMSA-UHFFFAOYSA-N"}]},{"pressure":0.472169,"total_adsorption":859.004,"species_data":[{"composition":1,"adsorption":859.004,"InChIKey":"IJGRMHOSHXDMSA-UHFFFAOYSA-N"}]},{"pressure":0.492587,"total_adsorption":862.418,"species_data":[{"composition":1,"adsorption":862.418,"InChIKey":"IJGRMHOSHXDMSA-UHFFFAOYSA-N"}]},{"pressure":0.507901,"total_adsorption":865.849,"species_data":[{"composition":1,"adsorption":865.849,"InChIKey":"IJGRMHOSHXDMSA-UHFFFAOYSA-N"}]},{"pressure":0.525767,"total_adsorption":869.272,"species_data":[{"composition":1,"adsorption":869.272,"InChIKey":"IJGRMHOSHXDMSA-UHFFFAOYSA-N"}]},{"pressure":0.553841,"total_adsorption":872.66,"species_data":[{"composition":1,"adsorption":872.66,"InChIKey":"IJGRMHOSHXDMSA-UHFFFAOYSA-N"}]},{"pressure":0.571708,"total_adsorption":872.598,"species_data":[{"composition":1,"adsorption":872.598,"InChIKey":"IJGRMHOSHXDMSA-UHFFFAOYSA-N"}]},{"pressure":0.589574,"total_adsorption":872.537,"species_data":[{"composition":1,"adsorption":872.537,"InChIKey":"IJGRMHOSHXDMSA-UHFFFAOYSA-N"}]},{"pressure":0.612544,"total_adsorption":875.942,"species_data":[{"composition":1,"adsorption":875.942,"InChIKey":"IJGRMHOSHXDMSA-UHFFFAOYSA-N"}]},{"pressure":0.625305,"total_adsorption":875.899,"species_data":[{"composition":1,"adsorption":875.899,"InChIKey":"IJGRMHOSHXDMSA-UHFFFAOYSA-N"}]},{"pressure":0.640619,"total_adsorption":875.846,"species_data":[{"composition":1,"adsorption":875.846,"InChIKey":"IJGRMHOSHXDMSA-UHFFFAOYSA-N"}]},{"pressure":0.648275,"total_adsorption":875.82,"species_data":[{"composition":1,"adsorption":875.82,"InChIKey":"IJGRMHOSHXDMSA-UHFFFAOYSA-N"}]},{"pressure":0.668694,"total_adsorption":879.234,"species_data":[{"composition":1,"adsorption":879.234,"InChIKey":"IJGRMHOSHXDMSA-UHFFFAOYSA-N"}]},{"pressure":0.691665,"total_adsorption":879.155,"species_data":[{"composition":1,"adsorption":879.155,"InChIKey":"IJGRMHOSHXDMSA-UHFFFAOYSA-N"}]},{"pressure":0.704426,"total_adsorption":879.111,"species_data":[{"composition":1,"adsorption":879.111,"InChIKey":"IJGRMHOSHXDMSA-UHFFFAOYSA-N"}]},{"pressure":0.729948,"total_adsorption":875.539,"species_data":[{"composition":1,"adsorption":875.539,"InChIKey":"IJGRMHOSHXDMSA-UHFFFAOYSA-N"}]},{"pressure":0.758023,"total_adsorption":878.926,"species_data":[{"composition":1,"adsorption":878.926,"InChIKey":"IJGRMHOSHXDMSA-UHFFFAOYSA-N"}]},{"pressure":0.768232,"total_adsorption":882.376,"species_data":[{"composition":1,"adsorption":882.376,"InChIKey":"IJGRMHOSHXDMSA-UHFFFAOYSA-N"}]},{"pressure":0.788651,"total_adsorption":882.305,"species_data":[{"composition":1,"adsorption":882.305,"InChIKey":"IJGRMHOSHXDMSA-UHFFFAOYSA-N"}]},{"pressure":0.796307,"total_adsorption":882.279,"species_data":[{"composition":1,"adsorption":882.279,"InChIKey":"IJGRMHOSHXDMSA-UHFFFAOYSA-N"}]},{"pressure":0.824382,"total_adsorption":885.667,"species_data":[{"composition":1,"adsorption":885.667,"InChIKey":"IJGRMHOSHXDMSA-UHFFFAOYSA-N"}]},{"pressure":0.829487,"total_adsorption":885.649,"species_data":[{"composition":1,"adsorption":885.649,"InChIKey":"IJGRMHOSHXDMSA-UHFFFAOYSA-N"}]},{"pressure":0.852457,"total_adsorption":885.57,"species_data":[{"composition":1,"adsorption":885.57,"InChIKey":"IJGRMHOSHXDMSA-UHFFFAOYSA-N"}]},{"pressure":0.860113,"total_adsorption":889.028,"species_data":[{"composition":1,"adsorption":889.028,"InChIKey":"IJGRMHOSHXDMSA-UHFFFAOYSA-N"}]},{"pressure":0.888189,"total_adsorption":892.416,"species_data":[{"composition":1,"adsorption":892.416,"InChIKey":"IJGRMHOSHXDMSA-UHFFFAOYSA-N"}]},{"pressure":0.921368,"total_adsorption":888.818,"species_data":[{"composition":1,"adsorption":888.818,"InChIKey":"IJGRMHOSHXDMSA-UHFFFAOYSA-N"}]},{"pressure":0.951996,"total_adsorption":895.681,"species_data":[{"composition":1,"adsorption":895.681,"InChIKey":"IJGRMHOSHXDMSA-UHFFFAOYSA-N"}]},{"pressure":0.987727,"total_adsorption":899.042,"species_data":[{"composition":1,"adsorption":899.042,"InChIKey":"IJGRMHOSHXDMSA-UHFFFAOYSA-N"}]},{"pressure":1.00049,"total_adsorption":898.999,"species_data":[{"composition":1,"adsorption":898.999,"InChIKey":"IJGRMHOSHXDMSA-UHFFFAOYSA-N"}]},{"pressure":1.00559,"total_adsorption":902.465,"species_data":[{"composition":1,"adsorption":902.465,"InChIKey":"IJGRMHOSHXDMSA-UHFFFAOYSA-N"}]}],"temperature":77,"articleSource":"Figure 2a","compositionType":"molefraction","adsorbates":[{"name":"Nitrogen","InChIKey":"IJGRMHOSHXDMSA-UHFFFAOYSA-N"}],"adsorptionUnits":"cm3(STP)/g","date":"2016-07-26","category":"exp","digitizer":"Adithya Varadan","pressureUnits":"bar","DOI":"10.1039/c5ta01776a","adsorbent":{"name":"NS2","hashkey":"NIST-MATDB-ee06bc7c02c76a35bf90e9aebb45d2c2"},"concentrationUnits":"","filename":"10.1039c5ta01776a.Isotherm1","isotherm_type":""}