{"isotherm_data":[{"pressure":0.081,"total_adsorption":null,"species_data":[{"composition":0.5,"adsorption":0.8079,"InChIKey":"RAHZWNYVWXNFOC-UHFFFAOYSA-N"}]},{"pressure":0.916,"total_adsorption":null,"species_data":[{"composition":0.5,"adsorption":1.2733,"InChIKey":"RAHZWNYVWXNFOC-UHFFFAOYSA-N"}]},{"pressure":3.05,"total_adsorption":null,"species_data":[{"composition":0.5,"adsorption":1.4054,"InChIKey":"RAHZWNYVWXNFOC-UHFFFAOYSA-N"}]},{"pressure":4.99,"total_adsorption":null,"species_data":[{"composition":0.5,"adsorption":1.433,"InChIKey":"RAHZWNYVWXNFOC-UHFFFAOYSA-N"}]},{"pressure":6.963,"total_adsorption":null,"species_data":[{"composition":0.5,"adsorption":1.4416,"InChIKey":"RAHZWNYVWXNFOC-UHFFFAOYSA-N"}]},{"pressure":10.01,"total_adsorption":null,"species_data":[{"composition":0.5,"adsorption":1.5066,"InChIKey":"RAHZWNYVWXNFOC-UHFFFAOYSA-N"}]},{"pressure":15.127,"total_adsorption":null,"species_data":[{"composition":0.5,"adsorption":1.4947,"InChIKey":"RAHZWNYVWXNFOC-UHFFFAOYSA-N"}]},{"pressure":19.996,"total_adsorption":null,"species_data":[{"composition":0.5,"adsorption":1.5505,"InChIKey":"RAHZWNYVWXNFOC-UHFFFAOYSA-N"}]},{"pressure":24.886,"total_adsorption":null,"species_data":[{"composition":0.5,"adsorption":1.596,"InChIKey":"RAHZWNYVWXNFOC-UHFFFAOYSA-N"}]},{"pressure":29.877,"total_adsorption":null,"species_data":[{"composition":0.5,"adsorption":1.5098,"InChIKey":"RAHZWNYVWXNFOC-UHFFFAOYSA-N"}]},{"pressure":34.949,"total_adsorption":null,"species_data":[{"composition":0.5,"adsorption":1.6032,"InChIKey":"RAHZWNYVWXNFOC-UHFFFAOYSA-N"}]},{"pressure":39.9,"total_adsorption":null,"species_data":[{"composition":0.5,"adsorption":1.5051,"InChIKey":"RAHZWNYVWXNFOC-UHFFFAOYSA-N"}]}],"temperature":303,"articleSource":"Figure 11e","compositionType":"moleratio","adsorbates":[{"name":"Sulfur dioxide","InChIKey":"RAHZWNYVWXNFOC-UHFFFAOYSA-N"}],"adsorptionUnits":"mmol/g","date":"2019-07-05","category":"sim","digitizer":"Justin Chen","pressureUnits":"bar","DOI":"10.1021/acs.jpcc.7b01925","adsorbent":{"name":"cs1000_28","hashkey":"NIST-MATDB-8eea01760e03739f8c15f5ee2a6edb47"},"concentrationUnits":"","filename":"10.1021acs.jpcc.7b01925.Isotherm107","isotherm_type":""}