{"filename": "10.1007s11243-013-9744-2.isotherm4", "DOI": "10.1007/s11243-013-9744-2", "articleSource": "UNKNOWN", "date": "1000-01-01", "digitizer": "UNKNOWN", "adsorbent": {"hashkey": "NIST-MATDB-44e3f8433f4f10b688218954fc754a61", "name": "[Ni(INAIP)(H2O)]*2H2O"}, "adsorbates": [{"InChIKey": "CURLTUGMZLYLDI-UHFFFAOYSA-N", "name": "Carbon Dioxide"}], "category": "", "temperature": 273, "isotherm_type": "", "adsorptionUnits": "cm3(STP)/g", "pressureUnits": "bar", "compositionType": "molefraction", "concentrationUnits": "", "isotherm_data": [{"pressure": 0.00561856, "total_adsorption": 0.253978, "species_data": [{"InChIKey": "CURLTUGMZLYLDI-UHFFFAOYSA-N", "composition": 1, "adsorption": 0.253978}]}, {"pressure": 0.0309707, "total_adsorption": 0.422993, "species_data": [{"InChIKey": "CURLTUGMZLYLDI-UHFFFAOYSA-N", "composition": 1, "adsorption": 0.422993}]}, {"pressure": 0.0591397, "total_adsorption": 0.592007, "species_data": [{"InChIKey": "CURLTUGMZLYLDI-UHFFFAOYSA-N", "composition": 1, "adsorption": 0.592007}]}, {"pressure": 0.091534, "total_adsorption": 0.676514, "species_data": [{"InChIKey": "CURLTUGMZLYLDI-UHFFFAOYSA-N", "composition": 1, "adsorption": 0.676514}]}, {"pressure": 0.146464, "total_adsorption": 0.63426, "species_data": [{"InChIKey": "CURLTUGMZLYLDI-UHFFFAOYSA-N", "composition": 1, "adsorption": 0.63426}]}, {"pressure": 0.273224, "total_adsorption": 0.761021, "species_data": [{"InChIKey": "CURLTUGMZLYLDI-UHFFFAOYSA-N", "composition": 1, "adsorption": 0.761021}]}, {"pressure": 0.425337, "total_adsorption": 0.845528, "species_data": [{"InChIKey": "CURLTUGMZLYLDI-UHFFFAOYSA-N", "composition": 1, "adsorption": 0.845528}]}, {"pressure": 0.470407, "total_adsorption": 0.887781, "species_data": [{"InChIKey": "CURLTUGMZLYLDI-UHFFFAOYSA-N", "composition": 1, "adsorption": 0.887781}]}, {"pressure": 0.571816, "total_adsorption": 1.01454, "species_data": [{"InChIKey": "CURLTUGMZLYLDI-UHFFFAOYSA-N", "composition": 1, "adsorption": 1.01454}]}, {"pressure": 0.671816, "total_adsorption": 1.0568, "species_data": [{"InChIKey": "CURLTUGMZLYLDI-UHFFFAOYSA-N", "composition": 1, "adsorption": 1.0568}]}, {"pressure": 0.72252, "total_adsorption": 1.22581, "species_data": [{"InChIKey": "CURLTUGMZLYLDI-UHFFFAOYSA-N", "composition": 1, "adsorption": 1.22581}]}, {"pressure": 0.819703, "total_adsorption": 1.39482, "species_data": [{"InChIKey": "CURLTUGMZLYLDI-UHFFFAOYSA-N", "composition": 1, "adsorption": 1.39482}]}, {"pressure": 0.868999, "total_adsorption": 1.52158, "species_data": [{"InChIKey": "CURLTUGMZLYLDI-UHFFFAOYSA-N", "composition": 1, "adsorption": 1.52158}]}, {"pressure": 0.912661, "total_adsorption": 1.73285, "species_data": [{"InChIKey": "CURLTUGMZLYLDI-UHFFFAOYSA-N", "composition": 1, "adsorption": 1.73285}]}, {"pressure": 0.960548, "total_adsorption": 2.02863, "species_data": [{"InChIKey": "CURLTUGMZLYLDI-UHFFFAOYSA-N", "composition": 1, "adsorption": 2.02863}]}, {"pressure": 0.998576, "total_adsorption": 2.15539, "species_data": [{"InChIKey": "CURLTUGMZLYLDI-UHFFFAOYSA-N", "composition": 1, "adsorption": 2.15539}]}]}