{"isotherm_data":[{"pressure":0.679436,"total_adsorption":0.569487,"species_data":[{"composition":1,"adsorption":0.569487,"InChIKey":"VNWKTOKETHGBQD-UHFFFAOYSA-N"}]},{"pressure":2.71339,"total_adsorption":0.992247,"species_data":[{"composition":1,"adsorption":0.992247,"InChIKey":"VNWKTOKETHGBQD-UHFFFAOYSA-N"}]},{"pressure":4.74831,"total_adsorption":1.70072,"species_data":[{"composition":1,"adsorption":1.70072,"InChIKey":"VNWKTOKETHGBQD-UHFFFAOYSA-N"}]},{"pressure":9.76762,"total_adsorption":3.40066,"species_data":[{"composition":1,"adsorption":3.40066,"InChIKey":"VNWKTOKETHGBQD-UHFFFAOYSA-N"}]},{"pressure":14.7869,"total_adsorption":5.10061,"species_data":[{"composition":1,"adsorption":5.10061,"InChIKey":"VNWKTOKETHGBQD-UHFFFAOYSA-N"}]},{"pressure":20.0763,"total_adsorption":6.51407,"species_data":[{"composition":1,"adsorption":6.51407,"InChIKey":"VNWKTOKETHGBQD-UHFFFAOYSA-N"}]},{"pressure":29.9765,"total_adsorption":9.05721,"species_data":[{"composition":1,"adsorption":9.05721,"InChIKey":"VNWKTOKETHGBQD-UHFFFAOYSA-N"}]},{"pressure":40.0098,"total_adsorption":10.8857,"species_data":[{"composition":1,"adsorption":10.8857,"InChIKey":"VNWKTOKETHGBQD-UHFFFAOYSA-N"}]},{"pressure":50.1762,"total_adsorption":11.9995,"species_data":[{"composition":1,"adsorption":11.9995,"InChIKey":"VNWKTOKETHGBQD-UHFFFAOYSA-N"}]}],"temperature":300,"articleSource":"UNKNOWN","compositionType":"molefraction","adsorbates":[{"name":"Methane","InChIKey":"VNWKTOKETHGBQD-UHFFFAOYSA-N"}],"adsorptionUnits":"mmol/g","date":"1000-01-01","category":"","digitizer":"UNKNOWN","pressureUnits":"bar","DOI":"10.1021/La803074g","adsorbent":{"name":"PCN-6'","hashkey":"NIST-MATDB-ae46e894385f3cb16cc718540a182839"},"concentrationUnits":"","filename":"10.1021La803074g.isotherm10c","isotherm_type":""}