{"filename": "10.1016j.jcis.2005.02.039.isotherm3", "DOI": "10.1016/j.jcis.2005.02.039", "articleSource": "UNKNOWN", "date": "1000-01-01", "digitizer": "UNKNOWN", "adsorbent": {"hashkey": "NIST-MATDB-453276ee992ed07dc207ed08b2b221ce", "name": "Carbon"}, "adsorbates": [{"InChIKey": "XKRFYHLGVUSROY-UHFFFAOYSA-N", "name": "Argon"}], "category": "", "temperature": 87, "isotherm_type": "", "adsorptionUnits": "micromoles/m2", "pressureUnits": "bar", "compositionType": "molefraction", "concentrationUnits": "", "isotherm_data": [{"pressure": 0.0320797, "total_adsorption": 0.312107, "species_data": [{"InChIKey": "XKRFYHLGVUSROY-UHFFFAOYSA-N", "composition": 1, "adsorption": 0.312107}]}, {"pressure": 0.0845167, "total_adsorption": 5.44656, "species_data": [{"InChIKey": "XKRFYHLGVUSROY-UHFFFAOYSA-N", "composition": 1, "adsorption": 5.44656}]}, {"pressure": 0.0845167, "total_adsorption": 9.81631, "species_data": [{"InChIKey": "XKRFYHLGVUSROY-UHFFFAOYSA-N", "composition": 1, "adsorption": 9.81631}]}, {"pressure": 0.136954, "total_adsorption": 11.2365, "species_data": [{"InChIKey": "XKRFYHLGVUSROY-UHFFFAOYSA-N", "composition": 1, "adsorption": 11.2365}]}, {"pressure": 0.486533, "total_adsorption": 12.4382, "species_data": [{"InChIKey": "XKRFYHLGVUSROY-UHFFFAOYSA-N", "composition": 1, "adsorption": 12.4382}]}, {"pressure": 1.11578, "total_adsorption": 13.4214, "species_data": [{"InChIKey": "XKRFYHLGVUSROY-UHFFFAOYSA-N", "composition": 1, "adsorption": 13.4214}]}, {"pressure": 1.81494, "total_adsorption": 14.1861, "species_data": [{"InChIKey": "XKRFYHLGVUSROY-UHFFFAOYSA-N", "composition": 1, "adsorption": 14.1861}]}, {"pressure": 2.35679, "total_adsorption": 15.1692, "species_data": [{"InChIKey": "XKRFYHLGVUSROY-UHFFFAOYSA-N", "composition": 1, "adsorption": 15.1692}]}, {"pressure": 3.0909, "total_adsorption": 17.9003, "species_data": [{"InChIKey": "XKRFYHLGVUSROY-UHFFFAOYSA-N", "composition": 1, "adsorption": 17.9003}]}, {"pressure": 3.66771, "total_adsorption": 20.4129, "species_data": [{"InChIKey": "XKRFYHLGVUSROY-UHFFFAOYSA-N", "composition": 1, "adsorption": 20.4129}]}, {"pressure": 4.262, "total_adsorption": 23.3625, "species_data": [{"InChIKey": "XKRFYHLGVUSROY-UHFFFAOYSA-N", "composition": 1, "adsorption": 23.3625}]}, {"pressure": 4.85628, "total_adsorption": 25.4382, "species_data": [{"InChIKey": "XKRFYHLGVUSROY-UHFFFAOYSA-N", "composition": 1, "adsorption": 25.4382}]}, {"pressure": 5.46805, "total_adsorption": 27.4045, "species_data": [{"InChIKey": "XKRFYHLGVUSROY-UHFFFAOYSA-N", "composition": 1, "adsorption": 27.4045}]}, {"pressure": 5.8351, "total_adsorption": 28.7155, "species_data": [{"InChIKey": "XKRFYHLGVUSROY-UHFFFAOYSA-N", "composition": 1, "adsorption": 28.7155}]}, {"pressure": 6.342, "total_adsorption": 30.5726, "species_data": [{"InChIKey": "XKRFYHLGVUSROY-UHFFFAOYSA-N", "composition": 1, "adsorption": 30.5726}]}, {"pressure": 6.74401, "total_adsorption": 32.8667, "species_data": [{"InChIKey": "XKRFYHLGVUSROY-UHFFFAOYSA-N", "composition": 1, "adsorption": 32.8667}]}, {"pressure": 7.23342, "total_adsorption": 36.4718, "species_data": [{"InChIKey": "XKRFYHLGVUSROY-UHFFFAOYSA-N", "composition": 1, "adsorption": 36.4718}]}, {"pressure": 7.89763, "total_adsorption": 41.497, "species_data": [{"InChIKey": "XKRFYHLGVUSROY-UHFFFAOYSA-N", "composition": 1, "adsorption": 41.497}]}]}