{"isotherm_data":[{"pressure":0.0519031,"total_adsorption":1.62092,"species_data":[{"composition":1,"adsorption":1.62092,"InChIKey":"CURLTUGMZLYLDI-UHFFFAOYSA-N"}]},{"pressure":0.986159,"total_adsorption":25.5272,"species_data":[{"composition":1,"adsorption":25.5272,"InChIKey":"CURLTUGMZLYLDI-UHFFFAOYSA-N"}]},{"pressure":2.02422,"total_adsorption":42.9456,"species_data":[{"composition":1,"adsorption":42.9456,"InChIKey":"CURLTUGMZLYLDI-UHFFFAOYSA-N"}]},{"pressure":5.0346,"total_adsorption":78.1752,"species_data":[{"composition":1,"adsorption":78.1752,"InChIKey":"CURLTUGMZLYLDI-UHFFFAOYSA-N"}]},{"pressure":10.0173,"total_adsorption":108.108,"species_data":[{"composition":1,"adsorption":108.108,"InChIKey":"CURLTUGMZLYLDI-UHFFFAOYSA-N"}]},{"pressure":15,"total_adsorption":131.959,"species_data":[{"composition":1,"adsorption":131.959,"InChIKey":"CURLTUGMZLYLDI-UHFFFAOYSA-N"}]},{"pressure":19.9827,"total_adsorption":146.892,"species_data":[{"composition":1,"adsorption":146.892,"InChIKey":"CURLTUGMZLYLDI-UHFFFAOYSA-N"}]},{"pressure":25.1211,"total_adsorption":157.363,"species_data":[{"composition":1,"adsorption":157.363,"InChIKey":"CURLTUGMZLYLDI-UHFFFAOYSA-N"}]},{"pressure":30.0519,"total_adsorption":165.405,"species_data":[{"composition":1,"adsorption":165.405,"InChIKey":"CURLTUGMZLYLDI-UHFFFAOYSA-N"}]}],"temperature":298,"articleSource":"UNKNOWN","compositionType":"molefraction","adsorbates":[{"name":"Carbon Dioxide","InChIKey":"CURLTUGMZLYLDI-UHFFFAOYSA-N"}],"adsorptionUnits":"molecules/8 unit cells","date":"1000-01-01","category":"","digitizer":"UNKNOWN","pressureUnits":"bar","DOI":"10.1007/s10450-012-9407-1","adsorbent":{"name":"ZIF-8-NH2","hashkey":"NIST-MATDB-0b49d03b8dfa6484272b6e856f671737"},"concentrationUnits":"","filename":"10.1007s10450-012-9407-1.Isotherm5","isotherm_type":""}