{"filename": "10.1021Jp074918p.isotherm10", "DOI": "10.1021/Jp074918p", "articleSource": "UNKNOWN", "date": "1000-01-01", "digitizer": "UNKNOWN", "adsorbent": {"hashkey": "NIST-MATDB-5d0728ebc1e0053aa120288307a704c8", "name": "Silicalite MFI"}, "adsorbates": [{"InChIKey": "UHOVQNZJYSORNB-UHFFFAOYSA-N", "name": "Benzene"}], "category": "", "temperature": 373, "isotherm_type": "", "adsorptionUnits": "molecules/unitcell", "pressureUnits": "bar", "compositionType": "molefraction", "concentrationUnits": "", "isotherm_data": [{"pressure": 0.0024235, "total_adsorption": 1.49664, "species_data": [{"InChIKey": "UHOVQNZJYSORNB-UHFFFAOYSA-N", "composition": 1, "adsorption": 1.49664}]}, {"pressure": 0.00417263, "total_adsorption": 2.01664, "species_data": [{"InChIKey": "UHOVQNZJYSORNB-UHFFFAOYSA-N", "composition": 1, "adsorption": 2.01664}]}, {"pressure": 0.00662854, "total_adsorption": 2.50605, "species_data": [{"InChIKey": "UHOVQNZJYSORNB-UHFFFAOYSA-N", "composition": 1, "adsorption": 2.50605}]}, {"pressure": 0.0123692, "total_adsorption": 3.11781, "species_data": [{"InChIKey": "UHOVQNZJYSORNB-UHFFFAOYSA-N", "composition": 1, "adsorption": 3.11781}]}, {"pressure": 0.0276645, "total_adsorption": 3.60722, "species_data": [{"InChIKey": "UHOVQNZJYSORNB-UHFFFAOYSA-N", "composition": 1, "adsorption": 3.60722}]}, {"pressure": 0.0397405, "total_adsorption": 3.76017, "species_data": [{"InChIKey": "UHOVQNZJYSORNB-UHFFFAOYSA-N", "composition": 1, "adsorption": 3.76017}]}, {"pressure": 0.0570879, "total_adsorption": 3.85193, "species_data": [{"InChIKey": "UHOVQNZJYSORNB-UHFFFAOYSA-N", "composition": 1, "adsorption": 3.85193}]}, {"pressure": 0.0820078, "total_adsorption": 3.95899, "species_data": [{"InChIKey": "UHOVQNZJYSORNB-UHFFFAOYSA-N", "composition": 1, "adsorption": 3.95899}]}]}