{"isotherm_data":[{"pressure":0,"total_adsorption":-0.016949,"species_data":[{"composition":1,"adsorption":-0.016949,"InChIKey":"CURLTUGMZLYLDI-UHFFFAOYSA-N"}]},{"pressure":0.253394,"total_adsorption":1.52542,"species_data":[{"composition":1,"adsorption":1.52542,"InChIKey":"CURLTUGMZLYLDI-UHFFFAOYSA-N"}]},{"pressure":1.77376,"total_adsorption":2.76271,"species_data":[{"composition":1,"adsorption":2.76271,"InChIKey":"CURLTUGMZLYLDI-UHFFFAOYSA-N"}]},{"pressure":3.36652,"total_adsorption":3.57627,"species_data":[{"composition":1,"adsorption":3.57627,"InChIKey":"CURLTUGMZLYLDI-UHFFFAOYSA-N"}]},{"pressure":4.1267,"total_adsorption":3.55932,"species_data":[{"composition":1,"adsorption":3.55932,"InChIKey":"CURLTUGMZLYLDI-UHFFFAOYSA-N"}]},{"pressure":6.19005,"total_adsorption":4.37288,"species_data":[{"composition":1,"adsorption":4.37288,"InChIKey":"CURLTUGMZLYLDI-UHFFFAOYSA-N"}]},{"pressure":8.0362,"total_adsorption":4.64407,"species_data":[{"composition":1,"adsorption":4.64407,"InChIKey":"CURLTUGMZLYLDI-UHFFFAOYSA-N"}]},{"pressure":9.59276,"total_adsorption":4.84746,"species_data":[{"composition":1,"adsorption":4.84746,"InChIKey":"CURLTUGMZLYLDI-UHFFFAOYSA-N"}]}],"temperature":303,"articleSource":"Figure 2b","compositionType":"molefraction","adsorbates":[{"name":"Carbon Dioxide","InChIKey":"CURLTUGMZLYLDI-UHFFFAOYSA-N"}],"adsorptionUnits":"mmol/g","date":"2016-07-18","category":"exp","digitizer":"David A. Anderegg","pressureUnits":"bar","DOI":"10.1021/ed500633h","adsorbent":{"name":"MIL-53(Al)","hashkey":"NIST-MATDB-1b85b1862d4e9cc2e0f46d0e2698ab79"},"concentrationUnits":"","filename":"10.1021ed500633h.Isotherm3","isotherm_type":""}