{"filename": "10.108001496395.2011.557026.Isotherm11", "DOI": "10.1080/01496395.2011.557026", "articleSource": "UNKNOWN", "date": "1000-01-01", "digitizer": "UNKNOWN", "adsorbent": {"hashkey": "NIST-MATDB-c47a19d7c57920ef767b5b0d7c379caf", "name": "MOF-100T"}, "adsorbates": [{"InChIKey": "CURLTUGMZLYLDI-UHFFFAOYSA-N", "name": "Carbon Dioxide"}], "category": "", "temperature": 300, "isotherm_type": "", "adsorptionUnits": "mmol/g", "pressureUnits": "bar", "compositionType": "molefraction", "concentrationUnits": "", "isotherm_data": [{"pressure": 0.0459869, "total_adsorption": 0.0225806, "species_data": [{"InChIKey": "CURLTUGMZLYLDI-UHFFFAOYSA-N", "composition": 1, "adsorption": 0.0225806}]}, {"pressure": 0.0969402, "total_adsorption": 0.0564516, "species_data": [{"InChIKey": "CURLTUGMZLYLDI-UHFFFAOYSA-N", "composition": 1, "adsorption": 0.0564516}]}, {"pressure": 0.155356, "total_adsorption": 0.0846774, "species_data": [{"InChIKey": "CURLTUGMZLYLDI-UHFFFAOYSA-N", "composition": 1, "adsorption": 0.0846774}]}, {"pressure": 0.222465, "total_adsorption": 0.129839, "species_data": [{"InChIKey": "CURLTUGMZLYLDI-UHFFFAOYSA-N", "composition": 1, "adsorption": 0.129839}]}, {"pressure": 0.292064, "total_adsorption": 0.169355, "species_data": [{"InChIKey": "CURLTUGMZLYLDI-UHFFFAOYSA-N", "composition": 1, "adsorption": 0.169355}]}, {"pressure": 0.349233, "total_adsorption": 0.203226, "species_data": [{"InChIKey": "CURLTUGMZLYLDI-UHFFFAOYSA-N", "composition": 1, "adsorption": 0.203226}]}, {"pressure": 0.417589, "total_adsorption": 0.242742, "species_data": [{"InChIKey": "CURLTUGMZLYLDI-UHFFFAOYSA-N", "composition": 1, "adsorption": 0.242742}]}, {"pressure": 0.468545, "total_adsorption": 0.270968, "species_data": [{"InChIKey": "CURLTUGMZLYLDI-UHFFFAOYSA-N", "composition": 1, "adsorption": 0.270968}]}, {"pressure": 0.536901, "total_adsorption": 0.310484, "species_data": [{"InChIKey": "CURLTUGMZLYLDI-UHFFFAOYSA-N", "composition": 1, "adsorption": 0.310484}]}, {"pressure": 0.589094, "total_adsorption": 0.35, "species_data": [{"InChIKey": "CURLTUGMZLYLDI-UHFFFAOYSA-N", "composition": 1, "adsorption": 0.35}]}, {"pressure": 0.640047, "total_adsorption": 0.383871, "species_data": [{"InChIKey": "CURLTUGMZLYLDI-UHFFFAOYSA-N", "composition": 1, "adsorption": 0.383871}]}]}