{"filename": "10.1016j.coal.2010.08.013.Isotherm7", "DOI": "10.1016/j.coal.2010.08.013", "articleSource": "Figure 3(a)- RWTH_Experiment1", "date": "2018-06-13", "digitizer": "Julie Yagodich", "adsorbent": {"hashkey": "NIST-MATDB-9a5409368b297cf524c52e7fa2b17f3b", "name": "Brzeszcze 364 LW"}, "adsorbates": [{"InChIKey": "CURLTUGMZLYLDI-UHFFFAOYSA-N", "name": "Carbon Dioxide"}], "category": "exp", "temperature": 318, "isotherm_type": "excess", "adsorptionUnits": "mmol/g", "pressureUnits": "bar", "compositionType": "moleratio", "concentrationUnits": "", "isotherm_data": [{"pressure": 9.401, "total_adsorption": null, "species_data": [{"InChIKey": "CURLTUGMZLYLDI-UHFFFAOYSA-N", "composition": 1, "adsorption": 0.82123}]}, {"pressure": 28.159, "total_adsorption": null, "species_data": [{"InChIKey": "CURLTUGMZLYLDI-UHFFFAOYSA-N", "composition": 1, "adsorption": 1.15634}]}, {"pressure": 44.316, "total_adsorption": null, "species_data": [{"InChIKey": "CURLTUGMZLYLDI-UHFFFAOYSA-N", "composition": 1, "adsorption": 1.2898}]}, {"pressure": 55.847, "total_adsorption": null, "species_data": [{"InChIKey": "CURLTUGMZLYLDI-UHFFFAOYSA-N", "composition": 1, "adsorption": 1.34802}]}, {"pressure": 63.738, "total_adsorption": null, "species_data": [{"InChIKey": "CURLTUGMZLYLDI-UHFFFAOYSA-N", "composition": 1, "adsorption": 1.36861}]}, {"pressure": 64.725, "total_adsorption": null, "species_data": [{"InChIKey": "CURLTUGMZLYLDI-UHFFFAOYSA-N", "composition": 1, "adsorption": 1.37204}]}, {"pressure": 68.917, "total_adsorption": null, "species_data": [{"InChIKey": "CURLTUGMZLYLDI-UHFFFAOYSA-N", "composition": 1, "adsorption": 1.37892}]}, {"pressure": 72.492, "total_adsorption": null, "species_data": [{"InChIKey": "CURLTUGMZLYLDI-UHFFFAOYSA-N", "composition": 1, "adsorption": 1.3801}]}, {"pressure": 74.935, "total_adsorption": null, "species_data": [{"InChIKey": "CURLTUGMZLYLDI-UHFFFAOYSA-N", "composition": 1, "adsorption": 1.38269}]}, {"pressure": 76.566, "total_adsorption": null, "species_data": [{"InChIKey": "CURLTUGMZLYLDI-UHFFFAOYSA-N", "composition": 1, "adsorption": 1.38199}]}, {"pressure": 78.313, "total_adsorption": null, "species_data": [{"InChIKey": "CURLTUGMZLYLDI-UHFFFAOYSA-N", "composition": 1, "adsorption": 1.37986}]}, {"pressure": 80.682, "total_adsorption": null, "species_data": [{"InChIKey": "CURLTUGMZLYLDI-UHFFFAOYSA-N", "composition": 1, "adsorption": 1.37414}]}, {"pressure": 83.709, "total_adsorption": null, "species_data": [{"InChIKey": "CURLTUGMZLYLDI-UHFFFAOYSA-N", "composition": 1, "adsorption": 1.3548}]}, {"pressure": 85.922, "total_adsorption": null, "species_data": [{"InChIKey": "CURLTUGMZLYLDI-UHFFFAOYSA-N", "composition": 1, "adsorption": 1.34119}]}, {"pressure": 87.281, "total_adsorption": null, "species_data": [{"InChIKey": "CURLTUGMZLYLDI-UHFFFAOYSA-N", "composition": 1, "adsorption": 1.33547}]}, {"pressure": 88.289, "total_adsorption": null, "species_data": [{"InChIKey": "CURLTUGMZLYLDI-UHFFFAOYSA-N", "composition": 1, "adsorption": 1.31538}]}, {"pressure": 89.026, "total_adsorption": null, "species_data": [{"InChIKey": "CURLTUGMZLYLDI-UHFFFAOYSA-N", "composition": 1, "adsorption": 1.30104}]}, {"pressure": 89.803, "total_adsorption": null, "species_data": [{"InChIKey": "CURLTUGMZLYLDI-UHFFFAOYSA-N", "composition": 1, "adsorption": 1.291}]}, {"pressure": 90.385, "total_adsorption": null, "species_data": [{"InChIKey": "CURLTUGMZLYLDI-UHFFFAOYSA-N", "composition": 1, "adsorption": 1.28527}]}, {"pressure": 91.006, "total_adsorption": null, "species_data": [{"InChIKey": "CURLTUGMZLYLDI-UHFFFAOYSA-N", "composition": 1, "adsorption": 1.28456}]}, {"pressure": 92.714, "total_adsorption": null, "species_data": [{"InChIKey": "CURLTUGMZLYLDI-UHFFFAOYSA-N", "composition": 1, "adsorption": 1.26807}]}, {"pressure": 95.815, "total_adsorption": null, "species_data": [{"InChIKey": "CURLTUGMZLYLDI-UHFFFAOYSA-N", "composition": 1, "adsorption": 1.16477}]}, {"pressure": 99.303, "total_adsorption": null, "species_data": [{"InChIKey": "CURLTUGMZLYLDI-UHFFFAOYSA-N", "composition": 1, "adsorption": 1.05071}]}, {"pressure": 104.192, "total_adsorption": null, "species_data": [{"InChIKey": "CURLTUGMZLYLDI-UHFFFAOYSA-N", "composition": 1, "adsorption": 0.96609}]}, {"pressure": 112.46, "total_adsorption": null, "species_data": [{"InChIKey": "CURLTUGMZLYLDI-UHFFFAOYSA-N", "composition": 1, "adsorption": 0.91021}]}, {"pressure": 123.331, "total_adsorption": null, "species_data": [{"InChIKey": "CURLTUGMZLYLDI-UHFFFAOYSA-N", "composition": 1, "adsorption": 0.87661}]}, {"pressure": 136.183, "total_adsorption": null, "species_data": [{"InChIKey": "CURLTUGMZLYLDI-UHFFFAOYSA-N", "composition": 1, "adsorption": 0.84374}]}, {"pressure": 149.734, "total_adsorption": null, "species_data": [{"InChIKey": "CURLTUGMZLYLDI-UHFFFAOYSA-N", "composition": 1, "adsorption": 0.81878}]}]}