{"filename": "10.1039C0cc02771e.Isotherm14", "DOI": "10.1039/C0cc02771e", "articleSource": "UNKNOWN", "date": "1000-01-01", "digitizer": "UNKNOWN", "adsorbent": {"hashkey": "NIST-MATDB-1a674d4d6bef939cd8a9c11f83c6ca64", "name": "Cu-TEI"}, "adsorbates": [{"InChIKey": "VNWKTOKETHGBQD-UHFFFAOYSA-N", "name": "Methane"}], "category": "", "temperature": 195, "isotherm_type": "", "adsorptionUnits": "cm3(STP)/g", "pressureUnits": "bar", "compositionType": "molefraction", "concentrationUnits": "", "isotherm_data": [{"pressure": 0.00915519, "total_adsorption": 0.00915519, "species_data": [{"InChIKey": "VNWKTOKETHGBQD-UHFFFAOYSA-N", "composition": 1, "adsorption": 0.00915519}]}, {"pressure": 0.0183104, "total_adsorption": 4.3299, "species_data": [{"InChIKey": "VNWKTOKETHGBQD-UHFFFAOYSA-N", "composition": 1, "adsorption": 4.3299}]}, {"pressure": 0.0320432, "total_adsorption": 6.80412, "species_data": [{"InChIKey": "VNWKTOKETHGBQD-UHFFFAOYSA-N", "composition": 1, "adsorption": 6.80412}]}, {"pressure": 0.0549312, "total_adsorption": 9.27835, "species_data": [{"InChIKey": "VNWKTOKETHGBQD-UHFFFAOYSA-N", "composition": 1, "adsorption": 9.27835}]}, {"pressure": 0.0823967, "total_adsorption": 11.4433, "species_data": [{"InChIKey": "VNWKTOKETHGBQD-UHFFFAOYSA-N", "composition": 1, "adsorption": 11.4433}]}, {"pressure": 0.128173, "total_adsorption": 13.9175, "species_data": [{"InChIKey": "VNWKTOKETHGBQD-UHFFFAOYSA-N", "composition": 1, "adsorption": 13.9175}]}, {"pressure": 0.173949, "total_adsorption": 16.0825, "species_data": [{"InChIKey": "VNWKTOKETHGBQD-UHFFFAOYSA-N", "composition": 1, "adsorption": 16.0825}]}, {"pressure": 0.205992, "total_adsorption": 17.0103, "species_data": [{"InChIKey": "VNWKTOKETHGBQD-UHFFFAOYSA-N", "composition": 1, "adsorption": 17.0103}]}, {"pressure": 0.24719, "total_adsorption": 18.2474, "species_data": [{"InChIKey": "VNWKTOKETHGBQD-UHFFFAOYSA-N", "composition": 1, "adsorption": 18.2474}]}, {"pressure": 0.297544, "total_adsorption": 19.1753, "species_data": [{"InChIKey": "VNWKTOKETHGBQD-UHFFFAOYSA-N", "composition": 1, "adsorption": 19.1753}]}, {"pressure": 0.379941, "total_adsorption": 21.0309, "species_data": [{"InChIKey": "VNWKTOKETHGBQD-UHFFFAOYSA-N", "composition": 1, "adsorption": 21.0309}]}, {"pressure": 0.421139, "total_adsorption": 21.9588, "species_data": [{"InChIKey": "VNWKTOKETHGBQD-UHFFFAOYSA-N", "composition": 1, "adsorption": 21.9588}]}, {"pressure": 0.49438, "total_adsorption": 22.5773, "species_data": [{"InChIKey": "VNWKTOKETHGBQD-UHFFFAOYSA-N", "composition": 1, "adsorption": 22.5773}]}, {"pressure": 0.558467, "total_adsorption": 22.8866, "species_data": [{"InChIKey": "VNWKTOKETHGBQD-UHFFFAOYSA-N", "composition": 1, "adsorption": 22.8866}]}, {"pressure": 0.599665, "total_adsorption": 23.1959, "species_data": [{"InChIKey": "VNWKTOKETHGBQD-UHFFFAOYSA-N", "composition": 1, "adsorption": 23.1959}]}, {"pressure": 0.631708, "total_adsorption": 23.5052, "species_data": [{"InChIKey": "VNWKTOKETHGBQD-UHFFFAOYSA-N", "composition": 1, "adsorption": 23.5052}]}, {"pressure": 0.672907, "total_adsorption": 23.5052, "species_data": [{"InChIKey": "VNWKTOKETHGBQD-UHFFFAOYSA-N", "composition": 1, "adsorption": 23.5052}]}, {"pressure": 0.727838, "total_adsorption": 23.5052, "species_data": [{"InChIKey": "VNWKTOKETHGBQD-UHFFFAOYSA-N", "composition": 1, "adsorption": 23.5052}]}, {"pressure": 0.787347, "total_adsorption": 23.8144, "species_data": [{"InChIKey": "VNWKTOKETHGBQD-UHFFFAOYSA-N", "composition": 1, "adsorption": 23.8144}]}, {"pressure": 0.874321, "total_adsorption": 24.1237, "species_data": [{"InChIKey": "VNWKTOKETHGBQD-UHFFFAOYSA-N", "composition": 1, "adsorption": 24.1237}]}, {"pressure": 0.979606, "total_adsorption": 23.8144, "species_data": [{"InChIKey": "VNWKTOKETHGBQD-UHFFFAOYSA-N", "composition": 1, "adsorption": 23.8144}]}, {"pressure": 1.03911, "total_adsorption": 23.8144, "species_data": [{"InChIKey": "VNWKTOKETHGBQD-UHFFFAOYSA-N", "composition": 1, "adsorption": 23.8144}]}, {"pressure": 1.06658, "total_adsorption": 23.8144, "species_data": [{"InChIKey": "VNWKTOKETHGBQD-UHFFFAOYSA-N", "composition": 1, "adsorption": 23.8144}]}]}