{"filename": "10.1021Ie901732s.isotherm4", "DOI": "10.1021/Ie901732s", "articleSource": "UNKNOWN", "date": "1000-01-01", "digitizer": "UNKNOWN", "adsorbent": {"hashkey": "NIST-MATDB-b76bbf3e404395a8b5d1b9ec08bf2d8f", "name": "Zeolite 13X"}, "adsorbates": [{"InChIKey": "IJDNQMDRQITEOD-UHFFFAOYSA-N", "name": "N-Butane"}], "category": "", "temperature": 333, "isotherm_type": "", "adsorptionUnits": "molecules/unitcell", "pressureUnits": "bar", "compositionType": "molefraction", "concentrationUnits": "", "isotherm_data": [{"pressure": 0.000101, "total_adsorption": 0.733004, "species_data": [{"InChIKey": "IJDNQMDRQITEOD-UHFFFAOYSA-N", "composition": 1, "adsorption": 0.733004}]}, {"pressure": 0.000208, "total_adsorption": 1.63441, "species_data": [{"InChIKey": "IJDNQMDRQITEOD-UHFFFAOYSA-N", "composition": 1, "adsorption": 1.63441}]}, {"pressure": 0.000519, "total_adsorption": 3.38089, "species_data": [{"InChIKey": "IJDNQMDRQITEOD-UHFFFAOYSA-N", "composition": 1, "adsorption": 3.38089}]}, {"pressure": 0.00104623, "total_adsorption": 8.05695, "species_data": [{"InChIKey": "IJDNQMDRQITEOD-UHFFFAOYSA-N", "composition": 1, "adsorption": 8.05695}]}, {"pressure": 0.00148504, "total_adsorption": 15.6626, "species_data": [{"InChIKey": "IJDNQMDRQITEOD-UHFFFAOYSA-N", "composition": 1, "adsorption": 15.6626}]}, {"pressure": 0.0025607, "total_adsorption": 19.3809, "species_data": [{"InChIKey": "IJDNQMDRQITEOD-UHFFFAOYSA-N", "composition": 1, "adsorption": 19.3809}]}, {"pressure": 0.00299202, "total_adsorption": 21.6908, "species_data": [{"InChIKey": "IJDNQMDRQITEOD-UHFFFAOYSA-N", "composition": 1, "adsorption": 21.6908}]}, {"pressure": 0.00776335, "total_adsorption": 27.0992, "species_data": [{"InChIKey": "IJDNQMDRQITEOD-UHFFFAOYSA-N", "composition": 1, "adsorption": 27.0992}]}, {"pressure": 0.0430241, "total_adsorption": 31.7189, "species_data": [{"InChIKey": "IJDNQMDRQITEOD-UHFFFAOYSA-N", "composition": 1, "adsorption": 31.7189}]}, {"pressure": 0.178079, "total_adsorption": 34.5358, "species_data": [{"InChIKey": "IJDNQMDRQITEOD-UHFFFAOYSA-N", "composition": 1, "adsorption": 34.5358}]}, {"pressure": 0.365838, "total_adsorption": 36.1696, "species_data": [{"InChIKey": "IJDNQMDRQITEOD-UHFFFAOYSA-N", "composition": 1, "adsorption": 36.1696}]}, {"pressure": 0.781387, "total_adsorption": 36.902, "species_data": [{"InChIKey": "IJDNQMDRQITEOD-UHFFFAOYSA-N", "composition": 1, "adsorption": 36.902}]}, {"pressure": 1.48504, "total_adsorption": 37.6908, "species_data": [{"InChIKey": "IJDNQMDRQITEOD-UHFFFAOYSA-N", "composition": 1, "adsorption": 37.6908}]}]}