{"isotherm_data":[{"pressure":0.000234752,"total_adsorption":0.00193603,"species_data":[{"composition":1,"adsorption":0.00193603,"InChIKey":"VGGSQFUCUMXWEO-UHFFFAOYSA-N"}]},{"pressure":0.000387142,"total_adsorption":0.00307094,"species_data":[{"composition":1,"adsorption":0.00307094,"InChIKey":"VGGSQFUCUMXWEO-UHFFFAOYSA-N"}]},{"pressure":0.000619983,"total_adsorption":0.0250348,"species_data":[{"composition":1,"adsorption":0.0250348,"InChIKey":"VGGSQFUCUMXWEO-UHFFFAOYSA-N"}]},{"pressure":0.0010227,"total_adsorption":0.0888569,"species_data":[{"composition":1,"adsorption":0.0888569,"InChIKey":"VGGSQFUCUMXWEO-UHFFFAOYSA-N"}]},{"pressure":0.00173752,"total_adsorption":0.173641,"species_data":[{"composition":1,"adsorption":0.173641,"InChIKey":"VGGSQFUCUMXWEO-UHFFFAOYSA-N"}]},{"pressure":0.00233244,"total_adsorption":0.2161,"species_data":[{"composition":1,"adsorption":0.2161,"InChIKey":"VGGSQFUCUMXWEO-UHFFFAOYSA-N"}]},{"pressure":0.00295257,"total_adsorption":0.300217,"species_data":[{"composition":1,"adsorption":0.300217,"InChIKey":"VGGSQFUCUMXWEO-UHFFFAOYSA-N"}]},{"pressure":0.00384884,"total_adsorption":0.363505,"species_data":[{"composition":1,"adsorption":0.363505,"InChIKey":"VGGSQFUCUMXWEO-UHFFFAOYSA-N"}]},{"pressure":0.00501811,"total_adsorption":0.468585,"species_data":[{"composition":1,"adsorption":0.468585,"InChIKey":"VGGSQFUCUMXWEO-UHFFFAOYSA-N"}]},{"pressure":0.00635331,"total_adsorption":0.594493,"species_data":[{"composition":1,"adsorption":0.594493,"InChIKey":"VGGSQFUCUMXWEO-UHFFFAOYSA-N"}]},{"pressure":0.00804396,"total_adsorption":0.720402,"species_data":[{"composition":1,"adsorption":0.720402,"InChIKey":"VGGSQFUCUMXWEO-UHFFFAOYSA-N"}]},{"pressure":0.00988917,"total_adsorption":0.846243,"species_data":[{"composition":1,"adsorption":0.846243,"InChIKey":"VGGSQFUCUMXWEO-UHFFFAOYSA-N"}]},{"pressure":0.011807,"total_adsorption":1.01381,"species_data":[{"composition":1,"adsorption":1.01381,"InChIKey":"VGGSQFUCUMXWEO-UHFFFAOYSA-N"}]},{"pressure":0.0145178,"total_adsorption":1.18144,"species_data":[{"composition":1,"adsorption":1.18144,"InChIKey":"VGGSQFUCUMXWEO-UHFFFAOYSA-N"}]},{"pressure":0.0168306,"total_adsorption":1.34894,"species_data":[{"composition":1,"adsorption":1.34894,"InChIKey":"VGGSQFUCUMXWEO-UHFFFAOYSA-N"}]},{"pressure":0.0200951,"total_adsorption":1.51651,"species_data":[{"composition":1,"adsorption":1.51651,"InChIKey":"VGGSQFUCUMXWEO-UHFFFAOYSA-N"}]},{"pressure":0.0232965,"total_adsorption":1.68401,"species_data":[{"composition":1,"adsorption":1.68401,"InChIKey":"VGGSQFUCUMXWEO-UHFFFAOYSA-N"}]},{"pressure":0.0262229,"total_adsorption":1.83055,"species_data":[{"composition":1,"adsorption":1.83055,"InChIKey":"VGGSQFUCUMXWEO-UHFFFAOYSA-N"}]},{"pressure":0.0304032,"total_adsorption":2.01894,"species_data":[{"composition":1,"adsorption":2.01894,"InChIKey":"VGGSQFUCUMXWEO-UHFFFAOYSA-N"}]},{"pressure":0.0352501,"total_adsorption":2.20734,"species_data":[{"composition":1,"adsorption":2.20734,"InChIKey":"VGGSQFUCUMXWEO-UHFFFAOYSA-N"}]},{"pressure":0.0396808,"total_adsorption":2.37477,"species_data":[{"composition":1,"adsorption":2.37477,"InChIKey":"VGGSQFUCUMXWEO-UHFFFAOYSA-N"}]},{"pressure":0.0446735,"total_adsorption":2.5631,"species_data":[{"composition":1,"adsorption":2.5631,"InChIKey":"VGGSQFUCUMXWEO-UHFFFAOYSA-N"}]},{"pressure":0.0517953,"total_adsorption":2.75149,"species_data":[{"composition":1,"adsorption":2.75149,"InChIKey":"VGGSQFUCUMXWEO-UHFFFAOYSA-N"}]},{"pressure":0.0600524,"total_adsorption":2.93989,"species_data":[{"composition":1,"adsorption":2.93989,"InChIKey":"VGGSQFUCUMXWEO-UHFFFAOYSA-N"}]},{"pressure":0.0676067,"total_adsorption":3.12822,"species_data":[{"composition":1,"adsorption":3.12822,"InChIKey":"VGGSQFUCUMXWEO-UHFFFAOYSA-N"}]},{"pressure":0.0761115,"total_adsorption":3.31654,"species_data":[{"composition":1,"adsorption":3.31654,"InChIKey":"VGGSQFUCUMXWEO-UHFFFAOYSA-N"}]},{"pressure":0.088247,"total_adsorption":3.50494,"species_data":[{"composition":1,"adsorption":3.50494,"InChIKey":"VGGSQFUCUMXWEO-UHFFFAOYSA-N"}]},{"pressure":0.0993482,"total_adsorption":3.69327,"species_data":[{"composition":1,"adsorption":3.69327,"InChIKey":"VGGSQFUCUMXWEO-UHFFFAOYSA-N"}]},{"pressure":0.115176,"total_adsorption":3.86077,"species_data":[{"composition":1,"adsorption":3.86077,"InChIKey":"VGGSQFUCUMXWEO-UHFFFAOYSA-N"}]},{"pressure":0.133537,"total_adsorption":4.04916,"species_data":[{"composition":1,"adsorption":4.04916,"InChIKey":"VGGSQFUCUMXWEO-UHFFFAOYSA-N"}]},{"pressure":0.150337,"total_adsorption":4.23749,"species_data":[{"composition":1,"adsorption":4.23749,"InChIKey":"VGGSQFUCUMXWEO-UHFFFAOYSA-N"}]},{"pressure":0.174289,"total_adsorption":4.40499,"species_data":[{"composition":1,"adsorption":4.40499,"InChIKey":"VGGSQFUCUMXWEO-UHFFFAOYSA-N"}]},{"pressure":0.190525,"total_adsorption":4.59325,"species_data":[{"composition":1,"adsorption":4.59325,"InChIKey":"VGGSQFUCUMXWEO-UHFFFAOYSA-N"}]},{"pressure":0.248535,"total_adsorption":4.82371,"species_data":[{"composition":1,"adsorption":4.82371,"InChIKey":"VGGSQFUCUMXWEO-UHFFFAOYSA-N"}]},{"pressure":0.288132,"total_adsorption":4.99121,"species_data":[{"composition":1,"adsorption":4.99121,"InChIKey":"VGGSQFUCUMXWEO-UHFFFAOYSA-N"}]},{"pressure":0.344043,"total_adsorption":5.17967,"species_data":[{"composition":1,"adsorption":5.17967,"InChIKey":"VGGSQFUCUMXWEO-UHFFFAOYSA-N"}]},{"pressure":0.520253,"total_adsorption":5.55673,"species_data":[{"composition":1,"adsorption":5.55673,"InChIKey":"VGGSQFUCUMXWEO-UHFFFAOYSA-N"}]},{"pressure":0.639646,"total_adsorption":5.70346,"species_data":[{"composition":1,"adsorption":5.70346,"InChIKey":"VGGSQFUCUMXWEO-UHFFFAOYSA-N"}]},{"pressure":0.763634,"total_adsorption":5.85013,"species_data":[{"composition":1,"adsorption":5.85013,"InChIKey":"VGGSQFUCUMXWEO-UHFFFAOYSA-N"}]},{"pressure":0.966832,"total_adsorption":5.97604,"species_data":[{"composition":1,"adsorption":5.97604,"InChIKey":"VGGSQFUCUMXWEO-UHFFFAOYSA-N"}]},{"pressure":1.08779,"total_adsorption":6.0181,"species_data":[{"composition":1,"adsorption":6.0181,"InChIKey":"VGGSQFUCUMXWEO-UHFFFAOYSA-N"}]}],"temperature":333,"articleSource":"UNKNOWN","compositionType":"molefraction","adsorbates":[{"name":"Ethene","InChIKey":"VGGSQFUCUMXWEO-UHFFFAOYSA-N"}],"adsorptionUnits":"mmol/g","date":"1000-01-01","category":"","digitizer":"UNKNOWN","pressureUnits":"bar","DOI":"10.1126/science.1217544","adsorbent":{"name":"Fe2(dobdc)","hashkey":"NIST-MATDB-1e93bd0672ca0c9d104d64b9ac6b00a2"},"concentrationUnits":"","filename":"10.1126science.1217544.Isotherm14","isotherm_type":""}