{"filename": "10.1021es050800f.Isotherm30", "DOI": "10.1021/es050800f", "articleSource": "UNKNOWN", "date": "1000-01-01", "digitizer": "UNKNOWN", "adsorbent": {"hashkey": "NIST-MATDB-361e2b416a215b9cc9faa7cfa888fc93", "name": "NC6H14 Soot Film"}, "adsorbates": [{"InChIKey": "UFWIBTONFRDIAS-UHFFFAOYSA-N", "name": "Naphthalene"}], "category": "", "temperature": 308, "isotherm_type": "", "adsorptionUnits": "molecules/cm2", "pressureUnits": "bar", "compositionType": "molefraction", "concentrationUnits": "", "isotherm_data": [{"pressure": 1.24593e-09, "total_adsorption": 951919000000, "species_data": [{"InChIKey": "UFWIBTONFRDIAS-UHFFFAOYSA-N", "composition": 1, "adsorption": 951919000000}]}, {"pressure": 1.57919e-09, "total_adsorption": 1205040000000, "species_data": [{"InChIKey": "UFWIBTONFRDIAS-UHFFFAOYSA-N", "composition": 1, "adsorption": 1205040000000}]}, {"pressure": 2.07054e-09, "total_adsorption": 1570720000000, "species_data": [{"InChIKey": "UFWIBTONFRDIAS-UHFFFAOYSA-N", "composition": 1, "adsorption": 1570720000000}]}, {"pressure": 2.62436e-09, "total_adsorption": 1930630000000, "species_data": [{"InChIKey": "UFWIBTONFRDIAS-UHFFFAOYSA-N", "composition": 1, "adsorption": 1930630000000}]}, {"pressure": 3.44083e-09, "total_adsorption": 2591790000000, "species_data": [{"InChIKey": "UFWIBTONFRDIAS-UHFFFAOYSA-N", "composition": 1, "adsorption": 2591790000000}]}, {"pressure": 4.51142e-09, "total_adsorption": 3379090000000, "species_data": [{"InChIKey": "UFWIBTONFRDIAS-UHFFFAOYSA-N", "composition": 1, "adsorption": 3379090000000}]}, {"pressure": 5.71812e-09, "total_adsorption": 4153360000000, "species_data": [{"InChIKey": "UFWIBTONFRDIAS-UHFFFAOYSA-N", "composition": 1, "adsorption": 4153360000000}]}, {"pressure": 7.49727e-09, "total_adsorption": 5257750000000, "species_data": [{"InChIKey": "UFWIBTONFRDIAS-UHFFFAOYSA-N", "composition": 1, "adsorption": 5257750000000}]}, {"pressure": 1.01684e-08, "total_adsorption": 6854880000000, "species_data": [{"InChIKey": "UFWIBTONFRDIAS-UHFFFAOYSA-N", "composition": 1, "adsorption": 6854880000000}]}, {"pressure": 1.33322e-08, "total_adsorption": 8677610000000, "species_data": [{"InChIKey": "UFWIBTONFRDIAS-UHFFFAOYSA-N", "composition": 1, "adsorption": 8677610000000}]}, {"pressure": 1.68983e-08, "total_adsorption": 10666000000000, "species_data": [{"InChIKey": "UFWIBTONFRDIAS-UHFFFAOYSA-N", "composition": 1, "adsorption": 10666000000000}]}, {"pressure": 2.29189e-08, "total_adsorption": 13505200000000, "species_data": [{"InChIKey": "UFWIBTONFRDIAS-UHFFFAOYSA-N", "composition": 1, "adsorption": 13505200000000}]}, {"pressure": 3.00499e-08, "total_adsorption": 16603500000000, "species_data": [{"InChIKey": "UFWIBTONFRDIAS-UHFFFAOYSA-N", "composition": 1, "adsorption": 16603500000000}]}, {"pressure": 4.36127e-08, "total_adsorption": 20417400000000, "species_data": [{"InChIKey": "UFWIBTONFRDIAS-UHFFFAOYSA-N", "composition": 1, "adsorption": 20417400000000}]}, {"pressure": 5.91511e-08, "total_adsorption": 25107300000000, "species_data": [{"InChIKey": "UFWIBTONFRDIAS-UHFFFAOYSA-N", "composition": 1, "adsorption": 25107300000000}]}, {"pressure": 7.75556e-08, "total_adsorption": 28261800000000, "species_data": [{"InChIKey": "UFWIBTONFRDIAS-UHFFFAOYSA-N", "composition": 1, "adsorption": 28261800000000}]}, {"pressure": 1.16435e-07, "total_adsorption": 33759800000000, "species_data": [{"InChIKey": "UFWIBTONFRDIAS-UHFFFAOYSA-N", "composition": 1, "adsorption": 33759800000000}]}]}