{"filename": "10.1016j.micromeso.2012.02.027.isotherm11", "DOI": "10.1016/j.micromeso.2012.02.027", "articleSource": "UNKNOWN", "date": "1000-01-01", "digitizer": "UNKNOWN", "adsorbent": {"hashkey": "NIST-MATDB-a32141d840ee476b01d03de6aabc5dd0", "name": "Fe-BTC"}, "adsorbates": [{"InChIKey": "LFQSCWFLJHTTHZ-UHFFFAOYSA-N", "name": "Ethanol"}], "category": "", "temperature": 303, "isotherm_type": "", "adsorptionUnits": "wt%", "pressureUnits": "bar", "compositionType": "molefraction", "concentrationUnits": "", "isotherm_data": [{"pressure": 0.00561856, "total_adsorption": 0.352875, "species_data": [{"InChIKey": "LFQSCWFLJHTTHZ-UHFFFAOYSA-N", "composition": 1, "adsorption": 0.352875}]}, {"pressure": 0.00702701, "total_adsorption": 2.11344, "species_data": [{"InChIKey": "LFQSCWFLJHTTHZ-UHFFFAOYSA-N", "composition": 1, "adsorption": 2.11344}]}, {"pressure": 0.00843546, "total_adsorption": 8.94442, "species_data": [{"InChIKey": "LFQSCWFLJHTTHZ-UHFFFAOYSA-N", "composition": 1, "adsorption": 8.94442}]}, {"pressure": 0.0154777, "total_adsorption": 12.8177, "species_data": [{"InChIKey": "LFQSCWFLJHTTHZ-UHFFFAOYSA-N", "composition": 1, "adsorption": 12.8177}]}, {"pressure": 0.0337876, "total_adsorption": 16.3388, "species_data": [{"InChIKey": "LFQSCWFLJHTTHZ-UHFFFAOYSA-N", "composition": 1, "adsorption": 16.3388}]}, {"pressure": 0.0647735, "total_adsorption": 20.212, "species_data": [{"InChIKey": "LFQSCWFLJHTTHZ-UHFFFAOYSA-N", "composition": 1, "adsorption": 20.212}]}, {"pressure": 0.10421, "total_adsorption": 24.0148, "species_data": [{"InChIKey": "LFQSCWFLJHTTHZ-UHFFFAOYSA-N", "composition": 1, "adsorption": 24.0148}]}, {"pressure": 0.164773, "total_adsorption": 26.7613, "species_data": [{"InChIKey": "LFQSCWFLJHTTHZ-UHFFFAOYSA-N", "composition": 1, "adsorption": 26.7613}]}, {"pressure": 0.199985, "total_adsorption": 27.6768, "species_data": [{"InChIKey": "LFQSCWFLJHTTHZ-UHFFFAOYSA-N", "composition": 1, "adsorption": 27.6768}]}, {"pressure": 0.243647, "total_adsorption": 28.2402, "species_data": [{"InChIKey": "LFQSCWFLJHTTHZ-UHFFFAOYSA-N", "composition": 1, "adsorption": 28.2402}]}, {"pressure": 0.295759, "total_adsorption": 28.7332, "species_data": [{"InChIKey": "LFQSCWFLJHTTHZ-UHFFFAOYSA-N", "composition": 1, "adsorption": 28.7332}]}, {"pressure": 0.371816, "total_adsorption": 29.2965, "species_data": [{"InChIKey": "LFQSCWFLJHTTHZ-UHFFFAOYSA-N", "composition": 1, "adsorption": 29.2965}]}, {"pressure": 0.4859, "total_adsorption": 30.0008, "species_data": [{"InChIKey": "LFQSCWFLJHTTHZ-UHFFFAOYSA-N", "composition": 1, "adsorption": 30.0008}]}, {"pressure": 0.546464, "total_adsorption": 30.1416, "species_data": [{"InChIKey": "LFQSCWFLJHTTHZ-UHFFFAOYSA-N", "composition": 1, "adsorption": 30.1416}]}, {"pressure": 0.576041, "total_adsorption": 30.4233, "species_data": [{"InChIKey": "LFQSCWFLJHTTHZ-UHFFFAOYSA-N", "composition": 1, "adsorption": 30.4233}]}, {"pressure": 0.668999, "total_adsorption": 30.9163, "species_data": [{"InChIKey": "LFQSCWFLJHTTHZ-UHFFFAOYSA-N", "composition": 1, "adsorption": 30.9163}]}, {"pressure": 0.766182, "total_adsorption": 31.3388, "species_data": [{"InChIKey": "LFQSCWFLJHTTHZ-UHFFFAOYSA-N", "composition": 1, "adsorption": 31.3388}]}, {"pressure": 0.864774, "total_adsorption": 31.7613, "species_data": [{"InChIKey": "LFQSCWFLJHTTHZ-UHFFFAOYSA-N", "composition": 1, "adsorption": 31.7613}]}, {"pressure": 0.925337, "total_adsorption": 32.1839, "species_data": [{"InChIKey": "LFQSCWFLJHTTHZ-UHFFFAOYSA-N", "composition": 1, "adsorption": 32.1839}]}, {"pressure": 0.96759, "total_adsorption": 33.5923, "species_data": [{"InChIKey": "LFQSCWFLJHTTHZ-UHFFFAOYSA-N", "composition": 1, "adsorption": 33.5923}]}]}