{"isotherm_data":[{"pressure":0.000332,"total_adsorption":null,"species_data":[{"composition":1,"adsorption":12.979,"InChIKey":"IJGRMHOSHXDMSA-UHFFFAOYSA-N"}]},{"pressure":0.000348,"total_adsorption":null,"species_data":[{"composition":1,"adsorption":14.036,"InChIKey":"IJGRMHOSHXDMSA-UHFFFAOYSA-N"}]},{"pressure":0.000965,"total_adsorption":null,"species_data":[{"composition":1,"adsorption":57.918,"InChIKey":"IJGRMHOSHXDMSA-UHFFFAOYSA-N"}]},{"pressure":0.001315,"total_adsorption":null,"species_data":[{"composition":1,"adsorption":42.688,"InChIKey":"IJGRMHOSHXDMSA-UHFFFAOYSA-N"}]},{"pressure":0.003117,"total_adsorption":null,"species_data":[{"composition":1,"adsorption":69.61,"InChIKey":"IJGRMHOSHXDMSA-UHFFFAOYSA-N"}]},{"pressure":0.009439,"total_adsorption":null,"species_data":[{"composition":1,"adsorption":75.18,"InChIKey":"IJGRMHOSHXDMSA-UHFFFAOYSA-N"}]},{"pressure":0.017761,"total_adsorption":null,"species_data":[{"composition":1,"adsorption":77.915,"InChIKey":"IJGRMHOSHXDMSA-UHFFFAOYSA-N"}]},{"pressure":0.028195,"total_adsorption":null,"species_data":[{"composition":1,"adsorption":80.153,"InChIKey":"IJGRMHOSHXDMSA-UHFFFAOYSA-N"}]},{"pressure":0.038106,"total_adsorption":null,"species_data":[{"composition":1,"adsorption":81.657,"InChIKey":"IJGRMHOSHXDMSA-UHFFFAOYSA-N"}]},{"pressure":0.048348,"total_adsorption":null,"species_data":[{"composition":1,"adsorption":82.633,"InChIKey":"IJGRMHOSHXDMSA-UHFFFAOYSA-N"}]},{"pressure":0.058523,"total_adsorption":null,"species_data":[{"composition":1,"adsorption":83.489,"InChIKey":"IJGRMHOSHXDMSA-UHFFFAOYSA-N"}]},{"pressure":0.070088,"total_adsorption":null,"species_data":[{"composition":1,"adsorption":84.226,"InChIKey":"IJGRMHOSHXDMSA-UHFFFAOYSA-N"}]},{"pressure":0.078876,"total_adsorption":null,"species_data":[{"composition":1,"adsorption":84.714,"InChIKey":"IJGRMHOSHXDMSA-UHFFFAOYSA-N"}]},{"pressure":0.09011,"total_adsorption":null,"species_data":[{"composition":1,"adsorption":85.013,"InChIKey":"IJGRMHOSHXDMSA-UHFFFAOYSA-N"}]},{"pressure":0.095519,"total_adsorption":null,"species_data":[{"composition":1,"adsorption":93.756,"InChIKey":"IJGRMHOSHXDMSA-UHFFFAOYSA-N"}]},{"pressure":0.09969,"total_adsorption":null,"species_data":[{"composition":1,"adsorption":85.591,"InChIKey":"IJGRMHOSHXDMSA-UHFFFAOYSA-N"}]},{"pressure":0.113832,"total_adsorption":null,"species_data":[{"composition":1,"adsorption":85.98,"InChIKey":"IJGRMHOSHXDMSA-UHFFFAOYSA-N"}]},{"pressure":0.128824,"total_adsorption":null,"species_data":[{"composition":1,"adsorption":94.692,"InChIKey":"IJGRMHOSHXDMSA-UHFFFAOYSA-N"}]},{"pressure":0.133128,"total_adsorption":null,"species_data":[{"composition":1,"adsorption":86.547,"InChIKey":"IJGRMHOSHXDMSA-UHFFFAOYSA-N"}]},{"pressure":0.146665,"total_adsorption":null,"species_data":[{"composition":1,"adsorption":95.051,"InChIKey":"IJGRMHOSHXDMSA-UHFFFAOYSA-N"}]},{"pressure":0.152886,"total_adsorption":null,"species_data":[{"composition":1,"adsorption":87.036,"InChIKey":"IJGRMHOSHXDMSA-UHFFFAOYSA-N"}]},{"pressure":0.164772,"total_adsorption":null,"species_data":[{"composition":1,"adsorption":95.25,"InChIKey":"IJGRMHOSHXDMSA-UHFFFAOYSA-N"}]},{"pressure":0.172578,"total_adsorption":null,"species_data":[{"composition":1,"adsorption":87.444,"InChIKey":"IJGRMHOSHXDMSA-UHFFFAOYSA-N"}]},{"pressure":0.183142,"total_adsorption":null,"species_data":[{"composition":1,"adsorption":95.549,"InChIKey":"IJGRMHOSHXDMSA-UHFFFAOYSA-N"}]},{"pressure":0.191478,"total_adsorption":null,"species_data":[{"composition":1,"adsorption":87.813,"InChIKey":"IJGRMHOSHXDMSA-UHFFFAOYSA-N"}]},{"pressure":0.200324,"total_adsorption":null,"species_data":[{"composition":1,"adsorption":95.749,"InChIKey":"IJGRMHOSHXDMSA-UHFFFAOYSA-N"}]},{"pressure":0.210443,"total_adsorption":null,"species_data":[{"composition":1,"adsorption":88.371,"InChIKey":"IJGRMHOSHXDMSA-UHFFFAOYSA-N"}]},{"pressure":0.21777,"total_adsorption":null,"species_data":[{"composition":1,"adsorption":95.988,"InChIKey":"IJGRMHOSHXDMSA-UHFFFAOYSA-N"}]},{"pressure":0.229937,"total_adsorption":null,"species_data":[{"composition":1,"adsorption":88.64,"InChIKey":"IJGRMHOSHXDMSA-UHFFFAOYSA-N"}]},{"pressure":0.235347,"total_adsorption":null,"species_data":[{"composition":1,"adsorption":96.188,"InChIKey":"IJGRMHOSHXDMSA-UHFFFAOYSA-N"}]},{"pressure":0.248705,"total_adsorption":null,"species_data":[{"composition":1,"adsorption":89.079,"InChIKey":"IJGRMHOSHXDMSA-UHFFFAOYSA-N"}]},{"pressure":0.25319,"total_adsorption":null,"species_data":[{"composition":1,"adsorption":96.447,"InChIKey":"IJGRMHOSHXDMSA-UHFFFAOYSA-N"}]},{"pressure":0.268595,"total_adsorption":null,"species_data":[{"composition":1,"adsorption":89.368,"InChIKey":"IJGRMHOSHXDMSA-UHFFFAOYSA-N"}]},{"pressure":0.270635,"total_adsorption":null,"species_data":[{"composition":1,"adsorption":96.547,"InChIKey":"IJGRMHOSHXDMSA-UHFFFAOYSA-N"}]},{"pressure":0.28756,"total_adsorption":null,"species_data":[{"composition":1,"adsorption":89.756,"InChIKey":"IJGRMHOSHXDMSA-UHFFFAOYSA-N"}]},{"pressure":0.288346,"total_adsorption":null,"species_data":[{"composition":1,"adsorption":96.686,"InChIKey":"IJGRMHOSHXDMSA-UHFFFAOYSA-N"}]},{"pressure":0.306621,"total_adsorption":null,"species_data":[{"composition":1,"adsorption":96.833,"InChIKey":"IJGRMHOSHXDMSA-UHFFFAOYSA-N"}]},{"pressure":0.306988,"total_adsorption":null,"species_data":[{"composition":1,"adsorption":90.075,"InChIKey":"IJGRMHOSHXDMSA-UHFFFAOYSA-N"}]},{"pressure":0.3233,"total_adsorption":null,"species_data":[{"composition":1,"adsorption":96.991,"InChIKey":"IJGRMHOSHXDMSA-UHFFFAOYSA-N"}]},{"pressure":0.32635,"total_adsorption":null,"species_data":[{"composition":1,"adsorption":90.355,"InChIKey":"IJGRMHOSHXDMSA-UHFFFAOYSA-N"}]},{"pressure":0.341239,"total_adsorption":null,"species_data":[{"composition":1,"adsorption":97.055,"InChIKey":"IJGRMHOSHXDMSA-UHFFFAOYSA-N"}]},{"pressure":0.344788,"total_adsorption":null,"species_data":[{"composition":1,"adsorption":90.544,"InChIKey":"IJGRMHOSHXDMSA-UHFFFAOYSA-N"}]},{"pressure":0.359386,"total_adsorption":null,"species_data":[{"composition":1,"adsorption":97.102,"InChIKey":"IJGRMHOSHXDMSA-UHFFFAOYSA-N"}]},{"pressure":0.364479,"total_adsorption":null,"species_data":[{"composition":1,"adsorption":90.843,"InChIKey":"IJGRMHOSHXDMSA-UHFFFAOYSA-N"}]},{"pressure":0.37659,"total_adsorption":null,"species_data":[{"composition":1,"adsorption":97.166,"InChIKey":"IJGRMHOSHXDMSA-UHFFFAOYSA-N"}]},{"pressure":0.38373,"total_adsorption":null,"species_data":[{"composition":1,"adsorption":91.191,"InChIKey":"IJGRMHOSHXDMSA-UHFFFAOYSA-N"}]},{"pressure":0.395052,"total_adsorption":null,"species_data":[{"composition":1,"adsorption":97.214,"InChIKey":"IJGRMHOSHXDMSA-UHFFFAOYSA-N"}]},{"pressure":0.403975,"total_adsorption":null,"species_data":[{"composition":1,"adsorption":91.334,"InChIKey":"IJGRMHOSHXDMSA-UHFFFAOYSA-N"}]},{"pressure":0.411626,"total_adsorption":null,"species_data":[{"composition":1,"adsorption":97.309,"InChIKey":"IJGRMHOSHXDMSA-UHFFFAOYSA-N"}]},{"pressure":0.422752,"total_adsorption":null,"species_data":[{"composition":1,"adsorption":91.635,"InChIKey":"IJGRMHOSHXDMSA-UHFFFAOYSA-N"}]},{"pressure":0.429774,"total_adsorption":null,"species_data":[{"composition":1,"adsorption":97.404,"InChIKey":"IJGRMHOSHXDMSA-UHFFFAOYSA-N"}]},{"pressure":0.441214,"total_adsorption":null,"species_data":[{"composition":1,"adsorption":91.888,"InChIKey":"IJGRMHOSHXDMSA-UHFFFAOYSA-N"}]},{"pressure":0.447711,"total_adsorption":null,"species_data":[{"composition":1,"adsorption":97.594,"InChIKey":"IJGRMHOSHXDMSA-UHFFFAOYSA-N"}]},{"pressure":0.462194,"total_adsorption":null,"species_data":[{"composition":1,"adsorption":92.078,"InChIKey":"IJGRMHOSHXDMSA-UHFFFAOYSA-N"}]},{"pressure":0.466591,"total_adsorption":null,"species_data":[{"composition":1,"adsorption":97.731,"InChIKey":"IJGRMHOSHXDMSA-UHFFFAOYSA-N"}]},{"pressure":0.4805,"total_adsorption":null,"species_data":[{"composition":1,"adsorption":92.237,"InChIKey":"IJGRMHOSHXDMSA-UHFFFAOYSA-N"}]},{"pressure":0.48241,"total_adsorption":null,"species_data":[{"composition":1,"adsorption":97.669,"InChIKey":"IJGRMHOSHXDMSA-UHFFFAOYSA-N"}]},{"pressure":0.49265,"total_adsorption":null,"species_data":[{"composition":1,"adsorption":97.907,"InChIKey":"IJGRMHOSHXDMSA-UHFFFAOYSA-N"}]},{"pressure":0.4994,"total_adsorption":null,"species_data":[{"composition":1,"adsorption":96.514,"InChIKey":"IJGRMHOSHXDMSA-UHFFFAOYSA-N"}]},{"pressure":0.501143,"total_adsorption":null,"species_data":[{"composition":1,"adsorption":97.895,"InChIKey":"IJGRMHOSHXDMSA-UHFFFAOYSA-N"}]},{"pressure":0.517712,"total_adsorption":null,"species_data":[{"composition":1,"adsorption":97.795,"InChIKey":"IJGRMHOSHXDMSA-UHFFFAOYSA-N"}]},{"pressure":0.5183,"total_adsorption":null,"species_data":[{"composition":1,"adsorption":97.112,"InChIKey":"IJGRMHOSHXDMSA-UHFFFAOYSA-N"}]},{"pressure":0.536196,"total_adsorption":null,"species_data":[{"composition":1,"adsorption":97.657,"InChIKey":"IJGRMHOSHXDMSA-UHFFFAOYSA-N"}]},{"pressure":0.5382,"total_adsorption":null,"species_data":[{"composition":1,"adsorption":92.752,"InChIKey":"IJGRMHOSHXDMSA-UHFFFAOYSA-N"}]},{"pressure":0.552515,"total_adsorption":null,"species_data":[{"composition":1,"adsorption":97.683,"InChIKey":"IJGRMHOSHXDMSA-UHFFFAOYSA-N"}]},{"pressure":0.557682,"total_adsorption":null,"species_data":[{"composition":1,"adsorption":92.853,"InChIKey":"IJGRMHOSHXDMSA-UHFFFAOYSA-N"}]},{"pressure":0.571748,"total_adsorption":null,"species_data":[{"composition":1,"adsorption":97.658,"InChIKey":"IJGRMHOSHXDMSA-UHFFFAOYSA-N"}]},{"pressure":0.576249,"total_adsorption":null,"species_data":[{"composition":1,"adsorption":93.054,"InChIKey":"IJGRMHOSHXDMSA-UHFFFAOYSA-N"}]},{"pressure":0.589065,"total_adsorption":null,"species_data":[{"composition":1,"adsorption":97.533,"InChIKey":"IJGRMHOSHXDMSA-UHFFFAOYSA-N"}]},{"pressure":0.594898,"total_adsorption":null,"species_data":[{"composition":1,"adsorption":93.255,"InChIKey":"IJGRMHOSHXDMSA-UHFFFAOYSA-N"}]},{"pressure":0.60655,"total_adsorption":null,"species_data":[{"composition":1,"adsorption":97.571,"InChIKey":"IJGRMHOSHXDMSA-UHFFFAOYSA-N"}]},{"pressure":0.614547,"total_adsorption":null,"species_data":[{"composition":1,"adsorption":93.306,"InChIKey":"IJGRMHOSHXDMSA-UHFFFAOYSA-N"}]},{"pressure":0.624783,"total_adsorption":null,"species_data":[{"composition":1,"adsorption":97.533,"InChIKey":"IJGRMHOSHXDMSA-UHFFFAOYSA-N"}]},{"pressure":0.634031,"total_adsorption":null,"species_data":[{"composition":1,"adsorption":93.469,"InChIKey":"IJGRMHOSHXDMSA-UHFFFAOYSA-N"}]},{"pressure":0.642102,"total_adsorption":null,"species_data":[{"composition":1,"adsorption":97.571,"InChIKey":"IJGRMHOSHXDMSA-UHFFFAOYSA-N"}]},{"pressure":0.65326,"total_adsorption":null,"species_data":[{"composition":1,"adsorption":93.676,"InChIKey":"IJGRMHOSHXDMSA-UHFFFAOYSA-N"}]},{"pressure":0.660062,"total_adsorption":null,"species_data":[{"composition":1,"adsorption":97.38,"InChIKey":"IJGRMHOSHXDMSA-UHFFFAOYSA-N"}]},{"pressure":0.671563,"total_adsorption":null,"species_data":[{"composition":1,"adsorption":93.726,"InChIKey":"IJGRMHOSHXDMSA-UHFFFAOYSA-N"}]},{"pressure":0.67797,"total_adsorption":null,"species_data":[{"composition":1,"adsorption":97.381,"InChIKey":"IJGRMHOSHXDMSA-UHFFFAOYSA-N"}]},{"pressure":0.691388,"total_adsorption":null,"species_data":[{"composition":1,"adsorption":94.016,"InChIKey":"IJGRMHOSHXDMSA-UHFFFAOYSA-N"}]},{"pressure":0.695152,"total_adsorption":null,"species_data":[{"composition":1,"adsorption":97.192,"InChIKey":"IJGRMHOSHXDMSA-UHFFFAOYSA-N"}]},{"pressure":0.710883,"total_adsorption":null,"species_data":[{"composition":1,"adsorption":94.175,"InChIKey":"IJGRMHOSHXDMSA-UHFFFAOYSA-N"}]},{"pressure":0.712664,"total_adsorption":null,"species_data":[{"composition":1,"adsorption":97.162,"InChIKey":"IJGRMHOSHXDMSA-UHFFFAOYSA-N"}]},{"pressure":0.730243,"total_adsorption":null,"species_data":[{"composition":1,"adsorption":94.219,"InChIKey":"IJGRMHOSHXDMSA-UHFFFAOYSA-N"}]},{"pressure":0.730311,"total_adsorption":null,"species_data":[{"composition":1,"adsorption":94.225,"InChIKey":"IJGRMHOSHXDMSA-UHFFFAOYSA-N"}]},{"pressure":0.748481,"total_adsorption":null,"species_data":[{"composition":1,"adsorption":97.044,"InChIKey":"IJGRMHOSHXDMSA-UHFFFAOYSA-N"}]},{"pressure":0.749145,"total_adsorption":null,"species_data":[{"composition":1,"adsorption":96.985,"InChIKey":"IJGRMHOSHXDMSA-UHFFFAOYSA-N"}]},{"pressure":0.766257,"total_adsorption":null,"species_data":[{"composition":1,"adsorption":97.143,"InChIKey":"IJGRMHOSHXDMSA-UHFFFAOYSA-N"}]},{"pressure":0.769762,"total_adsorption":null,"species_data":[{"composition":1,"adsorption":94.545,"InChIKey":"IJGRMHOSHXDMSA-UHFFFAOYSA-N"}]},{"pressure":0.7841,"total_adsorption":null,"species_data":[{"composition":1,"adsorption":97.094,"InChIKey":"IJGRMHOSHXDMSA-UHFFFAOYSA-N"}]},{"pressure":0.788463,"total_adsorption":null,"species_data":[{"composition":1,"adsorption":94.744,"InChIKey":"IJGRMHOSHXDMSA-UHFFFAOYSA-N"}]},{"pressure":0.801479,"total_adsorption":null,"species_data":[{"composition":1,"adsorption":96.985,"InChIKey":"IJGRMHOSHXDMSA-UHFFFAOYSA-N"}]},{"pressure":0.80743,"total_adsorption":null,"species_data":[{"composition":1,"adsorption":95.023,"InChIKey":"IJGRMHOSHXDMSA-UHFFFAOYSA-N"}]},{"pressure":0.818529,"total_adsorption":null,"species_data":[{"composition":1,"adsorption":97.005,"InChIKey":"IJGRMHOSHXDMSA-UHFFFAOYSA-N"}]},{"pressure":0.826461,"total_adsorption":null,"species_data":[{"composition":1,"adsorption":95.183,"InChIKey":"IJGRMHOSHXDMSA-UHFFFAOYSA-N"}]},{"pressure":0.836966,"total_adsorption":null,"species_data":[{"composition":1,"adsorption":96.796,"InChIKey":"IJGRMHOSHXDMSA-UHFFFAOYSA-N"}]},{"pressure":0.846021,"total_adsorption":null,"species_data":[{"composition":1,"adsorption":95.363,"InChIKey":"IJGRMHOSHXDMSA-UHFFFAOYSA-N"}]},{"pressure":0.853355,"total_adsorption":null,"species_data":[{"composition":1,"adsorption":97.036,"InChIKey":"IJGRMHOSHXDMSA-UHFFFAOYSA-N"}]},{"pressure":0.865185,"total_adsorption":null,"species_data":[{"composition":1,"adsorption":95.831,"InChIKey":"IJGRMHOSHXDMSA-UHFFFAOYSA-N"}]},{"pressure":0.884745,"total_adsorption":null,"species_data":[{"composition":1,"adsorption":96.18,"InChIKey":"IJGRMHOSHXDMSA-UHFFFAOYSA-N"}]},{"pressure":0.888378,"total_adsorption":null,"species_data":[{"composition":1,"adsorption":97.484,"InChIKey":"IJGRMHOSHXDMSA-UHFFFAOYSA-N"}]},{"pressure":0.903512,"total_adsorption":null,"species_data":[{"composition":1,"adsorption":96.827,"InChIKey":"IJGRMHOSHXDMSA-UHFFFAOYSA-N"}]},{"pressure":0.90774,"total_adsorption":null,"species_data":[{"composition":1,"adsorption":97.992,"InChIKey":"IJGRMHOSHXDMSA-UHFFFAOYSA-N"}]},{"pressure":0.923401,"total_adsorption":null,"species_data":[{"composition":1,"adsorption":98.132,"InChIKey":"IJGRMHOSHXDMSA-UHFFFAOYSA-N"}]},{"pressure":0.941308,"total_adsorption":null,"species_data":[{"composition":1,"adsorption":100.044,"InChIKey":"IJGRMHOSHXDMSA-UHFFFAOYSA-N"}]}],"temperature":77,"articleSource":"Figure 2","compositionType":"molefraction","adsorbates":[{"name":"Nitrogen","InChIKey":"IJGRMHOSHXDMSA-UHFFFAOYSA-N"}],"adsorptionUnits":"cm3(STP)/g","date":"2018-07-09","category":"exp","digitizer":"Soojin Jang","pressureUnits":"bar","DOI":"10.1016/j.inoche.2015.11.001","adsorbent":{"name":"[Zn4(TRZ)4(TTBDC)2]n","hashkey":"NIST-MATDB-4f499d4b586fd577894603f91aa3ca3f"},"concentrationUnits":"","filename":"10.1016j.inoche.2015.11.001.Isotherm1","isotherm_type":""}