{"filename": "10.1061asce0733937220041303231.Isotherm39", "DOI": "10.1061/(asce)0733-9372(2004)130:3(231)", "articleSource": "Figure 4b", "date": "2016-07-14", "digitizer": "Kailey M. Stracka", "adsorbent": {"hashkey": "NIST-MATDB-8e358d0abd7beabbade6c019d3f9be95", "name": "Tire-derived Activated Carbon"}, "adsorbates": [{"InChIKey": "ZWEHNKRNPOVVGH-UHFFFAOYSA-N", "name": "Methyl ethyl ketone"}], "category": "exp", "temperature": 323, "isotherm_type": "", "adsorptionUnits": "mg/g", "pressureUnits": "bar", "compositionType": "molefraction", "concentrationUnits": "", "isotherm_data": [{"pressure": 0, "total_adsorption": 0, "species_data": [{"InChIKey": "ZWEHNKRNPOVVGH-UHFFFAOYSA-N", "composition": 1, "adsorption": 0}]}, {"pressure": 0.002044, "total_adsorption": 71.1218, "species_data": [{"InChIKey": "ZWEHNKRNPOVVGH-UHFFFAOYSA-N", "composition": 1, "adsorption": 71.1218}]}, {"pressure": 0.021804, "total_adsorption": 115.543, "species_data": [{"InChIKey": "ZWEHNKRNPOVVGH-UHFFFAOYSA-N", "composition": 1, "adsorption": 115.543}]}, {"pressure": 0.048719, "total_adsorption": 163.702, "species_data": [{"InChIKey": "ZWEHNKRNPOVVGH-UHFFFAOYSA-N", "composition": 1, "adsorption": 163.702}]}, {"pressure": 0.075974, "total_adsorption": 183.402, "species_data": [{"InChIKey": "ZWEHNKRNPOVVGH-UHFFFAOYSA-N", "composition": 1, "adsorption": 183.402}]}]}