{"isotherm_data":[{"pressure":1.02e-5,"total_adsorption":1.24843,"species_data":[{"composition":1,"adsorption":1.24843,"InChIKey":"XLYOFNOQVPJJNP-UHFFFAOYSA-N"}]},{"pressure":9.58e-5,"total_adsorption":6.05515,"species_data":[{"composition":1,"adsorption":6.05515,"InChIKey":"XLYOFNOQVPJJNP-UHFFFAOYSA-N"}]},{"pressure":0.00107185,"total_adsorption":25.719,"species_data":[{"composition":1,"adsorption":25.719,"InChIKey":"XLYOFNOQVPJJNP-UHFFFAOYSA-N"}]},{"pressure":0.0105743,"total_adsorption":64.1728,"species_data":[{"composition":1,"adsorption":64.1728,"InChIKey":"XLYOFNOQVPJJNP-UHFFFAOYSA-N"}]},{"pressure":0.106978,"total_adsorption":117.921,"species_data":[{"composition":1,"adsorption":117.921,"InChIKey":"XLYOFNOQVPJJNP-UHFFFAOYSA-N"}]},{"pressure":1.0036,"total_adsorption":161.618,"species_data":[{"composition":1,"adsorption":161.618,"InChIKey":"XLYOFNOQVPJJNP-UHFFFAOYSA-N"}]}],"temperature":378,"articleSource":"UNKNOWN","compositionType":"molefraction","adsorbates":[{"name":"Water","InChIKey":"XLYOFNOQVPJJNP-UHFFFAOYSA-N"}],"adsorptionUnits":"Molecules Adsorbed","date":"1000-01-01","category":"","digitizer":"UNKNOWN","pressureUnits":"bar","DOI":"10.1021/Jp902520p","adsorbent":{"name":"Zeolite NaA-4","hashkey":"NIST-MATDB-32fed4a4e6dbda973a9ccc13f93f6d82"},"concentrationUnits":"","filename":"10.1021Jp902520p.isotherm3","isotherm_type":""}