{"isotherm_data":[{"pressure":5.71e-5,"total_adsorption":0.31145,"species_data":[{"composition":1,"adsorption":0.31145,"InChIKey":"UHOVQNZJYSORNB-UHFFFAOYSA-N"}]},{"pressure":0.000114276,"total_adsorption":0.574046,"species_data":[{"composition":1,"adsorption":0.574046,"InChIKey":"UHOVQNZJYSORNB-UHFFFAOYSA-N"}]},{"pressure":0.000171414,"total_adsorption":0.653435,"species_data":[{"composition":1,"adsorption":0.653435,"InChIKey":"UHOVQNZJYSORNB-UHFFFAOYSA-N"}]},{"pressure":0.000514243,"total_adsorption":0.720611,"species_data":[{"composition":1,"adsorption":0.720611,"InChIKey":"UHOVQNZJYSORNB-UHFFFAOYSA-N"}]},{"pressure":0.000799934,"total_adsorption":0.732824,"species_data":[{"composition":1,"adsorption":0.732824,"InChIKey":"UHOVQNZJYSORNB-UHFFFAOYSA-N"}]},{"pressure":0.00102849,"total_adsorption":0.757252,"species_data":[{"composition":1,"adsorption":0.757252,"InChIKey":"UHOVQNZJYSORNB-UHFFFAOYSA-N"}]},{"pressure":0.00108562,"total_adsorption":0.928244,"species_data":[{"composition":1,"adsorption":0.928244,"InChIKey":"UHOVQNZJYSORNB-UHFFFAOYSA-N"}]},{"pressure":0.00114276,"total_adsorption":1.05649,"species_data":[{"composition":1,"adsorption":1.05649,"InChIKey":"UHOVQNZJYSORNB-UHFFFAOYSA-N"}]},{"pressure":0.00125704,"total_adsorption":1.22137,"species_data":[{"composition":1,"adsorption":1.22137,"InChIKey":"UHOVQNZJYSORNB-UHFFFAOYSA-N"}]},{"pressure":0.00137132,"total_adsorption":1.27023,"species_data":[{"composition":1,"adsorption":1.27023,"InChIKey":"UHOVQNZJYSORNB-UHFFFAOYSA-N"}]},{"pressure":0.00165701,"total_adsorption":1.30687,"species_data":[{"composition":1,"adsorption":1.30687,"InChIKey":"UHOVQNZJYSORNB-UHFFFAOYSA-N"}]},{"pressure":0.00205697,"total_adsorption":1.34351,"species_data":[{"composition":1,"adsorption":1.34351,"InChIKey":"UHOVQNZJYSORNB-UHFFFAOYSA-N"}]},{"pressure":0.00262836,"total_adsorption":1.35573,"species_data":[{"composition":1,"adsorption":1.35573,"InChIKey":"UHOVQNZJYSORNB-UHFFFAOYSA-N"}]},{"pressure":0.00319974,"total_adsorption":1.38015,"species_data":[{"composition":1,"adsorption":1.38015,"InChIKey":"UHOVQNZJYSORNB-UHFFFAOYSA-N"}]},{"pressure":0.00405681,"total_adsorption":1.39237,"species_data":[{"composition":1,"adsorption":1.39237,"InChIKey":"UHOVQNZJYSORNB-UHFFFAOYSA-N"}]},{"pressure":0.0055424,"total_adsorption":1.40458,"species_data":[{"composition":1,"adsorption":1.40458,"InChIKey":"UHOVQNZJYSORNB-UHFFFAOYSA-N"}]},{"pressure":0.00902783,"total_adsorption":1.42901,"species_data":[{"composition":1,"adsorption":1.42901,"InChIKey":"UHOVQNZJYSORNB-UHFFFAOYSA-N"}]},{"pressure":0.0135417,"total_adsorption":1.43511,"species_data":[{"composition":1,"adsorption":1.43511,"InChIKey":"UHOVQNZJYSORNB-UHFFFAOYSA-N"}]},{"pressure":0.0137132,"total_adsorption":1.45344,"species_data":[{"composition":1,"adsorption":1.45344,"InChIKey":"UHOVQNZJYSORNB-UHFFFAOYSA-N"}]}],"temperature":273,"articleSource":"UNKNOWN","compositionType":"molefraction","adsorbates":[{"name":"Benzene","InChIKey":"UHOVQNZJYSORNB-UHFFFAOYSA-N"}],"adsorptionUnits":"mmol/g","date":"1000-01-01","category":"","digitizer":"UNKNOWN","pressureUnits":"bar","DOI":"10.1039/B406051b","adsorbent":{"name":"Silicalite MFI","hashkey":"NIST-MATDB-5d0728ebc1e0053aa120288307a704c8"},"concentrationUnits":"","filename":"10.1039B406051b.Isotherm25","isotherm_type":""}