{"isotherm_data":[{"pressure":0.100577,"total_adsorption":5.16,"species_data":[{"composition":0.5,"adsorption":5.16,"InChIKey":"CURLTUGMZLYLDI-UHFFFAOYSA-N"}]},{"pressure":0.205968,"total_adsorption":5.9094,"species_data":[{"composition":0.5,"adsorption":5.9094,"InChIKey":"CURLTUGMZLYLDI-UHFFFAOYSA-N"}]},{"pressure":0.416965,"total_adsorption":6.6965,"species_data":[{"composition":0.5,"adsorption":6.6965,"InChIKey":"CURLTUGMZLYLDI-UHFFFAOYSA-N"}]},{"pressure":0.87438,"total_adsorption":7.4081,"species_data":[{"composition":0.5,"adsorption":7.4081,"InChIKey":"CURLTUGMZLYLDI-UHFFFAOYSA-N"}]},{"pressure":1.83316,"total_adsorption":8.3081,"species_data":[{"composition":0.5,"adsorption":8.3081,"InChIKey":"CURLTUGMZLYLDI-UHFFFAOYSA-N"}]},{"pressure":3.75232,"total_adsorption":9.6601,"species_data":[{"composition":0.5,"adsorption":9.6601,"InChIKey":"CURLTUGMZLYLDI-UHFFFAOYSA-N"}]},{"pressure":7.67715,"total_adsorption":11.2381,"species_data":[{"composition":0.5,"adsorption":11.2381,"InChIKey":"CURLTUGMZLYLDI-UHFFFAOYSA-N"}]},{"pressure":15.5239,"total_adsorption":13.0045,"species_data":[{"composition":0.5,"adsorption":13.0045,"InChIKey":"CURLTUGMZLYLDI-UHFFFAOYSA-N"}]},{"pressure":33.2966,"total_adsorption":14.4693,"species_data":[{"composition":0.5,"adsorption":14.4693,"InChIKey":"CURLTUGMZLYLDI-UHFFFAOYSA-N"}]},{"pressure":69.0081,"total_adsorption":15.2563,"species_data":[{"composition":0.5,"adsorption":15.2563,"InChIKey":"CURLTUGMZLYLDI-UHFFFAOYSA-N"}]}],"temperature":298,"articleSource":"Figure 4","compositionType":"molefraction","adsorbates":[{"name":"Carbon Dioxide","InChIKey":"CURLTUGMZLYLDI-UHFFFAOYSA-N"},{"name":"Methane","InChIKey":"VNWKTOKETHGBQD-UHFFFAOYSA-N"}],"adsorptionUnits":"mmol/g","date":"2017-07-14","category":"exp","digitizer":"Julia Chotoo","pressureUnits":"bar","DOI":"10.1021/jp3046356","adsorbent":{"name":"Mg-MOF-74","hashkey":"NIST-MATDB-f5e80ffaaaf05f4ed655664fd22defb9"},"concentrationUnits":"","filename":"10.1021jp3046356.Isotherm74","isotherm_type":""}