{"isotherm_data":[{"pressure":0.0126608,"total_adsorption":0.0225962,"species_data":[{"composition":1,"adsorption":0.0225962,"InChIKey":"OTMSDBZUPAUEDD-UHFFFAOYSA-N"}]},{"pressure":0.0520974,"total_adsorption":0.135272,"species_data":[{"composition":1,"adsorption":0.135272,"InChIKey":"OTMSDBZUPAUEDD-UHFFFAOYSA-N"}]},{"pressure":0.112661,"total_adsorption":0.298653,"species_data":[{"composition":1,"adsorption":0.298653,"InChIKey":"OTMSDBZUPAUEDD-UHFFFAOYSA-N"}]},{"pressure":0.150689,"total_adsorption":0.405695,"species_data":[{"composition":1,"adsorption":0.405695,"InChIKey":"OTMSDBZUPAUEDD-UHFFFAOYSA-N"}]},{"pressure":0.205619,"total_adsorption":0.552174,"species_data":[{"composition":1,"adsorption":0.552174,"InChIKey":"OTMSDBZUPAUEDD-UHFFFAOYSA-N"}]},{"pressure":0.254914,"total_adsorption":0.698653,"species_data":[{"composition":1,"adsorption":0.698653,"InChIKey":"OTMSDBZUPAUEDD-UHFFFAOYSA-N"}]},{"pressure":0.30421,"total_adsorption":0.856399,"species_data":[{"composition":1,"adsorption":0.856399,"InChIKey":"OTMSDBZUPAUEDD-UHFFFAOYSA-N"}]},{"pressure":0.357731,"total_adsorption":1.00288,"species_data":[{"composition":1,"adsorption":1.00288,"InChIKey":"OTMSDBZUPAUEDD-UHFFFAOYSA-N"}]},{"pressure":0.478858,"total_adsorption":1.34091,"species_data":[{"composition":1,"adsorption":1.34091,"InChIKey":"OTMSDBZUPAUEDD-UHFFFAOYSA-N"}]},{"pressure":0.549281,"total_adsorption":1.53809,"species_data":[{"composition":1,"adsorption":1.53809,"InChIKey":"OTMSDBZUPAUEDD-UHFFFAOYSA-N"}]},{"pressure":0.619703,"total_adsorption":1.724,"species_data":[{"composition":1,"adsorption":1.724,"InChIKey":"OTMSDBZUPAUEDD-UHFFFAOYSA-N"}]},{"pressure":0.690126,"total_adsorption":1.89865,"species_data":[{"composition":1,"adsorption":1.89865,"InChIKey":"OTMSDBZUPAUEDD-UHFFFAOYSA-N"}]},{"pressure":0.760548,"total_adsorption":2.0564,"species_data":[{"composition":1,"adsorption":2.0564,"InChIKey":"OTMSDBZUPAUEDD-UHFFFAOYSA-N"}]},{"pressure":0.832379,"total_adsorption":2.21415,"species_data":[{"composition":1,"adsorption":2.21415,"InChIKey":"OTMSDBZUPAUEDD-UHFFFAOYSA-N"}]},{"pressure":0.884492,"total_adsorption":2.31555,"species_data":[{"composition":1,"adsorption":2.31555,"InChIKey":"OTMSDBZUPAUEDD-UHFFFAOYSA-N"}]},{"pressure":0.932379,"total_adsorption":2.40569,"species_data":[{"composition":1,"adsorption":2.40569,"InChIKey":"OTMSDBZUPAUEDD-UHFFFAOYSA-N"}]}],"temperature":293,"articleSource":"UNKNOWN","compositionType":"molefraction","adsorbates":[{"name":"Ethane","InChIKey":"OTMSDBZUPAUEDD-UHFFFAOYSA-N"}],"adsorptionUnits":"mmol/g","date":"1000-01-01","category":"","digitizer":"UNKNOWN","pressureUnits":"bar","DOI":"10.1021/La401471g","adsorbent":{"name":"ZIF-8","hashkey":"NIST-MATDB-b2dc02871a66ac38e4b195796cf3e00b"},"concentrationUnits":"","filename":"10.1021La401471g.isotherm17","isotherm_type":""}