{"filename": "10.1016j.micromeso.2009.06.014.Isotherm25", "DOI": "10.1016/j.micromeso.2009.06.014", "articleSource": "UNKNOWN", "date": "1000-01-01", "digitizer": "UNKNOWN", "adsorbent": {"hashkey": "NIST-MATDB-1b4fff6cb48e3c544cb81776c1f1ac76", "name": "Soc-MOF"}, "adsorbates": [{"InChIKey": "CURLTUGMZLYLDI-UHFFFAOYSA-N", "name": "Carbon Dioxide"}], "category": "", "temperature": 298, "isotherm_type": "", "adsorptionUnits": "mmol/g", "pressureUnits": "bar", "compositionType": "molefraction", "concentrationUnits": "", "isotherm_data": [{"pressure": 0.32565, "total_adsorption": 0.682927, "species_data": [{"InChIKey": "CURLTUGMZLYLDI-UHFFFAOYSA-N", "composition": 1, "adsorption": 0.682927}]}, {"pressure": 0.652161, "total_adsorption": 1.21951, "species_data": [{"InChIKey": "CURLTUGMZLYLDI-UHFFFAOYSA-N", "composition": 1, "adsorption": 1.21951}]}, {"pressure": 0.732856, "total_adsorption": 1.5122, "species_data": [{"InChIKey": "CURLTUGMZLYLDI-UHFFFAOYSA-N", "composition": 1, "adsorption": 1.5122}]}, {"pressure": 1.22277, "total_adsorption": 2.29268, "species_data": [{"InChIKey": "CURLTUGMZLYLDI-UHFFFAOYSA-N", "composition": 1, "adsorption": 2.29268}]}, {"pressure": 1.71325, "total_adsorption": 2.97561, "species_data": [{"InChIKey": "CURLTUGMZLYLDI-UHFFFAOYSA-N", "composition": 1, "adsorption": 2.97561}]}, {"pressure": 2.28644, "total_adsorption": 3.60976, "species_data": [{"InChIKey": "CURLTUGMZLYLDI-UHFFFAOYSA-N", "composition": 1, "adsorption": 3.60976}]}, {"pressure": 2.6141, "total_adsorption": 3.95122, "species_data": [{"InChIKey": "CURLTUGMZLYLDI-UHFFFAOYSA-N", "composition": 1, "adsorption": 3.95122}]}, {"pressure": 3.76393, "total_adsorption": 4.63415, "species_data": [{"InChIKey": "CURLTUGMZLYLDI-UHFFFAOYSA-N", "composition": 1, "adsorption": 4.63415}]}, {"pressure": 3.9279, "total_adsorption": 4.78049, "species_data": [{"InChIKey": "CURLTUGMZLYLDI-UHFFFAOYSA-N", "composition": 1, "adsorption": 4.78049}]}, {"pressure": 4.91433, "total_adsorption": 5.21951, "species_data": [{"InChIKey": "CURLTUGMZLYLDI-UHFFFAOYSA-N", "composition": 1, "adsorption": 5.21951}]}, {"pressure": 6.47739, "total_adsorption": 5.70732, "species_data": [{"InChIKey": "CURLTUGMZLYLDI-UHFFFAOYSA-N", "composition": 1, "adsorption": 5.70732}]}, {"pressure": 7.95832, "total_adsorption": 6.14634, "species_data": [{"InChIKey": "CURLTUGMZLYLDI-UHFFFAOYSA-N", "composition": 1, "adsorption": 6.14634}]}, {"pressure": 9.60524, "total_adsorption": 6.39024, "species_data": [{"InChIKey": "CURLTUGMZLYLDI-UHFFFAOYSA-N", "composition": 1, "adsorption": 6.39024}]}, {"pressure": 16.1958, "total_adsorption": 6.87805, "species_data": [{"InChIKey": "CURLTUGMZLYLDI-UHFFFAOYSA-N", "composition": 1, "adsorption": 6.87805}]}, {"pressure": 20.6452, "total_adsorption": 7.07317, "species_data": [{"InChIKey": "CURLTUGMZLYLDI-UHFFFAOYSA-N", "composition": 1, "adsorption": 7.07317}]}, {"pressure": 25.9188, "total_adsorption": 7.26829, "species_data": [{"InChIKey": "CURLTUGMZLYLDI-UHFFFAOYSA-N", "composition": 1, "adsorption": 7.26829}]}]}