{"filename": "10.1038Nmat3343.Isotherm28", "DOI": "10.1038/Nmat3343", "articleSource": "UNKNOWN", "date": "1000-01-01", "digitizer": "UNKNOWN", "adsorbent": {"hashkey": "NIST-MATDB-8d651cf53aa2990d2cccb34177e624ff", "name": "NOTT-202a"}, "adsorbates": [{"InChIKey": "UFHFLCQGNIYNRP-UHFFFAOYSA-N", "name": "Hydrogen"}], "category": "", "temperature": 293, "isotherm_type": "", "adsorptionUnits": "mmol/g", "pressureUnits": "bar", "compositionType": "molefraction", "concentrationUnits": "", "isotherm_data": [{"pressure": 0.00704225, "total_adsorption": 0.00493395, "species_data": [{"InChIKey": "UFHFLCQGNIYNRP-UHFFFAOYSA-N", "composition": 1, "adsorption": 0.00493395}]}, {"pressure": 0.0211268, "total_adsorption": 0.0148019, "species_data": [{"InChIKey": "UFHFLCQGNIYNRP-UHFFFAOYSA-N", "composition": 1, "adsorption": 0.0148019}]}, {"pressure": 0.0399061, "total_adsorption": 0.0296154, "species_data": [{"InChIKey": "UFHFLCQGNIYNRP-UHFFFAOYSA-N", "composition": 1, "adsorption": 0.0296154}]}, {"pressure": 0.0586854, "total_adsorption": 0.0394599, "species_data": [{"InChIKey": "UFHFLCQGNIYNRP-UHFFFAOYSA-N", "composition": 1, "adsorption": 0.0394599}]}, {"pressure": 0.0774648, "total_adsorption": 0.0493045, "species_data": [{"InChIKey": "UFHFLCQGNIYNRP-UHFFFAOYSA-N", "composition": 1, "adsorption": 0.0493045}]}, {"pressure": 0.0985915, "total_adsorption": 0.0541685, "species_data": [{"InChIKey": "UFHFLCQGNIYNRP-UHFFFAOYSA-N", "composition": 1, "adsorption": 0.0541685}]}, {"pressure": 0.150235, "total_adsorption": 0.0638498, "species_data": [{"InChIKey": "UFHFLCQGNIYNRP-UHFFFAOYSA-N", "composition": 1, "adsorption": 0.0638498}]}, {"pressure": 0.199531, "total_adsorption": 0.0735427, "species_data": [{"InChIKey": "UFHFLCQGNIYNRP-UHFFFAOYSA-N", "composition": 1, "adsorption": 0.0735427}]}, {"pressure": 0.248826, "total_adsorption": 0.0732978, "species_data": [{"InChIKey": "UFHFLCQGNIYNRP-UHFFFAOYSA-N", "composition": 1, "adsorption": 0.0732978}]}, {"pressure": 0.302817, "total_adsorption": 0.0829674, "species_data": [{"InChIKey": "UFHFLCQGNIYNRP-UHFFFAOYSA-N", "composition": 1, "adsorption": 0.0829674}]}, {"pressure": 0.349765, "total_adsorption": 0.087703, "species_data": [{"InChIKey": "UFHFLCQGNIYNRP-UHFFFAOYSA-N", "composition": 1, "adsorption": 0.087703}]}, {"pressure": 0.401408, "total_adsorption": 0.0874464, "species_data": [{"InChIKey": "UFHFLCQGNIYNRP-UHFFFAOYSA-N", "composition": 1, "adsorption": 0.0874464}]}, {"pressure": 0.450704, "total_adsorption": 0.0971394, "species_data": [{"InChIKey": "UFHFLCQGNIYNRP-UHFFFAOYSA-N", "composition": 1, "adsorption": 0.0971394}]}, {"pressure": 0.502347, "total_adsorption": 0.101852, "species_data": [{"InChIKey": "UFHFLCQGNIYNRP-UHFFFAOYSA-N", "composition": 1, "adsorption": 0.101852}]}, {"pressure": 0.549296, "total_adsorption": 0.101618, "species_data": [{"InChIKey": "UFHFLCQGNIYNRP-UHFFFAOYSA-N", "composition": 1, "adsorption": 0.101618}]}, {"pressure": 0.598592, "total_adsorption": 0.106342, "species_data": [{"InChIKey": "UFHFLCQGNIYNRP-UHFFFAOYSA-N", "composition": 1, "adsorption": 0.106342}]}, {"pressure": 0.650235, "total_adsorption": 0.116024, "species_data": [{"InChIKey": "UFHFLCQGNIYNRP-UHFFFAOYSA-N", "composition": 1, "adsorption": 0.116024}]}, {"pressure": 0.699531, "total_adsorption": 0.120748, "species_data": [{"InChIKey": "UFHFLCQGNIYNRP-UHFFFAOYSA-N", "composition": 1, "adsorption": 0.120748}]}, {"pressure": 0.748826, "total_adsorption": 0.120503, "species_data": [{"InChIKey": "UFHFLCQGNIYNRP-UHFFFAOYSA-N", "composition": 1, "adsorption": 0.120503}]}, {"pressure": 0.800469, "total_adsorption": 0.120246, "species_data": [{"InChIKey": "UFHFLCQGNIYNRP-UHFFFAOYSA-N", "composition": 1, "adsorption": 0.120246}]}, {"pressure": 0.849765, "total_adsorption": 0.12497, "species_data": [{"InChIKey": "UFHFLCQGNIYNRP-UHFFFAOYSA-N", "composition": 1, "adsorption": 0.12497}]}, {"pressure": 0.899061, "total_adsorption": 0.134663, "species_data": [{"InChIKey": "UFHFLCQGNIYNRP-UHFFFAOYSA-N", "composition": 1, "adsorption": 0.134663}]}, {"pressure": 0.943662, "total_adsorption": 0.134441, "species_data": [{"InChIKey": "UFHFLCQGNIYNRP-UHFFFAOYSA-N", "composition": 1, "adsorption": 0.134441}]}, {"pressure": 0.995305, "total_adsorption": 0.139154, "species_data": [{"InChIKey": "UFHFLCQGNIYNRP-UHFFFAOYSA-N", "composition": 1, "adsorption": 0.139154}]}]}