{"filename": "10.1021La202924y.Isotherm12", "DOI": "10.1021/La202924y", "articleSource": "UNKNOWN", "date": "1000-01-01", "digitizer": "UNKNOWN", "adsorbent": {"hashkey": "NIST-MATDB-4ad9ba9a1dee333470c2f5e45ad5bcf3", "name": "CuBTC/Graphite Oxide"}, "adsorbates": [{"InChIKey": "QGZKDVFQNNGYKY-UHFFFAOYSA-N", "name": "Ammonia"}], "category": "", "temperature": 348, "isotherm_type": "", "adsorptionUnits": "mmol/g", "pressureUnits": "bar", "compositionType": "molefraction", "concentrationUnits": "", "isotherm_data": [{"pressure": 0.012411, "total_adsorption": 1.62037, "species_data": [{"InChIKey": "QGZKDVFQNNGYKY-UHFFFAOYSA-N", "composition": 1, "adsorption": 1.62037}]}, {"pressure": 0.0185931, "total_adsorption": 2.31481, "species_data": [{"InChIKey": "QGZKDVFQNNGYKY-UHFFFAOYSA-N", "composition": 1, "adsorption": 2.31481}]}, {"pressure": 0.0278337, "total_adsorption": 3.19444, "species_data": [{"InChIKey": "QGZKDVFQNNGYKY-UHFFFAOYSA-N", "composition": 1, "adsorption": 3.19444}]}, {"pressure": 0.049103, "total_adsorption": 3.7963, "species_data": [{"InChIKey": "QGZKDVFQNNGYKY-UHFFFAOYSA-N", "composition": 1, "adsorption": 3.7963}]}, {"pressure": 0.0914923, "total_adsorption": 4.25926, "species_data": [{"InChIKey": "QGZKDVFQNNGYKY-UHFFFAOYSA-N", "composition": 1, "adsorption": 4.25926}]}, {"pressure": 0.13087, "total_adsorption": 4.76852, "species_data": [{"InChIKey": "QGZKDVFQNNGYKY-UHFFFAOYSA-N", "composition": 1, "adsorption": 4.76852}]}, {"pressure": 0.197382, "total_adsorption": 5, "species_data": [{"InChIKey": "QGZKDVFQNNGYKY-UHFFFAOYSA-N", "composition": 1, "adsorption": 5}]}, {"pressure": 0.266915, "total_adsorption": 5.23148, "species_data": [{"InChIKey": "QGZKDVFQNNGYKY-UHFFFAOYSA-N", "composition": 1, "adsorption": 5.23148}]}, {"pressure": 0.330396, "total_adsorption": 5.41667, "species_data": [{"InChIKey": "QGZKDVFQNNGYKY-UHFFFAOYSA-N", "composition": 1, "adsorption": 5.41667}]}, {"pressure": 0.399901, "total_adsorption": 5.50926, "species_data": [{"InChIKey": "QGZKDVFQNNGYKY-UHFFFAOYSA-N", "composition": 1, "adsorption": 5.50926}]}, {"pressure": 0.466376, "total_adsorption": 5.55556, "species_data": [{"InChIKey": "QGZKDVFQNNGYKY-UHFFFAOYSA-N", "composition": 1, "adsorption": 5.55556}]}, {"pressure": 0.535881, "total_adsorption": 5.64815, "species_data": [{"InChIKey": "QGZKDVFQNNGYKY-UHFFFAOYSA-N", "composition": 1, "adsorption": 5.64815}]}, {"pressure": 0.593311, "total_adsorption": 5.78704, "species_data": [{"InChIKey": "QGZKDVFQNNGYKY-UHFFFAOYSA-N", "composition": 1, "adsorption": 5.78704}]}, {"pressure": 0.66883, "total_adsorption": 5.74074, "species_data": [{"InChIKey": "QGZKDVFQNNGYKY-UHFFFAOYSA-N", "composition": 1, "adsorption": 5.74074}]}, {"pressure": 0.729272, "total_adsorption": 5.83333, "species_data": [{"InChIKey": "QGZKDVFQNNGYKY-UHFFFAOYSA-N", "composition": 1, "adsorption": 5.83333}]}, {"pressure": 0.804819, "total_adsorption": 5.92593, "species_data": [{"InChIKey": "QGZKDVFQNNGYKY-UHFFFAOYSA-N", "composition": 1, "adsorption": 5.92593}]}, {"pressure": 0.862211, "total_adsorption": 5.87963, "species_data": [{"InChIKey": "QGZKDVFQNNGYKY-UHFFFAOYSA-N", "composition": 1, "adsorption": 5.87963}]}, {"pressure": 0.937759, "total_adsorption": 5.97222, "species_data": [{"InChIKey": "QGZKDVFQNNGYKY-UHFFFAOYSA-N", "composition": 1, "adsorption": 5.97222}]}, {"pressure": 0.992149, "total_adsorption": 6.01852, "species_data": [{"InChIKey": "QGZKDVFQNNGYKY-UHFFFAOYSA-N", "composition": 1, "adsorption": 6.01852}]}, {"pressure": 1.0677, "total_adsorption": 6.11111, "species_data": [{"InChIKey": "QGZKDVFQNNGYKY-UHFFFAOYSA-N", "composition": 1, "adsorption": 6.11111}]}, {"pressure": 1.13121, "total_adsorption": 6.43519, "species_data": [{"InChIKey": "QGZKDVFQNNGYKY-UHFFFAOYSA-N", "composition": 1, "adsorption": 6.43519}]}]}