{"filename": "10.1016j.micromeso.2011.11.039.Isotherm3", "DOI": "10.1016/j.micromeso.2011.11.039", "articleSource": "UNKNOWN", "date": "1000-01-01", "digitizer": "UNKNOWN", "adsorbent": {"hashkey": "NIST-MATDB-991daf7313251e7e607e2bab2da57e33", "name": "CuBTC"}, "adsorbates": [{"InChIKey": "IJGRMHOSHXDMSA-UHFFFAOYSA-N", "name": "Nitrogen"}], "category": "", "temperature": 77, "isotherm_type": "", "adsorptionUnits": "cm3(STP)/g", "pressureUnits": "bar", "compositionType": "molefraction", "concentrationUnits": "", "isotherm_data": [{"pressure": 0.00308324, "total_adsorption": 314.189, "species_data": [{"InChIKey": "IJGRMHOSHXDMSA-UHFFFAOYSA-N", "composition": 1, "adsorption": 314.189}]}, {"pressure": 0.00324238, "total_adsorption": 330.405, "species_data": [{"InChIKey": "IJGRMHOSHXDMSA-UHFFFAOYSA-N", "composition": 1, "adsorption": 330.405}]}, {"pressure": 0.00350097, "total_adsorption": 356.757, "species_data": [{"InChIKey": "IJGRMHOSHXDMSA-UHFFFAOYSA-N", "composition": 1, "adsorption": 356.757}]}, {"pressure": 0.00736, "total_adsorption": 300, "species_data": [{"InChIKey": "IJGRMHOSHXDMSA-UHFFFAOYSA-N", "composition": 1, "adsorption": 300}]}, {"pressure": 0.021344, "total_adsorption": 375, "species_data": [{"InChIKey": "IJGRMHOSHXDMSA-UHFFFAOYSA-N", "composition": 1, "adsorption": 375}]}, {"pressure": 0.0523754, "total_adsorption": 387.162, "species_data": [{"InChIKey": "IJGRMHOSHXDMSA-UHFFFAOYSA-N", "composition": 1, "adsorption": 387.162}]}, {"pressure": 0.0701786, "total_adsorption": 401.351, "species_data": [{"InChIKey": "IJGRMHOSHXDMSA-UHFFFAOYSA-N", "composition": 1, "adsorption": 401.351}]}, {"pressure": 0.132142, "total_adsorption": 415.541, "species_data": [{"InChIKey": "IJGRMHOSHXDMSA-UHFFFAOYSA-N", "composition": 1, "adsorption": 415.541}]}, {"pressure": 0.180778, "total_adsorption": 421.622, "species_data": [{"InChIKey": "IJGRMHOSHXDMSA-UHFFFAOYSA-N", "composition": 1, "adsorption": 421.622}]}, {"pressure": 0.220581, "total_adsorption": 427.703, "species_data": [{"InChIKey": "IJGRMHOSHXDMSA-UHFFFAOYSA-N", "composition": 1, "adsorption": 427.703}]}, {"pressure": 0.260345, "total_adsorption": 429.73, "species_data": [{"InChIKey": "IJGRMHOSHXDMSA-UHFFFAOYSA-N", "composition": 1, "adsorption": 429.73}]}, {"pressure": 0.291277, "total_adsorption": 431.757, "species_data": [{"InChIKey": "IJGRMHOSHXDMSA-UHFFFAOYSA-N", "composition": 1, "adsorption": 431.757}]}, {"pressure": 0.344309, "total_adsorption": 435.811, "species_data": [{"InChIKey": "IJGRMHOSHXDMSA-UHFFFAOYSA-N", "composition": 1, "adsorption": 435.811}]}, {"pressure": 0.401717, "total_adsorption": 435.811, "species_data": [{"InChIKey": "IJGRMHOSHXDMSA-UHFFFAOYSA-N", "composition": 1, "adsorption": 435.811}]}, {"pressure": 0.459165, "total_adsorption": 439.865, "species_data": [{"InChIKey": "IJGRMHOSHXDMSA-UHFFFAOYSA-N", "composition": 1, "adsorption": 439.865}]}, {"pressure": 0.48568, "total_adsorption": 441.892, "species_data": [{"InChIKey": "IJGRMHOSHXDMSA-UHFFFAOYSA-N", "composition": 1, "adsorption": 441.892}]}, {"pressure": 0.543088, "total_adsorption": 441.892, "species_data": [{"InChIKey": "IJGRMHOSHXDMSA-UHFFFAOYSA-N", "composition": 1, "adsorption": 441.892}]}, {"pressure": 0.57402, "total_adsorption": 443.919, "species_data": [{"InChIKey": "IJGRMHOSHXDMSA-UHFFFAOYSA-N", "composition": 1, "adsorption": 443.919}]}, {"pressure": 0.61818, "total_adsorption": 443.919, "species_data": [{"InChIKey": "IJGRMHOSHXDMSA-UHFFFAOYSA-N", "composition": 1, "adsorption": 443.919}]}, {"pressure": 0.657924, "total_adsorption": 443.919, "species_data": [{"InChIKey": "IJGRMHOSHXDMSA-UHFFFAOYSA-N", "composition": 1, "adsorption": 443.919}]}, {"pressure": 0.70652, "total_adsorption": 445.946, "species_data": [{"InChIKey": "IJGRMHOSHXDMSA-UHFFFAOYSA-N", "composition": 1, "adsorption": 445.946}]}, {"pressure": 0.746264, "total_adsorption": 445.946, "species_data": [{"InChIKey": "IJGRMHOSHXDMSA-UHFFFAOYSA-N", "composition": 1, "adsorption": 445.946}]}, {"pressure": 0.808108, "total_adsorption": 447.973, "species_data": [{"InChIKey": "IJGRMHOSHXDMSA-UHFFFAOYSA-N", "composition": 1, "adsorption": 447.973}]}, {"pressure": 0.8611, "total_adsorption": 447.973, "species_data": [{"InChIKey": "IJGRMHOSHXDMSA-UHFFFAOYSA-N", "composition": 1, "adsorption": 447.973}]}, {"pressure": 0.878764, "total_adsorption": 447.973, "species_data": [{"InChIKey": "IJGRMHOSHXDMSA-UHFFFAOYSA-N", "composition": 1, "adsorption": 447.973}]}, {"pressure": 0.931796, "total_adsorption": 452.027, "species_data": [{"InChIKey": "IJGRMHOSHXDMSA-UHFFFAOYSA-N", "composition": 1, "adsorption": 452.027}]}, {"pressure": 0.958332, "total_adsorption": 456.081, "species_data": [{"InChIKey": "IJGRMHOSHXDMSA-UHFFFAOYSA-N", "composition": 1, "adsorption": 456.081}]}, {"pressure": 0.980511, "total_adsorption": 466.216, "species_data": [{"InChIKey": "IJGRMHOSHXDMSA-UHFFFAOYSA-N", "composition": 1, "adsorption": 466.216}]}]}