{"isotherm_data":[{"pressure":0.120224,"total_adsorption":3.97678,"species_data":[{"composition":1,"adsorption":3.97678,"InChIKey":"CURLTUGMZLYLDI-UHFFFAOYSA-N"}]},{"pressure":0.161053,"total_adsorption":5.47008,"species_data":[{"composition":1,"adsorption":5.47008,"InChIKey":"CURLTUGMZLYLDI-UHFFFAOYSA-N"}]},{"pressure":0.19281,"total_adsorption":6.46347,"species_data":[{"composition":1,"adsorption":6.46347,"InChIKey":"CURLTUGMZLYLDI-UHFFFAOYSA-N"}]},{"pressure":0.226838,"total_adsorption":7.45579,"species_data":[{"composition":1,"adsorption":7.45579,"InChIKey":"CURLTUGMZLYLDI-UHFFFAOYSA-N"}]},{"pressure":0.285821,"total_adsorption":8.94051,"species_data":[{"composition":1,"adsorption":8.94051,"InChIKey":"CURLTUGMZLYLDI-UHFFFAOYSA-N"}]},{"pressure":0.319836,"total_adsorption":10.9412,"species_data":[{"composition":1,"adsorption":10.9412,"InChIKey":"CURLTUGMZLYLDI-UHFFFAOYSA-N"}]},{"pressure":0.344792,"total_adsorption":11.4336,"species_data":[{"composition":1,"adsorption":11.4336,"InChIKey":"CURLTUGMZLYLDI-UHFFFAOYSA-N"}]},{"pressure":0.378807,"total_adsorption":13.4344,"species_data":[{"composition":1,"adsorption":13.4344,"InChIKey":"CURLTUGMZLYLDI-UHFFFAOYSA-N"}]},{"pressure":0.408301,"total_adsorption":13.9246,"species_data":[{"composition":1,"adsorption":13.9246,"InChIKey":"CURLTUGMZLYLDI-UHFFFAOYSA-N"}]},{"pressure":0.442335,"total_adsorption":14.4127,"species_data":[{"composition":1,"adsorption":14.4127,"InChIKey":"CURLTUGMZLYLDI-UHFFFAOYSA-N"}]},{"pressure":0.471811,"total_adsorption":16.4156,"species_data":[{"composition":1,"adsorption":16.4156,"InChIKey":"CURLTUGMZLYLDI-UHFFFAOYSA-N"}]},{"pressure":0.5013,"total_adsorption":17.4101,"species_data":[{"composition":1,"adsorption":17.4101,"InChIKey":"CURLTUGMZLYLDI-UHFFFAOYSA-N"}]},{"pressure":0.535327,"total_adsorption":18.4024,"species_data":[{"composition":1,"adsorption":18.4024,"InChIKey":"CURLTUGMZLYLDI-UHFFFAOYSA-N"}]},{"pressure":0.564803,"total_adsorption":20.4053,"species_data":[{"composition":1,"adsorption":20.4053,"InChIKey":"CURLTUGMZLYLDI-UHFFFAOYSA-N"}]},{"pressure":0.594291,"total_adsorption":21.3997,"species_data":[{"composition":1,"adsorption":21.3997,"InChIKey":"CURLTUGMZLYLDI-UHFFFAOYSA-N"}]},{"pressure":0.626043,"total_adsorption":22.8973,"species_data":[{"composition":1,"adsorption":22.8973,"InChIKey":"CURLTUGMZLYLDI-UHFFFAOYSA-N"}]},{"pressure":0.660064,"total_adsorption":24.3939,"species_data":[{"composition":1,"adsorption":24.3939,"InChIKey":"CURLTUGMZLYLDI-UHFFFAOYSA-N"}]},{"pressure":0.689565,"total_adsorption":24.3799,"species_data":[{"composition":1,"adsorption":24.3799,"InChIKey":"CURLTUGMZLYLDI-UHFFFAOYSA-N"}]},{"pressure":0.721304,"total_adsorption":26.8859,"species_data":[{"composition":1,"adsorption":26.8859,"InChIKey":"CURLTUGMZLYLDI-UHFFFAOYSA-N"}]},{"pressure":0.753062,"total_adsorption":27.8793,"species_data":[{"composition":1,"adsorption":27.8793,"InChIKey":"CURLTUGMZLYLDI-UHFFFAOYSA-N"}]},{"pressure":0.78255,"total_adsorption":28.8738,"species_data":[{"composition":1,"adsorption":28.8738,"InChIKey":"CURLTUGMZLYLDI-UHFFFAOYSA-N"}]},{"pressure":0.816571,"total_adsorption":30.3703,"species_data":[{"composition":1,"adsorption":30.3703,"InChIKey":"CURLTUGMZLYLDI-UHFFFAOYSA-N"}]},{"pressure":0.846053,"total_adsorption":31.869,"species_data":[{"composition":1,"adsorption":31.869,"InChIKey":"CURLTUGMZLYLDI-UHFFFAOYSA-N"}]},{"pressure":0.877811,"total_adsorption":32.8623,"species_data":[{"composition":1,"adsorption":32.8623,"InChIKey":"CURLTUGMZLYLDI-UHFFFAOYSA-N"}]},{"pressure":0.909569,"total_adsorption":33.8557,"species_data":[{"composition":1,"adsorption":33.8557,"InChIKey":"CURLTUGMZLYLDI-UHFFFAOYSA-N"}]},{"pressure":0.941321,"total_adsorption":35.3533,"species_data":[{"composition":1,"adsorption":35.3533,"InChIKey":"CURLTUGMZLYLDI-UHFFFAOYSA-N"}]},{"pressure":0.968527,"total_adsorption":37.3573,"species_data":[{"composition":1,"adsorption":37.3573,"InChIKey":"CURLTUGMZLYLDI-UHFFFAOYSA-N"}]},{"pressure":1.00255,"total_adsorption":38.8538,"species_data":[{"composition":1,"adsorption":38.8538,"InChIKey":"CURLTUGMZLYLDI-UHFFFAOYSA-N"}]},{"pressure":1.03658,"total_adsorption":39.3419,"species_data":[{"composition":1,"adsorption":39.3419,"InChIKey":"CURLTUGMZLYLDI-UHFFFAOYSA-N"}]},{"pressure":1.06833,"total_adsorption":41.3437,"species_data":[{"composition":1,"adsorption":41.3437,"InChIKey":"CURLTUGMZLYLDI-UHFFFAOYSA-N"}]}],"temperature":296,"articleSource":"UNKNOWN","compositionType":"molefraction","adsorbates":[{"name":"Carbon Dioxide","InChIKey":"CURLTUGMZLYLDI-UHFFFAOYSA-N"}],"adsorptionUnits":"cm3(STP)/cm3","date":"1000-01-01","category":"","digitizer":"UNKNOWN","pressureUnits":"bar","DOI":"10.1038/Ncomms1956","adsorbent":{"name":"Zn(bdc)(dabco)","hashkey":"NIST-MATDB-5f09c45f8cf234c9960b61d5bfa81a20"},"concentrationUnits":"","filename":"10.1038Ncomms1956.Isotherm10","isotherm_type":""}