{"isotherm_data":[{"pressure":0.00914077,"total_adsorption":342.23,"species_data":[{"composition":1,"adsorption":342.23,"InChIKey":"IJGRMHOSHXDMSA-UHFFFAOYSA-N"}]},{"pressure":0.0197303,"total_adsorption":537.477,"species_data":[{"composition":1,"adsorption":537.477,"InChIKey":"IJGRMHOSHXDMSA-UHFFFAOYSA-N"}]},{"pressure":0.0775998,"total_adsorption":653.748,"species_data":[{"composition":1,"adsorption":653.748,"InChIKey":"IJGRMHOSHXDMSA-UHFFFAOYSA-N"}]},{"pressure":0.155375,"total_adsorption":791.956,"species_data":[{"composition":1,"adsorption":791.956,"InChIKey":"IJGRMHOSHXDMSA-UHFFFAOYSA-N"}]},{"pressure":0.263506,"total_adsorption":914.808,"species_data":[{"composition":1,"adsorption":914.808,"InChIKey":"IJGRMHOSHXDMSA-UHFFFAOYSA-N"}]},{"pressure":0.406993,"total_adsorption":991.59,"species_data":[{"composition":1,"adsorption":991.59,"InChIKey":"IJGRMHOSHXDMSA-UHFFFAOYSA-N"}]},{"pressure":0.609595,"total_adsorption":1026.69,"species_data":[{"composition":1,"adsorption":1026.69,"InChIKey":"IJGRMHOSHXDMSA-UHFFFAOYSA-N"}]},{"pressure":0.813223,"total_adsorption":1042.05,"species_data":[{"composition":1,"adsorption":1042.05,"InChIKey":"IJGRMHOSHXDMSA-UHFFFAOYSA-N"}]},{"pressure":1.01415,"total_adsorption":1061.79,"species_data":[{"composition":1,"adsorption":1061.79,"InChIKey":"IJGRMHOSHXDMSA-UHFFFAOYSA-N"}]}],"temperature":77,"articleSource":"UNKNOWN","compositionType":"molefraction","adsorbates":[{"name":"Nitrogen","InChIKey":"IJGRMHOSHXDMSA-UHFFFAOYSA-N"}],"adsorptionUnits":"cm3(STP)/g","date":"1000-01-01","category":"","digitizer":"UNKNOWN","pressureUnits":"bar","DOI":"10.1039/C2ee22769j","adsorbent":{"name":"Carbon","hashkey":"NIST-MATDB-453276ee992ed07dc207ed08b2b221ce"},"concentrationUnits":"","filename":"10.1039C2ee22769j.isotherm7","isotherm_type":""}