{"isotherm_data":[{"pressure":0.0245636,"total_adsorption":6.72534,"species_data":[{"composition":1,"adsorption":6.72534,"InChIKey":"UFHFLCQGNIYNRP-UHFFFAOYSA-N"}]},{"pressure":0.0429864,"total_adsorption":12.2289,"species_data":[{"composition":1,"adsorption":12.2289,"InChIKey":"UFHFLCQGNIYNRP-UHFFFAOYSA-N"}]},{"pressure":0.06755,"total_adsorption":20.1797,"species_data":[{"composition":1,"adsorption":20.1797,"InChIKey":"UFHFLCQGNIYNRP-UHFFFAOYSA-N"}]},{"pressure":0.0921136,"total_adsorption":26.2923,"species_data":[{"composition":1,"adsorption":26.2923,"InChIKey":"UFHFLCQGNIYNRP-UHFFFAOYSA-N"}]},{"pressure":0.104395,"total_adsorption":30.5741,"species_data":[{"composition":1,"adsorption":30.5741,"InChIKey":"UFHFLCQGNIYNRP-UHFFFAOYSA-N"}]},{"pressure":0.150452,"total_adsorption":37.8992,"species_data":[{"composition":1,"adsorption":37.8992,"InChIKey":"UFHFLCQGNIYNRP-UHFFFAOYSA-N"}]},{"pressure":0.196509,"total_adsorption":47.6753,"species_data":[{"composition":1,"adsorption":47.6753,"InChIKey":"UFHFLCQGNIYNRP-UHFFFAOYSA-N"}]},{"pressure":0.264059,"total_adsorption":58.6638,"species_data":[{"composition":1,"adsorption":58.6638,"InChIKey":"UFHFLCQGNIYNRP-UHFFFAOYSA-N"}]},{"pressure":0.307045,"total_adsorption":64.7653,"species_data":[{"composition":1,"adsorption":64.7653,"InChIKey":"UFHFLCQGNIYNRP-UHFFFAOYSA-N"}]},{"pressure":0.356173,"total_adsorption":73.314,"species_data":[{"composition":1,"adsorption":73.314,"InChIKey":"UFHFLCQGNIYNRP-UHFFFAOYSA-N"}]},{"pressure":0.4053,"total_adsorption":80.6373,"species_data":[{"composition":1,"adsorption":80.6373,"InChIKey":"UFHFLCQGNIYNRP-UHFFFAOYSA-N"}]},{"pressure":0.457498,"total_adsorption":86.1204,"species_data":[{"composition":1,"adsorption":86.1204,"InChIKey":"UFHFLCQGNIYNRP-UHFFFAOYSA-N"}]},{"pressure":0.506625,"total_adsorption":92.8309,"species_data":[{"composition":1,"adsorption":92.8309,"InChIKey":"UFHFLCQGNIYNRP-UHFFFAOYSA-N"}]},{"pressure":0.558823,"total_adsorption":98.314,"species_data":[{"composition":1,"adsorption":98.314,"InChIKey":"UFHFLCQGNIYNRP-UHFFFAOYSA-N"}]},{"pressure":0.60795,"total_adsorption":103.799,"species_data":[{"composition":1,"adsorption":103.799,"InChIKey":"UFHFLCQGNIYNRP-UHFFFAOYSA-N"}]},{"pressure":0.657077,"total_adsorption":108.059,"species_data":[{"composition":1,"adsorption":108.059,"InChIKey":"UFHFLCQGNIYNRP-UHFFFAOYSA-N"}]},{"pressure":0.712345,"total_adsorption":112.927,"species_data":[{"composition":1,"adsorption":112.927,"InChIKey":"UFHFLCQGNIYNRP-UHFFFAOYSA-N"}]},{"pressure":0.761473,"total_adsorption":117.187,"species_data":[{"composition":1,"adsorption":117.187,"InChIKey":"UFHFLCQGNIYNRP-UHFFFAOYSA-N"}]},{"pressure":0.81367,"total_adsorption":122.057,"species_data":[{"composition":1,"adsorption":122.057,"InChIKey":"UFHFLCQGNIYNRP-UHFFFAOYSA-N"}]},{"pressure":0.862798,"total_adsorption":126.316,"species_data":[{"composition":1,"adsorption":126.316,"InChIKey":"UFHFLCQGNIYNRP-UHFFFAOYSA-N"}]},{"pressure":0.908855,"total_adsorption":129.352,"species_data":[{"composition":1,"adsorption":129.352,"InChIKey":"UFHFLCQGNIYNRP-UHFFFAOYSA-N"}]},{"pressure":0.970264,"total_adsorption":134.217,"species_data":[{"composition":1,"adsorption":134.217,"InChIKey":"UFHFLCQGNIYNRP-UHFFFAOYSA-N"}]},{"pressure":1.01325,"total_adsorption":136.642,"species_data":[{"composition":1,"adsorption":136.642,"InChIKey":"UFHFLCQGNIYNRP-UHFFFAOYSA-N"}]}],"temperature":87,"articleSource":"UNKNOWN","compositionType":"molefraction","adsorbates":[{"name":"Hydrogen","InChIKey":"UFHFLCQGNIYNRP-UHFFFAOYSA-N"}],"adsorptionUnits":"cm3(STP)/g","date":"1000-01-01","category":"","digitizer":"UNKNOWN","pressureUnits":"bar","DOI":"10.1002/chem.201303086","adsorbent":{"name":"SNU-151'","hashkey":"NIST-MATDB-e33038a31023858d56e771675539401d"},"concentrationUnits":"","filename":"10.1002chem.201303086.Isotherm7","isotherm_type":""}