{"filename": "10.1039C4ra06295g.Isotherm20", "DOI": "10.1039/C4ra06295g", "articleSource": "UNKNOWN", "date": "1000-01-01", "digitizer": "UNKNOWN", "adsorbent": {"hashkey": "NIST-MATDB-e69a0e3a0eb6415cdbaf74d01be60a52", "name": "UiO-67 (5:1)"}, "adsorbates": [{"InChIKey": "UFHFLCQGNIYNRP-UHFFFAOYSA-N", "name": "Hydrogen"}], "category": "", "temperature": 298, "isotherm_type": "", "adsorptionUnits": "wt%", "pressureUnits": "bar", "compositionType": "molefraction", "concentrationUnits": "", "isotherm_data": [{"pressure": 0.298341, "total_adsorption": 0.263027, "species_data": [{"InChIKey": "UFHFLCQGNIYNRP-UHFFFAOYSA-N", "composition": 1, "adsorption": 0.263027}]}, {"pressure": 0.592623, "total_adsorption": 0.631319, "species_data": [{"InChIKey": "UFHFLCQGNIYNRP-UHFFFAOYSA-N", "composition": 1, "adsorption": 0.631319}]}, {"pressure": 0.889949, "total_adsorption": 0.920662, "species_data": [{"InChIKey": "UFHFLCQGNIYNRP-UHFFFAOYSA-N", "composition": 1, "adsorption": 0.920662}]}, {"pressure": 1.46126, "total_adsorption": 2.10462, "species_data": [{"InChIKey": "UFHFLCQGNIYNRP-UHFFFAOYSA-N", "composition": 1, "adsorption": 2.10462}]}, {"pressure": 2.06606, "total_adsorption": 2.42015, "species_data": [{"InChIKey": "UFHFLCQGNIYNRP-UHFFFAOYSA-N", "composition": 1, "adsorption": 2.42015}]}, {"pressure": 4.19402, "total_adsorption": 3.235, "species_data": [{"InChIKey": "UFHFLCQGNIYNRP-UHFFFAOYSA-N", "composition": 1, "adsorption": 3.235}]}, {"pressure": 7.86747, "total_adsorption": 3.97023, "species_data": [{"InChIKey": "UFHFLCQGNIYNRP-UHFFFAOYSA-N", "composition": 1, "adsorption": 3.97023}]}, {"pressure": 11.5521, "total_adsorption": 4.41599, "species_data": [{"InChIKey": "UFHFLCQGNIYNRP-UHFFFAOYSA-N", "composition": 1, "adsorption": 4.41599}]}, {"pressure": 18.9355, "total_adsorption": 4.93906, "species_data": [{"InChIKey": "UFHFLCQGNIYNRP-UHFFFAOYSA-N", "composition": 1, "adsorption": 4.93906}]}, {"pressure": 30.0269, "total_adsorption": 5.30262, "species_data": [{"InChIKey": "UFHFLCQGNIYNRP-UHFFFAOYSA-N", "composition": 1, "adsorption": 5.30262}]}, {"pressure": 39.8914, "total_adsorption": 5.4825, "species_data": [{"InChIKey": "UFHFLCQGNIYNRP-UHFFFAOYSA-N", "composition": 1, "adsorption": 5.4825}]}, {"pressure": 49.7539, "total_adsorption": 5.71502, "species_data": [{"InChIKey": "UFHFLCQGNIYNRP-UHFFFAOYSA-N", "composition": 1, "adsorption": 5.71502}]}, {"pressure": 59.932, "total_adsorption": 5.76319, "species_data": [{"InChIKey": "UFHFLCQGNIYNRP-UHFFFAOYSA-N", "composition": 1, "adsorption": 5.76319}]}, {"pressure": 79.6661, "total_adsorption": 5.99137, "species_data": [{"InChIKey": "UFHFLCQGNIYNRP-UHFFFAOYSA-N", "composition": 1, "adsorption": 5.99137}]}, {"pressure": 89.5368, "total_adsorption": 6.01336, "species_data": [{"InChIKey": "UFHFLCQGNIYNRP-UHFFFAOYSA-N", "composition": 1, "adsorption": 6.01336}]}, {"pressure": 99.4084, "total_adsorption": 6.00903, "species_data": [{"InChIKey": "UFHFLCQGNIYNRP-UHFFFAOYSA-N", "composition": 1, "adsorption": 6.00903}]}, {"pressure": 109.587, "total_adsorption": 6.03088, "species_data": [{"InChIKey": "UFHFLCQGNIYNRP-UHFFFAOYSA-N", "composition": 1, "adsorption": 6.03088}]}, {"pressure": 119.459, "total_adsorption": 6.02655, "species_data": [{"InChIKey": "UFHFLCQGNIYNRP-UHFFFAOYSA-N", "composition": 1, "adsorption": 6.02655}]}]}