{"filename": "10.1021jp205497s.isotherm16", "DOI": "10.1021/jp205497s", "articleSource": "UNKNOWN", "date": "1000-01-01", "digitizer": "UNKNOWN", "adsorbent": {"hashkey": "NIST-MATDB-453276ee992ed07dc207ed08b2b221ce", "name": "Carbon"}, "adsorbates": [{"InChIKey": "XKRFYHLGVUSROY-UHFFFAOYSA-N", "name": "Argon"}], "category": "", "temperature": 87, "isotherm_type": "", "adsorptionUnits": "micromoles/m2", "pressureUnits": "bar", "compositionType": "molefraction", "concentrationUnits": "", "isotherm_data": [{"pressure": 1.14539e-05, "total_adsorption": 0.0354739, "species_data": [{"InChIKey": "XKRFYHLGVUSROY-UHFFFAOYSA-N", "composition": 1, "adsorption": 0.0354739}]}, {"pressure": 0.000157704, "total_adsorption": 0.382696, "species_data": [{"InChIKey": "XKRFYHLGVUSROY-UHFFFAOYSA-N", "composition": 1, "adsorption": 0.382696}]}, {"pressure": 0.000460383, "total_adsorption": 1.49381, "species_data": [{"InChIKey": "XKRFYHLGVUSROY-UHFFFAOYSA-N", "composition": 1, "adsorption": 1.49381}]}, {"pressure": 0.00122104, "total_adsorption": 9.34103, "species_data": [{"InChIKey": "XKRFYHLGVUSROY-UHFFFAOYSA-N", "composition": 1, "adsorption": 9.34103}]}, {"pressure": 0.00220635, "total_adsorption": 12.8133, "species_data": [{"InChIKey": "XKRFYHLGVUSROY-UHFFFAOYSA-N", "composition": 1, "adsorption": 12.8133}]}, {"pressure": 0.0339762, "total_adsorption": 16.5633, "species_data": [{"InChIKey": "XKRFYHLGVUSROY-UHFFFAOYSA-N", "composition": 1, "adsorption": 16.5633}]}, {"pressure": 0.0392351, "total_adsorption": 39.1327, "species_data": [{"InChIKey": "XKRFYHLGVUSROY-UHFFFAOYSA-N", "composition": 1, "adsorption": 39.1327}]}, {"pressure": 0.081869, "total_adsorption": 41.1466, "species_data": [{"InChIKey": "XKRFYHLGVUSROY-UHFFFAOYSA-N", "composition": 1, "adsorption": 41.1466}]}, {"pressure": 0.0991865, "total_adsorption": 42.3271, "species_data": [{"InChIKey": "XKRFYHLGVUSROY-UHFFFAOYSA-N", "composition": 1, "adsorption": 42.3271}]}, {"pressure": 0.267306, "total_adsorption": 42.8827, "species_data": [{"InChIKey": "XKRFYHLGVUSROY-UHFFFAOYSA-N", "composition": 1, "adsorption": 42.8827}]}, {"pressure": 0.743794, "total_adsorption": 43.4383, "species_data": [{"InChIKey": "XKRFYHLGVUSROY-UHFFFAOYSA-N", "composition": 1, "adsorption": 43.4383}]}]}