{"isotherm_data":[{"pressure":1.81011,"total_adsorption":5.99265,"species_data":[{"composition":1,"adsorption":5.99265,"InChIKey":"VNWKTOKETHGBQD-UHFFFAOYSA-N"}]},{"pressure":6.85717,"total_adsorption":67.1691,"species_data":[{"composition":1,"adsorption":67.1691,"InChIKey":"VNWKTOKETHGBQD-UHFFFAOYSA-N"}]},{"pressure":11.7513,"total_adsorption":103.001,"species_data":[{"composition":1,"adsorption":103.001,"InChIKey":"VNWKTOKETHGBQD-UHFFFAOYSA-N"}]},{"pressure":18.4807,"total_adsorption":138.833,"species_data":[{"composition":1,"adsorption":138.833,"InChIKey":"VNWKTOKETHGBQD-UHFFFAOYSA-N"}]},{"pressure":23.9866,"total_adsorption":162.43,"species_data":[{"composition":1,"adsorption":162.43,"InChIKey":"VNWKTOKETHGBQD-UHFFFAOYSA-N"}]},{"pressure":39.1278,"total_adsorption":193.892,"species_data":[{"composition":1,"adsorption":193.892,"InChIKey":"VNWKTOKETHGBQD-UHFFFAOYSA-N"}]},{"pressure":47.3866,"total_adsorption":209.623,"species_data":[{"composition":1,"adsorption":209.623,"InChIKey":"VNWKTOKETHGBQD-UHFFFAOYSA-N"}]},{"pressure":57.9395,"total_adsorption":223.606,"species_data":[{"composition":1,"adsorption":223.606,"InChIKey":"VNWKTOKETHGBQD-UHFFFAOYSA-N"}]},{"pressure":63.9042,"total_adsorption":225.354,"species_data":[{"composition":1,"adsorption":225.354,"InChIKey":"VNWKTOKETHGBQD-UHFFFAOYSA-N"}]}],"temperature":300,"articleSource":"UNKNOWN","compositionType":"molefraction","adsorbates":[{"name":"Methane","InChIKey":"VNWKTOKETHGBQD-UHFFFAOYSA-N"}],"adsorptionUnits":"cm3(STP)/cm3","date":"1000-01-01","category":"","digitizer":"UNKNOWN","pressureUnits":"bar","DOI":"10.1039/C3cc41866a","adsorbent":{"name":"ZJU-5a","hashkey":"NIST-MATDB-681dd797683ed3ee444efbb992dfb17d"},"concentrationUnits":"","filename":"10.1039C3cc41866a.isotherm8","isotherm_type":""}