{"filename": "10.1504ijnt.2015.067898.Isotherm3", "DOI": "10.1504/ijnt.2015.067898", "articleSource": "Figure 4", "date": "2018-07-09", "digitizer": "Soojin Jang", "adsorbent": {"hashkey": "NIST-MATDB-5ab0dbe0639729711750ef4b97715f0f", "name": "UiO-66"}, "adsorbates": [{"InChIKey": "UFHFLCQGNIYNRP-UHFFFAOYSA-N", "name": "Hydrogen"}], "category": "exp", "temperature": 293, "isotherm_type": "", "adsorptionUnits": "cm3(STP)/g", "pressureUnits": "bar", "compositionType": "molefraction", "concentrationUnits": "", "isotherm_data": [{"pressure": 0.0284, "total_adsorption": null, "species_data": [{"InChIKey": "UFHFLCQGNIYNRP-UHFFFAOYSA-N", "composition": 1, "adsorption": 0.062}]}, {"pressure": 2.6748, "total_adsorption": null, "species_data": [{"InChIKey": "UFHFLCQGNIYNRP-UHFFFAOYSA-N", "composition": 1, "adsorption": 0.668}]}, {"pressure": 2.6749, "total_adsorption": null, "species_data": [{"InChIKey": "UFHFLCQGNIYNRP-UHFFFAOYSA-N", "composition": 1, "adsorption": 0.668}]}, {"pressure": 4.0577, "total_adsorption": null, "species_data": [{"InChIKey": "UFHFLCQGNIYNRP-UHFFFAOYSA-N", "composition": 1, "adsorption": 2.726}]}, {"pressure": 4.0612, "total_adsorption": null, "species_data": [{"InChIKey": "UFHFLCQGNIYNRP-UHFFFAOYSA-N", "composition": 1, "adsorption": 2.738}]}, {"pressure": 5.0489, "total_adsorption": null, "species_data": [{"InChIKey": "UFHFLCQGNIYNRP-UHFFFAOYSA-N", "composition": 1, "adsorption": 1.962}]}, {"pressure": 5.059, "total_adsorption": null, "species_data": [{"InChIKey": "UFHFLCQGNIYNRP-UHFFFAOYSA-N", "composition": 1, "adsorption": 1.952}]}, {"pressure": 6.2438, "total_adsorption": null, "species_data": [{"InChIKey": "UFHFLCQGNIYNRP-UHFFFAOYSA-N", "composition": 1, "adsorption": 3.838}]}, {"pressure": 6.2524, "total_adsorption": null, "species_data": [{"InChIKey": "UFHFLCQGNIYNRP-UHFFFAOYSA-N", "composition": 1, "adsorption": 3.836}]}, {"pressure": 7.4797, "total_adsorption": null, "species_data": [{"InChIKey": "UFHFLCQGNIYNRP-UHFFFAOYSA-N", "composition": 1, "adsorption": 3.12}]}, {"pressure": 7.4798, "total_adsorption": null, "species_data": [{"InChIKey": "UFHFLCQGNIYNRP-UHFFFAOYSA-N", "composition": 1, "adsorption": 4.645}]}, {"pressure": 9.0304, "total_adsorption": null, "species_data": [{"InChIKey": "UFHFLCQGNIYNRP-UHFFFAOYSA-N", "composition": 1, "adsorption": 4.246}]}, {"pressure": 9.0544, "total_adsorption": null, "species_data": [{"InChIKey": "UFHFLCQGNIYNRP-UHFFFAOYSA-N", "composition": 1, "adsorption": 4.262}]}, {"pressure": 10.0148, "total_adsorption": null, "species_data": [{"InChIKey": "UFHFLCQGNIYNRP-UHFFFAOYSA-N", "composition": 1, "adsorption": 5.978}]}, {"pressure": 10.0251, "total_adsorption": null, "species_data": [{"InChIKey": "UFHFLCQGNIYNRP-UHFFFAOYSA-N", "composition": 1, "adsorption": 5.989}]}, {"pressure": 11.0843, "total_adsorption": null, "species_data": [{"InChIKey": "UFHFLCQGNIYNRP-UHFFFAOYSA-N", "composition": 1, "adsorption": 5.611}]}, {"pressure": 11.0878, "total_adsorption": null, "species_data": [{"InChIKey": "UFHFLCQGNIYNRP-UHFFFAOYSA-N", "composition": 1, "adsorption": 6.835}]}, {"pressure": 12.1814, "total_adsorption": null, "species_data": [{"InChIKey": "UFHFLCQGNIYNRP-UHFFFAOYSA-N", "composition": 1, "adsorption": 7.543}]}, {"pressure": 12.1845, "total_adsorption": null, "species_data": [{"InChIKey": "UFHFLCQGNIYNRP-UHFFFAOYSA-N", "composition": 1, "adsorption": 7.545}]}, {"pressure": 13.5948, "total_adsorption": null, "species_data": [{"InChIKey": "UFHFLCQGNIYNRP-UHFFFAOYSA-N", "composition": 1, "adsorption": 7.196}]}, {"pressure": 13.598, "total_adsorption": null, "species_data": [{"InChIKey": "UFHFLCQGNIYNRP-UHFFFAOYSA-N", "composition": 1, "adsorption": 8.636}]}, {"pressure": 15.0558, "total_adsorption": null, "species_data": [{"InChIKey": "UFHFLCQGNIYNRP-UHFFFAOYSA-N", "composition": 1, "adsorption": 9.048}]}, {"pressure": 15.0581, "total_adsorption": null, "species_data": [{"InChIKey": "UFHFLCQGNIYNRP-UHFFFAOYSA-N", "composition": 1, "adsorption": 9.045}]}, {"pressure": 16.4314, "total_adsorption": null, "species_data": [{"InChIKey": "UFHFLCQGNIYNRP-UHFFFAOYSA-N", "composition": 1, "adsorption": 9.884}]}, {"pressure": 16.4488, "total_adsorption": null, "species_data": [{"InChIKey": "UFHFLCQGNIYNRP-UHFFFAOYSA-N", "composition": 1, "adsorption": 9.895}]}, {"pressure": 18.2505, "total_adsorption": null, "species_data": [{"InChIKey": "UFHFLCQGNIYNRP-UHFFFAOYSA-N", "composition": 1, "adsorption": 10.144}]}, {"pressure": 18.2506, "total_adsorption": null, "species_data": [{"InChIKey": "UFHFLCQGNIYNRP-UHFFFAOYSA-N", "composition": 1, "adsorption": 11.177}]}, {"pressure": 20.0401, "total_adsorption": null, "species_data": [{"InChIKey": "UFHFLCQGNIYNRP-UHFFFAOYSA-N", "composition": 1, "adsorption": 11.453}]}, {"pressure": 20.0456, "total_adsorption": null, "species_data": [{"InChIKey": "UFHFLCQGNIYNRP-UHFFFAOYSA-N", "composition": 1, "adsorption": 11.457}]}, {"pressure": 21.6784, "total_adsorption": null, "species_data": [{"InChIKey": "UFHFLCQGNIYNRP-UHFFFAOYSA-N", "composition": 1, "adsorption": 13.529}]}, {"pressure": 21.6891, "total_adsorption": null, "species_data": [{"InChIKey": "UFHFLCQGNIYNRP-UHFFFAOYSA-N", "composition": 1, "adsorption": 12.342}]}, {"pressure": 23.5844, "total_adsorption": null, "species_data": [{"InChIKey": "UFHFLCQGNIYNRP-UHFFFAOYSA-N", "composition": 1, "adsorption": 13.829}]}, {"pressure": 23.5924, "total_adsorption": null, "species_data": [{"InChIKey": "UFHFLCQGNIYNRP-UHFFFAOYSA-N", "composition": 1, "adsorption": 13.841}]}, {"pressure": 25.0933, "total_adsorption": null, "species_data": [{"InChIKey": "UFHFLCQGNIYNRP-UHFFFAOYSA-N", "composition": 1, "adsorption": 15.462}]}, {"pressure": 25.0967, "total_adsorption": null, "species_data": [{"InChIKey": "UFHFLCQGNIYNRP-UHFFFAOYSA-N", "composition": 1, "adsorption": 15.465}]}, {"pressure": 26.5783, "total_adsorption": null, "species_data": [{"InChIKey": "UFHFLCQGNIYNRP-UHFFFAOYSA-N", "composition": 1, "adsorption": 16.718}]}, {"pressure": 26.5804, "total_adsorption": null, "species_data": [{"InChIKey": "UFHFLCQGNIYNRP-UHFFFAOYSA-N", "composition": 1, "adsorption": 16.72}]}, {"pressure": 28.4108, "total_adsorption": null, "species_data": [{"InChIKey": "UFHFLCQGNIYNRP-UHFFFAOYSA-N", "composition": 1, "adsorption": 17.485}]}, {"pressure": 28.4176, "total_adsorption": null, "species_data": [{"InChIKey": "UFHFLCQGNIYNRP-UHFFFAOYSA-N", "composition": 1, "adsorption": 17.488}]}, {"pressure": 30.0422, "total_adsorption": null, "species_data": [{"InChIKey": "UFHFLCQGNIYNRP-UHFFFAOYSA-N", "composition": 1, "adsorption": 18.496}]}, {"pressure": 30.049, "total_adsorption": null, "species_data": [{"InChIKey": "UFHFLCQGNIYNRP-UHFFFAOYSA-N", "composition": 1, "adsorption": 18.499}]}]}