{"filename": "10.1002adfm.200800058.Isotherm10", "DOI": "10.1002/adfm.200800058", "articleSource": "UNKNOWN", "date": "1000-01-01", "digitizer": "UNKNOWN", "adsorbent": {"hashkey": "NIST-MATDB-98261e1cacd11dbc66fdc2910f2226ce", "name": "Co3(HCOO)6"}, "adsorbates": [{"InChIKey": "UHOVQNZJYSORNB-UHFFFAOYSA-N", "name": "Benzene"}], "category": "", "temperature": 393, "isotherm_type": "", "adsorptionUnits": "mmol/g", "pressureUnits": "bar", "compositionType": "molefraction", "concentrationUnits": "", "isotherm_data": [{"pressure": 0.0154643, "total_adsorption": 0.0588606, "species_data": [{"InChIKey": "UHOVQNZJYSORNB-UHFFFAOYSA-N", "composition": 1, "adsorption": 0.0588606}]}, {"pressure": 0.0177384, "total_adsorption": 0.0647467, "species_data": [{"InChIKey": "UHOVQNZJYSORNB-UHFFFAOYSA-N", "composition": 1, "adsorption": 0.0647467}]}, {"pressure": 0.0197852, "total_adsorption": 0.0824049, "species_data": [{"InChIKey": "UHOVQNZJYSORNB-UHFFFAOYSA-N", "composition": 1, "adsorption": 0.0824049}]}, {"pressure": 0.0220593, "total_adsorption": 0.0882909, "species_data": [{"InChIKey": "UHOVQNZJYSORNB-UHFFFAOYSA-N", "composition": 1, "adsorption": 0.0882909}]}, {"pressure": 0.024106, "total_adsorption": 0.100063, "species_data": [{"InChIKey": "UHOVQNZJYSORNB-UHFFFAOYSA-N", "composition": 1, "adsorption": 0.100063}]}, {"pressure": 0.0266076, "total_adsorption": 0.117721, "species_data": [{"InChIKey": "UHOVQNZJYSORNB-UHFFFAOYSA-N", "composition": 1, "adsorption": 0.117721}]}, {"pressure": 0.0288818, "total_adsorption": 0.129493, "species_data": [{"InChIKey": "UHOVQNZJYSORNB-UHFFFAOYSA-N", "composition": 1, "adsorption": 0.129493}]}, {"pressure": 0.0309285, "total_adsorption": 0.141266, "species_data": [{"InChIKey": "UHOVQNZJYSORNB-UHFFFAOYSA-N", "composition": 1, "adsorption": 0.141266}]}, {"pressure": 0.0332027, "total_adsorption": 0.158924, "species_data": [{"InChIKey": "UHOVQNZJYSORNB-UHFFFAOYSA-N", "composition": 1, "adsorption": 0.158924}]}, {"pressure": 0.0352494, "total_adsorption": 0.176582, "species_data": [{"InChIKey": "UHOVQNZJYSORNB-UHFFFAOYSA-N", "composition": 1, "adsorption": 0.176582}]}, {"pressure": 0.0372962, "total_adsorption": 0.200126, "species_data": [{"InChIKey": "UHOVQNZJYSORNB-UHFFFAOYSA-N", "composition": 1, "adsorption": 0.200126}]}, {"pressure": 0.0379784, "total_adsorption": 0.211898, "species_data": [{"InChIKey": "UHOVQNZJYSORNB-UHFFFAOYSA-N", "composition": 1, "adsorption": 0.211898}]}, {"pressure": 0.0397977, "total_adsorption": 0.241329, "species_data": [{"InChIKey": "UHOVQNZJYSORNB-UHFFFAOYSA-N", "composition": 1, "adsorption": 0.241329}]}, {"pressure": 0.041617, "total_adsorption": 0.276645, "species_data": [{"InChIKey": "UHOVQNZJYSORNB-UHFFFAOYSA-N", "composition": 1, "adsorption": 0.276645}]}, {"pressure": 0.043209, "total_adsorption": 0.311961, "species_data": [{"InChIKey": "UHOVQNZJYSORNB-UHFFFAOYSA-N", "composition": 1, "adsorption": 0.311961}]}, {"pressure": 0.0448009, "total_adsorption": 0.353164, "species_data": [{"InChIKey": "UHOVQNZJYSORNB-UHFFFAOYSA-N", "composition": 1, "adsorption": 0.353164}]}, {"pressure": 0.0461654, "total_adsorption": 0.400252, "species_data": [{"InChIKey": "UHOVQNZJYSORNB-UHFFFAOYSA-N", "composition": 1, "adsorption": 0.400252}]}, {"pressure": 0.0484395, "total_adsorption": 0.435569, "species_data": [{"InChIKey": "UHOVQNZJYSORNB-UHFFFAOYSA-N", "composition": 1, "adsorption": 0.435569}]}, {"pressure": 0.0493492, "total_adsorption": 0.55329, "species_data": [{"InChIKey": "UHOVQNZJYSORNB-UHFFFAOYSA-N", "composition": 1, "adsorption": 0.55329}]}, {"pressure": 0.0502588, "total_adsorption": 0.606265, "species_data": [{"InChIKey": "UHOVQNZJYSORNB-UHFFFAOYSA-N", "composition": 1, "adsorption": 0.606265}]}, {"pressure": 0.0509411, "total_adsorption": 0.665125, "species_data": [{"InChIKey": "UHOVQNZJYSORNB-UHFFFAOYSA-N", "composition": 1, "adsorption": 0.665125}]}, {"pressure": 0.0516233, "total_adsorption": 0.7181, "species_data": [{"InChIKey": "UHOVQNZJYSORNB-UHFFFAOYSA-N", "composition": 1, "adsorption": 0.7181}]}, {"pressure": 0.0523056, "total_adsorption": 0.77696, "species_data": [{"InChIKey": "UHOVQNZJYSORNB-UHFFFAOYSA-N", "composition": 1, "adsorption": 0.77696}]}, {"pressure": 0.0529878, "total_adsorption": 0.829935, "species_data": [{"InChIKey": "UHOVQNZJYSORNB-UHFFFAOYSA-N", "composition": 1, "adsorption": 0.829935}]}, {"pressure": 0.0536701, "total_adsorption": 0.888796, "species_data": [{"InChIKey": "UHOVQNZJYSORNB-UHFFFAOYSA-N", "composition": 1, "adsorption": 0.888796}]}, {"pressure": 0.0543523, "total_adsorption": 0.9712, "species_data": [{"InChIKey": "UHOVQNZJYSORNB-UHFFFAOYSA-N", "composition": 1, "adsorption": 0.9712}]}, {"pressure": 0.0550346, "total_adsorption": 1.03006, "species_data": [{"InChIKey": "UHOVQNZJYSORNB-UHFFFAOYSA-N", "composition": 1, "adsorption": 1.03006}]}, {"pressure": 0.0557168, "total_adsorption": 1.08304, "species_data": [{"InChIKey": "UHOVQNZJYSORNB-UHFFFAOYSA-N", "composition": 1, "adsorption": 1.08304}]}, {"pressure": 0.0563991, "total_adsorption": 1.1419, "species_data": [{"InChIKey": "UHOVQNZJYSORNB-UHFFFAOYSA-N", "composition": 1, "adsorption": 1.1419}]}, {"pressure": 0.0570813, "total_adsorption": 1.19487, "species_data": [{"InChIKey": "UHOVQNZJYSORNB-UHFFFAOYSA-N", "composition": 1, "adsorption": 1.19487}]}, {"pressure": 0.0577636, "total_adsorption": 1.25373, "species_data": [{"InChIKey": "UHOVQNZJYSORNB-UHFFFAOYSA-N", "composition": 1, "adsorption": 1.25373}]}, {"pressure": 0.0584458, "total_adsorption": 1.30671, "species_data": [{"InChIKey": "UHOVQNZJYSORNB-UHFFFAOYSA-N", "composition": 1, "adsorption": 1.30671}]}, {"pressure": 0.0593555, "total_adsorption": 1.35968, "species_data": [{"InChIKey": "UHOVQNZJYSORNB-UHFFFAOYSA-N", "composition": 1, "adsorption": 1.35968}]}, {"pressure": 0.0595829, "total_adsorption": 1.48329, "species_data": [{"InChIKey": "UHOVQNZJYSORNB-UHFFFAOYSA-N", "composition": 1, "adsorption": 1.48329}]}, {"pressure": 0.0629941, "total_adsorption": 1.50683, "species_data": [{"InChIKey": "UHOVQNZJYSORNB-UHFFFAOYSA-N", "composition": 1, "adsorption": 1.50683}]}, {"pressure": 0.064586, "total_adsorption": 1.55392, "species_data": [{"InChIKey": "UHOVQNZJYSORNB-UHFFFAOYSA-N", "composition": 1, "adsorption": 1.55392}]}, {"pressure": 0.0661779, "total_adsorption": 1.58924, "species_data": [{"InChIKey": "UHOVQNZJYSORNB-UHFFFAOYSA-N", "composition": 1, "adsorption": 1.58924}]}, {"pressure": 0.0679973, "total_adsorption": 1.62455, "species_data": [{"InChIKey": "UHOVQNZJYSORNB-UHFFFAOYSA-N", "composition": 1, "adsorption": 1.62455}]}, {"pressure": 0.070044, "total_adsorption": 1.6481, "species_data": [{"InChIKey": "UHOVQNZJYSORNB-UHFFFAOYSA-N", "composition": 1, "adsorption": 1.6481}]}, {"pressure": 0.0716359, "total_adsorption": 1.66576, "species_data": [{"InChIKey": "UHOVQNZJYSORNB-UHFFFAOYSA-N", "composition": 1, "adsorption": 1.66576}]}, {"pressure": 0.0734552, "total_adsorption": 1.6893, "species_data": [{"InChIKey": "UHOVQNZJYSORNB-UHFFFAOYSA-N", "composition": 1, "adsorption": 1.6893}]}, {"pressure": 0.075502, "total_adsorption": 1.71284, "species_data": [{"InChIKey": "UHOVQNZJYSORNB-UHFFFAOYSA-N", "composition": 1, "adsorption": 1.71284}]}, {"pressure": 0.0777761, "total_adsorption": 1.7305, "species_data": [{"InChIKey": "UHOVQNZJYSORNB-UHFFFAOYSA-N", "composition": 1, "adsorption": 1.7305}]}, {"pressure": 0.0798229, "total_adsorption": 1.74816, "species_data": [{"InChIKey": "UHOVQNZJYSORNB-UHFFFAOYSA-N", "composition": 1, "adsorption": 1.74816}]}, {"pressure": 0.0816422, "total_adsorption": 1.75405, "species_data": [{"InChIKey": "UHOVQNZJYSORNB-UHFFFAOYSA-N", "composition": 1, "adsorption": 1.75405}]}, {"pressure": 0.0825518, "total_adsorption": 1.76582, "species_data": [{"InChIKey": "UHOVQNZJYSORNB-UHFFFAOYSA-N", "composition": 1, "adsorption": 1.76582}]}, {"pressure": 0.0845986, "total_adsorption": 1.77759, "species_data": [{"InChIKey": "UHOVQNZJYSORNB-UHFFFAOYSA-N", "composition": 1, "adsorption": 1.77759}]}, {"pressure": 0.0868727, "total_adsorption": 1.78936, "species_data": [{"InChIKey": "UHOVQNZJYSORNB-UHFFFAOYSA-N", "composition": 1, "adsorption": 1.78936}]}, {"pressure": 0.0889195, "total_adsorption": 1.80114, "species_data": [{"InChIKey": "UHOVQNZJYSORNB-UHFFFAOYSA-N", "composition": 1, "adsorption": 1.80114}]}, {"pressure": 0.0911936, "total_adsorption": 1.81291, "species_data": [{"InChIKey": "UHOVQNZJYSORNB-UHFFFAOYSA-N", "composition": 1, "adsorption": 1.81291}]}, {"pressure": 0.0932404, "total_adsorption": 1.82468, "species_data": [{"InChIKey": "UHOVQNZJYSORNB-UHFFFAOYSA-N", "composition": 1, "adsorption": 1.82468}]}, {"pressure": 0.0955145, "total_adsorption": 1.83645, "species_data": [{"InChIKey": "UHOVQNZJYSORNB-UHFFFAOYSA-N", "composition": 1, "adsorption": 1.83645}]}, {"pressure": 0.0975613, "total_adsorption": 1.84822, "species_data": [{"InChIKey": "UHOVQNZJYSORNB-UHFFFAOYSA-N", "composition": 1, "adsorption": 1.84822}]}]}