{"filename": "10.1039C3cc40819a.isotherm11", "DOI": "10.1039/C3cc40819a", "articleSource": "UNKNOWN", "date": "1000-01-01", "digitizer": "UNKNOWN", "adsorbent": {"hashkey": "NIST-MATDB-3af5f20d8e1a2365aba6693b255f8f68", "name": "NU-111"}, "adsorbates": [{"InChIKey": "UFHFLCQGNIYNRP-UHFFFAOYSA-N", "name": "Hydrogen"}], "category": "", "temperature": 50, "isotherm_type": "", "adsorptionUnits": "g/g", "pressureUnits": "bar", "compositionType": "molefraction", "concentrationUnits": "", "isotherm_data": [{"pressure": 0.118631, "total_adsorption": 0.000374, "species_data": [{"InChIKey": "UFHFLCQGNIYNRP-UHFFFAOYSA-N", "composition": 1, "adsorption": 0.000374}]}, {"pressure": 0.260648, "total_adsorption": 0.014358, "species_data": [{"InChIKey": "UFHFLCQGNIYNRP-UHFFFAOYSA-N", "composition": 1, "adsorption": 0.014358}]}, {"pressure": 1.25477, "total_adsorption": 0.024845, "species_data": [{"InChIKey": "UFHFLCQGNIYNRP-UHFFFAOYSA-N", "composition": 1, "adsorption": 0.024845}]}, {"pressure": 2.67493, "total_adsorption": 0.035769, "species_data": [{"InChIKey": "UFHFLCQGNIYNRP-UHFFFAOYSA-N", "composition": 1, "adsorption": 0.035769}]}, {"pressure": 5.7993, "total_adsorption": 0.050627, "species_data": [{"InChIKey": "UFHFLCQGNIYNRP-UHFFFAOYSA-N", "composition": 1, "adsorption": 0.050627}]}, {"pressure": 10.2018, "total_adsorption": 0.064173, "species_data": [{"InChIKey": "UFHFLCQGNIYNRP-UHFFFAOYSA-N", "composition": 1, "adsorption": 0.064173}]}, {"pressure": 13.3262, "total_adsorption": 0.072038, "species_data": [{"InChIKey": "UFHFLCQGNIYNRP-UHFFFAOYSA-N", "composition": 1, "adsorption": 0.072038}]}, {"pressure": 17.5867, "total_adsorption": 0.081652, "species_data": [{"InChIKey": "UFHFLCQGNIYNRP-UHFFFAOYSA-N", "composition": 1, "adsorption": 0.081652}]}, {"pressure": 21.5632, "total_adsorption": 0.086895, "species_data": [{"InChIKey": "UFHFLCQGNIYNRP-UHFFFAOYSA-N", "composition": 1, "adsorption": 0.086895}]}, {"pressure": 28.0959, "total_adsorption": 0.093887, "species_data": [{"InChIKey": "UFHFLCQGNIYNRP-UHFFFAOYSA-N", "composition": 1, "adsorption": 0.093887}]}, {"pressure": 35.0548, "total_adsorption": 0.099131, "species_data": [{"InChIKey": "UFHFLCQGNIYNRP-UHFFFAOYSA-N", "composition": 1, "adsorption": 0.099131}]}, {"pressure": 42.7237, "total_adsorption": 0.106122, "species_data": [{"InChIKey": "UFHFLCQGNIYNRP-UHFFFAOYSA-N", "composition": 1, "adsorption": 0.106122}]}, {"pressure": 55.3632, "total_adsorption": 0.113988, "species_data": [{"InChIKey": "UFHFLCQGNIYNRP-UHFFFAOYSA-N", "composition": 1, "adsorption": 0.113988}]}, {"pressure": 63.3161, "total_adsorption": 0.11661, "species_data": [{"InChIKey": "UFHFLCQGNIYNRP-UHFFFAOYSA-N", "composition": 1, "adsorption": 0.11661}]}]}