{"isotherm_data":[{"pressure":0.013463,"total_adsorption":0.168249,"species_data":[{"composition":1,"adsorption":0.168249,"InChIKey":"OTMSDBZUPAUEDD-UHFFFAOYSA-N"}]},{"pressure":0.026982,"total_adsorption":0.297683,"species_data":[{"composition":1,"adsorption":0.297683,"InChIKey":"OTMSDBZUPAUEDD-UHFFFAOYSA-N"}]},{"pressure":0.038266,"total_adsorption":0.392608,"species_data":[{"composition":1,"adsorption":0.392608,"InChIKey":"OTMSDBZUPAUEDD-UHFFFAOYSA-N"}]},{"pressure":0.054124,"total_adsorption":0.483238,"species_data":[{"composition":1,"adsorption":0.483238,"InChIKey":"OTMSDBZUPAUEDD-UHFFFAOYSA-N"}]},{"pressure":0.063167,"total_adsorption":0.547964,"species_data":[{"composition":1,"adsorption":0.547964,"InChIKey":"OTMSDBZUPAUEDD-UHFFFAOYSA-N"}]},{"pressure":0.067716,"total_adsorption":0.560921,"species_data":[{"composition":1,"adsorption":0.560921,"InChIKey":"OTMSDBZUPAUEDD-UHFFFAOYSA-N"}]},{"pressure":0.079043,"total_adsorption":0.625657,"species_data":[{"composition":1,"adsorption":0.625657,"InChIKey":"OTMSDBZUPAUEDD-UHFFFAOYSA-N"}]},{"pressure":0.090389,"total_adsorption":0.677454,"species_data":[{"composition":1,"adsorption":0.677454,"InChIKey":"OTMSDBZUPAUEDD-UHFFFAOYSA-N"}]},{"pressure":0.106302,"total_adsorption":0.729271,"species_data":[{"composition":1,"adsorption":0.729271,"InChIKey":"OTMSDBZUPAUEDD-UHFFFAOYSA-N"}]},{"pressure":0.119938,"total_adsorption":0.776765,"species_data":[{"composition":1,"adsorption":0.776765,"InChIKey":"OTMSDBZUPAUEDD-UHFFFAOYSA-N"}]},{"pressure":0.122197,"total_adsorption":0.794025,"species_data":[{"composition":1,"adsorption":0.794025,"InChIKey":"OTMSDBZUPAUEDD-UHFFFAOYSA-N"}]},{"pressure":0.133585,"total_adsorption":0.815634,"species_data":[{"composition":1,"adsorption":0.815634,"InChIKey":"OTMSDBZUPAUEDD-UHFFFAOYSA-N"}]},{"pressure":0.18364,"total_adsorption":0.94953,"species_data":[{"composition":1,"adsorption":0.94953,"InChIKey":"OTMSDBZUPAUEDD-UHFFFAOYSA-N"}]},{"pressure":0.197325,"total_adsorption":0.962523,"species_data":[{"composition":1,"adsorption":0.962523,"InChIKey":"OTMSDBZUPAUEDD-UHFFFAOYSA-N"}]},{"pressure":0.247434,"total_adsorption":1.0576,"species_data":[{"composition":1,"adsorption":1.0576,"InChIKey":"OTMSDBZUPAUEDD-UHFFFAOYSA-N"}]},{"pressure":0.26341,"total_adsorption":1.06629,"species_data":[{"composition":1,"adsorption":1.06629,"InChIKey":"OTMSDBZUPAUEDD-UHFFFAOYSA-N"}]},{"pressure":0.313545,"total_adsorption":1.14412,"species_data":[{"composition":1,"adsorption":1.14412,"InChIKey":"OTMSDBZUPAUEDD-UHFFFAOYSA-N"}]},{"pressure":0.329538,"total_adsorption":1.13988,"species_data":[{"composition":1,"adsorption":1.13988,"InChIKey":"OTMSDBZUPAUEDD-UHFFFAOYSA-N"}]},{"pressure":0.37969,"total_adsorption":1.20477,"species_data":[{"composition":1,"adsorption":1.20477,"InChIKey":"OTMSDBZUPAUEDD-UHFFFAOYSA-N"}]},{"pressure":0.395678,"total_adsorption":1.20483,"species_data":[{"composition":1,"adsorption":1.20483,"InChIKey":"OTMSDBZUPAUEDD-UHFFFAOYSA-N"}]},{"pressure":0.44585,"total_adsorption":1.25679,"species_data":[{"composition":1,"adsorption":1.25679,"InChIKey":"OTMSDBZUPAUEDD-UHFFFAOYSA-N"}]},{"pressure":0.464127,"total_adsorption":1.25255,"species_data":[{"composition":1,"adsorption":1.25255,"InChIKey":"OTMSDBZUPAUEDD-UHFFFAOYSA-N"}]},{"pressure":0.514311,"total_adsorption":1.29588,"species_data":[{"composition":1,"adsorption":1.29588,"InChIKey":"OTMSDBZUPAUEDD-UHFFFAOYSA-N"}]},{"pressure":0.53031,"total_adsorption":1.28732,"species_data":[{"composition":1,"adsorption":1.28732,"InChIKey":"OTMSDBZUPAUEDD-UHFFFAOYSA-N"}]},{"pressure":0.582772,"total_adsorption":1.33497,"species_data":[{"composition":1,"adsorption":1.33497,"InChIKey":"OTMSDBZUPAUEDD-UHFFFAOYSA-N"}]},{"pressure":0.596494,"total_adsorption":1.32209,"species_data":[{"composition":1,"adsorption":1.32209,"InChIKey":"OTMSDBZUPAUEDD-UHFFFAOYSA-N"}]},{"pressure":0.648967,"total_adsorption":1.36111,"species_data":[{"composition":1,"adsorption":1.36111,"InChIKey":"OTMSDBZUPAUEDD-UHFFFAOYSA-N"}]},{"pressure":0.662683,"total_adsorption":1.35254,"species_data":[{"composition":1,"adsorption":1.35254,"InChIKey":"OTMSDBZUPAUEDD-UHFFFAOYSA-N"}]},{"pressure":0.715169,"total_adsorption":1.38295,"species_data":[{"composition":1,"adsorption":1.38295,"InChIKey":"OTMSDBZUPAUEDD-UHFFFAOYSA-N"}]},{"pressure":0.731163,"total_adsorption":1.3787,"species_data":[{"composition":1,"adsorption":1.3787,"InChIKey":"OTMSDBZUPAUEDD-UHFFFAOYSA-N"}]},{"pressure":0.78137,"total_adsorption":1.40478,"species_data":[{"composition":1,"adsorption":1.40478,"InChIKey":"OTMSDBZUPAUEDD-UHFFFAOYSA-N"}]},{"pressure":0.799648,"total_adsorption":1.40054,"species_data":[{"composition":1,"adsorption":1.40054,"InChIKey":"OTMSDBZUPAUEDD-UHFFFAOYSA-N"}]},{"pressure":0.847578,"total_adsorption":1.4223,"species_data":[{"composition":1,"adsorption":1.4223,"InChIKey":"OTMSDBZUPAUEDD-UHFFFAOYSA-N"}]},{"pressure":0.86585,"total_adsorption":1.42237,"species_data":[{"composition":1,"adsorption":1.42237,"InChIKey":"OTMSDBZUPAUEDD-UHFFFAOYSA-N"}]},{"pressure":0.929774,"total_adsorption":1.43988,"species_data":[{"composition":1,"adsorption":1.43988,"InChIKey":"OTMSDBZUPAUEDD-UHFFFAOYSA-N"}]},{"pressure":0.934335,"total_adsorption":1.44421,"species_data":[{"composition":1,"adsorption":1.44421,"InChIKey":"OTMSDBZUPAUEDD-UHFFFAOYSA-N"}]},{"pressure":0.998266,"total_adsorption":1.45741,"species_data":[{"composition":1,"adsorption":1.45741,"InChIKey":"OTMSDBZUPAUEDD-UHFFFAOYSA-N"}]}],"temperature":298,"articleSource":"Figure S20b","compositionType":"molefraction","adsorbates":[{"name":"Ethane","InChIKey":"OTMSDBZUPAUEDD-UHFFFAOYSA-N"}],"adsorptionUnits":"mmol/g","date":"2016-06-22","category":"exp","digitizer":"David A. Anderegg","pressureUnits":"bar","DOI":"10.1002/anie.201506345","adsorbent":{"name":"Tb-fum-fcu-MOF","hashkey":"NIST-MATDB-16d2ea75949f753ebc0daffccae0ed52"},"concentrationUnits":"","filename":"10.1002anie.201506345.Isotherm21","isotherm_type":""}