{"filename": "10.1016j.ijggc.2012.06.013.Isotherm4", "DOI": "10.1016/j.ijggc.2012.06.013", "articleSource": "UNKNOWN", "date": "1000-01-01", "digitizer": "UNKNOWN", "adsorbent": {"hashkey": "NIST-MATDB-cc15b19aecef0f5eb57c817ea2ee98be", "name": "Raw-CMS"}, "adsorbates": [{"InChIKey": "CURLTUGMZLYLDI-UHFFFAOYSA-N", "name": "Carbon Dioxide"}], "category": "", "temperature": 298, "isotherm_type": "", "adsorptionUnits": "mmol/g", "pressureUnits": "bar", "compositionType": "molefraction", "concentrationUnits": "", "isotherm_data": [{"pressure": 0.0286168, "total_adsorption": 0.213651, "species_data": [{"InChIKey": "CURLTUGMZLYLDI-UHFFFAOYSA-N", "composition": 1, "adsorption": 0.213651}]}, {"pressure": 0.0547416, "total_adsorption": 0.324516, "species_data": [{"InChIKey": "CURLTUGMZLYLDI-UHFFFAOYSA-N", "composition": 1, "adsorption": 0.324516}]}, {"pressure": 0.0835038, "total_adsorption": 0.427496, "species_data": [{"InChIKey": "CURLTUGMZLYLDI-UHFFFAOYSA-N", "composition": 1, "adsorption": 0.427496}]}, {"pressure": 0.109639, "total_adsorption": 0.530457, "species_data": [{"InChIKey": "CURLTUGMZLYLDI-UHFFFAOYSA-N", "composition": 1, "adsorption": 0.530457}]}, {"pressure": 0.135816, "total_adsorption": 0.601797, "species_data": [{"InChIKey": "CURLTUGMZLYLDI-UHFFFAOYSA-N", "composition": 1, "adsorption": 0.601797}]}, {"pressure": 0.16463, "total_adsorption": 0.665252, "species_data": [{"InChIKey": "CURLTUGMZLYLDI-UHFFFAOYSA-N", "composition": 1, "adsorption": 0.665252}]}, {"pressure": 0.193454, "total_adsorption": 0.720801, "species_data": [{"InChIKey": "CURLTUGMZLYLDI-UHFFFAOYSA-N", "composition": 1, "adsorption": 0.720801}]}, {"pressure": 0.222258, "total_adsorption": 0.792161, "species_data": [{"InChIKey": "CURLTUGMZLYLDI-UHFFFAOYSA-N", "composition": 1, "adsorption": 0.792161}]}, {"pressure": 0.243222, "total_adsorption": 0.831842, "species_data": [{"InChIKey": "CURLTUGMZLYLDI-UHFFFAOYSA-N", "composition": 1, "adsorption": 0.831842}]}, {"pressure": 0.272047, "total_adsorption": 0.887392, "species_data": [{"InChIKey": "CURLTUGMZLYLDI-UHFFFAOYSA-N", "composition": 1, "adsorption": 0.887392}]}, {"pressure": 0.300892, "total_adsorption": 0.927131, "species_data": [{"InChIKey": "CURLTUGMZLYLDI-UHFFFAOYSA-N", "composition": 1, "adsorption": 0.927131}]}, {"pressure": 0.32711, "total_adsorption": 0.966851, "species_data": [{"InChIKey": "CURLTUGMZLYLDI-UHFFFAOYSA-N", "composition": 1, "adsorption": 0.966851}]}, {"pressure": 0.355966, "total_adsorption": 0.998686, "species_data": [{"InChIKey": "CURLTUGMZLYLDI-UHFFFAOYSA-N", "composition": 1, "adsorption": 0.998686}]}, {"pressure": 0.382174, "total_adsorption": 1.04631, "species_data": [{"InChIKey": "CURLTUGMZLYLDI-UHFFFAOYSA-N", "composition": 1, "adsorption": 1.04631}]}, {"pressure": 0.411019, "total_adsorption": 1.08605, "species_data": [{"InChIKey": "CURLTUGMZLYLDI-UHFFFAOYSA-N", "composition": 1, "adsorption": 1.08605}]}, {"pressure": 0.439885, "total_adsorption": 1.10998, "species_data": [{"InChIKey": "CURLTUGMZLYLDI-UHFFFAOYSA-N", "composition": 1, "adsorption": 1.10998}]}, {"pressure": 0.466103, "total_adsorption": 1.1497, "species_data": [{"InChIKey": "CURLTUGMZLYLDI-UHFFFAOYSA-N", "composition": 1, "adsorption": 1.1497}]}, {"pressure": 0.489705, "total_adsorption": 1.1815, "species_data": [{"InChIKey": "CURLTUGMZLYLDI-UHFFFAOYSA-N", "composition": 1, "adsorption": 1.1815}]}, {"pressure": 0.515954, "total_adsorption": 1.1975, "species_data": [{"InChIKey": "CURLTUGMZLYLDI-UHFFFAOYSA-N", "composition": 1, "adsorption": 1.1975}]}, {"pressure": 0.544789, "total_adsorption": 1.24514, "species_data": [{"InChIKey": "CURLTUGMZLYLDI-UHFFFAOYSA-N", "composition": 1, "adsorption": 1.24514}]}, {"pressure": 0.573666, "total_adsorption": 1.26117, "species_data": [{"InChIKey": "CURLTUGMZLYLDI-UHFFFAOYSA-N", "composition": 1, "adsorption": 1.26117}]}, {"pressure": 0.597278, "total_adsorption": 1.28506, "species_data": [{"InChIKey": "CURLTUGMZLYLDI-UHFFFAOYSA-N", "composition": 1, "adsorption": 1.28506}]}, {"pressure": 0.62876, "total_adsorption": 1.31691, "species_data": [{"InChIKey": "CURLTUGMZLYLDI-UHFFFAOYSA-N", "composition": 1, "adsorption": 1.31691}]}, {"pressure": 0.652383, "total_adsorption": 1.3329, "species_data": [{"InChIKey": "CURLTUGMZLYLDI-UHFFFAOYSA-N", "composition": 1, "adsorption": 1.3329}]}, {"pressure": 0.686503, "total_adsorption": 1.35687, "species_data": [{"InChIKey": "CURLTUGMZLYLDI-UHFFFAOYSA-N", "composition": 1, "adsorption": 1.35687}]}, {"pressure": 0.707488, "total_adsorption": 1.38074, "species_data": [{"InChIKey": "CURLTUGMZLYLDI-UHFFFAOYSA-N", "composition": 1, "adsorption": 1.38074}]}, {"pressure": 0.736354, "total_adsorption": 1.40467, "species_data": [{"InChIKey": "CURLTUGMZLYLDI-UHFFFAOYSA-N", "composition": 1, "adsorption": 1.40467}]}, {"pressure": 0.762603, "total_adsorption": 1.42067, "species_data": [{"InChIKey": "CURLTUGMZLYLDI-UHFFFAOYSA-N", "composition": 1, "adsorption": 1.42067}]}, {"pressure": 0.791469, "total_adsorption": 1.4446, "species_data": [{"InChIKey": "CURLTUGMZLYLDI-UHFFFAOYSA-N", "composition": 1, "adsorption": 1.4446}]}, {"pressure": 0.820346, "total_adsorption": 1.46063, "species_data": [{"InChIKey": "CURLTUGMZLYLDI-UHFFFAOYSA-N", "composition": 1, "adsorption": 1.46063}]}, {"pressure": 0.846585, "total_adsorption": 1.48454, "species_data": [{"InChIKey": "CURLTUGMZLYLDI-UHFFFAOYSA-N", "composition": 1, "adsorption": 1.48454}]}, {"pressure": 0.875461, "total_adsorption": 1.50056, "species_data": [{"InChIKey": "CURLTUGMZLYLDI-UHFFFAOYSA-N", "composition": 1, "adsorption": 1.50056}]}, {"pressure": 0.899083, "total_adsorption": 1.51655, "species_data": [{"InChIKey": "CURLTUGMZLYLDI-UHFFFAOYSA-N", "composition": 1, "adsorption": 1.51655}]}, {"pressure": 0.927949, "total_adsorption": 1.54047, "species_data": [{"InChIKey": "CURLTUGMZLYLDI-UHFFFAOYSA-N", "composition": 1, "adsorption": 1.54047}]}, {"pressure": 0.956826, "total_adsorption": 1.5565, "species_data": [{"InChIKey": "CURLTUGMZLYLDI-UHFFFAOYSA-N", "composition": 1, "adsorption": 1.5565}]}, {"pressure": 0.983065, "total_adsorption": 1.58041, "species_data": [{"InChIKey": "CURLTUGMZLYLDI-UHFFFAOYSA-N", "composition": 1, "adsorption": 1.58041}]}, {"pressure": 1.00931, "total_adsorption": 1.59641, "species_data": [{"InChIKey": "CURLTUGMZLYLDI-UHFFFAOYSA-N", "composition": 1, "adsorption": 1.59641}]}, {"pressure": 1.0382, "total_adsorption": 1.60453, "species_data": [{"InChIKey": "CURLTUGMZLYLDI-UHFFFAOYSA-N", "composition": 1, "adsorption": 1.60453}]}, {"pressure": 1.06707, "total_adsorption": 1.62846, "species_data": [{"InChIKey": "CURLTUGMZLYLDI-UHFFFAOYSA-N", "composition": 1, "adsorption": 1.62846}]}]}