{"filename": "10.1021Jp306828x.Isotherm19", "DOI": "10.1021/Jp306828x", "articleSource": "UNKNOWN", "date": "1000-01-01", "digitizer": "UNKNOWN", "adsorbent": {"hashkey": "NIST-MATDB-5b3ad76c63b1ce87a685648f69a4de28", "name": "CPO-27-Ni"}, "adsorbates": [{"InChIKey": "URLKBWYHVLBVBO-UHFFFAOYSA-N", "name": "P-Xylene"}], "category": "", "temperature": 448, "isotherm_type": "", "adsorptionUnits": "mmol/g", "pressureUnits": "bar", "compositionType": "molefraction", "concentrationUnits": "", "isotherm_data": [{"pressure": 7.76e-05, "total_adsorption": 0.0391425, "species_data": [{"InChIKey": "URLKBWYHVLBVBO-UHFFFAOYSA-N", "composition": 1, "adsorption": 0.0391425}]}, {"pressure": 0.000132964, "total_adsorption": 0.0586316, "species_data": [{"InChIKey": "URLKBWYHVLBVBO-UHFFFAOYSA-N", "composition": 1, "adsorption": 0.0586316}]}, {"pressure": 0.000182825, "total_adsorption": 0.0781481, "species_data": [{"InChIKey": "URLKBWYHVLBVBO-UHFFFAOYSA-N", "composition": 1, "adsorption": 0.0781481}]}, {"pressure": 0.000227147, "total_adsorption": 0.097692, "species_data": [{"InChIKey": "URLKBWYHVLBVBO-UHFFFAOYSA-N", "composition": 1, "adsorption": 0.097692}]}, {"pressure": 0.000277008, "total_adsorption": 0.117208, "species_data": [{"InChIKey": "URLKBWYHVLBVBO-UHFFFAOYSA-N", "composition": 1, "adsorption": 0.117208}]}, {"pressure": 0.00032687, "total_adsorption": 0.146606, "species_data": [{"InChIKey": "URLKBWYHVLBVBO-UHFFFAOYSA-N", "composition": 1, "adsorption": 0.146606}]}, {"pressure": 0.000382271, "total_adsorption": 0.166095, "species_data": [{"InChIKey": "URLKBWYHVLBVBO-UHFFFAOYSA-N", "composition": 1, "adsorption": 0.166095}]}, {"pressure": 0.000432133, "total_adsorption": 0.185612, "species_data": [{"InChIKey": "URLKBWYHVLBVBO-UHFFFAOYSA-N", "composition": 1, "adsorption": 0.185612}]}, {"pressure": 0.000498615, "total_adsorption": 0.244572, "species_data": [{"InChIKey": "URLKBWYHVLBVBO-UHFFFAOYSA-N", "composition": 1, "adsorption": 0.244572}]}, {"pressure": 0.000554017, "total_adsorption": 0.25418, "species_data": [{"InChIKey": "URLKBWYHVLBVBO-UHFFFAOYSA-N", "composition": 1, "adsorption": 0.25418}]}, {"pressure": 0.000598338, "total_adsorption": 0.293486, "species_data": [{"InChIKey": "URLKBWYHVLBVBO-UHFFFAOYSA-N", "composition": 1, "adsorption": 0.293486}]}, {"pressure": 0.000648199, "total_adsorption": 0.332766, "species_data": [{"InChIKey": "URLKBWYHVLBVBO-UHFFFAOYSA-N", "composition": 1, "adsorption": 0.332766}]}, {"pressure": 0.000698061, "total_adsorption": 0.372045, "species_data": [{"InChIKey": "URLKBWYHVLBVBO-UHFFFAOYSA-N", "composition": 1, "adsorption": 0.372045}]}, {"pressure": 0.000753463, "total_adsorption": 0.411297, "species_data": [{"InChIKey": "URLKBWYHVLBVBO-UHFFFAOYSA-N", "composition": 1, "adsorption": 0.411297}]}, {"pressure": 0.000803324, "total_adsorption": 0.450576, "species_data": [{"InChIKey": "URLKBWYHVLBVBO-UHFFFAOYSA-N", "composition": 1, "adsorption": 0.450576}]}, {"pressure": 0.000853186, "total_adsorption": 0.479974, "species_data": [{"InChIKey": "URLKBWYHVLBVBO-UHFFFAOYSA-N", "composition": 1, "adsorption": 0.479974}]}, {"pressure": 0.000897507, "total_adsorption": 0.519281, "species_data": [{"InChIKey": "URLKBWYHVLBVBO-UHFFFAOYSA-N", "composition": 1, "adsorption": 0.519281}]}, {"pressure": 0.00099169, "total_adsorption": 0.607749, "species_data": [{"InChIKey": "URLKBWYHVLBVBO-UHFFFAOYSA-N", "composition": 1, "adsorption": 0.607749}]}, {"pressure": 0.00103601, "total_adsorption": 0.637174, "species_data": [{"InChIKey": "URLKBWYHVLBVBO-UHFFFAOYSA-N", "composition": 1, "adsorption": 0.637174}]}, {"pressure": 0.00107479, "total_adsorption": 0.696271, "species_data": [{"InChIKey": "URLKBWYHVLBVBO-UHFFFAOYSA-N", "composition": 1, "adsorption": 0.696271}]}, {"pressure": 0.00111911, "total_adsorption": 0.75534, "species_data": [{"InChIKey": "URLKBWYHVLBVBO-UHFFFAOYSA-N", "composition": 1, "adsorption": 0.75534}]}, {"pressure": 0.00116343, "total_adsorption": 0.81441, "species_data": [{"InChIKey": "URLKBWYHVLBVBO-UHFFFAOYSA-N", "composition": 1, "adsorption": 0.81441}]}, {"pressure": 0.00120776, "total_adsorption": 0.873479, "species_data": [{"InChIKey": "URLKBWYHVLBVBO-UHFFFAOYSA-N", "composition": 1, "adsorption": 0.873479}]}, {"pressure": 0.00125208, "total_adsorption": 0.932549, "species_data": [{"InChIKey": "URLKBWYHVLBVBO-UHFFFAOYSA-N", "composition": 1, "adsorption": 0.932549}]}, {"pressure": 0.0012964, "total_adsorption": 0.991619, "species_data": [{"InChIKey": "URLKBWYHVLBVBO-UHFFFAOYSA-N", "composition": 1, "adsorption": 0.991619}]}, {"pressure": 0.00134072, "total_adsorption": 1.05069, "species_data": [{"InChIKey": "URLKBWYHVLBVBO-UHFFFAOYSA-N", "composition": 1, "adsorption": 1.05069}]}, {"pressure": 0.00138504, "total_adsorption": 1.10976, "species_data": [{"InChIKey": "URLKBWYHVLBVBO-UHFFFAOYSA-N", "composition": 1, "adsorption": 1.10976}]}, {"pressure": 0.00142382, "total_adsorption": 1.16885, "species_data": [{"InChIKey": "URLKBWYHVLBVBO-UHFFFAOYSA-N", "composition": 1, "adsorption": 1.16885}]}, {"pressure": 0.00146814, "total_adsorption": 1.22792, "species_data": [{"InChIKey": "URLKBWYHVLBVBO-UHFFFAOYSA-N", "composition": 1, "adsorption": 1.22792}]}, {"pressure": 0.00151247, "total_adsorption": 1.28699, "species_data": [{"InChIKey": "URLKBWYHVLBVBO-UHFFFAOYSA-N", "composition": 1, "adsorption": 1.28699}]}, {"pressure": 0.00155679, "total_adsorption": 1.34606, "species_data": [{"InChIKey": "URLKBWYHVLBVBO-UHFFFAOYSA-N", "composition": 1, "adsorption": 1.34606}]}, {"pressure": 0.00160111, "total_adsorption": 1.40513, "species_data": [{"InChIKey": "URLKBWYHVLBVBO-UHFFFAOYSA-N", "composition": 1, "adsorption": 1.40513}]}, {"pressure": 0.00164543, "total_adsorption": 1.4642, "species_data": [{"InChIKey": "URLKBWYHVLBVBO-UHFFFAOYSA-N", "composition": 1, "adsorption": 1.4642}]}, {"pressure": 0.00168975, "total_adsorption": 1.52327, "species_data": [{"InChIKey": "URLKBWYHVLBVBO-UHFFFAOYSA-N", "composition": 1, "adsorption": 1.52327}]}, {"pressure": 0.00173407, "total_adsorption": 1.58234, "species_data": [{"InChIKey": "URLKBWYHVLBVBO-UHFFFAOYSA-N", "composition": 1, "adsorption": 1.58234}]}, {"pressure": 0.00177839, "total_adsorption": 1.64141, "species_data": [{"InChIKey": "URLKBWYHVLBVBO-UHFFFAOYSA-N", "composition": 1, "adsorption": 1.64141}]}, {"pressure": 0.00182271, "total_adsorption": 1.70048, "species_data": [{"InChIKey": "URLKBWYHVLBVBO-UHFFFAOYSA-N", "composition": 1, "adsorption": 1.70048}]}, {"pressure": 0.00186704, "total_adsorption": 1.75955, "species_data": [{"InChIKey": "URLKBWYHVLBVBO-UHFFFAOYSA-N", "composition": 1, "adsorption": 1.75955}]}, {"pressure": 0.00190582, "total_adsorption": 1.81865, "species_data": [{"InChIKey": "URLKBWYHVLBVBO-UHFFFAOYSA-N", "composition": 1, "adsorption": 1.81865}]}, {"pressure": 0.00195014, "total_adsorption": 1.87772, "species_data": [{"InChIKey": "URLKBWYHVLBVBO-UHFFFAOYSA-N", "composition": 1, "adsorption": 1.87772}]}, {"pressure": 0.00198892, "total_adsorption": 1.93681, "species_data": [{"InChIKey": "URLKBWYHVLBVBO-UHFFFAOYSA-N", "composition": 1, "adsorption": 1.93681}]}, {"pressure": 0.002, "total_adsorption": 1.93676, "species_data": [{"InChIKey": "URLKBWYHVLBVBO-UHFFFAOYSA-N", "composition": 1, "adsorption": 1.93676}]}]}