{"filename": "10.1002adma.200901581.Isotherm1", "DOI": "10.1002/adma.200901581", "articleSource": "UNKNOWN", "date": "1000-01-01", "digitizer": "UNKNOWN", "adsorbent": {"hashkey": "NIST-MATDB-2c9380bddc59f547484ff729eab7d7cb", "name": "IRMOF-1"}, "adsorbates": [{"InChIKey": "IJGRMHOSHXDMSA-UHFFFAOYSA-N", "name": "Nitrogen"}], "category": "", "temperature": 77, "isotherm_type": "", "adsorptionUnits": "cm3(STP)/g", "pressureUnits": "bar", "compositionType": "molefraction", "concentrationUnits": "", "isotherm_data": [{"pressure": 0.00133768, "total_adsorption": 217.687, "species_data": [{"InChIKey": "IJGRMHOSHXDMSA-UHFFFAOYSA-N", "composition": 1, "adsorption": 217.687}]}, {"pressure": 0.00321043, "total_adsorption": 222.449, "species_data": [{"InChIKey": "IJGRMHOSHXDMSA-UHFFFAOYSA-N", "composition": 1, "adsorption": 222.449}]}, {"pressure": 0.00508319, "total_adsorption": 227.211, "species_data": [{"InChIKey": "IJGRMHOSHXDMSA-UHFFFAOYSA-N", "composition": 1, "adsorption": 227.211}]}, {"pressure": 0.00880779, "total_adsorption": 233.333, "species_data": [{"InChIKey": "IJGRMHOSHXDMSA-UHFFFAOYSA-N", "composition": 1, "adsorption": 233.333}]}, {"pressure": 0.0235975, "total_adsorption": 240.136, "species_data": [{"InChIKey": "IJGRMHOSHXDMSA-UHFFFAOYSA-N", "composition": 1, "adsorption": 240.136}]}, {"pressure": 0.0346836, "total_adsorption": 244.218, "species_data": [{"InChIKey": "IJGRMHOSHXDMSA-UHFFFAOYSA-N", "composition": 1, "adsorption": 244.218}]}, {"pressure": 0.0476089, "total_adsorption": 247.619, "species_data": [{"InChIKey": "IJGRMHOSHXDMSA-UHFFFAOYSA-N", "composition": 1, "adsorption": 247.619}]}, {"pressure": 0.0623736, "total_adsorption": 250.34, "species_data": [{"InChIKey": "IJGRMHOSHXDMSA-UHFFFAOYSA-N", "composition": 1, "adsorption": 250.34}]}, {"pressure": 0.0955731, "total_adsorption": 253.061, "species_data": [{"InChIKey": "IJGRMHOSHXDMSA-UHFFFAOYSA-N", "composition": 1, "adsorption": 253.061}]}, {"pressure": 0.0992643, "total_adsorption": 253.741, "species_data": [{"InChIKey": "IJGRMHOSHXDMSA-UHFFFAOYSA-N", "composition": 1, "adsorption": 253.741}]}, {"pressure": 0.126925, "total_adsorption": 255.102, "species_data": [{"InChIKey": "IJGRMHOSHXDMSA-UHFFFAOYSA-N", "composition": 1, "adsorption": 255.102}]}, {"pressure": 0.158273, "total_adsorption": 256.463, "species_data": [{"InChIKey": "IJGRMHOSHXDMSA-UHFFFAOYSA-N", "composition": 1, "adsorption": 256.463}]}, {"pressure": 0.187777, "total_adsorption": 257.823, "species_data": [{"InChIKey": "IJGRMHOSHXDMSA-UHFFFAOYSA-N", "composition": 1, "adsorption": 257.823}]}, {"pressure": 0.208055, "total_adsorption": 257.823, "species_data": [{"InChIKey": "IJGRMHOSHXDMSA-UHFFFAOYSA-N", "composition": 1, "adsorption": 257.823}]}, {"pressure": 0.217277, "total_adsorption": 258.503, "species_data": [{"InChIKey": "IJGRMHOSHXDMSA-UHFFFAOYSA-N", "composition": 1, "adsorption": 258.503}]}, {"pressure": 0.246773, "total_adsorption": 258.503, "species_data": [{"InChIKey": "IJGRMHOSHXDMSA-UHFFFAOYSA-N", "composition": 1, "adsorption": 258.503}]}, {"pressure": 0.276273, "total_adsorption": 259.184, "species_data": [{"InChIKey": "IJGRMHOSHXDMSA-UHFFFAOYSA-N", "composition": 1, "adsorption": 259.184}]}, {"pressure": 0.305769, "total_adsorption": 259.184, "species_data": [{"InChIKey": "IJGRMHOSHXDMSA-UHFFFAOYSA-N", "composition": 1, "adsorption": 259.184}]}, {"pressure": 0.316838, "total_adsorption": 260.544, "species_data": [{"InChIKey": "IJGRMHOSHXDMSA-UHFFFAOYSA-N", "composition": 1, "adsorption": 260.544}]}, {"pressure": 0.366612, "total_adsorption": 260.544, "species_data": [{"InChIKey": "IJGRMHOSHXDMSA-UHFFFAOYSA-N", "composition": 1, "adsorption": 260.544}]}, {"pressure": 0.397952, "total_adsorption": 260.544, "species_data": [{"InChIKey": "IJGRMHOSHXDMSA-UHFFFAOYSA-N", "composition": 1, "adsorption": 260.544}]}, {"pressure": 0.427448, "total_adsorption": 260.544, "species_data": [{"InChIKey": "IJGRMHOSHXDMSA-UHFFFAOYSA-N", "composition": 1, "adsorption": 260.544}]}, {"pressure": 0.47907, "total_adsorption": 261.224, "species_data": [{"InChIKey": "IJGRMHOSHXDMSA-UHFFFAOYSA-N", "composition": 1, "adsorption": 261.224}]}, {"pressure": 0.490135, "total_adsorption": 261.905, "species_data": [{"InChIKey": "IJGRMHOSHXDMSA-UHFFFAOYSA-N", "composition": 1, "adsorption": 261.905}]}, {"pressure": 0.549122, "total_adsorption": 261.224, "species_data": [{"InChIKey": "IJGRMHOSHXDMSA-UHFFFAOYSA-N", "composition": 1, "adsorption": 261.224}]}, {"pressure": 0.589687, "total_adsorption": 262.585, "species_data": [{"InChIKey": "IJGRMHOSHXDMSA-UHFFFAOYSA-N", "composition": 1, "adsorption": 262.585}]}, {"pressure": 0.609966, "total_adsorption": 262.585, "species_data": [{"InChIKey": "IJGRMHOSHXDMSA-UHFFFAOYSA-N", "composition": 1, "adsorption": 262.585}]}, {"pressure": 0.668957, "total_adsorption": 262.585, "species_data": [{"InChIKey": "IJGRMHOSHXDMSA-UHFFFAOYSA-N", "composition": 1, "adsorption": 262.585}]}, {"pressure": 0.729797, "total_adsorption": 263.265, "species_data": [{"InChIKey": "IJGRMHOSHXDMSA-UHFFFAOYSA-N", "composition": 1, "adsorption": 263.265}]}, {"pressure": 0.759289, "total_adsorption": 262.585, "species_data": [{"InChIKey": "IJGRMHOSHXDMSA-UHFFFAOYSA-N", "composition": 1, "adsorption": 262.585}]}, {"pressure": 0.786949, "total_adsorption": 263.946, "species_data": [{"InChIKey": "IJGRMHOSHXDMSA-UHFFFAOYSA-N", "composition": 1, "adsorption": 263.946}]}, {"pressure": 0.840411, "total_adsorption": 263.946, "species_data": [{"InChIKey": "IJGRMHOSHXDMSA-UHFFFAOYSA-N", "composition": 1, "adsorption": 263.946}]}, {"pressure": 0.851472, "total_adsorption": 263.946, "species_data": [{"InChIKey": "IJGRMHOSHXDMSA-UHFFFAOYSA-N", "composition": 1, "adsorption": 263.946}]}, {"pressure": 0.897567, "total_adsorption": 265.306, "species_data": [{"InChIKey": "IJGRMHOSHXDMSA-UHFFFAOYSA-N", "composition": 1, "adsorption": 265.306}]}, {"pressure": 0.939967, "total_adsorption": 265.306, "species_data": [{"InChIKey": "IJGRMHOSHXDMSA-UHFFFAOYSA-N", "composition": 1, "adsorption": 265.306}]}, {"pressure": 0.965793, "total_adsorption": 268.027, "species_data": [{"InChIKey": "IJGRMHOSHXDMSA-UHFFFAOYSA-N", "composition": 1, "adsorption": 268.027}]}]}