{"filename": "10.1016j.ces.2016.08.026.Isotherm15", "DOI": "10.1016/j.ces.2016.08.026", "articleSource": "figure 5d", "date": "2018-08-01", "digitizer": "Matthew Weiss", "adsorbent": {"hashkey": "NIST-MATDB-2a7214bb24805cb579745e4a1f365c52", "name": "C-PDA-5"}, "adsorbates": [{"InChIKey": "VGGSQFUCUMXWEO-UHFFFAOYSA-N", "name": "Ethene"}], "category": "exp", "temperature": 298, "isotherm_type": "", "adsorptionUnits": "mmol/g", "pressureUnits": "bar", "compositionType": "molefraction", "concentrationUnits": "", "isotherm_data": [{"pressure": 0.276362, "total_adsorption": null, "species_data": [{"InChIKey": "VGGSQFUCUMXWEO-UHFFFAOYSA-N", "composition": 1, "adsorption": 0.0805}]}, {"pressure": 0.71559, "total_adsorption": null, "species_data": [{"InChIKey": "VGGSQFUCUMXWEO-UHFFFAOYSA-N", "composition": 1, "adsorption": 0.1374}]}, {"pressure": 3.9537, "total_adsorption": null, "species_data": [{"InChIKey": "VGGSQFUCUMXWEO-UHFFFAOYSA-N", "composition": 1, "adsorption": 0.5362}]}, {"pressure": 6.7109, "total_adsorption": null, "species_data": [{"InChIKey": "VGGSQFUCUMXWEO-UHFFFAOYSA-N", "composition": 1, "adsorption": 0.7987}]}, {"pressure": 10.0702, "total_adsorption": null, "species_data": [{"InChIKey": "VGGSQFUCUMXWEO-UHFFFAOYSA-N", "composition": 1, "adsorption": 1.0841}]}, {"pressure": 13.2166, "total_adsorption": null, "species_data": [{"InChIKey": "VGGSQFUCUMXWEO-UHFFFAOYSA-N", "composition": 1, "adsorption": 1.3381}]}, {"pressure": 16.4201, "total_adsorption": null, "species_data": [{"InChIKey": "VGGSQFUCUMXWEO-UHFFFAOYSA-N", "composition": 1, "adsorption": 1.5668}]}, {"pressure": 19.5742, "total_adsorption": null, "species_data": [{"InChIKey": "VGGSQFUCUMXWEO-UHFFFAOYSA-N", "composition": 1, "adsorption": 1.7726}]}, {"pressure": 22.7783, "total_adsorption": null, "species_data": [{"InChIKey": "VGGSQFUCUMXWEO-UHFFFAOYSA-N", "composition": 1, "adsorption": 1.9711}]}, {"pressure": 25.9325, "total_adsorption": null, "species_data": [{"InChIKey": "VGGSQFUCUMXWEO-UHFFFAOYSA-N", "composition": 1, "adsorption": 2.1552}]}, {"pressure": 29.0584, "total_adsorption": null, "species_data": [{"InChIKey": "VGGSQFUCUMXWEO-UHFFFAOYSA-N", "composition": 1, "adsorption": 2.3308}]}, {"pressure": 32.2689, "total_adsorption": null, "species_data": [{"InChIKey": "VGGSQFUCUMXWEO-UHFFFAOYSA-N", "composition": 1, "adsorption": 2.5064}]}, {"pressure": 35.3948, "total_adsorption": null, "species_data": [{"InChIKey": "VGGSQFUCUMXWEO-UHFFFAOYSA-N", "composition": 1, "adsorption": 2.6675}]}, {"pressure": 38.5848, "total_adsorption": null, "species_data": [{"InChIKey": "VGGSQFUCUMXWEO-UHFFFAOYSA-N", "composition": 1, "adsorption": 2.8142}]}, {"pressure": 41.7607, "total_adsorption": null, "species_data": [{"InChIKey": "VGGSQFUCUMXWEO-UHFFFAOYSA-N", "composition": 1, "adsorption": 2.9632}]}, {"pressure": 44.9431, "total_adsorption": null, "species_data": [{"InChIKey": "VGGSQFUCUMXWEO-UHFFFAOYSA-N", "composition": 1, "adsorption": 3.1159}]}, {"pressure": 48.126, "total_adsorption": null, "species_data": [{"InChIKey": "VGGSQFUCUMXWEO-UHFFFAOYSA-N", "composition": 1, "adsorption": 3.2529}]}, {"pressure": 51.2872, "total_adsorption": null, "species_data": [{"InChIKey": "VGGSQFUCUMXWEO-UHFFFAOYSA-N", "composition": 1, "adsorption": 3.3935}]}, {"pressure": 54.4208, "total_adsorption": null, "species_data": [{"InChIKey": "VGGSQFUCUMXWEO-UHFFFAOYSA-N", "composition": 1, "adsorption": 3.5317}]}, {"pressure": 57.6249, "total_adsorption": null, "species_data": [{"InChIKey": "VGGSQFUCUMXWEO-UHFFFAOYSA-N", "composition": 1, "adsorption": 3.6603}]}, {"pressure": 60.8284, "total_adsorption": null, "species_data": [{"InChIKey": "VGGSQFUCUMXWEO-UHFFFAOYSA-N", "composition": 1, "adsorption": 3.784}]}, {"pressure": 62.8277, "total_adsorption": null, "species_data": [{"InChIKey": "VGGSQFUCUMXWEO-UHFFFAOYSA-N", "composition": 1, "adsorption": 3.8585}]}]}