{"isotherm_data":[{"pressure":0.637473,"total_adsorption":9.07658,"species_data":[{"composition":1,"adsorption":9.07658,"InChIKey":"UFHFLCQGNIYNRP-UHFFFAOYSA-N"}]},{"pressure":1.40218,"total_adsorption":14.3203,"species_data":[{"composition":1,"adsorption":14.3203,"InChIKey":"UFHFLCQGNIYNRP-UHFFFAOYSA-N"}]},{"pressure":2.93159,"total_adsorption":18.3404,"species_data":[{"composition":1,"adsorption":18.3404,"InChIKey":"UFHFLCQGNIYNRP-UHFFFAOYSA-N"}]},{"pressure":4.67949,"total_adsorption":20.9623,"species_data":[{"composition":1,"adsorption":20.9623,"InChIKey":"UFHFLCQGNIYNRP-UHFFFAOYSA-N"}]},{"pressure":8.39378,"total_adsorption":24.5455,"species_data":[{"composition":1,"adsorption":24.5455,"InChIKey":"UFHFLCQGNIYNRP-UHFFFAOYSA-N"}]},{"pressure":12.6543,"total_adsorption":27.3421,"species_data":[{"composition":1,"adsorption":27.3421,"InChIKey":"UFHFLCQGNIYNRP-UHFFFAOYSA-N"}]},{"pressure":17.6795,"total_adsorption":29.7892,"species_data":[{"composition":1,"adsorption":29.7892,"InChIKey":"UFHFLCQGNIYNRP-UHFFFAOYSA-N"}]},{"pressure":22.0492,"total_adsorption":31.7119,"species_data":[{"composition":1,"adsorption":31.7119,"InChIKey":"UFHFLCQGNIYNRP-UHFFFAOYSA-N"}]},{"pressure":26.6375,"total_adsorption":33.1102,"species_data":[{"composition":1,"adsorption":33.1102,"InChIKey":"UFHFLCQGNIYNRP-UHFFFAOYSA-N"}]},{"pressure":30.5702,"total_adsorption":34.2463,"species_data":[{"composition":1,"adsorption":34.2463,"InChIKey":"UFHFLCQGNIYNRP-UHFFFAOYSA-N"}]},{"pressure":35.0492,"total_adsorption":35.3825,"species_data":[{"composition":1,"adsorption":35.3825,"InChIKey":"UFHFLCQGNIYNRP-UHFFFAOYSA-N"}]},{"pressure":37.2341,"total_adsorption":35.8194,"species_data":[{"composition":1,"adsorption":35.8194,"InChIKey":"UFHFLCQGNIYNRP-UHFFFAOYSA-N"}]},{"pressure":39.5282,"total_adsorption":36.606,"species_data":[{"composition":1,"adsorption":36.606,"InChIKey":"UFHFLCQGNIYNRP-UHFFFAOYSA-N"}]},{"pressure":41.3854,"total_adsorption":36.9556,"species_data":[{"composition":1,"adsorption":36.9556,"InChIKey":"UFHFLCQGNIYNRP-UHFFFAOYSA-N"}]}],"temperature":50,"articleSource":"UNKNOWN","compositionType":"molefraction","adsorbates":[{"name":"Hydrogen","InChIKey":"UFHFLCQGNIYNRP-UHFFFAOYSA-N"}],"adsorptionUnits":"g/l","date":"1000-01-01","category":"","digitizer":"UNKNOWN","pressureUnits":"bar","DOI":"10.1039/C1ee01426a","adsorbent":{"name":"MOF-177","hashkey":"NIST-MATDB-bbd809480ca8c8d0e4d066e70a9719d1"},"concentrationUnits":"","filename":"10.1039C1ee01426a.isotherm78","isotherm_type":""}