{"filename": "10.1039c1ee01380g.Isotherm7", "DOI": "10.1039/c1ee01380g", "articleSource": "UNKNOWN", "date": "1000-01-01", "digitizer": "UNKNOWN", "adsorbent": {"hashkey": "NIST-MATDB-7d1571382dd79cf21cfb21568cdc0ccf", "name": "CAU-1"}, "adsorbates": [{"InChIKey": "UFHFLCQGNIYNRP-UHFFFAOYSA-N", "name": "Hydrogen"}], "category": "", "temperature": 77, "isotherm_type": "", "adsorptionUnits": "wt%", "pressureUnits": "bar", "compositionType": "molefraction", "concentrationUnits": "", "isotherm_data": [{"pressure": 0.386635, "total_adsorption": 1.50788, "species_data": [{"InChIKey": "UFHFLCQGNIYNRP-UHFFFAOYSA-N", "composition": 1, "adsorption": 1.50788}]}, {"pressure": 1.41841, "total_adsorption": 2.4709, "species_data": [{"InChIKey": "UFHFLCQGNIYNRP-UHFFFAOYSA-N", "composition": 1, "adsorption": 2.4709}]}, {"pressure": 2.9201, "total_adsorption": 2.98178, "species_data": [{"InChIKey": "UFHFLCQGNIYNRP-UHFFFAOYSA-N", "composition": 1, "adsorption": 2.98178}]}, {"pressure": 4.54094, "total_adsorption": 3.24916, "species_data": [{"InChIKey": "UFHFLCQGNIYNRP-UHFFFAOYSA-N", "composition": 1, "adsorption": 3.24916}]}, {"pressure": 6.04682, "total_adsorption": 3.4353, "species_data": [{"InChIKey": "UFHFLCQGNIYNRP-UHFFFAOYSA-N", "composition": 1, "adsorption": 3.4353}]}, {"pressure": 7.43772, "total_adsorption": 3.54021, "species_data": [{"InChIKey": "UFHFLCQGNIYNRP-UHFFFAOYSA-N", "composition": 1, "adsorption": 3.54021}]}, {"pressure": 9.17683, "total_adsorption": 3.63366, "species_data": [{"InChIKey": "UFHFLCQGNIYNRP-UHFFFAOYSA-N", "composition": 1, "adsorption": 3.63366}]}, {"pressure": 10.5682, "total_adsorption": 3.70377, "species_data": [{"InChIKey": "UFHFLCQGNIYNRP-UHFFFAOYSA-N", "composition": 1, "adsorption": 3.70377}]}, {"pressure": 12.0177, "total_adsorption": 3.76232, "species_data": [{"InChIKey": "UFHFLCQGNIYNRP-UHFFFAOYSA-N", "composition": 1, "adsorption": 3.76232}]}, {"pressure": 13.4675, "total_adsorption": 3.79766, "species_data": [{"InChIKey": "UFHFLCQGNIYNRP-UHFFFAOYSA-N", "composition": 1, "adsorption": 3.79766}]}, {"pressure": 14.801, "total_adsorption": 3.85616, "species_data": [{"InChIKey": "UFHFLCQGNIYNRP-UHFFFAOYSA-N", "composition": 1, "adsorption": 3.85616}]}, {"pressure": 17.237, "total_adsorption": 3.89189, "species_data": [{"InChIKey": "UFHFLCQGNIYNRP-UHFFFAOYSA-N", "composition": 1, "adsorption": 3.89189}]}, {"pressure": 19.3249, "total_adsorption": 3.92748, "species_data": [{"InChIKey": "UFHFLCQGNIYNRP-UHFFFAOYSA-N", "composition": 1, "adsorption": 3.92748}]}, {"pressure": 21.065, "total_adsorption": 3.93974, "species_data": [{"InChIKey": "UFHFLCQGNIYNRP-UHFFFAOYSA-N", "composition": 1, "adsorption": 3.93974}]}, {"pressure": 22.6312, "total_adsorption": 3.95193, "species_data": [{"InChIKey": "UFHFLCQGNIYNRP-UHFFFAOYSA-N", "composition": 1, "adsorption": 3.95193}]}, {"pressure": 24.4873, "total_adsorption": 3.96424, "species_data": [{"InChIKey": "UFHFLCQGNIYNRP-UHFFFAOYSA-N", "composition": 1, "adsorption": 3.96424}]}, {"pressure": 25.9374, "total_adsorption": 3.97639, "species_data": [{"InChIKey": "UFHFLCQGNIYNRP-UHFFFAOYSA-N", "composition": 1, "adsorption": 3.97639}]}, {"pressure": 27.4457, "total_adsorption": 3.97697, "species_data": [{"InChIKey": "UFHFLCQGNIYNRP-UHFFFAOYSA-N", "composition": 1, "adsorption": 3.97697}]}, {"pressure": 28.8958, "total_adsorption": 3.98912, "species_data": [{"InChIKey": "UFHFLCQGNIYNRP-UHFFFAOYSA-N", "composition": 1, "adsorption": 3.98912}]}, {"pressure": 30.2879, "total_adsorption": 4.00125, "species_data": [{"InChIKey": "UFHFLCQGNIYNRP-UHFFFAOYSA-N", "composition": 1, "adsorption": 4.00125}]}]}