{"filename": "10.1002cplu.201200270.Isotherm6", "DOI": "10.1002/cplu.201200270", "articleSource": "UNKNOWN", "date": "1000-01-01", "digitizer": "UNKNOWN", "adsorbent": {"hashkey": "NIST-MATDB-b4ded22a11c441a1b3ab509c773faf92", "name": "[Zn2(CN5H2)3(H2O)3]6H2O Ac"}, "adsorbates": [{"InChIKey": "IJGRMHOSHXDMSA-UHFFFAOYSA-N", "name": "Nitrogen"}], "category": "", "temperature": 273, "isotherm_type": "", "adsorptionUnits": "mmol/g", "pressureUnits": "bar", "compositionType": "molefraction", "concentrationUnits": "", "isotherm_data": [{"pressure": 0.298131, "total_adsorption": 0.0639332, "species_data": [{"InChIKey": "IJGRMHOSHXDMSA-UHFFFAOYSA-N", "composition": 1, "adsorption": 0.0639332}]}, {"pressure": 0.602658, "total_adsorption": 0.120267, "species_data": [{"InChIKey": "IJGRMHOSHXDMSA-UHFFFAOYSA-N", "composition": 1, "adsorption": 0.120267}]}, {"pressure": 0.904946, "total_adsorption": 0.154073, "species_data": [{"InChIKey": "IJGRMHOSHXDMSA-UHFFFAOYSA-N", "composition": 1, "adsorption": 0.154073}]}, {"pressure": 1.20081, "total_adsorption": 0.18796, "species_data": [{"InChIKey": "IJGRMHOSHXDMSA-UHFFFAOYSA-N", "composition": 1, "adsorption": 0.18796}]}]}