{"isotherm_data":[{"pressure":1.14539e-5,"total_adsorption":0.0354739,"species_data":[{"composition":1,"adsorption":0.0354739,"InChIKey":"XKRFYHLGVUSROY-UHFFFAOYSA-N"}]},{"pressure":0.000157704,"total_adsorption":0.382696,"species_data":[{"composition":1,"adsorption":0.382696,"InChIKey":"XKRFYHLGVUSROY-UHFFFAOYSA-N"}]},{"pressure":0.000460383,"total_adsorption":1.49381,"species_data":[{"composition":1,"adsorption":1.49381,"InChIKey":"XKRFYHLGVUSROY-UHFFFAOYSA-N"}]},{"pressure":0.00122104,"total_adsorption":9.34103,"species_data":[{"composition":1,"adsorption":9.34103,"InChIKey":"XKRFYHLGVUSROY-UHFFFAOYSA-N"}]},{"pressure":0.00220635,"total_adsorption":12.8133,"species_data":[{"composition":1,"adsorption":12.8133,"InChIKey":"XKRFYHLGVUSROY-UHFFFAOYSA-N"}]},{"pressure":0.0339762,"total_adsorption":16.5633,"species_data":[{"composition":1,"adsorption":16.5633,"InChIKey":"XKRFYHLGVUSROY-UHFFFAOYSA-N"}]},{"pressure":0.0392351,"total_adsorption":39.1327,"species_data":[{"composition":1,"adsorption":39.1327,"InChIKey":"XKRFYHLGVUSROY-UHFFFAOYSA-N"}]},{"pressure":0.081869,"total_adsorption":41.1466,"species_data":[{"composition":1,"adsorption":41.1466,"InChIKey":"XKRFYHLGVUSROY-UHFFFAOYSA-N"}]},{"pressure":0.0991865,"total_adsorption":42.3271,"species_data":[{"composition":1,"adsorption":42.3271,"InChIKey":"XKRFYHLGVUSROY-UHFFFAOYSA-N"}]},{"pressure":0.267306,"total_adsorption":42.8827,"species_data":[{"composition":1,"adsorption":42.8827,"InChIKey":"XKRFYHLGVUSROY-UHFFFAOYSA-N"}]},{"pressure":0.743794,"total_adsorption":43.4383,"species_data":[{"composition":1,"adsorption":43.4383,"InChIKey":"XKRFYHLGVUSROY-UHFFFAOYSA-N"}]}],"temperature":87,"articleSource":"UNKNOWN","compositionType":"molefraction","adsorbates":[{"name":"Argon","InChIKey":"XKRFYHLGVUSROY-UHFFFAOYSA-N"}],"adsorptionUnits":"micromoles/m2","date":"1000-01-01","category":"","digitizer":"UNKNOWN","pressureUnits":"bar","DOI":"10.1021/jp205497s","adsorbent":{"name":"Carbon","hashkey":"NIST-MATDB-453276ee992ed07dc207ed08b2b221ce"},"concentrationUnits":"","filename":"10.1021jp205497s.isotherm16","isotherm_type":""}