{"isotherm_data":[{"pressure":1.01325,"total_adsorption":null,"species_data":[{"composition":0.1101,"adsorption":0.1246,"InChIKey":"YFSUTJLHUFNCNZ-UHFFFAOYSA-N"}]},{"pressure":1.01325,"total_adsorption":null,"species_data":[{"composition":1.1522,"adsorption":0.782,"InChIKey":"YFSUTJLHUFNCNZ-UHFFFAOYSA-N"}]},{"pressure":1.01325,"total_adsorption":null,"species_data":[{"composition":2.2889,"adsorption":1.5451,"InChIKey":"YFSUTJLHUFNCNZ-UHFFFAOYSA-N"}]},{"pressure":1.01325,"total_adsorption":null,"species_data":[{"composition":4.6944,"adsorption":2.0675,"InChIKey":"YFSUTJLHUFNCNZ-UHFFFAOYSA-N"}]},{"pressure":1.01325,"total_adsorption":null,"species_data":[{"composition":8.3806,"adsorption":2.311,"InChIKey":"YFSUTJLHUFNCNZ-UHFFFAOYSA-N"}]},{"pressure":1.01325,"total_adsorption":null,"species_data":[{"composition":12.6597,"adsorption":2.4695,"InChIKey":"YFSUTJLHUFNCNZ-UHFFFAOYSA-N"}]}],"temperature":303,"articleSource":"Figure 2a","compositionType":"concentration","adsorbates":[{"name":"Perfluorooctanesulfonic acid","InChIKey":"YFSUTJLHUFNCNZ-UHFFFAOYSA-N"}],"adsorptionUnits":"","date":"2019-07-23","category":"exp","digitizer":"Justin Chen","pressureUnits":"bar","DOI":"10.1016/j.chemosphere.2017.05.033","adsorbent":{"name":"PAC","hashkey":"NIST-MATDB-37e3b0438ab90a43c45f5121e883c4b6"},"concentrationUnits":"","filename":"10.1016j.chemosphere.2017.05.033.Isotherm2","isotherm_type":""}