{"isotherm_data":[{"pressure":0.041958,"total_adsorption":2.93324,"species_data":[{"composition":1,"adsorption":2.93324,"InChIKey":"CURLTUGMZLYLDI-UHFFFAOYSA-N"}]},{"pressure":0.0582751,"total_adsorption":4.21578,"species_data":[{"composition":1,"adsorption":4.21578,"InChIKey":"CURLTUGMZLYLDI-UHFFFAOYSA-N"}]},{"pressure":0.0792541,"total_adsorption":5.6824,"species_data":[{"composition":1,"adsorption":5.6824,"InChIKey":"CURLTUGMZLYLDI-UHFFFAOYSA-N"}]},{"pressure":0.0932401,"total_adsorption":6.23462,"species_data":[{"composition":1,"adsorption":6.23462,"InChIKey":"CURLTUGMZLYLDI-UHFFFAOYSA-N"}]},{"pressure":0.100233,"total_adsorption":6.60191,"species_data":[{"composition":1,"adsorption":6.60191,"InChIKey":"CURLTUGMZLYLDI-UHFFFAOYSA-N"}]},{"pressure":0.123543,"total_adsorption":8.43412,"species_data":[{"composition":1,"adsorption":8.43412,"InChIKey":"CURLTUGMZLYLDI-UHFFFAOYSA-N"}]},{"pressure":0.146853,"total_adsorption":9.71922,"species_data":[{"composition":1,"adsorption":9.71922,"InChIKey":"CURLTUGMZLYLDI-UHFFFAOYSA-N"}]},{"pressure":0.172494,"total_adsorption":10.8228,"species_data":[{"composition":1,"adsorption":10.8228,"InChIKey":"CURLTUGMZLYLDI-UHFFFAOYSA-N"}]},{"pressure":0.195804,"total_adsorption":12.1079,"species_data":[{"composition":1,"adsorption":12.1079,"InChIKey":"CURLTUGMZLYLDI-UHFFFAOYSA-N"}]},{"pressure":0.219114,"total_adsorption":13.393,"species_data":[{"composition":1,"adsorption":13.393,"InChIKey":"CURLTUGMZLYLDI-UHFFFAOYSA-N"}]},{"pressure":0.235431,"total_adsorption":14.8579,"species_data":[{"composition":1,"adsorption":14.8579,"InChIKey":"CURLTUGMZLYLDI-UHFFFAOYSA-N"}]},{"pressure":0.261072,"total_adsorption":15.7791,"species_data":[{"composition":1,"adsorption":15.7791,"InChIKey":"CURLTUGMZLYLDI-UHFFFAOYSA-N"}]},{"pressure":0.284382,"total_adsorption":16.8818,"species_data":[{"composition":1,"adsorption":16.8818,"InChIKey":"CURLTUGMZLYLDI-UHFFFAOYSA-N"}]},{"pressure":0.310023,"total_adsorption":17.9854,"species_data":[{"composition":1,"adsorption":17.9854,"InChIKey":"CURLTUGMZLYLDI-UHFFFAOYSA-N"}]},{"pressure":0.331002,"total_adsorption":19.0873,"species_data":[{"composition":1,"adsorption":19.0873,"InChIKey":"CURLTUGMZLYLDI-UHFFFAOYSA-N"}]},{"pressure":0.354312,"total_adsorption":20.0077,"species_data":[{"composition":1,"adsorption":20.0077,"InChIKey":"CURLTUGMZLYLDI-UHFFFAOYSA-N"}]},{"pressure":0.377622,"total_adsorption":21.1104,"species_data":[{"composition":1,"adsorption":21.1104,"InChIKey":"CURLTUGMZLYLDI-UHFFFAOYSA-N"}]},{"pressure":0.400932,"total_adsorption":22.2131,"species_data":[{"composition":1,"adsorption":22.2131,"InChIKey":"CURLTUGMZLYLDI-UHFFFAOYSA-N"}]},{"pressure":0.421911,"total_adsorption":22.7679,"species_data":[{"composition":1,"adsorption":22.7679,"InChIKey":"CURLTUGMZLYLDI-UHFFFAOYSA-N"}]},{"pressure":0.44289,"total_adsorption":24.0521,"species_data":[{"composition":1,"adsorption":24.0521,"InChIKey":"CURLTUGMZLYLDI-UHFFFAOYSA-N"}]},{"pressure":0.4662,"total_adsorption":24.9725,"species_data":[{"composition":1,"adsorption":24.9725,"InChIKey":"CURLTUGMZLYLDI-UHFFFAOYSA-N"}]},{"pressure":0.48951,"total_adsorption":25.8928,"species_data":[{"composition":1,"adsorption":25.8928,"InChIKey":"CURLTUGMZLYLDI-UHFFFAOYSA-N"}]},{"pressure":0.508159,"total_adsorption":26.6291,"species_data":[{"composition":1,"adsorption":26.6291,"InChIKey":"CURLTUGMZLYLDI-UHFFFAOYSA-N"}]},{"pressure":0.536131,"total_adsorption":27.3688,"species_data":[{"composition":1,"adsorption":27.3688,"InChIKey":"CURLTUGMZLYLDI-UHFFFAOYSA-N"}]},{"pressure":0.559441,"total_adsorption":28.4715,"species_data":[{"composition":1,"adsorption":28.4715,"InChIKey":"CURLTUGMZLYLDI-UHFFFAOYSA-N"}]},{"pressure":0.58042,"total_adsorption":29.2087,"species_data":[{"composition":1,"adsorption":29.2087,"InChIKey":"CURLTUGMZLYLDI-UHFFFAOYSA-N"}]},{"pressure":0.60373,"total_adsorption":29.9466,"species_data":[{"composition":1,"adsorption":29.9466,"InChIKey":"CURLTUGMZLYLDI-UHFFFAOYSA-N"}]},{"pressure":0.62704,"total_adsorption":30.6846,"species_data":[{"composition":1,"adsorption":30.6846,"InChIKey":"CURLTUGMZLYLDI-UHFFFAOYSA-N"}]},{"pressure":0.65035,"total_adsorption":31.2402,"species_data":[{"composition":1,"adsorption":31.2402,"InChIKey":"CURLTUGMZLYLDI-UHFFFAOYSA-N"}]},{"pressure":0.67366,"total_adsorption":31.9782,"species_data":[{"composition":1,"adsorption":31.9782,"InChIKey":"CURLTUGMZLYLDI-UHFFFAOYSA-N"}]},{"pressure":0.694639,"total_adsorption":32.7154,"species_data":[{"composition":1,"adsorption":32.7154,"InChIKey":"CURLTUGMZLYLDI-UHFFFAOYSA-N"}]},{"pressure":0.717949,"total_adsorption":33.4534,"species_data":[{"composition":1,"adsorption":33.4534,"InChIKey":"CURLTUGMZLYLDI-UHFFFAOYSA-N"}]},{"pressure":0.741259,"total_adsorption":34.009,"species_data":[{"composition":1,"adsorption":34.009,"InChIKey":"CURLTUGMZLYLDI-UHFFFAOYSA-N"}]},{"pressure":0.762238,"total_adsorption":34.7461,"species_data":[{"composition":1,"adsorption":34.7461,"InChIKey":"CURLTUGMZLYLDI-UHFFFAOYSA-N"}]},{"pressure":0.785548,"total_adsorption":35.4841,"species_data":[{"composition":1,"adsorption":35.4841,"InChIKey":"CURLTUGMZLYLDI-UHFFFAOYSA-N"}]},{"pressure":0.811189,"total_adsorption":35.8582,"species_data":[{"composition":1,"adsorption":35.8582,"InChIKey":"CURLTUGMZLYLDI-UHFFFAOYSA-N"}]},{"pressure":0.829837,"total_adsorption":36.4121,"species_data":[{"composition":1,"adsorption":36.4121,"InChIKey":"CURLTUGMZLYLDI-UHFFFAOYSA-N"}]},{"pressure":0.857809,"total_adsorption":37.3342,"species_data":[{"composition":1,"adsorption":37.3342,"InChIKey":"CURLTUGMZLYLDI-UHFFFAOYSA-N"}]},{"pressure":0.876457,"total_adsorption":37.7057,"species_data":[{"composition":1,"adsorption":37.7057,"InChIKey":"CURLTUGMZLYLDI-UHFFFAOYSA-N"}]},{"pressure":0.90676,"total_adsorption":38.2639,"species_data":[{"composition":1,"adsorption":38.2639,"InChIKey":"CURLTUGMZLYLDI-UHFFFAOYSA-N"}]},{"pressure":0.93007,"total_adsorption":39.0018,"species_data":[{"composition":1,"adsorption":39.0018,"InChIKey":"CURLTUGMZLYLDI-UHFFFAOYSA-N"}]},{"pressure":0.955711,"total_adsorption":39.3759,"species_data":[{"composition":1,"adsorption":39.3759,"InChIKey":"CURLTUGMZLYLDI-UHFFFAOYSA-N"}]},{"pressure":0.972028,"total_adsorption":39.7466,"species_data":[{"composition":1,"adsorption":39.7466,"InChIKey":"CURLTUGMZLYLDI-UHFFFAOYSA-N"}]},{"pressure":0.983683,"total_adsorption":39.9333,"species_data":[{"composition":1,"adsorption":39.9333,"InChIKey":"CURLTUGMZLYLDI-UHFFFAOYSA-N"}]}],"temperature":298,"articleSource":"UNKNOWN","compositionType":"molefraction","adsorbates":[{"name":"Carbon Dioxide","InChIKey":"CURLTUGMZLYLDI-UHFFFAOYSA-N"}],"adsorptionUnits":"cm3(STP)/g","date":"1000-01-01","category":"","digitizer":"UNKNOWN","pressureUnits":"bar","DOI":"10.1039/C4ce00279b","adsorbent":{"name":"ROD-8a","hashkey":"NIST-MATDB-c750312180598dce5e7e8761b750f6ab"},"concentrationUnits":"","filename":"10.1039C4ce00279b.Isotherm6","isotherm_type":""}