{"filename": "10.1021Ic102347b.isotherm3", "DOI": "10.1021/Ic102347b", "articleSource": "UNKNOWN", "date": "1000-01-01", "digitizer": "UNKNOWN", "adsorbent": {"hashkey": "NIST-MATDB-e5386297edab94b5a9ac0f1117e071f3", "name": "UTSA-15"}, "adsorbates": [{"InChIKey": "CURLTUGMZLYLDI-UHFFFAOYSA-N", "name": "Carbon Dioxide"}], "category": "", "temperature": 296, "isotherm_type": "", "adsorptionUnits": "cm3(STP)/g", "pressureUnits": "bar", "compositionType": "molefraction", "concentrationUnits": "", "isotherm_data": [{"pressure": 0.00656653, "total_adsorption": 0.774055, "species_data": [{"InChIKey": "CURLTUGMZLYLDI-UHFFFAOYSA-N", "composition": 1, "adsorption": 0.774055}]}, {"pressure": 0.0644657, "total_adsorption": 5.2312, "species_data": [{"InChIKey": "CURLTUGMZLYLDI-UHFFFAOYSA-N", "composition": 1, "adsorption": 5.2312}]}, {"pressure": 0.124681, "total_adsorption": 8.81439, "species_data": [{"InChIKey": "CURLTUGMZLYLDI-UHFFFAOYSA-N", "composition": 1, "adsorption": 8.81439}]}, {"pressure": 0.191844, "total_adsorption": 11.6984, "species_data": [{"InChIKey": "CURLTUGMZLYLDI-UHFFFAOYSA-N", "composition": 1, "adsorption": 11.6984}]}, {"pressure": 0.282167, "total_adsorption": 14.932, "species_data": [{"InChIKey": "CURLTUGMZLYLDI-UHFFFAOYSA-N", "composition": 1, "adsorption": 14.932}]}, {"pressure": 0.407229, "total_adsorption": 18.4278, "species_data": [{"InChIKey": "CURLTUGMZLYLDI-UHFFFAOYSA-N", "composition": 1, "adsorption": 18.4278}]}, {"pressure": 0.529975, "total_adsorption": 21.2245, "species_data": [{"InChIKey": "CURLTUGMZLYLDI-UHFFFAOYSA-N", "composition": 1, "adsorption": 21.2245}]}, {"pressure": 0.62493, "total_adsorption": 23.322, "species_data": [{"InChIKey": "CURLTUGMZLYLDI-UHFFFAOYSA-N", "composition": 1, "adsorption": 23.322}]}, {"pressure": 0.749992, "total_adsorption": 25.8564, "species_data": [{"InChIKey": "CURLTUGMZLYLDI-UHFFFAOYSA-N", "composition": 1, "adsorption": 25.8564}]}, {"pressure": 0.844946, "total_adsorption": 27.6043, "species_data": [{"InChIKey": "CURLTUGMZLYLDI-UHFFFAOYSA-N", "composition": 1, "adsorption": 27.6043}]}, {"pressure": 0.963061, "total_adsorption": 30.0514, "species_data": [{"InChIKey": "CURLTUGMZLYLDI-UHFFFAOYSA-N", "composition": 1, "adsorption": 30.0514}]}, {"pressure": 1.05802, "total_adsorption": 31.7993, "species_data": [{"InChIKey": "CURLTUGMZLYLDI-UHFFFAOYSA-N", "composition": 1, "adsorption": 31.7993}]}]}