{"isotherm_data":[{"pressure":0.0175424,"total_adsorption":0.000191235,"species_data":[{"composition":1,"adsorption":0.000191235,"InChIKey":"UFHFLCQGNIYNRP-UHFFFAOYSA-N"}]},{"pressure":0.0491188,"total_adsorption":0.00063745,"species_data":[{"composition":1,"adsorption":0.00063745,"InChIKey":"UFHFLCQGNIYNRP-UHFFFAOYSA-N"}]},{"pressure":0.0806951,"total_adsorption":0.00101992,"species_data":[{"composition":1,"adsorption":0.00101992,"InChIKey":"UFHFLCQGNIYNRP-UHFFFAOYSA-N"}]},{"pressure":0.105255,"total_adsorption":0.00140239,"species_data":[{"composition":1,"adsorption":0.00140239,"InChIKey":"UFHFLCQGNIYNRP-UHFFFAOYSA-N"}]},{"pressure":0.27717,"total_adsorption":0.00356972,"species_data":[{"composition":1,"adsorption":0.00356972,"InChIKey":"UFHFLCQGNIYNRP-UHFFFAOYSA-N"}]},{"pressure":0.315764,"total_adsorption":0.00407968,"species_data":[{"composition":1,"adsorption":0.00407968,"InChIKey":"UFHFLCQGNIYNRP-UHFFFAOYSA-N"}]},{"pressure":0.343831,"total_adsorption":0.0045259,"species_data":[{"composition":1,"adsorption":0.0045259,"InChIKey":"UFHFLCQGNIYNRP-UHFFFAOYSA-N"}]},{"pressure":0.371899,"total_adsorption":0.00478088,"species_data":[{"composition":1,"adsorption":0.00478088,"InChIKey":"UFHFLCQGNIYNRP-UHFFFAOYSA-N"}]},{"pressure":0.543815,"total_adsorption":0.0070757,"species_data":[{"composition":1,"adsorption":0.0070757,"InChIKey":"UFHFLCQGNIYNRP-UHFFFAOYSA-N"}]},{"pressure":0.589425,"total_adsorption":0.0076494,"species_data":[{"composition":1,"adsorption":0.0076494,"InChIKey":"UFHFLCQGNIYNRP-UHFFFAOYSA-N"}]},{"pressure":0.638544,"total_adsorption":0.00828685,"species_data":[{"composition":1,"adsorption":0.00828685,"InChIKey":"UFHFLCQGNIYNRP-UHFFFAOYSA-N"}]},{"pressure":0.673629,"total_adsorption":0.00879681,"species_data":[{"composition":1,"adsorption":0.00879681,"InChIKey":"UFHFLCQGNIYNRP-UHFFFAOYSA-N"}]},{"pressure":0.698188,"total_adsorption":0.00905179,"species_data":[{"composition":1,"adsorption":0.00905179,"InChIKey":"UFHFLCQGNIYNRP-UHFFFAOYSA-N"}]},{"pressure":0.813968,"total_adsorption":0.0105817,"species_data":[{"composition":1,"adsorption":0.0105817,"InChIKey":"UFHFLCQGNIYNRP-UHFFFAOYSA-N"}]},{"pressure":0.842036,"total_adsorption":0.0109641,"species_data":[{"composition":1,"adsorption":0.0109641,"InChIKey":"UFHFLCQGNIYNRP-UHFFFAOYSA-N"}]},{"pressure":0.873612,"total_adsorption":0.0113466,"species_data":[{"composition":1,"adsorption":0.0113466,"InChIKey":"UFHFLCQGNIYNRP-UHFFFAOYSA-N"}]},{"pressure":0.905189,"total_adsorption":0.0117291,"species_data":[{"composition":1,"adsorption":0.0117291,"InChIKey":"UFHFLCQGNIYNRP-UHFFFAOYSA-N"}]},{"pressure":0.996409,"total_adsorption":0.0129402,"species_data":[{"composition":1,"adsorption":0.0129402,"InChIKey":"UFHFLCQGNIYNRP-UHFFFAOYSA-N"}]},{"pressure":1.03851,"total_adsorption":0.0135777,"species_data":[{"composition":1,"adsorption":0.0135777,"InChIKey":"UFHFLCQGNIYNRP-UHFFFAOYSA-N"}]},{"pressure":1.07009,"total_adsorption":0.0138964,"species_data":[{"composition":1,"adsorption":0.0138964,"InChIKey":"UFHFLCQGNIYNRP-UHFFFAOYSA-N"}]}],"temperature":298,"articleSource":"UNKNOWN","compositionType":"molefraction","adsorbates":[{"name":"Hydrogen","InChIKey":"UFHFLCQGNIYNRP-UHFFFAOYSA-N"}],"adsorptionUnits":"wt%","date":"1000-01-01","category":"","digitizer":"UNKNOWN","pressureUnits":"bar","DOI":"10.1016/j.ijhydene.2009.01.082","adsorbent":{"name":"DMF-Derived IRMOF-1/MOF-177","hashkey":"NIST-MATDB-1d37208c035a1a963b4ff454faaf1878"},"concentrationUnits":"","filename":"10.1016j.ijhydene.2009.01.082.Isotherm19","isotherm_type":""}