{"isotherm_data":[{"pressure":5.04e-7,"total_adsorption":0.127801,"species_data":[{"composition":1,"adsorption":0.127801,"InChIKey":"BZLVMXJERCGZMT-UHFFFAOYSA-N"}]},{"pressure":7.72e-7,"total_adsorption":0.178187,"species_data":[{"composition":1,"adsorption":0.178187,"InChIKey":"BZLVMXJERCGZMT-UHFFFAOYSA-N"}]},{"pressure":1.29e-6,"total_adsorption":0.290154,"species_data":[{"composition":1,"adsorption":0.290154,"InChIKey":"BZLVMXJERCGZMT-UHFFFAOYSA-N"}]},{"pressure":1.81e-6,"total_adsorption":0.402121,"species_data":[{"composition":1,"adsorption":0.402121,"InChIKey":"BZLVMXJERCGZMT-UHFFFAOYSA-N"}]},{"pressure":2.77e-6,"total_adsorption":0.553276,"species_data":[{"composition":1,"adsorption":0.553276,"InChIKey":"BZLVMXJERCGZMT-UHFFFAOYSA-N"}]},{"pressure":3.46e-6,"total_adsorption":0.637252,"species_data":[{"composition":1,"adsorption":0.637252,"InChIKey":"BZLVMXJERCGZMT-UHFFFAOYSA-N"}]},{"pressure":5.12e-6,"total_adsorption":0.771612,"species_data":[{"composition":1,"adsorption":0.771612,"InChIKey":"BZLVMXJERCGZMT-UHFFFAOYSA-N"}]},{"pressure":6.84e-6,"total_adsorption":0.891977,"species_data":[{"composition":1,"adsorption":0.891977,"InChIKey":"BZLVMXJERCGZMT-UHFFFAOYSA-N"}]},{"pressure":8.68e-6,"total_adsorption":1.01514,"species_data":[{"composition":1,"adsorption":1.01514,"InChIKey":"BZLVMXJERCGZMT-UHFFFAOYSA-N"}]},{"pressure":1.18e-5,"total_adsorption":1.12991,"species_data":[{"composition":1,"adsorption":1.12991,"InChIKey":"BZLVMXJERCGZMT-UHFFFAOYSA-N"}]},{"pressure":1.87e-5,"total_adsorption":1.25587,"species_data":[{"composition":1,"adsorption":1.25587,"InChIKey":"BZLVMXJERCGZMT-UHFFFAOYSA-N"}]},{"pressure":2.46e-5,"total_adsorption":1.34544,"species_data":[{"composition":1,"adsorption":1.34544,"InChIKey":"BZLVMXJERCGZMT-UHFFFAOYSA-N"}]},{"pressure":3.28e-5,"total_adsorption":1.44341,"species_data":[{"composition":1,"adsorption":1.44341,"InChIKey":"BZLVMXJERCGZMT-UHFFFAOYSA-N"}]},{"pressure":4.69e-5,"total_adsorption":1.53859,"species_data":[{"composition":1,"adsorption":1.53859,"InChIKey":"BZLVMXJERCGZMT-UHFFFAOYSA-N"}]},{"pressure":6.71e-5,"total_adsorption":1.61416,"species_data":[{"composition":1,"adsorption":1.61416,"InChIKey":"BZLVMXJERCGZMT-UHFFFAOYSA-N"}]},{"pressure":9.44e-5,"total_adsorption":1.67295,"species_data":[{"composition":1,"adsorption":1.67295,"InChIKey":"BZLVMXJERCGZMT-UHFFFAOYSA-N"}]},{"pressure":0.00016,"total_adsorption":1.73173,"species_data":[{"composition":1,"adsorption":1.73173,"InChIKey":"BZLVMXJERCGZMT-UHFFFAOYSA-N"}]},{"pressure":0.000258,"total_adsorption":1.79331,"species_data":[{"composition":1,"adsorption":1.79331,"InChIKey":"BZLVMXJERCGZMT-UHFFFAOYSA-N"}]},{"pressure":0.000469,"total_adsorption":1.86049,"species_data":[{"composition":1,"adsorption":1.86049,"InChIKey":"BZLVMXJERCGZMT-UHFFFAOYSA-N"}]},{"pressure":0.000822,"total_adsorption":1.91648,"species_data":[{"composition":1,"adsorption":1.91648,"InChIKey":"BZLVMXJERCGZMT-UHFFFAOYSA-N"}]},{"pressure":0.00157176,"total_adsorption":1.94447,"species_data":[{"composition":1,"adsorption":1.94447,"InChIKey":"BZLVMXJERCGZMT-UHFFFAOYSA-N"}]},{"pressure":0.00356201,"total_adsorption":1.98366,"species_data":[{"composition":1,"adsorption":1.98366,"InChIKey":"BZLVMXJERCGZMT-UHFFFAOYSA-N"}]},{"pressure":0.00807243,"total_adsorption":2.00325,"species_data":[{"composition":1,"adsorption":2.00325,"InChIKey":"BZLVMXJERCGZMT-UHFFFAOYSA-N"}]},{"pressure":0.0167997,"total_adsorption":2.03124,"species_data":[{"composition":1,"adsorption":2.03124,"InChIKey":"BZLVMXJERCGZMT-UHFFFAOYSA-N"}]},{"pressure":0.0299902,"total_adsorption":2.02844,"species_data":[{"composition":1,"adsorption":2.02844,"InChIKey":"BZLVMXJERCGZMT-UHFFFAOYSA-N"}]},{"pressure":0.0475161,"total_adsorption":2.03124,"species_data":[{"composition":1,"adsorption":2.03124,"InChIKey":"BZLVMXJERCGZMT-UHFFFAOYSA-N"}]}],"temperature":298,"articleSource":"UNKNOWN","compositionType":"molefraction","adsorbates":[{"name":"Methyl tertiary-butyl ether","InChIKey":"BZLVMXJERCGZMT-UHFFFAOYSA-N"}],"adsorptionUnits":"mmol/g","date":"1000-01-01","category":"","digitizer":"UNKNOWN","pressureUnits":"bar","DOI":"10.1021/Jp061986n","adsorbent":{"name":"Zeolite Beta","hashkey":"NIST-MATDB-41ede36fa7795c589a6a3d1eae23d252"},"concentrationUnits":"","filename":"10.1021Jp061986n.Isotherm18","isotherm_type":""}