{"filename": "10.108001496390802282347.Isotherm73", "DOI": "10.1080/01496390802282347", "articleSource": "Table 4", "date": "2017-06-28", "digitizer": "Julia Chotoo", "adsorbent": {"hashkey": "NIST-MATDB-eb8a03810908350733a3ad317d9a5927", "name": "MOF-508b"}, "adsorbates": [{"InChIKey": "CURLTUGMZLYLDI-UHFFFAOYSA-N", "name": "Carbon Dioxide"}, {"InChIKey": "IJGRMHOSHXDMSA-UHFFFAOYSA-N", "name": "Nitrogen"}], "category": "exp", "temperature": 323, "isotherm_type": "", "adsorptionUnits": "mmol/g", "pressureUnits": "bar", "compositionType": "moleratio", "concentrationUnits": "", "isotherm_data": [{"pressure": 1, "total_adsorption": null, "species_data": [{"InChIKey": "CURLTUGMZLYLDI-UHFFFAOYSA-N", "composition": 0.5, "adsorption": 0.54}, {"InChIKey": "IJGRMHOSHXDMSA-UHFFFAOYSA-N", "composition": 0.5, "adsorption": 0.25}]}, {"pressure": 2, "total_adsorption": null, "species_data": [{"InChIKey": "CURLTUGMZLYLDI-UHFFFAOYSA-N", "composition": 0.5, "adsorption": 0.95}, {"InChIKey": "IJGRMHOSHXDMSA-UHFFFAOYSA-N", "composition": 0.5, "adsorption": 0.41}]}, {"pressure": 4, "total_adsorption": null, "species_data": [{"InChIKey": "CURLTUGMZLYLDI-UHFFFAOYSA-N", "composition": 0.5, "adsorption": 1.89}, {"InChIKey": "IJGRMHOSHXDMSA-UHFFFAOYSA-N", "composition": 0.5, "adsorption": 0.81}]}]}