{"filename": "10.1039c5sc00614g.Isotherm6", "DOI": "10.1039/c5sc00614g", "articleSource": "Figure 7", "date": "2016-07-06", "digitizer": "Adithya Varadan", "adsorbent": {"hashkey": "NIST-MATDB-0fda178e19926b1dd1cb87d13b6c9b8f", "name": "Y-ftw-MOF-2"}, "adsorbates": [{"InChIKey": "VNWKTOKETHGBQD-UHFFFAOYSA-N", "name": "Methane"}], "category": "exp", "temperature": 298, "isotherm_type": "", "adsorptionUnits": "mmol/g", "pressureUnits": "bar", "compositionType": "molefraction", "concentrationUnits": "", "isotherm_data": [{"pressure": 0, "total_adsorption": 0, "species_data": [{"InChIKey": "VNWKTOKETHGBQD-UHFFFAOYSA-N", "composition": 1, "adsorption": 0}]}, {"pressure": 0.408628, "total_adsorption": 0.232446, "species_data": [{"InChIKey": "VNWKTOKETHGBQD-UHFFFAOYSA-N", "composition": 1, "adsorption": 0.232446}]}, {"pressure": 0.621732, "total_adsorption": 0.290557, "species_data": [{"InChIKey": "VNWKTOKETHGBQD-UHFFFAOYSA-N", "composition": 1, "adsorption": 0.290557}]}, {"pressure": 0.923851, "total_adsorption": 0.523002, "species_data": [{"InChIKey": "VNWKTOKETHGBQD-UHFFFAOYSA-N", "composition": 1, "adsorption": 0.523002}]}, {"pressure": 1.3679, "total_adsorption": 0.697337, "species_data": [{"InChIKey": "VNWKTOKETHGBQD-UHFFFAOYSA-N", "composition": 1, "adsorption": 0.697337}]}, {"pressure": 1.86528, "total_adsorption": 0.929782, "species_data": [{"InChIKey": "VNWKTOKETHGBQD-UHFFFAOYSA-N", "composition": 1, "adsorption": 0.929782}]}, {"pressure": 3.87249, "total_adsorption": 1.80145, "species_data": [{"InChIKey": "VNWKTOKETHGBQD-UHFFFAOYSA-N", "composition": 1, "adsorption": 1.80145}]}, {"pressure": 5.86194, "total_adsorption": 2.67312, "species_data": [{"InChIKey": "VNWKTOKETHGBQD-UHFFFAOYSA-N", "composition": 1, "adsorption": 2.67312}]}, {"pressure": 7.83347, "total_adsorption": 3.42857, "species_data": [{"InChIKey": "VNWKTOKETHGBQD-UHFFFAOYSA-N", "composition": 1, "adsorption": 3.42857}]}]}