{"isotherm_data":[{"pressure":0.0563228,"total_adsorption":4.7327,"species_data":[{"composition":1,"adsorption":4.7327,"InChIKey":"QQONPFPTGQHPMA-UHFFFAOYSA-N"}]},{"pressure":0.108435,"total_adsorption":7.57777,"species_data":[{"composition":1,"adsorption":7.57777,"InChIKey":"QQONPFPTGQHPMA-UHFFFAOYSA-N"}]},{"pressure":0.302802,"total_adsorption":14.0848,"species_data":[{"composition":1,"adsorption":14.0848,"InChIKey":"QQONPFPTGQHPMA-UHFFFAOYSA-N"}]},{"pressure":0.656323,"total_adsorption":17.6623,"species_data":[{"composition":1,"adsorption":17.6623,"InChIKey":"QQONPFPTGQHPMA-UHFFFAOYSA-N"}]},{"pressure":0.990126,"total_adsorption":19.9158,"species_data":[{"composition":1,"adsorption":19.9158,"InChIKey":"QQONPFPTGQHPMA-UHFFFAOYSA-N"}]}],"temperature":473,"articleSource":"UNKNOWN","compositionType":"molefraction","adsorbates":[{"name":"Propene","InChIKey":"QQONPFPTGQHPMA-UHFFFAOYSA-N"}],"adsorptionUnits":"molecules/unitcell","date":"1000-01-01","category":"","digitizer":"UNKNOWN","pressureUnits":"bar","DOI":"10.1021/Ie0605940","adsorbent":{"name":"Zeolite 4A","hashkey":"NIST-MATDB-081a0818678716f502aee0b58ac1b30a"},"concentrationUnits":"","filename":"10.1021Ie0605940.isotherm29","isotherm_type":""}