{"isotherm_data":[{"pressure":0.002108,"total_adsorption":null,"species_data":[{"composition":1,"adsorption":0,"InChIKey":"CURLTUGMZLYLDI-UHFFFAOYSA-N"}]},{"pressure":0.017108,"total_adsorption":null,"species_data":[{"composition":1,"adsorption":0.183069,"InChIKey":"CURLTUGMZLYLDI-UHFFFAOYSA-N"}]},{"pressure":0.315874,"total_adsorption":null,"species_data":[{"composition":1,"adsorption":1.31681,"InChIKey":"CURLTUGMZLYLDI-UHFFFAOYSA-N"}]},{"pressure":0.417969,"total_adsorption":null,"species_data":[{"composition":1,"adsorption":1.50303,"InChIKey":"CURLTUGMZLYLDI-UHFFFAOYSA-N"}]},{"pressure":0.711991,"total_adsorption":null,"species_data":[{"composition":1,"adsorption":1.86758,"InChIKey":"CURLTUGMZLYLDI-UHFFFAOYSA-N"}]},{"pressure":0.904888,"total_adsorption":null,"species_data":[{"composition":1,"adsorption":2.02346,"InChIKey":"CURLTUGMZLYLDI-UHFFFAOYSA-N"}]},{"pressure":1.30451,"total_adsorption":null,"species_data":[{"composition":1,"adsorption":2.24792,"InChIKey":"CURLTUGMZLYLDI-UHFFFAOYSA-N"}]},{"pressure":1.50299,"total_adsorption":null,"species_data":[{"composition":1,"adsorption":2.3277,"InChIKey":"CURLTUGMZLYLDI-UHFFFAOYSA-N"}]},{"pressure":1.90004,"total_adsorption":null,"species_data":[{"composition":1,"adsorption":2.45321,"InChIKey":"CURLTUGMZLYLDI-UHFFFAOYSA-N"}]},{"pressure":3.00103,"total_adsorption":null,"species_data":[{"composition":1,"adsorption":2.67755,"InChIKey":"CURLTUGMZLYLDI-UHFFFAOYSA-N"}]},{"pressure":3.29873,"total_adsorption":null,"species_data":[{"composition":1,"adsorption":2.71982,"InChIKey":"CURLTUGMZLYLDI-UHFFFAOYSA-N"}]},{"pressure":4.99849,"total_adsorption":null,"species_data":[{"composition":1,"adsorption":2.89587,"InChIKey":"CURLTUGMZLYLDI-UHFFFAOYSA-N"}]},{"pressure":6.69701,"total_adsorption":null,"species_data":[{"composition":1,"adsorption":3.01136,"InChIKey":"CURLTUGMZLYLDI-UHFFFAOYSA-N"}]},{"pressure":9.9945,"total_adsorption":null,"species_data":[{"composition":1,"adsorption":3.16401,"InChIKey":"CURLTUGMZLYLDI-UHFFFAOYSA-N"}]},{"pressure":12.9938,"total_adsorption":null,"species_data":[{"composition":1,"adsorption":3.25798,"InChIKey":"CURLTUGMZLYLDI-UHFFFAOYSA-N"}]},{"pressure":14.9927,"total_adsorption":null,"species_data":[{"composition":1,"adsorption":3.31011,"InChIKey":"CURLTUGMZLYLDI-UHFFFAOYSA-N"}]},{"pressure":15.9939,"total_adsorption":null,"species_data":[{"composition":1,"adsorption":3.3205,"InChIKey":"CURLTUGMZLYLDI-UHFFFAOYSA-N"}]},{"pressure":17.492,"total_adsorption":null,"species_data":[{"composition":1,"adsorption":3.33488,"InChIKey":"CURLTUGMZLYLDI-UHFFFAOYSA-N"}]},{"pressure":19.9988,"total_adsorption":null,"species_data":[{"composition":1,"adsorption":3.36182,"InChIKey":"CURLTUGMZLYLDI-UHFFFAOYSA-N"}]}],"temperature":293,"articleSource":"Figure 2A","compositionType":"molefraction","adsorbates":[{"name":"Carbon Dioxide","InChIKey":"CURLTUGMZLYLDI-UHFFFAOYSA-N"}],"adsorptionUnits":"mmol/g","date":"2018-06-28","category":"exp","digitizer":"NIST FACT Lab","pressureUnits":"bar","DOI":"10.1007/s10450-018-9958-x","adsorbent":{"name":"Ammonium ZSM-5","hashkey":"NIST-MATDB-2be4718f0af306b55d864f82e3b82850"},"concentrationUnits":"","filename":"10.1007s10450-018-9958-x.Lab11","isotherm_type":"excess"}