{"isotherm_data":[{"pressure":0.0571991,"total_adsorption":4.80641,"species_data":[{"composition":1,"adsorption":4.80641,"InChIKey":"CURLTUGMZLYLDI-UHFFFAOYSA-N"}]},{"pressure":0.0872819,"total_adsorption":5.8745,"species_data":[{"composition":1,"adsorption":5.8745,"InChIKey":"CURLTUGMZLYLDI-UHFFFAOYSA-N"}]},{"pressure":0.108343,"total_adsorption":6.80908,"species_data":[{"composition":1,"adsorption":6.80908,"InChIKey":"CURLTUGMZLYLDI-UHFFFAOYSA-N"}]},{"pressure":0.151974,"total_adsorption":9.07877,"species_data":[{"composition":1,"adsorption":9.07877,"InChIKey":"CURLTUGMZLYLDI-UHFFFAOYSA-N"}]},{"pressure":0.207627,"total_adsorption":11.0814,"species_data":[{"composition":1,"adsorption":11.0814,"InChIKey":"CURLTUGMZLYLDI-UHFFFAOYSA-N"}]},{"pressure":0.261772,"total_adsorption":12.6836,"species_data":[{"composition":1,"adsorption":12.6836,"InChIKey":"CURLTUGMZLYLDI-UHFFFAOYSA-N"}]},{"pressure":0.3099,"total_adsorption":14.1522,"species_data":[{"composition":1,"adsorption":14.1522,"InChIKey":"CURLTUGMZLYLDI-UHFFFAOYSA-N"}]},{"pressure":0.364041,"total_adsorption":15.4873,"species_data":[{"composition":1,"adsorption":15.4873,"InChIKey":"CURLTUGMZLYLDI-UHFFFAOYSA-N"}]},{"pressure":0.413673,"total_adsorption":16.9559,"species_data":[{"composition":1,"adsorption":16.9559,"InChIKey":"CURLTUGMZLYLDI-UHFFFAOYSA-N"}]},{"pressure":0.463295,"total_adsorption":17.757,"species_data":[{"composition":1,"adsorption":17.757,"InChIKey":"CURLTUGMZLYLDI-UHFFFAOYSA-N"}]},{"pressure":0.521943,"total_adsorption":18.9586,"species_data":[{"composition":1,"adsorption":18.9586,"InChIKey":"CURLTUGMZLYLDI-UHFFFAOYSA-N"}]},{"pressure":0.57007,"total_adsorption":20.2937,"species_data":[{"composition":1,"adsorption":20.2937,"InChIKey":"CURLTUGMZLYLDI-UHFFFAOYSA-N"}]},{"pressure":0.618185,"total_adsorption":20.8278,"species_data":[{"composition":1,"adsorption":20.8278,"InChIKey":"CURLTUGMZLYLDI-UHFFFAOYSA-N"}]},{"pressure":0.673825,"total_adsorption":21.8959,"species_data":[{"composition":1,"adsorption":21.8959,"InChIKey":"CURLTUGMZLYLDI-UHFFFAOYSA-N"}]},{"pressure":0.72044,"total_adsorption":22.6969,"species_data":[{"composition":1,"adsorption":22.6969,"InChIKey":"CURLTUGMZLYLDI-UHFFFAOYSA-N"}]},{"pressure":0.774572,"total_adsorption":23.498,"species_data":[{"composition":1,"adsorption":23.498,"InChIKey":"CURLTUGMZLYLDI-UHFFFAOYSA-N"}]},{"pressure":0.821188,"total_adsorption":24.2991,"species_data":[{"composition":1,"adsorption":24.2991,"InChIKey":"CURLTUGMZLYLDI-UHFFFAOYSA-N"}]},{"pressure":0.870808,"total_adsorption":24.9666,"species_data":[{"composition":1,"adsorption":24.9666,"InChIKey":"CURLTUGMZLYLDI-UHFFFAOYSA-N"}]},{"pressure":0.923437,"total_adsorption":25.7677,"species_data":[{"composition":1,"adsorption":25.7677,"InChIKey":"CURLTUGMZLYLDI-UHFFFAOYSA-N"}]},{"pressure":0.976064,"total_adsorption":26.4352,"species_data":[{"composition":1,"adsorption":26.4352,"InChIKey":"CURLTUGMZLYLDI-UHFFFAOYSA-N"}]}],"temperature":273,"articleSource":"UNKNOWN","compositionType":"molefraction","adsorbates":[{"name":"Carbon Dioxide","InChIKey":"CURLTUGMZLYLDI-UHFFFAOYSA-N"}],"adsorptionUnits":"cm3(STP)/g","date":"1000-01-01","category":"","digitizer":"UNKNOWN","pressureUnits":"bar","DOI":"10.1002/chem.201001549","adsorbent":{"name":"SNU-31'","hashkey":"NIST-MATDB-d9af1840e9c176319fe03a522abd7419"},"concentrationUnits":"","filename":"10.1002chem.201001549.Isotherm13","isotherm_type":""}