{"isotherm_data":[{"pressure":0.000915475,"total_adsorption":148.98,"species_data":[{"composition":1,"adsorption":148.98,"InChIKey":"IJGRMHOSHXDMSA-UHFFFAOYSA-N"}]},{"pressure":0.0010158,"total_adsorption":165.306,"species_data":[{"composition":1,"adsorption":165.306,"InChIKey":"IJGRMHOSHXDMSA-UHFFFAOYSA-N"}]},{"pressure":0.00844411,"total_adsorption":174.15,"species_data":[{"composition":1,"adsorption":174.15,"InChIKey":"IJGRMHOSHXDMSA-UHFFFAOYSA-N"}]},{"pressure":0.0379901,"total_adsorption":182.313,"species_data":[{"composition":1,"adsorption":182.313,"InChIKey":"IJGRMHOSHXDMSA-UHFFFAOYSA-N"}]},{"pressure":0.0472201,"total_adsorption":184.354,"species_data":[{"composition":1,"adsorption":184.354,"InChIKey":"IJGRMHOSHXDMSA-UHFFFAOYSA-N"}]},{"pressure":0.0619848,"total_adsorption":187.075,"species_data":[{"composition":1,"adsorption":187.075,"InChIKey":"IJGRMHOSHXDMSA-UHFFFAOYSA-N"}]},{"pressure":0.0914932,"total_adsorption":189.116,"species_data":[{"composition":1,"adsorption":189.116,"InChIKey":"IJGRMHOSHXDMSA-UHFFFAOYSA-N"}]},{"pressure":0.0988672,"total_adsorption":189.116,"species_data":[{"composition":1,"adsorption":189.116,"InChIKey":"IJGRMHOSHXDMSA-UHFFFAOYSA-N"}]},{"pressure":0.126528,"total_adsorption":190.476,"species_data":[{"composition":1,"adsorption":190.476,"InChIKey":"IJGRMHOSHXDMSA-UHFFFAOYSA-N"}]},{"pressure":0.154189,"total_adsorption":191.837,"species_data":[{"composition":1,"adsorption":191.837,"InChIKey":"IJGRMHOSHXDMSA-UHFFFAOYSA-N"}]},{"pressure":0.187371,"total_adsorption":191.837,"species_data":[{"composition":1,"adsorption":191.837,"InChIKey":"IJGRMHOSHXDMSA-UHFFFAOYSA-N"}]},{"pressure":0.209498,"total_adsorption":192.517,"species_data":[{"composition":1,"adsorption":192.517,"InChIKey":"IJGRMHOSHXDMSA-UHFFFAOYSA-N"}]},{"pressure":0.244536,"total_adsorption":194.558,"species_data":[{"composition":1,"adsorption":194.558,"InChIKey":"IJGRMHOSHXDMSA-UHFFFAOYSA-N"}]},{"pressure":0.27588,"total_adsorption":195.238,"species_data":[{"composition":1,"adsorption":195.238,"InChIKey":"IJGRMHOSHXDMSA-UHFFFAOYSA-N"}]},{"pressure":0.307219,"total_adsorption":195.238,"species_data":[{"composition":1,"adsorption":195.238,"InChIKey":"IJGRMHOSHXDMSA-UHFFFAOYSA-N"}]},{"pressure":0.314589,"total_adsorption":194.558,"species_data":[{"composition":1,"adsorption":194.558,"InChIKey":"IJGRMHOSHXDMSA-UHFFFAOYSA-N"}]},{"pressure":0.364372,"total_adsorption":195.918,"species_data":[{"composition":1,"adsorption":195.918,"InChIKey":"IJGRMHOSHXDMSA-UHFFFAOYSA-N"}]},{"pressure":0.395711,"total_adsorption":195.918,"species_data":[{"composition":1,"adsorption":195.918,"InChIKey":"IJGRMHOSHXDMSA-UHFFFAOYSA-N"}]},{"pressure":0.412303,"total_adsorption":195.918,"species_data":[{"composition":1,"adsorption":195.918,"InChIKey":"IJGRMHOSHXDMSA-UHFFFAOYSA-N"}]},{"pressure":0.427046,"total_adsorption":195.238,"species_data":[{"composition":1,"adsorption":195.238,"InChIKey":"IJGRMHOSHXDMSA-UHFFFAOYSA-N"}]},{"pressure":0.56716,"total_adsorption":196.599,"species_data":[{"composition":1,"adsorption":196.599,"InChIKey":"IJGRMHOSHXDMSA-UHFFFAOYSA-N"}]},{"pressure":0.587443,"total_adsorption":197.279,"species_data":[{"composition":1,"adsorption":197.279,"InChIKey":"IJGRMHOSHXDMSA-UHFFFAOYSA-N"}]},{"pressure":0.607713,"total_adsorption":195.918,"species_data":[{"composition":1,"adsorption":195.918,"InChIKey":"IJGRMHOSHXDMSA-UHFFFAOYSA-N"}]},{"pressure":0.629855,"total_adsorption":199.32,"species_data":[{"composition":1,"adsorption":199.32,"InChIKey":"IJGRMHOSHXDMSA-UHFFFAOYSA-N"}]},{"pressure":0.64829,"total_adsorption":199.32,"species_data":[{"composition":1,"adsorption":199.32,"InChIKey":"IJGRMHOSHXDMSA-UHFFFAOYSA-N"}]},{"pressure":0.679621,"total_adsorption":197.959,"species_data":[{"composition":1,"adsorption":197.959,"InChIKey":"IJGRMHOSHXDMSA-UHFFFAOYSA-N"}]},{"pressure":0.698056,"total_adsorption":197.959,"species_data":[{"composition":1,"adsorption":197.959,"InChIKey":"IJGRMHOSHXDMSA-UHFFFAOYSA-N"}]},{"pressure":0.7294,"total_adsorption":198.639,"species_data":[{"composition":1,"adsorption":198.639,"InChIKey":"IJGRMHOSHXDMSA-UHFFFAOYSA-N"}]},{"pressure":0.758891,"total_adsorption":197.959,"species_data":[{"composition":1,"adsorption":197.959,"InChIKey":"IJGRMHOSHXDMSA-UHFFFAOYSA-N"}]},{"pressure":0.786552,"total_adsorption":199.32,"species_data":[{"composition":1,"adsorption":199.32,"InChIKey":"IJGRMHOSHXDMSA-UHFFFAOYSA-N"}]},{"pressure":0.841857,"total_adsorption":199.32,"species_data":[{"composition":1,"adsorption":199.32,"InChIKey":"IJGRMHOSHXDMSA-UHFFFAOYSA-N"}]},{"pressure":0.847387,"total_adsorption":199.32,"species_data":[{"composition":1,"adsorption":199.32,"InChIKey":"IJGRMHOSHXDMSA-UHFFFAOYSA-N"}]},{"pressure":0.902713,"total_adsorption":202.721,"species_data":[{"composition":1,"adsorption":202.721,"InChIKey":"IJGRMHOSHXDMSA-UHFFFAOYSA-N"}]},{"pressure":0.939583,"total_adsorption":202.721,"species_data":[{"composition":1,"adsorption":202.721,"InChIKey":"IJGRMHOSHXDMSA-UHFFFAOYSA-N"}]},{"pressure":0.96359,"total_adsorption":209.524,"species_data":[{"composition":1,"adsorption":209.524,"InChIKey":"IJGRMHOSHXDMSA-UHFFFAOYSA-N"}]}],"temperature":77,"articleSource":"UNKNOWN","compositionType":"molefraction","adsorbates":[{"name":"Nitrogen","InChIKey":"IJGRMHOSHXDMSA-UHFFFAOYSA-N"}],"adsorptionUnits":"cm3(STP)/g","date":"1000-01-01","category":"","digitizer":"UNKNOWN","pressureUnits":"bar","DOI":"10.1002/adma.200901581","adsorbent":{"name":"IRMOF-1-GO3","hashkey":"NIST-MATDB-bf0de868605301c7c0167268a26cfd95"},"concentrationUnits":"","filename":"10.1002adma.200901581.Isotherm4","isotherm_type":""}