{"isotherm_data":[{"pressure":0.001097,"total_adsorption":-0.010851,"species_data":[{"composition":1,"adsorption":-0.010851,"InChIKey":"CURLTUGMZLYLDI-UHFFFAOYSA-N"}]},{"pressure":0.192953,"total_adsorption":0.27912,"species_data":[{"composition":1,"adsorption":0.27912,"InChIKey":"CURLTUGMZLYLDI-UHFFFAOYSA-N"}]},{"pressure":0.324159,"total_adsorption":0.461553,"species_data":[{"composition":1,"adsorption":0.461553,"InChIKey":"CURLTUGMZLYLDI-UHFFFAOYSA-N"}]},{"pressure":0.466387,"total_adsorption":0.654673,"species_data":[{"composition":1,"adsorption":0.654673,"InChIKey":"CURLTUGMZLYLDI-UHFFFAOYSA-N"}]},{"pressure":0.648312,"total_adsorption":0.912271,"species_data":[{"composition":1,"adsorption":0.912271,"InChIKey":"CURLTUGMZLYLDI-UHFFFAOYSA-N"}]},{"pressure":0.825849,"total_adsorption":1.21327,"species_data":[{"composition":1,"adsorption":1.21327,"InChIKey":"CURLTUGMZLYLDI-UHFFFAOYSA-N"}]},{"pressure":1.00669,"total_adsorption":1.51423,"species_data":[{"composition":1,"adsorption":1.51423,"InChIKey":"CURLTUGMZLYLDI-UHFFFAOYSA-N"}]}],"temperature":273,"articleSource":"Figure 3d","compositionType":"molefraction","adsorbates":[{"name":"Carbon Dioxide","InChIKey":"CURLTUGMZLYLDI-UHFFFAOYSA-N"}],"adsorptionUnits":"micromoles/m2","date":"2016-07-28","category":"sim","digitizer":"Kailey M. Stracka","pressureUnits":"bar","DOI":"10.1021/la991011c","adsorbent":{"name":"Carbon Slit Pore (internal pore width = 11.26 Angstrom)","hashkey":"NIST-MATDB-53d038bd10835136e9bfc2ec655d3cd3"},"concentrationUnits":"","filename":"10.1021la991011c.Isotherm75","isotherm_type":""}