{"filename": "10.1021Cg9014948.isotherm3", "DOI": "10.1021/Cg9014948", "articleSource": "UNKNOWN", "date": "1000-01-01", "digitizer": "UNKNOWN", "adsorbent": {"hashkey": "NIST-MATDB-12f0e59f182a26494316933fff0304e2", "name": "FMOF-2"}, "adsorbates": [{"InChIKey": "VNWKTOKETHGBQD-UHFFFAOYSA-N", "name": "Methane"}], "category": "", "temperature": 298, "isotherm_type": "", "adsorptionUnits": "cm3(STP)/g", "pressureUnits": "bar", "compositionType": "molefraction", "concentrationUnits": "", "isotherm_data": [{"pressure": 0.0493834, "total_adsorption": 5.39975, "species_data": [{"InChIKey": "VNWKTOKETHGBQD-UHFFFAOYSA-N", "composition": 1, "adsorption": 5.39975}]}, {"pressure": 0.240778, "total_adsorption": 6.21908, "species_data": [{"InChIKey": "VNWKTOKETHGBQD-UHFFFAOYSA-N", "composition": 1, "adsorption": 6.21908}]}, {"pressure": 0.371871, "total_adsorption": 7.03841, "species_data": [{"InChIKey": "VNWKTOKETHGBQD-UHFFFAOYSA-N", "composition": 1, "adsorption": 7.03841}]}, {"pressure": 0.442661, "total_adsorption": 7.36614, "species_data": [{"InChIKey": "VNWKTOKETHGBQD-UHFFFAOYSA-N", "composition": 1, "adsorption": 7.36614}]}, {"pressure": 0.513451, "total_adsorption": 7.85773, "species_data": [{"InChIKey": "VNWKTOKETHGBQD-UHFFFAOYSA-N", "composition": 1, "adsorption": 7.85773}]}, {"pressure": 0.59735, "total_adsorption": 8.07622, "species_data": [{"InChIKey": "VNWKTOKETHGBQD-UHFFFAOYSA-N", "composition": 1, "adsorption": 8.07622}]}, {"pressure": 0.694358, "total_adsorption": 8.34933, "species_data": [{"InChIKey": "VNWKTOKETHGBQD-UHFFFAOYSA-N", "composition": 1, "adsorption": 8.34933}]}, {"pressure": 0.804476, "total_adsorption": 8.78631, "species_data": [{"InChIKey": "VNWKTOKETHGBQD-UHFFFAOYSA-N", "composition": 1, "adsorption": 8.78631}]}, {"pressure": 0.901484, "total_adsorption": 9.2779, "species_data": [{"InChIKey": "VNWKTOKETHGBQD-UHFFFAOYSA-N", "composition": 1, "adsorption": 9.2779}]}, {"pressure": 1.13483, "total_adsorption": 10.425, "species_data": [{"InChIKey": "VNWKTOKETHGBQD-UHFFFAOYSA-N", "composition": 1, "adsorption": 10.425}]}]}