{"filename": "10.1039c4ta03992k.Isotherm7", "DOI": "10.1039/c4ta03992k", "articleSource": "Figure S11a", "date": "2016-07-15", "digitizer": "David A. Anderegg", "adsorbent": {"hashkey": "NIST-MATDB-feb6c2a92c39d000ee01918f10d29776", "name": "UiO-66(Zr)-(COOH) (343K)"}, "adsorbates": [{"InChIKey": "IJGRMHOSHXDMSA-UHFFFAOYSA-N", "name": "Nitrogen"}], "category": "exp", "temperature": 77, "isotherm_type": "", "adsorptionUnits": "cm3(STP)/g", "pressureUnits": "bar", "compositionType": "molefraction", "concentrationUnits": "", "isotherm_data": [{"pressure": 0.013397, "total_adsorption": 161.616, "species_data": [{"InChIKey": "IJGRMHOSHXDMSA-UHFFFAOYSA-N", "composition": 1, "adsorption": 161.616}]}, {"pressure": 0.015881, "total_adsorption": 167.677, "species_data": [{"InChIKey": "IJGRMHOSHXDMSA-UHFFFAOYSA-N", "composition": 1, "adsorption": 167.677}]}, {"pressure": 0.022115, "total_adsorption": 171.717, "species_data": [{"InChIKey": "IJGRMHOSHXDMSA-UHFFFAOYSA-N", "composition": 1, "adsorption": 171.717}]}, {"pressure": 0.028346, "total_adsorption": 176.768, "species_data": [{"InChIKey": "IJGRMHOSHXDMSA-UHFFFAOYSA-N", "composition": 1, "adsorption": 176.768}]}, {"pressure": 0.03458, "total_adsorption": 180.808, "species_data": [{"InChIKey": "IJGRMHOSHXDMSA-UHFFFAOYSA-N", "composition": 1, "adsorption": 180.808}]}, {"pressure": 0.043313, "total_adsorption": 183.838, "species_data": [{"InChIKey": "IJGRMHOSHXDMSA-UHFFFAOYSA-N", "composition": 1, "adsorption": 183.838}]}, {"pressure": 0.053292, "total_adsorption": 187.879, "species_data": [{"InChIKey": "IJGRMHOSHXDMSA-UHFFFAOYSA-N", "composition": 1, "adsorption": 187.879}]}, {"pressure": 0.062029, "total_adsorption": 188.889, "species_data": [{"InChIKey": "IJGRMHOSHXDMSA-UHFFFAOYSA-N", "composition": 1, "adsorption": 188.889}]}, {"pressure": 0.077002, "total_adsorption": 192.929, "species_data": [{"InChIKey": "IJGRMHOSHXDMSA-UHFFFAOYSA-N", "composition": 1, "adsorption": 192.929}]}, {"pressure": 0.095724, "total_adsorption": 194.949, "species_data": [{"InChIKey": "IJGRMHOSHXDMSA-UHFFFAOYSA-N", "composition": 1, "adsorption": 194.949}]}, {"pressure": 0.110701, "total_adsorption": 196.97, "species_data": [{"InChIKey": "IJGRMHOSHXDMSA-UHFFFAOYSA-N", "composition": 1, "adsorption": 196.97}]}, {"pressure": 0.124432, "total_adsorption": 197.98, "species_data": [{"InChIKey": "IJGRMHOSHXDMSA-UHFFFAOYSA-N", "composition": 1, "adsorption": 197.98}]}, {"pressure": 0.14191, "total_adsorption": 197.98, "species_data": [{"InChIKey": "IJGRMHOSHXDMSA-UHFFFAOYSA-N", "composition": 1, "adsorption": 197.98}]}, {"pressure": 0.148148, "total_adsorption": 200, "species_data": [{"InChIKey": "IJGRMHOSHXDMSA-UHFFFAOYSA-N", "composition": 1, "adsorption": 200}]}, {"pressure": 0.154392, "total_adsorption": 198.99, "species_data": [{"InChIKey": "IJGRMHOSHXDMSA-UHFFFAOYSA-N", "composition": 1, "adsorption": 198.99}]}, {"pressure": 0.163125, "total_adsorption": 202.02, "species_data": [{"InChIKey": "IJGRMHOSHXDMSA-UHFFFAOYSA-N", "composition": 1, "adsorption": 202.02}]}, {"pressure": 0.164374, "total_adsorption": 202.02, "species_data": [{"InChIKey": "IJGRMHOSHXDMSA-UHFFFAOYSA-N", "composition": 1, "adsorption": 202.02}]}, {"pressure": 0.166875, "total_adsorption": 200, "species_data": [{"InChIKey": "IJGRMHOSHXDMSA-UHFFFAOYSA-N", "composition": 1, "adsorption": 200}]}, {"pressure": 0.174363, "total_adsorption": 201.01, "species_data": [{"InChIKey": "IJGRMHOSHXDMSA-UHFFFAOYSA-N", "composition": 1, "adsorption": 201.01}]}, {"pressure": 0.183096, "total_adsorption": 204.04, "species_data": [{"InChIKey": "IJGRMHOSHXDMSA-UHFFFAOYSA-N", "composition": 1, "adsorption": 204.04}]}, {"pressure": 0.190591, "total_adsorption": 202.02, "species_data": [{"InChIKey": "IJGRMHOSHXDMSA-UHFFFAOYSA-N", "composition": 1, "adsorption": 202.02}]}, {"pressure": 0.199326, "total_adsorption": 204.04, "species_data": [{"InChIKey": "IJGRMHOSHXDMSA-UHFFFAOYSA-N", "composition": 1, "adsorption": 204.04}]}, {"pressure": 0.211808, "total_adsorption": 205.051, "species_data": [{"InChIKey": "IJGRMHOSHXDMSA-UHFFFAOYSA-N", "composition": 1, "adsorption": 205.051}]}, {"pressure": 0.221793, "total_adsorption": 206.061, "species_data": [{"InChIKey": "IJGRMHOSHXDMSA-UHFFFAOYSA-N", "composition": 1, "adsorption": 206.061}]}, {"pressure": 0.233027, "total_adsorption": 207.071, "species_data": [{"InChIKey": "IJGRMHOSHXDMSA-UHFFFAOYSA-N", "composition": 1, "adsorption": 207.071}]}, {"pressure": 0.257994, "total_adsorption": 208.081, "species_data": [{"InChIKey": "IJGRMHOSHXDMSA-UHFFFAOYSA-N", "composition": 1, "adsorption": 208.081}]}, {"pressure": 0.271725, "total_adsorption": 209.091, "species_data": [{"InChIKey": "IJGRMHOSHXDMSA-UHFFFAOYSA-N", "composition": 1, "adsorption": 209.091}]}, {"pressure": 0.281712, "total_adsorption": 209.091, "species_data": [{"InChIKey": "IJGRMHOSHXDMSA-UHFFFAOYSA-N", "composition": 1, "adsorption": 209.091}]}, {"pressure": 0.291696, "total_adsorption": 211.111, "species_data": [{"InChIKey": "IJGRMHOSHXDMSA-UHFFFAOYSA-N", "composition": 1, "adsorption": 211.111}]}, {"pressure": 0.309174, "total_adsorption": 211.111, "species_data": [{"InChIKey": "IJGRMHOSHXDMSA-UHFFFAOYSA-N", "composition": 1, "adsorption": 211.111}]}, {"pressure": 0.324151, "total_adsorption": 213.131, "species_data": [{"InChIKey": "IJGRMHOSHXDMSA-UHFFFAOYSA-N", "composition": 1, "adsorption": 213.131}]}, {"pressure": 0.334138, "total_adsorption": 213.131, "species_data": [{"InChIKey": "IJGRMHOSHXDMSA-UHFFFAOYSA-N", "composition": 1, "adsorption": 213.131}]}, {"pressure": 0.346623, "total_adsorption": 213.131, "species_data": [{"InChIKey": "IJGRMHOSHXDMSA-UHFFFAOYSA-N", "composition": 1, "adsorption": 213.131}]}, {"pressure": 0.364099, "total_adsorption": 214.141, "species_data": [{"InChIKey": "IJGRMHOSHXDMSA-UHFFFAOYSA-N", "composition": 1, "adsorption": 214.141}]}, {"pressure": 0.380324, "total_adsorption": 216.162, "species_data": [{"InChIKey": "IJGRMHOSHXDMSA-UHFFFAOYSA-N", "composition": 1, "adsorption": 216.162}]}, {"pressure": 0.394057, "total_adsorption": 216.162, "species_data": [{"InChIKey": "IJGRMHOSHXDMSA-UHFFFAOYSA-N", "composition": 1, "adsorption": 216.162}]}, {"pressure": 0.411533, "total_adsorption": 217.172, "species_data": [{"InChIKey": "IJGRMHOSHXDMSA-UHFFFAOYSA-N", "composition": 1, "adsorption": 217.172}]}, {"pressure": 0.432757, "total_adsorption": 217.172, "species_data": [{"InChIKey": "IJGRMHOSHXDMSA-UHFFFAOYSA-N", "composition": 1, "adsorption": 217.172}]}, {"pressure": 0.450231, "total_adsorption": 219.192, "species_data": [{"InChIKey": "IJGRMHOSHXDMSA-UHFFFAOYSA-N", "composition": 1, "adsorption": 219.192}]}, {"pressure": 0.46521, "total_adsorption": 220.202, "species_data": [{"InChIKey": "IJGRMHOSHXDMSA-UHFFFAOYSA-N", "composition": 1, "adsorption": 220.202}]}, {"pressure": 0.483934, "total_adsorption": 221.212, "species_data": [{"InChIKey": "IJGRMHOSHXDMSA-UHFFFAOYSA-N", "composition": 1, "adsorption": 221.212}]}, {"pressure": 0.497667, "total_adsorption": 221.212, "species_data": [{"InChIKey": "IJGRMHOSHXDMSA-UHFFFAOYSA-N", "composition": 1, "adsorption": 221.212}]}, {"pressure": 0.512648, "total_adsorption": 221.212, "species_data": [{"InChIKey": "IJGRMHOSHXDMSA-UHFFFAOYSA-N", "composition": 1, "adsorption": 221.212}]}, {"pressure": 0.532619, "total_adsorption": 223.232, "species_data": [{"InChIKey": "IJGRMHOSHXDMSA-UHFFFAOYSA-N", "composition": 1, "adsorption": 223.232}]}, {"pressure": 0.548847, "total_adsorption": 224.242, "species_data": [{"InChIKey": "IJGRMHOSHXDMSA-UHFFFAOYSA-N", "composition": 1, "adsorption": 224.242}]}, {"pressure": 0.567573, "total_adsorption": 224.242, "species_data": [{"InChIKey": "IJGRMHOSHXDMSA-UHFFFAOYSA-N", "composition": 1, "adsorption": 224.242}]}, {"pressure": 0.587542, "total_adsorption": 227.273, "species_data": [{"InChIKey": "IJGRMHOSHXDMSA-UHFFFAOYSA-N", "composition": 1, "adsorption": 227.273}]}, {"pressure": 0.602523, "total_adsorption": 227.273, "species_data": [{"InChIKey": "IJGRMHOSHXDMSA-UHFFFAOYSA-N", "composition": 1, "adsorption": 227.273}]}, {"pressure": 0.619999, "total_adsorption": 228.283, "species_data": [{"InChIKey": "IJGRMHOSHXDMSA-UHFFFAOYSA-N", "composition": 1, "adsorption": 228.283}]}, {"pressure": 0.632482, "total_adsorption": 229.293, "species_data": [{"InChIKey": "IJGRMHOSHXDMSA-UHFFFAOYSA-N", "composition": 1, "adsorption": 229.293}]}, {"pressure": 0.648709, "total_adsorption": 230.303, "species_data": [{"InChIKey": "IJGRMHOSHXDMSA-UHFFFAOYSA-N", "composition": 1, "adsorption": 230.303}]}, {"pressure": 0.664937, "total_adsorption": 231.313, "species_data": [{"InChIKey": "IJGRMHOSHXDMSA-UHFFFAOYSA-N", "composition": 1, "adsorption": 231.313}]}, {"pressure": 0.682413, "total_adsorption": 232.323, "species_data": [{"InChIKey": "IJGRMHOSHXDMSA-UHFFFAOYSA-N", "composition": 1, "adsorption": 232.323}]}, {"pressure": 0.702384, "total_adsorption": 234.343, "species_data": [{"InChIKey": "IJGRMHOSHXDMSA-UHFFFAOYSA-N", "composition": 1, "adsorption": 234.343}]}, {"pressure": 0.723603, "total_adsorption": 236.364, "species_data": [{"InChIKey": "IJGRMHOSHXDMSA-UHFFFAOYSA-N", "composition": 1, "adsorption": 236.364}]}, {"pressure": 0.738582, "total_adsorption": 237.374, "species_data": [{"InChIKey": "IJGRMHOSHXDMSA-UHFFFAOYSA-N", "composition": 1, "adsorption": 237.374}]}, {"pressure": 0.752309, "total_adsorption": 240.404, "species_data": [{"InChIKey": "IJGRMHOSHXDMSA-UHFFFAOYSA-N", "composition": 1, "adsorption": 240.404}]}, {"pressure": 0.762298, "total_adsorption": 239.394, "species_data": [{"InChIKey": "IJGRMHOSHXDMSA-UHFFFAOYSA-N", "composition": 1, "adsorption": 239.394}]}, {"pressure": 0.776023, "total_adsorption": 243.434, "species_data": [{"InChIKey": "IJGRMHOSHXDMSA-UHFFFAOYSA-N", "composition": 1, "adsorption": 243.434}]}, {"pressure": 0.77977, "total_adsorption": 242.424, "species_data": [{"InChIKey": "IJGRMHOSHXDMSA-UHFFFAOYSA-N", "composition": 1, "adsorption": 242.424}]}, {"pressure": 0.787259, "total_adsorption": 243.434, "species_data": [{"InChIKey": "IJGRMHOSHXDMSA-UHFFFAOYSA-N", "composition": 1, "adsorption": 243.434}]}, {"pressure": 0.792255, "total_adsorption": 242.424, "species_data": [{"InChIKey": "IJGRMHOSHXDMSA-UHFFFAOYSA-N", "composition": 1, "adsorption": 242.424}]}, {"pressure": 0.802236, "total_adsorption": 245.455, "species_data": [{"InChIKey": "IJGRMHOSHXDMSA-UHFFFAOYSA-N", "composition": 1, "adsorption": 245.455}]}, {"pressure": 0.803484, "total_adsorption": 245.455, "species_data": [{"InChIKey": "IJGRMHOSHXDMSA-UHFFFAOYSA-N", "composition": 1, "adsorption": 245.455}]}, {"pressure": 0.815962, "total_adsorption": 248.485, "species_data": [{"InChIKey": "IJGRMHOSHXDMSA-UHFFFAOYSA-N", "composition": 1, "adsorption": 248.485}]}, {"pressure": 0.817215, "total_adsorption": 246.465, "species_data": [{"InChIKey": "IJGRMHOSHXDMSA-UHFFFAOYSA-N", "composition": 1, "adsorption": 246.465}]}, {"pressure": 0.829687, "total_adsorption": 252.525, "species_data": [{"InChIKey": "IJGRMHOSHXDMSA-UHFFFAOYSA-N", "composition": 1, "adsorption": 252.525}]}, {"pressure": 0.835931, "total_adsorption": 251.515, "species_data": [{"InChIKey": "IJGRMHOSHXDMSA-UHFFFAOYSA-N", "composition": 1, "adsorption": 251.515}]}, {"pressure": 0.843415, "total_adsorption": 254.545, "species_data": [{"InChIKey": "IJGRMHOSHXDMSA-UHFFFAOYSA-N", "composition": 1, "adsorption": 254.545}]}, {"pressure": 0.852146, "total_adsorption": 258.586, "species_data": [{"InChIKey": "IJGRMHOSHXDMSA-UHFFFAOYSA-N", "composition": 1, "adsorption": 258.586}]}, {"pressure": 0.852157, "total_adsorption": 253.535, "species_data": [{"InChIKey": "IJGRMHOSHXDMSA-UHFFFAOYSA-N", "composition": 1, "adsorption": 253.535}]}, {"pressure": 0.862125, "total_adsorption": 262.626, "species_data": [{"InChIKey": "IJGRMHOSHXDMSA-UHFFFAOYSA-N", "composition": 1, "adsorption": 262.626}]}, {"pressure": 0.865879, "total_adsorption": 258.586, "species_data": [{"InChIKey": "IJGRMHOSHXDMSA-UHFFFAOYSA-N", "composition": 1, "adsorption": 258.586}]}, {"pressure": 0.87086, "total_adsorption": 264.646, "species_data": [{"InChIKey": "IJGRMHOSHXDMSA-UHFFFAOYSA-N", "composition": 1, "adsorption": 264.646}]}, {"pressure": 0.877094, "total_adsorption": 268.687, "species_data": [{"InChIKey": "IJGRMHOSHXDMSA-UHFFFAOYSA-N", "composition": 1, "adsorption": 268.687}]}, {"pressure": 0.879603, "total_adsorption": 262.626, "species_data": [{"InChIKey": "IJGRMHOSHXDMSA-UHFFFAOYSA-N", "composition": 1, "adsorption": 262.626}]}, {"pressure": 0.88333, "total_adsorption": 271.717, "species_data": [{"InChIKey": "IJGRMHOSHXDMSA-UHFFFAOYSA-N", "composition": 1, "adsorption": 271.717}]}, {"pressure": 0.888313, "total_adsorption": 276.768, "species_data": [{"InChIKey": "IJGRMHOSHXDMSA-UHFFFAOYSA-N", "composition": 1, "adsorption": 276.768}]}, {"pressure": 0.888338, "total_adsorption": 264.646, "species_data": [{"InChIKey": "IJGRMHOSHXDMSA-UHFFFAOYSA-N", "composition": 1, "adsorption": 264.646}]}, {"pressure": 0.894549, "total_adsorption": 279.798, "species_data": [{"InChIKey": "IJGRMHOSHXDMSA-UHFFFAOYSA-N", "composition": 1, "adsorption": 279.798}]}, {"pressure": 0.899568, "total_adsorption": 267.677, "species_data": [{"InChIKey": "IJGRMHOSHXDMSA-UHFFFAOYSA-N", "composition": 1, "adsorption": 267.677}]}, {"pressure": 0.903275, "total_adsorption": 285.859, "species_data": [{"InChIKey": "IJGRMHOSHXDMSA-UHFFFAOYSA-N", "composition": 1, "adsorption": 285.859}]}, {"pressure": 0.908296, "total_adsorption": 272.727, "species_data": [{"InChIKey": "IJGRMHOSHXDMSA-UHFFFAOYSA-N", "composition": 1, "adsorption": 272.727}]}, {"pressure": 0.909505, "total_adsorption": 291.919, "species_data": [{"InChIKey": "IJGRMHOSHXDMSA-UHFFFAOYSA-N", "composition": 1, "adsorption": 291.919}]}, {"pressure": 0.91449, "total_adsorption": 295.96, "species_data": [{"InChIKey": "IJGRMHOSHXDMSA-UHFFFAOYSA-N", "composition": 1, "adsorption": 295.96}]}, {"pressure": 0.918225, "total_adsorption": 301.01, "species_data": [{"InChIKey": "IJGRMHOSHXDMSA-UHFFFAOYSA-N", "composition": 1, "adsorption": 301.01}]}, {"pressure": 0.920772, "total_adsorption": 276.768, "species_data": [{"InChIKey": "IJGRMHOSHXDMSA-UHFFFAOYSA-N", "composition": 1, "adsorption": 276.768}]}, {"pressure": 0.921958, "total_adsorption": 307.071, "species_data": [{"InChIKey": "IJGRMHOSHXDMSA-UHFFFAOYSA-N", "composition": 1, "adsorption": 307.071}]}, {"pressure": 0.925682, "total_adsorption": 317.172, "species_data": [{"InChIKey": "IJGRMHOSHXDMSA-UHFFFAOYSA-N", "composition": 1, "adsorption": 317.172}]}, {"pressure": 0.925754, "total_adsorption": 282.828, "species_data": [{"InChIKey": "IJGRMHOSHXDMSA-UHFFFAOYSA-N", "composition": 1, "adsorption": 282.828}]}, {"pressure": 0.935644, "total_adsorption": 329.293, "species_data": [{"InChIKey": "IJGRMHOSHXDMSA-UHFFFAOYSA-N", "composition": 1, "adsorption": 329.293}]}, {"pressure": 0.935722, "total_adsorption": 291.919, "species_data": [{"InChIKey": "IJGRMHOSHXDMSA-UHFFFAOYSA-N", "composition": 1, "adsorption": 291.919}]}, {"pressure": 0.939369, "total_adsorption": 339.394, "species_data": [{"InChIKey": "IJGRMHOSHXDMSA-UHFFFAOYSA-N", "composition": 1, "adsorption": 339.394}]}, {"pressure": 0.944339, "total_adsorption": 350.505, "species_data": [{"InChIKey": "IJGRMHOSHXDMSA-UHFFFAOYSA-N", "composition": 1, "adsorption": 350.505}]}, {"pressure": 0.944449, "total_adsorption": 297.98, "species_data": [{"InChIKey": "IJGRMHOSHXDMSA-UHFFFAOYSA-N", "composition": 1, "adsorption": 297.98}]}, {"pressure": 0.948064, "total_adsorption": 360.606, "species_data": [{"InChIKey": "IJGRMHOSHXDMSA-UHFFFAOYSA-N", "composition": 1, "adsorption": 360.606}]}, {"pressure": 0.949428, "total_adsorption": 305.051, "species_data": [{"InChIKey": "IJGRMHOSHXDMSA-UHFFFAOYSA-N", "composition": 1, "adsorption": 305.051}]}, {"pressure": 0.951912, "total_adsorption": 311.111, "species_data": [{"InChIKey": "IJGRMHOSHXDMSA-UHFFFAOYSA-N", "composition": 1, "adsorption": 311.111}]}, {"pressure": 0.954287, "total_adsorption": 369.697, "species_data": [{"InChIKey": "IJGRMHOSHXDMSA-UHFFFAOYSA-N", "composition": 1, "adsorption": 369.697}]}, {"pressure": 0.95551, "total_adsorption": 381.818, "species_data": [{"InChIKey": "IJGRMHOSHXDMSA-UHFFFAOYSA-N", "composition": 1, "adsorption": 381.818}]}, {"pressure": 0.956887, "total_adsorption": 320.202, "species_data": [{"InChIKey": "IJGRMHOSHXDMSA-UHFFFAOYSA-N", "composition": 1, "adsorption": 320.202}]}, {"pressure": 0.95923, "total_adsorption": 393.939, "species_data": [{"InChIKey": "IJGRMHOSHXDMSA-UHFFFAOYSA-N", "composition": 1, "adsorption": 393.939}]}, {"pressure": 0.960622, "total_adsorption": 325.253, "species_data": [{"InChIKey": "IJGRMHOSHXDMSA-UHFFFAOYSA-N", "composition": 1, "adsorption": 325.253}]}, {"pressure": 0.961702, "total_adsorption": 406.061, "species_data": [{"InChIKey": "IJGRMHOSHXDMSA-UHFFFAOYSA-N", "composition": 1, "adsorption": 406.061}]}, {"pressure": 0.962927, "total_adsorption": 417.172, "species_data": [{"InChIKey": "IJGRMHOSHXDMSA-UHFFFAOYSA-N", "composition": 1, "adsorption": 417.172}]}, {"pressure": 0.963106, "total_adsorption": 331.313, "species_data": [{"InChIKey": "IJGRMHOSHXDMSA-UHFFFAOYSA-N", "composition": 1, "adsorption": 331.313}]}, {"pressure": 0.965397, "total_adsorption": 430.303, "species_data": [{"InChIKey": "IJGRMHOSHXDMSA-UHFFFAOYSA-N", "composition": 1, "adsorption": 430.303}]}, {"pressure": 0.96683, "total_adsorption": 341.414, "species_data": [{"InChIKey": "IJGRMHOSHXDMSA-UHFFFAOYSA-N", "composition": 1, "adsorption": 341.414}]}, {"pressure": 0.969083, "total_adsorption": 458.586, "species_data": [{"InChIKey": "IJGRMHOSHXDMSA-UHFFFAOYSA-N", "composition": 1, "adsorption": 458.586}]}, {"pressure": 0.969321, "total_adsorption": 344.444, "species_data": [{"InChIKey": "IJGRMHOSHXDMSA-UHFFFAOYSA-N", "composition": 1, "adsorption": 344.444}]}, {"pressure": 0.970353, "total_adsorption": 448.485, "species_data": [{"InChIKey": "IJGRMHOSHXDMSA-UHFFFAOYSA-N", "composition": 1, "adsorption": 448.485}]}, {"pressure": 0.970561, "total_adsorption": 348.485, "species_data": [{"InChIKey": "IJGRMHOSHXDMSA-UHFFFAOYSA-N", "composition": 1, "adsorption": 348.485}]}, {"pressure": 0.971557, "total_adsorption": 469.697, "species_data": [{"InChIKey": "IJGRMHOSHXDMSA-UHFFFAOYSA-N", "composition": 1, "adsorption": 469.697}]}, {"pressure": 0.971795, "total_adsorption": 355.556, "species_data": [{"InChIKey": "IJGRMHOSHXDMSA-UHFFFAOYSA-N", "composition": 1, "adsorption": 355.556}]}, {"pressure": 0.972782, "total_adsorption": 480.808, "species_data": [{"InChIKey": "IJGRMHOSHXDMSA-UHFFFAOYSA-N", "composition": 1, "adsorption": 480.808}]}, {"pressure": 0.974277, "total_adsorption": 362.626, "species_data": [{"InChIKey": "IJGRMHOSHXDMSA-UHFFFAOYSA-N", "composition": 1, "adsorption": 362.626}]}, {"pressure": 0.975262, "total_adsorption": 488.889, "species_data": [{"InChIKey": "IJGRMHOSHXDMSA-UHFFFAOYSA-N", "composition": 1, "adsorption": 488.889}]}, {"pressure": 0.975508, "total_adsorption": 370.707, "species_data": [{"InChIKey": "IJGRMHOSHXDMSA-UHFFFAOYSA-N", "composition": 1, "adsorption": 370.707}]}, {"pressure": 0.97674, "total_adsorption": 378.788, "species_data": [{"InChIKey": "IJGRMHOSHXDMSA-UHFFFAOYSA-N", "composition": 1, "adsorption": 378.788}]}, {"pressure": 0.977734, "total_adsorption": 501.01, "species_data": [{"InChIKey": "IJGRMHOSHXDMSA-UHFFFAOYSA-N", "composition": 1, "adsorption": 501.01}]}, {"pressure": 0.977978, "total_adsorption": 383.838, "species_data": [{"InChIKey": "IJGRMHOSHXDMSA-UHFFFAOYSA-N", "composition": 1, "adsorption": 383.838}]}, {"pressure": 0.979216, "total_adsorption": 388.889, "species_data": [{"InChIKey": "IJGRMHOSHXDMSA-UHFFFAOYSA-N", "composition": 1, "adsorption": 388.889}]}, {"pressure": 0.980216, "total_adsorption": 508.081, "species_data": [{"InChIKey": "IJGRMHOSHXDMSA-UHFFFAOYSA-N", "composition": 1, "adsorption": 508.081}]}, {"pressure": 0.980443, "total_adsorption": 398.99, "species_data": [{"InChIKey": "IJGRMHOSHXDMSA-UHFFFAOYSA-N", "composition": 1, "adsorption": 398.99}]}, {"pressure": 0.98045, "total_adsorption": 395.96, "species_data": [{"InChIKey": "IJGRMHOSHXDMSA-UHFFFAOYSA-N", "composition": 1, "adsorption": 395.96}]}, {"pressure": 0.981679, "total_adsorption": 405.051, "species_data": [{"InChIKey": "IJGRMHOSHXDMSA-UHFFFAOYSA-N", "composition": 1, "adsorption": 405.051}]}, {"pressure": 0.982703, "total_adsorption": 513.131, "species_data": [{"InChIKey": "IJGRMHOSHXDMSA-UHFFFAOYSA-N", "composition": 1, "adsorption": 513.131}]}, {"pressure": 0.982913, "total_adsorption": 412.121, "species_data": [{"InChIKey": "IJGRMHOSHXDMSA-UHFFFAOYSA-N", "composition": 1, "adsorption": 412.121}]}, {"pressure": 0.985191, "total_adsorption": 517.172, "species_data": [{"InChIKey": "IJGRMHOSHXDMSA-UHFFFAOYSA-N", "composition": 1, "adsorption": 517.172}]}, {"pressure": 0.985395, "total_adsorption": 419.192, "species_data": [{"InChIKey": "IJGRMHOSHXDMSA-UHFFFAOYSA-N", "composition": 1, "adsorption": 419.192}]}, {"pressure": 0.986627, "total_adsorption": 427.273, "species_data": [{"InChIKey": "IJGRMHOSHXDMSA-UHFFFAOYSA-N", "composition": 1, "adsorption": 427.273}]}, {"pressure": 0.987862, "total_adsorption": 433.333, "species_data": [{"InChIKey": "IJGRMHOSHXDMSA-UHFFFAOYSA-N", "composition": 1, "adsorption": 433.333}]}, {"pressure": 0.989065, "total_adsorption": 455.556, "species_data": [{"InChIKey": "IJGRMHOSHXDMSA-UHFFFAOYSA-N", "composition": 1, "adsorption": 455.556}]}, {"pressure": 0.989088, "total_adsorption": 444.444, "species_data": [{"InChIKey": "IJGRMHOSHXDMSA-UHFFFAOYSA-N", "composition": 1, "adsorption": 444.444}]}, {"pressure": 0.990172, "total_adsorption": 523.232, "species_data": [{"InChIKey": "IJGRMHOSHXDMSA-UHFFFAOYSA-N", "composition": 1, "adsorption": 523.232}]}, {"pressure": 0.991543, "total_adsorption": 464.646, "species_data": [{"InChIKey": "IJGRMHOSHXDMSA-UHFFFAOYSA-N", "composition": 1, "adsorption": 464.646}]}, {"pressure": 0.992738, "total_adsorption": 489.899, "species_data": [{"InChIKey": "IJGRMHOSHXDMSA-UHFFFAOYSA-N", "composition": 1, "adsorption": 489.899}]}, {"pressure": 0.992755, "total_adsorption": 481.818, "species_data": [{"InChIKey": "IJGRMHOSHXDMSA-UHFFFAOYSA-N", "composition": 1, "adsorption": 481.818}]}, {"pressure": 0.992766, "total_adsorption": 476.768, "species_data": [{"InChIKey": "IJGRMHOSHXDMSA-UHFFFAOYSA-N", "composition": 1, "adsorption": 476.768}]}, {"pressure": 0.993913, "total_adsorption": 525.253, "species_data": [{"InChIKey": "IJGRMHOSHXDMSA-UHFFFAOYSA-N", "composition": 1, "adsorption": 525.253}]}, {"pressure": 0.993936, "total_adsorption": 514.141, "species_data": [{"InChIKey": "IJGRMHOSHXDMSA-UHFFFAOYSA-N", "composition": 1, "adsorption": 514.141}]}, {"pressure": 0.993953, "total_adsorption": 506.061, "species_data": [{"InChIKey": "IJGRMHOSHXDMSA-UHFFFAOYSA-N", "composition": 1, "adsorption": 506.061}]}, {"pressure": 0.995172, "total_adsorption": 520.202, "species_data": [{"InChIKey": "IJGRMHOSHXDMSA-UHFFFAOYSA-N", "composition": 1, "adsorption": 520.202}]}, {"pressure": 0.995216, "total_adsorption": 498.99, "species_data": [{"InChIKey": "IJGRMHOSHXDMSA-UHFFFAOYSA-N", "composition": 1, "adsorption": 498.99}]}]}