{"filename": "10.1021La202842m.Isotherm4", "DOI": "10.1021/La202842m", "articleSource": "UNKNOWN", "date": "1000-01-01", "digitizer": "UNKNOWN", "adsorbent": {"hashkey": "NIST-MATDB-d1d373b14184482d96176fbe7e616dc5", "name": "RPM3-Zn"}, "adsorbates": [{"InChIKey": "IJGRMHOSHXDMSA-UHFFFAOYSA-N", "name": "Nitrogen"}], "category": "", "temperature": 77, "isotherm_type": "", "adsorptionUnits": "cm3(STP)/g", "pressureUnits": "bar", "compositionType": "molefraction", "concentrationUnits": "", "isotherm_data": [{"pressure": 0.111748, "total_adsorption": 1.31579, "species_data": [{"InChIKey": "IJGRMHOSHXDMSA-UHFFFAOYSA-N", "composition": 1, "adsorption": 1.31579}]}, {"pressure": 0.131805, "total_adsorption": 13.1579, "species_data": [{"InChIKey": "IJGRMHOSHXDMSA-UHFFFAOYSA-N", "composition": 1, "adsorption": 13.1579}]}, {"pressure": 0.157593, "total_adsorption": 27.3026, "species_data": [{"InChIKey": "IJGRMHOSHXDMSA-UHFFFAOYSA-N", "composition": 1, "adsorption": 27.3026}]}, {"pressure": 0.186246, "total_adsorption": 46.0526, "species_data": [{"InChIKey": "IJGRMHOSHXDMSA-UHFFFAOYSA-N", "composition": 1, "adsorption": 46.0526}]}, {"pressure": 0.217765, "total_adsorption": 64.8026, "species_data": [{"InChIKey": "IJGRMHOSHXDMSA-UHFFFAOYSA-N", "composition": 1, "adsorption": 64.8026}]}, {"pressure": 0.303725, "total_adsorption": 65.4605, "species_data": [{"InChIKey": "IJGRMHOSHXDMSA-UHFFFAOYSA-N", "composition": 1, "adsorption": 65.4605}]}, {"pressure": 0.39255, "total_adsorption": 65.7895, "species_data": [{"InChIKey": "IJGRMHOSHXDMSA-UHFFFAOYSA-N", "composition": 1, "adsorption": 65.7895}]}, {"pressure": 0.452722, "total_adsorption": 66.1184, "species_data": [{"InChIKey": "IJGRMHOSHXDMSA-UHFFFAOYSA-N", "composition": 1, "adsorption": 66.1184}]}, {"pressure": 0.481375, "total_adsorption": 72.3684, "species_data": [{"InChIKey": "IJGRMHOSHXDMSA-UHFFFAOYSA-N", "composition": 1, "adsorption": 72.3684}]}, {"pressure": 0.510029, "total_adsorption": 79.2763, "species_data": [{"InChIKey": "IJGRMHOSHXDMSA-UHFFFAOYSA-N", "composition": 1, "adsorption": 79.2763}]}]}