{"filename": "10.1016j.jcis.2010.08.048.Isotherm14", "DOI": "10.1016/j.jcis.2010.08.048", "articleSource": "Figure 5b", "date": "2016-06-14", "digitizer": "Kailey M. Stracka", "adsorbent": {"hashkey": "NIST-MATDB-6668272f50a49a496961de7266c57bae", "name": "Graphite Nanofibers etched at 1273K - water washed"}, "adsorbates": [{"InChIKey": "CURLTUGMZLYLDI-UHFFFAOYSA-N", "name": "Carbon Dioxide"}], "category": "exp", "temperature": 298, "isotherm_type": "", "adsorptionUnits": "mg/g", "pressureUnits": "bar", "compositionType": "molefraction", "concentrationUnits": "", "isotherm_data": [{"pressure": 1.00939, "total_adsorption": 2.1673, "species_data": [{"InChIKey": "CURLTUGMZLYLDI-UHFFFAOYSA-N", "composition": 1, "adsorption": 2.1673}]}, {"pressure": 2.29389, "total_adsorption": 3.76426, "species_data": [{"InChIKey": "CURLTUGMZLYLDI-UHFFFAOYSA-N", "composition": 1, "adsorption": 3.76426}]}, {"pressure": 4.12882, "total_adsorption": 5.58935, "species_data": [{"InChIKey": "CURLTUGMZLYLDI-UHFFFAOYSA-N", "composition": 1, "adsorption": 5.58935}]}, {"pressure": 4.95453, "total_adsorption": 6.38783, "species_data": [{"InChIKey": "CURLTUGMZLYLDI-UHFFFAOYSA-N", "composition": 1, "adsorption": 6.38783}]}, {"pressure": 6.51412, "total_adsorption": 7.30038, "species_data": [{"InChIKey": "CURLTUGMZLYLDI-UHFFFAOYSA-N", "composition": 1, "adsorption": 7.30038}]}, {"pressure": 7.98197, "total_adsorption": 8.21293, "species_data": [{"InChIKey": "CURLTUGMZLYLDI-UHFFFAOYSA-N", "composition": 1, "adsorption": 8.21293}]}, {"pressure": 8.89942, "total_adsorption": 9.01141, "species_data": [{"InChIKey": "CURLTUGMZLYLDI-UHFFFAOYSA-N", "composition": 1, "adsorption": 9.01141}]}, {"pressure": 11.2847, "total_adsorption": 10.3802, "species_data": [{"InChIKey": "CURLTUGMZLYLDI-UHFFFAOYSA-N", "composition": 1, "adsorption": 10.3802}]}, {"pressure": 12.569, "total_adsorption": 10.8365, "species_data": [{"InChIKey": "CURLTUGMZLYLDI-UHFFFAOYSA-N", "composition": 1, "adsorption": 10.8365}]}, {"pressure": 13.4864, "total_adsorption": 11.5209, "species_data": [{"InChIKey": "CURLTUGMZLYLDI-UHFFFAOYSA-N", "composition": 1, "adsorption": 11.5209}]}, {"pressure": 15.8716, "total_adsorption": 12.3194, "species_data": [{"InChIKey": "CURLTUGMZLYLDI-UHFFFAOYSA-N", "composition": 1, "adsorption": 12.3194}]}, {"pressure": 16.6973, "total_adsorption": 12.8897, "species_data": [{"InChIKey": "CURLTUGMZLYLDI-UHFFFAOYSA-N", "composition": 1, "adsorption": 12.8897}]}, {"pressure": 19.0825, "total_adsorption": 13.8023, "species_data": [{"InChIKey": "CURLTUGMZLYLDI-UHFFFAOYSA-N", "composition": 1, "adsorption": 13.8023}]}, {"pressure": 20.642, "total_adsorption": 14.4867, "species_data": [{"InChIKey": "CURLTUGMZLYLDI-UHFFFAOYSA-N", "composition": 1, "adsorption": 14.4867}]}, {"pressure": 21.7429, "total_adsorption": 14.943, "species_data": [{"InChIKey": "CURLTUGMZLYLDI-UHFFFAOYSA-N", "composition": 1, "adsorption": 14.943}]}, {"pressure": 23.5777, "total_adsorption": 15.8555, "species_data": [{"InChIKey": "CURLTUGMZLYLDI-UHFFFAOYSA-N", "composition": 1, "adsorption": 15.8555}]}, {"pressure": 24.6785, "total_adsorption": 16.1977, "species_data": [{"InChIKey": "CURLTUGMZLYLDI-UHFFFAOYSA-N", "composition": 1, "adsorption": 16.1977}]}, {"pressure": 26.1463, "total_adsorption": 16.7681, "species_data": [{"InChIKey": "CURLTUGMZLYLDI-UHFFFAOYSA-N", "composition": 1, "adsorption": 16.7681}]}, {"pressure": 27.1554, "total_adsorption": 17.1103, "species_data": [{"InChIKey": "CURLTUGMZLYLDI-UHFFFAOYSA-N", "composition": 1, "adsorption": 17.1103}]}, {"pressure": 28.6232, "total_adsorption": 17.5665, "species_data": [{"InChIKey": "CURLTUGMZLYLDI-UHFFFAOYSA-N", "composition": 1, "adsorption": 17.5665}]}, {"pressure": 30.091, "total_adsorption": 18.251, "species_data": [{"InChIKey": "CURLTUGMZLYLDI-UHFFFAOYSA-N", "composition": 1, "adsorption": 18.251}]}, {"pressure": 31.7424, "total_adsorption": 19.1635, "species_data": [{"InChIKey": "CURLTUGMZLYLDI-UHFFFAOYSA-N", "composition": 1, "adsorption": 19.1635}]}, {"pressure": 33.5771, "total_adsorption": 19.5057, "species_data": [{"InChIKey": "CURLTUGMZLYLDI-UHFFFAOYSA-N", "composition": 1, "adsorption": 19.5057}]}, {"pressure": 35.0449, "total_adsorption": 20.1901, "species_data": [{"InChIKey": "CURLTUGMZLYLDI-UHFFFAOYSA-N", "composition": 1, "adsorption": 20.1901}]}, {"pressure": 36.7879, "total_adsorption": 20.5323, "species_data": [{"InChIKey": "CURLTUGMZLYLDI-UHFFFAOYSA-N", "composition": 1, "adsorption": 20.5323}]}, {"pressure": 38.1639, "total_adsorption": 21.2167, "species_data": [{"InChIKey": "CURLTUGMZLYLDI-UHFFFAOYSA-N", "composition": 1, "adsorption": 21.2167}]}, {"pressure": 39.9986, "total_adsorption": 21.4449, "species_data": [{"InChIKey": "CURLTUGMZLYLDI-UHFFFAOYSA-N", "composition": 1, "adsorption": 21.4449}]}, {"pressure": 41.4665, "total_adsorption": 22.3574, "species_data": [{"InChIKey": "CURLTUGMZLYLDI-UHFFFAOYSA-N", "composition": 1, "adsorption": 22.3574}]}, {"pressure": 43.3012, "total_adsorption": 22.4715, "species_data": [{"InChIKey": "CURLTUGMZLYLDI-UHFFFAOYSA-N", "composition": 1, "adsorption": 22.4715}]}, {"pressure": 44.2186, "total_adsorption": 23.384, "species_data": [{"InChIKey": "CURLTUGMZLYLDI-UHFFFAOYSA-N", "composition": 1, "adsorption": 23.384}]}, {"pressure": 46.4203, "total_adsorption": 23.6122, "species_data": [{"InChIKey": "CURLTUGMZLYLDI-UHFFFAOYSA-N", "composition": 1, "adsorption": 23.6122}]}, {"pressure": 48.1633, "total_adsorption": 24.4106, "species_data": [{"InChIKey": "CURLTUGMZLYLDI-UHFFFAOYSA-N", "composition": 1, "adsorption": 24.4106}]}, {"pressure": 49.4476, "total_adsorption": 24.4106, "species_data": [{"InChIKey": "CURLTUGMZLYLDI-UHFFFAOYSA-N", "composition": 1, "adsorption": 24.4106}]}, {"pressure": 51.1906, "total_adsorption": 25.2091, "species_data": [{"InChIKey": "CURLTUGMZLYLDI-UHFFFAOYSA-N", "composition": 1, "adsorption": 25.2091}]}, {"pressure": 52.9335, "total_adsorption": 25.3232, "species_data": [{"InChIKey": "CURLTUGMZLYLDI-UHFFFAOYSA-N", "composition": 1, "adsorption": 25.3232}]}, {"pressure": 54.2179, "total_adsorption": 26.0076, "species_data": [{"InChIKey": "CURLTUGMZLYLDI-UHFFFAOYSA-N", "composition": 1, "adsorption": 26.0076}]}, {"pressure": 56.0526, "total_adsorption": 26.4639, "species_data": [{"InChIKey": "CURLTUGMZLYLDI-UHFFFAOYSA-N", "composition": 1, "adsorption": 26.4639}]}, {"pressure": 57.9791, "total_adsorption": 27.1483, "species_data": [{"InChIKey": "CURLTUGMZLYLDI-UHFFFAOYSA-N", "composition": 1, "adsorption": 27.1483}]}, {"pressure": 59.5385, "total_adsorption": 27.2624, "species_data": [{"InChIKey": "CURLTUGMZLYLDI-UHFFFAOYSA-N", "composition": 1, "adsorption": 27.2624}]}, {"pressure": 61.5567, "total_adsorption": 27.9468, "species_data": [{"InChIKey": "CURLTUGMZLYLDI-UHFFFAOYSA-N", "composition": 1, "adsorption": 27.9468}]}, {"pressure": 62.6576, "total_adsorption": 28.0608, "species_data": [{"InChIKey": "CURLTUGMZLYLDI-UHFFFAOYSA-N", "composition": 1, "adsorption": 28.0608}]}, {"pressure": 65.3181, "total_adsorption": 28.7452, "species_data": [{"InChIKey": "CURLTUGMZLYLDI-UHFFFAOYSA-N", "composition": 1, "adsorption": 28.7452}]}]}