{"filename": "10.1021ed500633h.Isotherm3", "DOI": "10.1021/ed500633h", "articleSource": "Figure 2b", "date": "2016-07-18", "digitizer": "David A. Anderegg", "adsorbent": {"hashkey": "NIST-MATDB-1b85b1862d4e9cc2e0f46d0e2698ab79", "name": "MIL-53(Al)"}, "adsorbates": [{"InChIKey": "CURLTUGMZLYLDI-UHFFFAOYSA-N", "name": "Carbon Dioxide"}], "category": "exp", "temperature": 303, "isotherm_type": "", "adsorptionUnits": "mmol/g", "pressureUnits": "bar", "compositionType": "molefraction", "concentrationUnits": "", "isotherm_data": [{"pressure": 0, "total_adsorption": -0.016949, "species_data": [{"InChIKey": "CURLTUGMZLYLDI-UHFFFAOYSA-N", "composition": 1, "adsorption": -0.016949}]}, {"pressure": 0.253394, "total_adsorption": 1.52542, "species_data": [{"InChIKey": "CURLTUGMZLYLDI-UHFFFAOYSA-N", "composition": 1, "adsorption": 1.52542}]}, {"pressure": 1.77376, "total_adsorption": 2.76271, "species_data": [{"InChIKey": "CURLTUGMZLYLDI-UHFFFAOYSA-N", "composition": 1, "adsorption": 2.76271}]}, {"pressure": 3.36652, "total_adsorption": 3.57627, "species_data": [{"InChIKey": "CURLTUGMZLYLDI-UHFFFAOYSA-N", "composition": 1, "adsorption": 3.57627}]}, {"pressure": 4.1267, "total_adsorption": 3.55932, "species_data": [{"InChIKey": "CURLTUGMZLYLDI-UHFFFAOYSA-N", "composition": 1, "adsorption": 3.55932}]}, {"pressure": 6.19005, "total_adsorption": 4.37288, "species_data": [{"InChIKey": "CURLTUGMZLYLDI-UHFFFAOYSA-N", "composition": 1, "adsorption": 4.37288}]}, {"pressure": 8.0362, "total_adsorption": 4.64407, "species_data": [{"InChIKey": "CURLTUGMZLYLDI-UHFFFAOYSA-N", "composition": 1, "adsorption": 4.64407}]}, {"pressure": 9.59276, "total_adsorption": 4.84746, "species_data": [{"InChIKey": "CURLTUGMZLYLDI-UHFFFAOYSA-N", "composition": 1, "adsorption": 4.84746}]}]}