{"isotherm_data":[{"pressure":0.136176,"total_adsorption":10.0145,"species_data":[{"composition":1,"adsorption":10.0145,"InChIKey":"CURLTUGMZLYLDI-UHFFFAOYSA-N"}]},{"pressure":0.337208,"total_adsorption":20.9346,"species_data":[{"composition":1,"adsorption":20.9346,"InChIKey":"CURLTUGMZLYLDI-UHFFFAOYSA-N"}]},{"pressure":0.660191,"total_adsorption":31.8593,"species_data":[{"composition":1,"adsorption":31.8593,"InChIKey":"CURLTUGMZLYLDI-UHFFFAOYSA-N"}]},{"pressure":0.943289,"total_adsorption":39.0195,"species_data":[{"composition":1,"adsorption":39.0195,"InChIKey":"CURLTUGMZLYLDI-UHFFFAOYSA-N"}]},{"pressure":1.46967,"total_adsorption":49.1992,"species_data":[{"composition":1,"adsorption":49.1992,"InChIKey":"CURLTUGMZLYLDI-UHFFFAOYSA-N"}]},{"pressure":2.24004,"total_adsorption":59.0119,"species_data":[{"composition":1,"adsorption":59.0119,"InChIKey":"CURLTUGMZLYLDI-UHFFFAOYSA-N"}]},{"pressure":3.62,"total_adsorption":69.6,"species_data":[{"composition":1,"adsorption":69.6,"InChIKey":"CURLTUGMZLYLDI-UHFFFAOYSA-N"}]},{"pressure":5.4883,"total_adsorption":77.5725,"species_data":[{"composition":1,"adsorption":77.5725,"InChIKey":"CURLTUGMZLYLDI-UHFFFAOYSA-N"}]},{"pressure":8.29178,"total_adsorption":84.4512,"species_data":[{"composition":1,"adsorption":84.4512,"InChIKey":"CURLTUGMZLYLDI-UHFFFAOYSA-N"}]},{"pressure":10.974,"total_adsorption":87.9388,"species_data":[{"composition":1,"adsorption":87.9388,"InChIKey":"CURLTUGMZLYLDI-UHFFFAOYSA-N"}]},{"pressure":13.3312,"total_adsorption":90.2853,"species_data":[{"composition":1,"adsorption":90.2853,"InChIKey":"CURLTUGMZLYLDI-UHFFFAOYSA-N"}]},{"pressure":16.6642,"total_adsorption":92.2922,"species_data":[{"composition":1,"adsorption":92.2922,"InChIKey":"CURLTUGMZLYLDI-UHFFFAOYSA-N"}]}],"temperature":303,"articleSource":"Figure 5","compositionType":"molefraction","adsorbates":[{"name":"Carbon Dioxide","InChIKey":"CURLTUGMZLYLDI-UHFFFAOYSA-N"}],"adsorptionUnits":"molecules/unitcell","date":"2017-07-07","category":"exp","digitizer":"Toyosi Afolabi","pressureUnits":"bar","DOI":"10.1021/jp209895d","adsorbent":{"name":"Cl-Zn-CBTACN","hashkey":"NIST-MATDB-d0a52b38d559b32166bceece83a80b8c"},"concentrationUnits":"","filename":"10.1021jp209895d.Isotherm50","isotherm_type":""}