{"isotherm_data":[{"pressure":0.275951,"total_adsorption":2.77877,"species_data":[{"composition":1,"adsorption":2.77877,"InChIKey":"VNWKTOKETHGBQD-UHFFFAOYSA-N"}]},{"pressure":0.411577,"total_adsorption":3.63372,"species_data":[{"composition":1,"adsorption":3.63372,"InChIKey":"VNWKTOKETHGBQD-UHFFFAOYSA-N"}]},{"pressure":0.810625,"total_adsorption":4.41709,"species_data":[{"composition":1,"adsorption":4.41709,"InChIKey":"VNWKTOKETHGBQD-UHFFFAOYSA-N"}]},{"pressure":1.07749,"total_adsorption":5.12936,"species_data":[{"composition":1,"adsorption":5.12936,"InChIKey":"VNWKTOKETHGBQD-UHFFFAOYSA-N"}]},{"pressure":1.47748,"total_adsorption":6.12651,"species_data":[{"composition":1,"adsorption":6.12651,"InChIKey":"VNWKTOKETHGBQD-UHFFFAOYSA-N"}]},{"pressure":2.00965,"total_adsorption":7.19476,"species_data":[{"composition":1,"adsorption":7.19476,"InChIKey":"VNWKTOKETHGBQD-UHFFFAOYSA-N"}]},{"pressure":2.5415,"total_adsorption":8.19176,"species_data":[{"composition":1,"adsorption":8.19176,"InChIKey":"VNWKTOKETHGBQD-UHFFFAOYSA-N"}]},{"pressure":3.46927,"total_adsorption":9.25954,"species_data":[{"composition":1,"adsorption":9.25954,"InChIKey":"VNWKTOKETHGBQD-UHFFFAOYSA-N"}]},{"pressure":4.26486,"total_adsorption":10.2562,"species_data":[{"composition":1,"adsorption":10.2562,"InChIKey":"VNWKTOKETHGBQD-UHFFFAOYSA-N"}]},{"pressure":5.85322,"total_adsorption":11.6083,"species_data":[{"composition":1,"adsorption":11.6083,"InChIKey":"VNWKTOKETHGBQD-UHFFFAOYSA-N"}]},{"pressure":8.36528,"total_adsorption":13.1017,"species_data":[{"composition":1,"adsorption":13.1017,"InChIKey":"VNWKTOKETHGBQD-UHFFFAOYSA-N"}]},{"pressure":11.5364,"total_adsorption":14.5231,"species_data":[{"composition":1,"adsorption":14.5231,"InChIKey":"VNWKTOKETHGBQD-UHFFFAOYSA-N"}]},{"pressure":16.2889,"total_adsorption":15.7289,"species_data":[{"composition":1,"adsorption":15.7289,"InChIKey":"VNWKTOKETHGBQD-UHFFFAOYSA-N"}]},{"pressure":21.5677,"total_adsorption":16.649,"species_data":[{"composition":1,"adsorption":16.649,"InChIKey":"VNWKTOKETHGBQD-UHFFFAOYSA-N"}]},{"pressure":27.1093,"total_adsorption":17.355,"species_data":[{"composition":1,"adsorption":17.355,"InChIKey":"VNWKTOKETHGBQD-UHFFFAOYSA-N"}]},{"pressure":33.4417,"total_adsorption":17.9888,"species_data":[{"composition":1,"adsorption":17.9888,"InChIKey":"VNWKTOKETHGBQD-UHFFFAOYSA-N"}]},{"pressure":40.1669,"total_adsorption":17.9808,"species_data":[{"composition":1,"adsorption":17.9808,"InChIKey":"VNWKTOKETHGBQD-UHFFFAOYSA-N"}]},{"pressure":46.3647,"total_adsorption":17.9734,"species_data":[{"composition":1,"adsorption":17.9734,"InChIKey":"VNWKTOKETHGBQD-UHFFFAOYSA-N"}]},{"pressure":52.5619,"total_adsorption":17.8236,"species_data":[{"composition":1,"adsorption":17.8236,"InChIKey":"VNWKTOKETHGBQD-UHFFFAOYSA-N"}]},{"pressure":56.3879,"total_adsorption":18.2466,"species_data":[{"composition":1,"adsorption":18.2466,"InChIKey":"VNWKTOKETHGBQD-UHFFFAOYSA-N"}]},{"pressure":58.1012,"total_adsorption":18.0308,"species_data":[{"composition":1,"adsorption":18.0308,"InChIKey":"VNWKTOKETHGBQD-UHFFFAOYSA-N"}]}],"temperature":280,"articleSource":"UNKNOWN","compositionType":"molefraction","adsorbates":[{"name":"Methane","InChIKey":"VNWKTOKETHGBQD-UHFFFAOYSA-N"}],"adsorptionUnits":"wt%","date":"1000-01-01","category":"","digitizer":"UNKNOWN","pressureUnits":"bar","DOI":"10.1016/j.jpowsour.2009.02.019","adsorbent":{"name":"Carbon","hashkey":"NIST-MATDB-453276ee992ed07dc207ed08b2b221ce"},"concentrationUnits":"","filename":"10.1016j.jpowsour.2009.02.019.Isotherm17","isotherm_type":""}