{"isotherm_data":[{"pressure":0.0179104,"total_adsorption":0.507463,"species_data":[{"composition":1,"adsorption":0.507463,"InChIKey":"IJDNQMDRQITEOD-UHFFFAOYSA-N"}]},{"pressure":0.038806,"total_adsorption":1.16418,"species_data":[{"composition":1,"adsorption":1.16418,"InChIKey":"IJDNQMDRQITEOD-UHFFFAOYSA-N"}]},{"pressure":0.0537313,"total_adsorption":1.73134,"species_data":[{"composition":1,"adsorption":1.73134,"InChIKey":"IJDNQMDRQITEOD-UHFFFAOYSA-N"}]},{"pressure":0.0746269,"total_adsorption":2.62687,"species_data":[{"composition":1,"adsorption":2.62687,"InChIKey":"IJDNQMDRQITEOD-UHFFFAOYSA-N"}]},{"pressure":0.116418,"total_adsorption":4.0597,"species_data":[{"composition":1,"adsorption":4.0597,"InChIKey":"IJDNQMDRQITEOD-UHFFFAOYSA-N"}]},{"pressure":0.155224,"total_adsorption":4.65672,"species_data":[{"composition":1,"adsorption":4.65672,"InChIKey":"IJDNQMDRQITEOD-UHFFFAOYSA-N"}]},{"pressure":0.226866,"total_adsorption":5.01493,"species_data":[{"composition":1,"adsorption":5.01493,"InChIKey":"IJDNQMDRQITEOD-UHFFFAOYSA-N"}]},{"pressure":0.322388,"total_adsorption":5.25373,"species_data":[{"composition":1,"adsorption":5.25373,"InChIKey":"IJDNQMDRQITEOD-UHFFFAOYSA-N"}]},{"pressure":0.402985,"total_adsorption":5.34328,"species_data":[{"composition":1,"adsorption":5.34328,"InChIKey":"IJDNQMDRQITEOD-UHFFFAOYSA-N"}]},{"pressure":0.522388,"total_adsorption":5.40299,"species_data":[{"composition":1,"adsorption":5.40299,"InChIKey":"IJDNQMDRQITEOD-UHFFFAOYSA-N"}]},{"pressure":0.647761,"total_adsorption":5.46269,"species_data":[{"composition":1,"adsorption":5.46269,"InChIKey":"IJDNQMDRQITEOD-UHFFFAOYSA-N"}]},{"pressure":0.823881,"total_adsorption":5.49254,"species_data":[{"composition":1,"adsorption":5.49254,"InChIKey":"IJDNQMDRQITEOD-UHFFFAOYSA-N"}]},{"pressure":0.98806,"total_adsorption":5.52239,"species_data":[{"composition":1,"adsorption":5.52239,"InChIKey":"IJDNQMDRQITEOD-UHFFFAOYSA-N"}]}],"temperature":373,"articleSource":"UNKNOWN","compositionType":"molefraction","adsorbates":[{"name":"N-Butane","InChIKey":"IJDNQMDRQITEOD-UHFFFAOYSA-N"}],"adsorptionUnits":"mmol/g","date":"1000-01-01","category":"","digitizer":"UNKNOWN","pressureUnits":"bar","DOI":"10.1016/j.ces.2009.04.010","adsorbent":{"name":"CuBTC","hashkey":"NIST-MATDB-991daf7313251e7e607e2bab2da57e33"},"concentrationUnits":"","filename":"10.1016j.ces.2009.04.010.Isotherm12-3","isotherm_type":""}