{"filename": "10.1021ef201393p.Isotherm17", "DOI": "10.1021/ef201393p", "articleSource": "Table 8", "date": "2016-06-22", "digitizer": "Kailey M. Stracka", "adsorbent": {"hashkey": "NIST-MATDB-554e32f65a11105899e282162dc608dc", "name": "Dry Activated Carbon F400"}, "adsorbates": [{"InChIKey": "IJGRMHOSHXDMSA-UHFFFAOYSA-N", "name": "Nitrogen"}], "category": "exp", "temperature": 328, "isotherm_type": "excess", "adsorptionUnits": "mmol/g", "pressureUnits": "bar", "compositionType": "molefraction", "concentrationUnits": "", "isotherm_data": [{"pressure": 8.1, "total_adsorption": 1.015, "species_data": [{"InChIKey": "IJGRMHOSHXDMSA-UHFFFAOYSA-N", "composition": 1, "adsorption": 1.015}]}, {"pressure": 14.6, "total_adsorption": 1.473, "species_data": [{"InChIKey": "IJGRMHOSHXDMSA-UHFFFAOYSA-N", "composition": 1, "adsorption": 1.473}]}, {"pressure": 29.3, "total_adsorption": 2.075, "species_data": [{"InChIKey": "IJGRMHOSHXDMSA-UHFFFAOYSA-N", "composition": 1, "adsorption": 2.075}]}, {"pressure": 41.9, "total_adsorption": 2.407, "species_data": [{"InChIKey": "IJGRMHOSHXDMSA-UHFFFAOYSA-N", "composition": 1, "adsorption": 2.407}]}, {"pressure": 55.3, "total_adsorption": 2.651, "species_data": [{"InChIKey": "IJGRMHOSHXDMSA-UHFFFAOYSA-N", "composition": 1, "adsorption": 2.651}]}, {"pressure": 69.8, "total_adsorption": 2.834, "species_data": [{"InChIKey": "IJGRMHOSHXDMSA-UHFFFAOYSA-N", "composition": 1, "adsorption": 2.834}]}, {"pressure": 83.6, "total_adsorption": 2.945, "species_data": [{"InChIKey": "IJGRMHOSHXDMSA-UHFFFAOYSA-N", "composition": 1, "adsorption": 2.945}]}, {"pressure": 96.9, "total_adsorption": 3.018, "species_data": [{"InChIKey": "IJGRMHOSHXDMSA-UHFFFAOYSA-N", "composition": 1, "adsorption": 3.018}]}, {"pressure": 110.8, "total_adsorption": 3.068, "species_data": [{"InChIKey": "IJGRMHOSHXDMSA-UHFFFAOYSA-N", "composition": 1, "adsorption": 3.068}]}, {"pressure": 125.4, "total_adsorption": 3.1, "species_data": [{"InChIKey": "IJGRMHOSHXDMSA-UHFFFAOYSA-N", "composition": 1, "adsorption": 3.1}]}, {"pressure": 137, "total_adsorption": 3.108, "species_data": [{"InChIKey": "IJGRMHOSHXDMSA-UHFFFAOYSA-N", "composition": 1, "adsorption": 3.108}]}]}