{"isotherm_data":[{"pressure":0.0105646,"total_adsorption":2.10675,"species_data":[{"composition":1,"adsorption":2.10675,"InChIKey":"IJGRMHOSHXDMSA-UHFFFAOYSA-N"}]},{"pressure":0.0564469,"total_adsorption":10.8462,"species_data":[{"composition":1,"adsorption":10.8462,"InChIKey":"IJGRMHOSHXDMSA-UHFFFAOYSA-N"}]},{"pressure":0.100144,"total_adsorption":19.5857,"species_data":[{"composition":1,"adsorption":19.5857,"InChIKey":"IJGRMHOSHXDMSA-UHFFFAOYSA-N"}]},{"pressure":0.141657,"total_adsorption":27.779,"species_data":[{"composition":1,"adsorption":27.779,"InChIKey":"IJGRMHOSHXDMSA-UHFFFAOYSA-N"}]},{"pressure":0.202833,"total_adsorption":40.342,"species_data":[{"composition":1,"adsorption":40.342,"InChIKey":"IJGRMHOSHXDMSA-UHFFFAOYSA-N"}]},{"pressure":0.281489,"total_adsorption":57.2748,"species_data":[{"composition":1,"adsorption":57.2748,"InChIKey":"IJGRMHOSHXDMSA-UHFFFAOYSA-N"}]},{"pressure":0.377623,"total_adsorption":76.9387,"species_data":[{"composition":1,"adsorption":76.9387,"InChIKey":"IJGRMHOSHXDMSA-UHFFFAOYSA-N"}]},{"pressure":0.499976,"total_adsorption":102.611,"species_data":[{"composition":1,"adsorption":102.611,"InChIKey":"IJGRMHOSHXDMSA-UHFFFAOYSA-N"}]},{"pressure":0.615775,"total_adsorption":129.922,"species_data":[{"composition":1,"adsorption":129.922,"InChIKey":"IJGRMHOSHXDMSA-UHFFFAOYSA-N"}]},{"pressure":0.738128,"total_adsorption":157.233,"species_data":[{"composition":1,"adsorption":157.233,"InChIKey":"IJGRMHOSHXDMSA-UHFFFAOYSA-N"}]},{"pressure":0.818968,"total_adsorption":176.897,"species_data":[{"composition":1,"adsorption":176.897,"InChIKey":"IJGRMHOSHXDMSA-UHFFFAOYSA-N"}]},{"pressure":0.899808,"total_adsorption":196.014,"species_data":[{"composition":1,"adsorption":196.014,"InChIKey":"IJGRMHOSHXDMSA-UHFFFAOYSA-N"}]},{"pressure":0.941321,"total_adsorption":205.3,"species_data":[{"composition":1,"adsorption":205.3,"InChIKey":"IJGRMHOSHXDMSA-UHFFFAOYSA-N"}]},{"pressure":0.987203,"total_adsorption":216.224,"species_data":[{"composition":1,"adsorption":216.224,"InChIKey":"IJGRMHOSHXDMSA-UHFFFAOYSA-N"}]}],"temperature":77,"articleSource":"UNKNOWN","compositionType":"molefraction","adsorbates":[{"name":"Nitrogen","InChIKey":"IJGRMHOSHXDMSA-UHFFFAOYSA-N"}],"adsorptionUnits":"cm3(STP)/g","date":"1000-01-01","category":"","digitizer":"UNKNOWN","pressureUnits":"bar","DOI":"10.1039/B906728k","adsorbent":{"name":"[Me2NH2]2[Cd2(bpdc)3]*4dma","hashkey":"NIST-MATDB-7512381e473a524df26c5fb000d93f99"},"concentrationUnits":"","filename":"10.1039B906728k.isotherm1","isotherm_type":""}