{"filename": "10.1021la903549f.isotherm12", "DOI": "10.1021/la903549f", "articleSource": "UNKNOWN", "date": "1000-01-01", "digitizer": "UNKNOWN", "adsorbent": {"hashkey": "NIST-MATDB-453276ee992ed07dc207ed08b2b221ce", "name": "Carbon"}, "adsorbates": [{"InChIKey": "XKRFYHLGVUSROY-UHFFFAOYSA-N", "name": "Argon"}], "category": "", "temperature": 298, "isotherm_type": "", "adsorptionUnits": "kmol/m3", "pressureUnits": "bar", "compositionType": "molefraction", "concentrationUnits": "", "isotherm_data": [{"pressure": 40.0996, "total_adsorption": 0.149791, "species_data": [{"InChIKey": "XKRFYHLGVUSROY-UHFFFAOYSA-N", "composition": 1, "adsorption": 0.149791}]}, {"pressure": 127.495, "total_adsorption": 40.3515, "species_data": [{"InChIKey": "XKRFYHLGVUSROY-UHFFFAOYSA-N", "composition": 1, "adsorption": 40.3515}]}, {"pressure": 171.192, "total_adsorption": 43.3229, "species_data": [{"InChIKey": "XKRFYHLGVUSROY-UHFFFAOYSA-N", "composition": 1, "adsorption": 43.3229}]}, {"pressure": 236.738, "total_adsorption": 46.1195, "species_data": [{"InChIKey": "XKRFYHLGVUSROY-UHFFFAOYSA-N", "composition": 1, "adsorption": 46.1195}]}, {"pressure": 389.679, "total_adsorption": 48.7414, "species_data": [{"InChIKey": "XKRFYHLGVUSROY-UHFFFAOYSA-N", "composition": 1, "adsorption": 48.7414}]}, {"pressure": 739.259, "total_adsorption": 50.8389, "species_data": [{"InChIKey": "XKRFYHLGVUSROY-UHFFFAOYSA-N", "composition": 1, "adsorption": 50.8389}]}, {"pressure": 1001.44, "total_adsorption": 52.7616, "species_data": [{"InChIKey": "XKRFYHLGVUSROY-UHFFFAOYSA-N", "composition": 1, "adsorption": 52.7616}]}, {"pressure": 2115.73, "total_adsorption": 56.6069, "species_data": [{"InChIKey": "XKRFYHLGVUSROY-UHFFFAOYSA-N", "composition": 1, "adsorption": 56.6069}]}, {"pressure": 3011.53, "total_adsorption": 59.2288, "species_data": [{"InChIKey": "XKRFYHLGVUSROY-UHFFFAOYSA-N", "composition": 1, "adsorption": 59.2288}]}, {"pressure": 4977.91, "total_adsorption": 63.7733, "species_data": [{"InChIKey": "XKRFYHLGVUSROY-UHFFFAOYSA-N", "composition": 1, "adsorption": 63.7733}]}, {"pressure": 6988, "total_adsorption": 67.6187, "species_data": [{"InChIKey": "XKRFYHLGVUSROY-UHFFFAOYSA-N", "composition": 1, "adsorption": 67.6187}]}, {"pressure": 10003.1, "total_adsorption": 72.8624, "species_data": [{"InChIKey": "XKRFYHLGVUSROY-UHFFFAOYSA-N", "composition": 1, "adsorption": 72.8624}]}]}