{"isotherm_data":[{"pressure":4.69187,"total_adsorption":1.40025,"species_data":[{"composition":1,"adsorption":1.40025,"InChIKey":"UFHFLCQGNIYNRP-UHFFFAOYSA-N"}]},{"pressure":9.72395,"total_adsorption":1.73942,"species_data":[{"composition":1,"adsorption":1.73942,"InChIKey":"UFHFLCQGNIYNRP-UHFFFAOYSA-N"}]},{"pressure":14.8662,"total_adsorption":1.90284,"species_data":[{"composition":1,"adsorption":1.90284,"InChIKey":"UFHFLCQGNIYNRP-UHFFFAOYSA-N"}]},{"pressure":25.3339,"total_adsorption":2.07997,"species_data":[{"composition":1,"adsorption":2.07997,"InChIKey":"UFHFLCQGNIYNRP-UHFFFAOYSA-N"}]},{"pressure":35.8476,"total_adsorption":2.16597,"species_data":[{"composition":1,"adsorption":2.16597,"InChIKey":"UFHFLCQGNIYNRP-UHFFFAOYSA-N"}]},{"pressure":46.0774,"total_adsorption":2.25844,"species_data":[{"composition":1,"adsorption":2.25844,"InChIKey":"UFHFLCQGNIYNRP-UHFFFAOYSA-N"}]},{"pressure":56.3301,"total_adsorption":2.30534,"species_data":[{"composition":1,"adsorption":2.30534,"InChIKey":"UFHFLCQGNIYNRP-UHFFFAOYSA-N"}]},{"pressure":66.4866,"total_adsorption":2.37177,"species_data":[{"composition":1,"adsorption":2.37177,"InChIKey":"UFHFLCQGNIYNRP-UHFFFAOYSA-N"}]},{"pressure":76.6478,"total_adsorption":2.38611,"species_data":[{"composition":1,"adsorption":2.38611,"InChIKey":"UFHFLCQGNIYNRP-UHFFFAOYSA-N"}]},{"pressure":86.0853,"total_adsorption":2.46546,"species_data":[{"composition":1,"adsorption":2.46546,"InChIKey":"UFHFLCQGNIYNRP-UHFFFAOYSA-N"}]},{"pressure":96.9242,"total_adsorption":2.50593,"species_data":[{"composition":1,"adsorption":2.50593,"InChIKey":"UFHFLCQGNIYNRP-UHFFFAOYSA-N"}]},{"pressure":106.856,"total_adsorption":2.54628,"species_data":[{"composition":1,"adsorption":2.54628,"InChIKey":"UFHFLCQGNIYNRP-UHFFFAOYSA-N"}]}],"temperature":298,"articleSource":"UNKNOWN","compositionType":"molefraction","adsorbates":[{"name":"Hydrogen","InChIKey":"UFHFLCQGNIYNRP-UHFFFAOYSA-N"}],"adsorptionUnits":"wt%","date":"1000-01-01","category":"","digitizer":"UNKNOWN","pressureUnits":"bar","DOI":"10.1021/Jp200321y","adsorbent":{"name":"ZIF-69","hashkey":"NIST-MATDB-e09d347dd969d6bd83df1d148fc34ecc"},"concentrationUnits":"","filename":"10.1021Jp200321y.isotherm1d","isotherm_type":""}