{"isotherm_data":[{"pressure":0.0103849,"total_adsorption":0.467813,"species_data":[{"composition":1,"adsorption":0.467813,"InChIKey":"CURLTUGMZLYLDI-UHFFFAOYSA-N"}]},{"pressure":0.0361844,"total_adsorption":1.20295,"species_data":[{"composition":1,"adsorption":1.20295,"InChIKey":"CURLTUGMZLYLDI-UHFFFAOYSA-N"}]},{"pressure":0.118363,"total_adsorption":2.53956,"species_data":[{"composition":1,"adsorption":2.53956,"InChIKey":"CURLTUGMZLYLDI-UHFFFAOYSA-N"}]},{"pressure":0.169736,"total_adsorption":3.40836,"species_data":[{"composition":1,"adsorption":3.40836,"InChIKey":"CURLTUGMZLYLDI-UHFFFAOYSA-N"}]},{"pressure":0.236425,"total_adsorption":4.27715,"species_data":[{"composition":1,"adsorption":4.27715,"InChIKey":"CURLTUGMZLYLDI-UHFFFAOYSA-N"}]},{"pressure":0.343877,"total_adsorption":4.94546,"species_data":[{"composition":1,"adsorption":4.94546,"InChIKey":"CURLTUGMZLYLDI-UHFFFAOYSA-N"}]},{"pressure":0.482058,"total_adsorption":5.88108,"species_data":[{"composition":1,"adsorption":5.88108,"InChIKey":"CURLTUGMZLYLDI-UHFFFAOYSA-N"}]},{"pressure":0.691858,"total_adsorption":7.21769,"species_data":[{"composition":1,"adsorption":7.21769,"InChIKey":"CURLTUGMZLYLDI-UHFFFAOYSA-N"}]},{"pressure":0.80429,"total_adsorption":7.55185,"species_data":[{"composition":1,"adsorption":7.55185,"InChIKey":"CURLTUGMZLYLDI-UHFFFAOYSA-N"}]},{"pressure":0.96787,"total_adsorption":8.15332,"species_data":[{"composition":1,"adsorption":8.15332,"InChIKey":"CURLTUGMZLYLDI-UHFFFAOYSA-N"}]}],"temperature":273,"articleSource":"UNKNOWN","compositionType":"molefraction","adsorbates":[{"name":"Carbon Dioxide","InChIKey":"CURLTUGMZLYLDI-UHFFFAOYSA-N"}],"adsorptionUnits":"mmol/g","date":"1000-01-01","category":"","digitizer":"UNKNOWN","pressureUnits":"bar","DOI":"10.1021/Jp210240x","adsorbent":{"name":"ELM-11","hashkey":"NIST-MATDB-af8457b5d2d66c70cbef8276ab19ed04"},"concentrationUnits":"","filename":"10.1021Jp210240x.Isotherm10","isotherm_type":""}