{"filename": "10.1016S1387-1811(02)00428-6.isotherm3", "DOI": "10.1016/S1387-1811(02)00428-6", "articleSource": "UNKNOWN", "date": "1000-01-01", "digitizer": "UNKNOWN", "adsorbent": {"hashkey": "NIST-MATDB-5d0728ebc1e0053aa120288307a704c8", "name": "Silicalite MFI"}, "adsorbates": [{"InChIKey": "XSTXAVWGXDQKEL-UHFFFAOYSA-N", "name": "1,1,2-Trichloroethene"}], "category": "", "temperature": 298, "isotherm_type": "", "adsorptionUnits": "mmol/g", "pressureUnits": "bar", "compositionType": "molefraction", "concentrationUnits": "", "isotherm_data": [{"pressure": 0.000116788, "total_adsorption": 0.623306, "species_data": [{"InChIKey": "XSTXAVWGXDQKEL-UHFFFAOYSA-N", "composition": 1, "adsorption": 0.623306}]}, {"pressure": 0.000145985, "total_adsorption": 0.894329, "species_data": [{"InChIKey": "XSTXAVWGXDQKEL-UHFFFAOYSA-N", "composition": 1, "adsorption": 0.894329}]}, {"pressure": 0.000233577, "total_adsorption": 1.0623, "species_data": [{"InChIKey": "XSTXAVWGXDQKEL-UHFFFAOYSA-N", "composition": 1, "adsorption": 1.0623}]}, {"pressure": 0.000350365, "total_adsorption": 1.28445, "species_data": [{"InChIKey": "XSTXAVWGXDQKEL-UHFFFAOYSA-N", "composition": 1, "adsorption": 1.28445}]}, {"pressure": 0.000525547, "total_adsorption": 1.39272, "species_data": [{"InChIKey": "XSTXAVWGXDQKEL-UHFFFAOYSA-N", "composition": 1, "adsorption": 1.39272}]}, {"pressure": 0.000875912, "total_adsorption": 1.46829, "species_data": [{"InChIKey": "XSTXAVWGXDQKEL-UHFFFAOYSA-N", "composition": 1, "adsorption": 1.46829}]}, {"pressure": 0.00148905, "total_adsorption": 1.53821, "species_data": [{"InChIKey": "XSTXAVWGXDQKEL-UHFFFAOYSA-N", "composition": 1, "adsorption": 1.53821}]}, {"pressure": 0.00221898, "total_adsorption": 1.57008, "species_data": [{"InChIKey": "XSTXAVWGXDQKEL-UHFFFAOYSA-N", "composition": 1, "adsorption": 1.57008}]}, {"pressure": 0.00274453, "total_adsorption": 1.58044, "species_data": [{"InChIKey": "XSTXAVWGXDQKEL-UHFFFAOYSA-N", "composition": 1, "adsorption": 1.58044}]}, {"pressure": 0.00385401, "total_adsorption": 1.59028, "species_data": [{"InChIKey": "XSTXAVWGXDQKEL-UHFFFAOYSA-N", "composition": 1, "adsorption": 1.59028}]}, {"pressure": 0.00443796, "total_adsorption": 1.60602, "species_data": [{"InChIKey": "XSTXAVWGXDQKEL-UHFFFAOYSA-N", "composition": 1, "adsorption": 1.60602}]}, {"pressure": 0.00472993, "total_adsorption": 1.60033, "species_data": [{"InChIKey": "XSTXAVWGXDQKEL-UHFFFAOYSA-N", "composition": 1, "adsorption": 1.60033}]}, {"pressure": 0.0050219, "total_adsorption": 1.60007, "species_data": [{"InChIKey": "XSTXAVWGXDQKEL-UHFFFAOYSA-N", "composition": 1, "adsorption": 1.60007}]}, {"pressure": 0.00545985, "total_adsorption": 1.6051, "species_data": [{"InChIKey": "XSTXAVWGXDQKEL-UHFFFAOYSA-N", "composition": 1, "adsorption": 1.6051}]}, {"pressure": 0.00575182, "total_adsorption": 1.60483, "species_data": [{"InChIKey": "XSTXAVWGXDQKEL-UHFFFAOYSA-N", "composition": 1, "adsorption": 1.60483}]}, {"pressure": 0.0060438, "total_adsorption": 1.60457, "species_data": [{"InChIKey": "XSTXAVWGXDQKEL-UHFFFAOYSA-N", "composition": 1, "adsorption": 1.60457}]}, {"pressure": 0.00633577, "total_adsorption": 1.6043, "species_data": [{"InChIKey": "XSTXAVWGXDQKEL-UHFFFAOYSA-N", "composition": 1, "adsorption": 1.6043}]}, {"pressure": 0.00654015, "total_adsorption": 1.60954, "species_data": [{"InChIKey": "XSTXAVWGXDQKEL-UHFFFAOYSA-N", "composition": 1, "adsorption": 1.60954}]}, {"pressure": 0.00683212, "total_adsorption": 1.60928, "species_data": [{"InChIKey": "XSTXAVWGXDQKEL-UHFFFAOYSA-N", "composition": 1, "adsorption": 1.60928}]}, {"pressure": 0.00712409, "total_adsorption": 1.60901, "species_data": [{"InChIKey": "XSTXAVWGXDQKEL-UHFFFAOYSA-N", "composition": 1, "adsorption": 1.60901}]}, {"pressure": 0.00741606, "total_adsorption": 1.60875, "species_data": [{"InChIKey": "XSTXAVWGXDQKEL-UHFFFAOYSA-N", "composition": 1, "adsorption": 1.60875}]}, {"pressure": 0.00770803, "total_adsorption": 1.60849, "species_data": [{"InChIKey": "XSTXAVWGXDQKEL-UHFFFAOYSA-N", "composition": 1, "adsorption": 1.60849}]}, {"pressure": 0.00849635, "total_adsorption": 1.61319, "species_data": [{"InChIKey": "XSTXAVWGXDQKEL-UHFFFAOYSA-N", "composition": 1, "adsorption": 1.61319}]}, {"pressure": 0.00878832, "total_adsorption": 1.61293, "species_data": [{"InChIKey": "XSTXAVWGXDQKEL-UHFFFAOYSA-N", "composition": 1, "adsorption": 1.61293}]}, {"pressure": 0.00908029, "total_adsorption": 1.61267, "species_data": [{"InChIKey": "XSTXAVWGXDQKEL-UHFFFAOYSA-N", "composition": 1, "adsorption": 1.61267}]}, {"pressure": 0.00948905, "total_adsorption": 1.6123, "species_data": [{"InChIKey": "XSTXAVWGXDQKEL-UHFFFAOYSA-N", "composition": 1, "adsorption": 1.6123}]}, {"pressure": 0.00978102, "total_adsorption": 1.61203, "species_data": [{"InChIKey": "XSTXAVWGXDQKEL-UHFFFAOYSA-N", "composition": 1, "adsorption": 1.61203}]}, {"pressure": 0.010365, "total_adsorption": 1.60609, "species_data": [{"InChIKey": "XSTXAVWGXDQKEL-UHFFFAOYSA-N", "composition": 1, "adsorption": 1.60609}]}]}