{"filename": "10.1021Jp910522h.Isotherm90", "DOI": "10.1021/Jp910522h", "articleSource": "UNKNOWN", "date": "1000-01-01", "digitizer": "UNKNOWN", "adsorbent": {"hashkey": "NIST-MATDB-7960377b00805e517b0a1208187d4b37", "name": "IRMOF-6"}, "adsorbates": [{"InChIKey": "CURLTUGMZLYLDI-UHFFFAOYSA-N", "name": "Carbon Dioxide"}], "category": "", "temperature": 298, "isotherm_type": "", "adsorptionUnits": "molecules/unitcell", "pressureUnits": "bar", "compositionType": "molefraction", "concentrationUnits": "", "isotherm_data": [{"pressure": 1.0443, "total_adsorption": 14.8837, "species_data": [{"InChIKey": "CURLTUGMZLYLDI-UHFFFAOYSA-N", "composition": 1, "adsorption": 14.8837}]}, {"pressure": 1.99367, "total_adsorption": 26.0465, "species_data": [{"InChIKey": "CURLTUGMZLYLDI-UHFFFAOYSA-N", "composition": 1, "adsorption": 26.0465}]}, {"pressure": 2.75316, "total_adsorption": 37.2093, "species_data": [{"InChIKey": "CURLTUGMZLYLDI-UHFFFAOYSA-N", "composition": 1, "adsorption": 37.2093}]}, {"pressure": 3.60759, "total_adsorption": 52.093, "species_data": [{"InChIKey": "CURLTUGMZLYLDI-UHFFFAOYSA-N", "composition": 1, "adsorption": 52.093}]}, {"pressure": 4.46203, "total_adsorption": 55.814, "species_data": [{"InChIKey": "CURLTUGMZLYLDI-UHFFFAOYSA-N", "composition": 1, "adsorption": 55.814}]}, {"pressure": 5.31646, "total_adsorption": 66.9767, "species_data": [{"InChIKey": "CURLTUGMZLYLDI-UHFFFAOYSA-N", "composition": 1, "adsorption": 66.9767}]}, {"pressure": 6.17089, "total_adsorption": 70.6977, "species_data": [{"InChIKey": "CURLTUGMZLYLDI-UHFFFAOYSA-N", "composition": 1, "adsorption": 70.6977}]}, {"pressure": 7.02532, "total_adsorption": 81.8605, "species_data": [{"InChIKey": "CURLTUGMZLYLDI-UHFFFAOYSA-N", "composition": 1, "adsorption": 81.8605}]}, {"pressure": 7.68987, "total_adsorption": 85.5814, "species_data": [{"InChIKey": "CURLTUGMZLYLDI-UHFFFAOYSA-N", "composition": 1, "adsorption": 85.5814}]}, {"pressure": 8.35443, "total_adsorption": 93.0233, "species_data": [{"InChIKey": "CURLTUGMZLYLDI-UHFFFAOYSA-N", "composition": 1, "adsorption": 93.0233}]}, {"pressure": 9.49367, "total_adsorption": 100.465, "species_data": [{"InChIKey": "CURLTUGMZLYLDI-UHFFFAOYSA-N", "composition": 1, "adsorption": 100.465}]}, {"pressure": 10.2532, "total_adsorption": 104.186, "species_data": [{"InChIKey": "CURLTUGMZLYLDI-UHFFFAOYSA-N", "composition": 1, "adsorption": 104.186}]}, {"pressure": 11.3924, "total_adsorption": 111.628, "species_data": [{"InChIKey": "CURLTUGMZLYLDI-UHFFFAOYSA-N", "composition": 1, "adsorption": 111.628}]}, {"pressure": 13.481, "total_adsorption": 119.07, "species_data": [{"InChIKey": "CURLTUGMZLYLDI-UHFFFAOYSA-N", "composition": 1, "adsorption": 119.07}]}, {"pressure": 15.2848, "total_adsorption": 122.791, "species_data": [{"InChIKey": "CURLTUGMZLYLDI-UHFFFAOYSA-N", "composition": 1, "adsorption": 122.791}]}, {"pressure": 16.2342, "total_adsorption": 122.791, "species_data": [{"InChIKey": "CURLTUGMZLYLDI-UHFFFAOYSA-N", "composition": 1, "adsorption": 122.791}]}, {"pressure": 17.1835, "total_adsorption": 122.791, "species_data": [{"InChIKey": "CURLTUGMZLYLDI-UHFFFAOYSA-N", "composition": 1, "adsorption": 122.791}]}, {"pressure": 18.1329, "total_adsorption": 126.512, "species_data": [{"InChIKey": "CURLTUGMZLYLDI-UHFFFAOYSA-N", "composition": 1, "adsorption": 126.512}]}, {"pressure": 19.0823, "total_adsorption": 126.512, "species_data": [{"InChIKey": "CURLTUGMZLYLDI-UHFFFAOYSA-N", "composition": 1, "adsorption": 126.512}]}, {"pressure": 19.9367, "total_adsorption": 133.953, "species_data": [{"InChIKey": "CURLTUGMZLYLDI-UHFFFAOYSA-N", "composition": 1, "adsorption": 133.953}]}, {"pressure": 20.8861, "total_adsorption": 130.233, "species_data": [{"InChIKey": "CURLTUGMZLYLDI-UHFFFAOYSA-N", "composition": 1, "adsorption": 130.233}]}, {"pressure": 21.8354, "total_adsorption": 130.233, "species_data": [{"InChIKey": "CURLTUGMZLYLDI-UHFFFAOYSA-N", "composition": 1, "adsorption": 130.233}]}, {"pressure": 22.7848, "total_adsorption": 133.953, "species_data": [{"InChIKey": "CURLTUGMZLYLDI-UHFFFAOYSA-N", "composition": 1, "adsorption": 133.953}]}, {"pressure": 23.7342, "total_adsorption": 133.953, "species_data": [{"InChIKey": "CURLTUGMZLYLDI-UHFFFAOYSA-N", "composition": 1, "adsorption": 133.953}]}, {"pressure": 24.6835, "total_adsorption": 133.953, "species_data": [{"InChIKey": "CURLTUGMZLYLDI-UHFFFAOYSA-N", "composition": 1, "adsorption": 133.953}]}, {"pressure": 25.538, "total_adsorption": 133.953, "species_data": [{"InChIKey": "CURLTUGMZLYLDI-UHFFFAOYSA-N", "composition": 1, "adsorption": 133.953}]}, {"pressure": 26.3924, "total_adsorption": 137.674, "species_data": [{"InChIKey": "CURLTUGMZLYLDI-UHFFFAOYSA-N", "composition": 1, "adsorption": 137.674}]}, {"pressure": 27.3418, "total_adsorption": 137.674, "species_data": [{"InChIKey": "CURLTUGMZLYLDI-UHFFFAOYSA-N", "composition": 1, "adsorption": 137.674}]}, {"pressure": 28.2911, "total_adsorption": 137.674, "species_data": [{"InChIKey": "CURLTUGMZLYLDI-UHFFFAOYSA-N", "composition": 1, "adsorption": 137.674}]}, {"pressure": 29.2405, "total_adsorption": 137.674, "species_data": [{"InChIKey": "CURLTUGMZLYLDI-UHFFFAOYSA-N", "composition": 1, "adsorption": 137.674}]}, {"pressure": 30.1899, "total_adsorption": 141.395, "species_data": [{"InChIKey": "CURLTUGMZLYLDI-UHFFFAOYSA-N", "composition": 1, "adsorption": 141.395}]}]}