{"filename": "10.1039C3cp50492a.isotherm21", "DOI": "10.1039/C3cp50492a", "articleSource": "UNKNOWN", "date": "1000-01-01", "digitizer": "UNKNOWN", "adsorbent": {"hashkey": "NIST-MATDB-6fb52cb235cda8184043bda2a6833ab9", "name": "C36-COF"}, "adsorbates": [{"InChIKey": "UFHFLCQGNIYNRP-UHFFFAOYSA-N", "name": "Hydrogen"}], "category": "", "temperature": 77, "isotherm_type": "", "adsorptionUnits": "wt%", "pressureUnits": "bar", "compositionType": "molefraction", "concentrationUnits": "", "isotherm_data": [{"pressure": 1.40693, "total_adsorption": 1.41993, "species_data": [{"InChIKey": "UFHFLCQGNIYNRP-UHFFFAOYSA-N", "composition": 1, "adsorption": 1.41993}]}, {"pressure": 9.71679, "total_adsorption": 5.0481, "species_data": [{"InChIKey": "UFHFLCQGNIYNRP-UHFFFAOYSA-N", "composition": 1, "adsorption": 5.0481}]}, {"pressure": 19.9985, "total_adsorption": 6.62557, "species_data": [{"InChIKey": "UFHFLCQGNIYNRP-UHFFFAOYSA-N", "composition": 1, "adsorption": 6.62557}]}, {"pressure": 30.2802, "total_adsorption": 7.74951, "species_data": [{"InChIKey": "UFHFLCQGNIYNRP-UHFFFAOYSA-N", "composition": 1, "adsorption": 7.74951}]}, {"pressure": 40.421, "total_adsorption": 8.47909, "species_data": [{"InChIKey": "UFHFLCQGNIYNRP-UHFFFAOYSA-N", "composition": 1, "adsorption": 8.47909}]}, {"pressure": 49.9985, "total_adsorption": 9.05092, "species_data": [{"InChIKey": "UFHFLCQGNIYNRP-UHFFFAOYSA-N", "composition": 1, "adsorption": 9.05092}]}, {"pressure": 60.2802, "total_adsorption": 9.58331, "species_data": [{"InChIKey": "UFHFLCQGNIYNRP-UHFFFAOYSA-N", "composition": 1, "adsorption": 9.58331}]}, {"pressure": 70.2802, "total_adsorption": 9.95796, "species_data": [{"InChIKey": "UFHFLCQGNIYNRP-UHFFFAOYSA-N", "composition": 1, "adsorption": 9.95796}]}, {"pressure": 80.1393, "total_adsorption": 10.3129, "species_data": [{"InChIKey": "UFHFLCQGNIYNRP-UHFFFAOYSA-N", "composition": 1, "adsorption": 10.3129}]}, {"pressure": 89.8576, "total_adsorption": 10.6481, "species_data": [{"InChIKey": "UFHFLCQGNIYNRP-UHFFFAOYSA-N", "composition": 1, "adsorption": 10.6481}]}, {"pressure": 99.9985, "total_adsorption": 10.8847, "species_data": [{"InChIKey": "UFHFLCQGNIYNRP-UHFFFAOYSA-N", "composition": 1, "adsorption": 10.8847}]}]}