{"filename": "10.1016s0040-6031(99)00375-5.Isotherm8", "DOI": "10.1016/s0040-6031(99)00375-5", "articleSource": "Figure 2", "date": "2016-06-30", "digitizer": "David A. Anderegg", "adsorbent": {"hashkey": "NIST-MATDB-fa67462532edb74b63494143a3e9d02d", "name": "Carbon WD-HClO4"}, "adsorbates": [{"InChIKey": "IJGRMHOSHXDMSA-UHFFFAOYSA-N", "name": "Nitrogen"}], "category": "exp", "temperature": 77, "isotherm_type": "", "adsorptionUnits": "cm3(STP)/g", "pressureUnits": "bar", "compositionType": "molefraction", "concentrationUnits": "", "isotherm_data": [{"pressure": 0, "total_adsorption": 10.9923, "species_data": [{"InChIKey": "IJGRMHOSHXDMSA-UHFFFAOYSA-N", "composition": 1, "adsorption": 10.9923}]}, {"pressure": 0, "total_adsorption": 15.867, "species_data": [{"InChIKey": "IJGRMHOSHXDMSA-UHFFFAOYSA-N", "composition": 1, "adsorption": 15.867}]}, {"pressure": 0, "total_adsorption": 20.7389, "species_data": [{"InChIKey": "IJGRMHOSHXDMSA-UHFFFAOYSA-N", "composition": 1, "adsorption": 20.7389}]}, {"pressure": 1e-06, "total_adsorption": 25.6195, "species_data": [{"InChIKey": "IJGRMHOSHXDMSA-UHFFFAOYSA-N", "composition": 1, "adsorption": 25.6195}]}, {"pressure": 1e-06, "total_adsorption": 29.2748, "species_data": [{"InChIKey": "IJGRMHOSHXDMSA-UHFFFAOYSA-N", "composition": 1, "adsorption": 29.2748}]}, {"pressure": 1e-06, "total_adsorption": 34.1496, "species_data": [{"InChIKey": "IJGRMHOSHXDMSA-UHFFFAOYSA-N", "composition": 1, "adsorption": 34.1496}]}, {"pressure": 1e-06, "total_adsorption": 37.8137, "species_data": [{"InChIKey": "IJGRMHOSHXDMSA-UHFFFAOYSA-N", "composition": 1, "adsorption": 37.8137}]}, {"pressure": 2e-06, "total_adsorption": 42.6884, "species_data": [{"InChIKey": "IJGRMHOSHXDMSA-UHFFFAOYSA-N", "composition": 1, "adsorption": 42.6884}]}, {"pressure": 2e-06, "total_adsorption": 46.3467, "species_data": [{"InChIKey": "IJGRMHOSHXDMSA-UHFFFAOYSA-N", "composition": 1, "adsorption": 46.3467}]}, {"pressure": 3e-06, "total_adsorption": 50.0108, "species_data": [{"InChIKey": "IJGRMHOSHXDMSA-UHFFFAOYSA-N", "composition": 1, "adsorption": 50.0108}]}, {"pressure": 4e-06, "total_adsorption": 54.8856, "species_data": [{"InChIKey": "IJGRMHOSHXDMSA-UHFFFAOYSA-N", "composition": 1, "adsorption": 54.8856}]}, {"pressure": 5e-06, "total_adsorption": 59.7603, "species_data": [{"InChIKey": "IJGRMHOSHXDMSA-UHFFFAOYSA-N", "composition": 1, "adsorption": 59.7603}]}, {"pressure": 7e-06, "total_adsorption": 65.8487, "species_data": [{"InChIKey": "IJGRMHOSHXDMSA-UHFFFAOYSA-N", "composition": 1, "adsorption": 65.8487}]}, {"pressure": 1e-05, "total_adsorption": 73.1623, "species_data": [{"InChIKey": "IJGRMHOSHXDMSA-UHFFFAOYSA-N", "composition": 1, "adsorption": 73.1623}]}, {"pressure": 1.2e-05, "total_adsorption": 78.0312, "species_data": [{"InChIKey": "IJGRMHOSHXDMSA-UHFFFAOYSA-N", "composition": 1, "adsorption": 78.0312}]}, {"pressure": 1.5e-05, "total_adsorption": 81.6895, "species_data": [{"InChIKey": "IJGRMHOSHXDMSA-UHFFFAOYSA-N", "composition": 1, "adsorption": 81.6895}]}, {"pressure": 2.3e-05, "total_adsorption": 91.4273, "species_data": [{"InChIKey": "IJGRMHOSHXDMSA-UHFFFAOYSA-N", "composition": 1, "adsorption": 91.4273}]}, {"pressure": 4.7e-05, "total_adsorption": 108.473, "species_data": [{"InChIKey": "IJGRMHOSHXDMSA-UHFFFAOYSA-N", "composition": 1, "adsorption": 108.473}]}, {"pressure": 5.9e-05, "total_adsorption": 113.345, "species_data": [{"InChIKey": "IJGRMHOSHXDMSA-UHFFFAOYSA-N", "composition": 1, "adsorption": 113.345}]}, {"pressure": 0.000189, "total_adsorption": 140.131, "species_data": [{"InChIKey": "IJGRMHOSHXDMSA-UHFFFAOYSA-N", "composition": 1, "adsorption": 140.131}]}, {"pressure": 0.000351, "total_adsorption": 153.527, "species_data": [{"InChIKey": "IJGRMHOSHXDMSA-UHFFFAOYSA-N", "composition": 1, "adsorption": 153.527}]}, {"pressure": 0.000888, "total_adsorption": 174.228, "species_data": [{"InChIKey": "IJGRMHOSHXDMSA-UHFFFAOYSA-N", "composition": 1, "adsorption": 174.228}]}, {"pressure": 0.001165, "total_adsorption": 176.676, "species_data": [{"InChIKey": "IJGRMHOSHXDMSA-UHFFFAOYSA-N", "composition": 1, "adsorption": 176.676}]}, {"pressure": 0.00165, "total_adsorption": 183.984, "species_data": [{"InChIKey": "IJGRMHOSHXDMSA-UHFFFAOYSA-N", "composition": 1, "adsorption": 183.984}]}, {"pressure": 0.002337, "total_adsorption": 190.078, "species_data": [{"InChIKey": "IJGRMHOSHXDMSA-UHFFFAOYSA-N", "composition": 1, "adsorption": 190.078}]}, {"pressure": 0.003063, "total_adsorption": 196.166, "species_data": [{"InChIKey": "IJGRMHOSHXDMSA-UHFFFAOYSA-N", "composition": 1, "adsorption": 196.166}]}, {"pressure": 0.004016, "total_adsorption": 201.041, "species_data": [{"InChIKey": "IJGRMHOSHXDMSA-UHFFFAOYSA-N", "composition": 1, "adsorption": 201.041}]}, {"pressure": 0.005473, "total_adsorption": 207.132, "species_data": [{"InChIKey": "IJGRMHOSHXDMSA-UHFFFAOYSA-N", "composition": 1, "adsorption": 207.132}]}, {"pressure": 0.006641, "total_adsorption": 210.787, "species_data": [{"InChIKey": "IJGRMHOSHXDMSA-UHFFFAOYSA-N", "composition": 1, "adsorption": 210.787}]}, {"pressure": 0.008058, "total_adsorption": 214.443, "species_data": [{"InChIKey": "IJGRMHOSHXDMSA-UHFFFAOYSA-N", "composition": 1, "adsorption": 214.443}]}, {"pressure": 0.009778, "total_adsorption": 218.098, "species_data": [{"InChIKey": "IJGRMHOSHXDMSA-UHFFFAOYSA-N", "composition": 1, "adsorption": 218.098}]}, {"pressure": 0.017468, "total_adsorption": 230.278, "species_data": [{"InChIKey": "IJGRMHOSHXDMSA-UHFFFAOYSA-N", "composition": 1, "adsorption": 230.278}]}, {"pressure": 0.019616, "total_adsorption": 233.927, "species_data": [{"InChIKey": "IJGRMHOSHXDMSA-UHFFFAOYSA-N", "composition": 1, "adsorption": 233.927}]}, {"pressure": 0.024738, "total_adsorption": 240.013, "species_data": [{"InChIKey": "IJGRMHOSHXDMSA-UHFFFAOYSA-N", "composition": 1, "adsorption": 240.013}]}, {"pressure": 0.030015, "total_adsorption": 244.882, "species_data": [{"InChIKey": "IJGRMHOSHXDMSA-UHFFFAOYSA-N", "composition": 1, "adsorption": 244.882}]}, {"pressure": 0.036421, "total_adsorption": 248.537, "species_data": [{"InChIKey": "IJGRMHOSHXDMSA-UHFFFAOYSA-N", "composition": 1, "adsorption": 248.537}]}, {"pressure": 0.040894, "total_adsorption": 253.4, "species_data": [{"InChIKey": "IJGRMHOSHXDMSA-UHFFFAOYSA-N", "composition": 1, "adsorption": 253.4}]}, {"pressure": 0.120702, "total_adsorption": 286.249, "species_data": [{"InChIKey": "IJGRMHOSHXDMSA-UHFFFAOYSA-N", "composition": 1, "adsorption": 286.249}]}, {"pressure": 0.177703, "total_adsorption": 294.773, "species_data": [{"InChIKey": "IJGRMHOSHXDMSA-UHFFFAOYSA-N", "composition": 1, "adsorption": 294.773}]}, {"pressure": 0.207414, "total_adsorption": 299.639, "species_data": [{"InChIKey": "IJGRMHOSHXDMSA-UHFFFAOYSA-N", "composition": 1, "adsorption": 299.639}]}, {"pressure": 0.251658, "total_adsorption": 304.508, "species_data": [{"InChIKey": "IJGRMHOSHXDMSA-UHFFFAOYSA-N", "composition": 1, "adsorption": 304.508}]}, {"pressure": 0.305338, "total_adsorption": 309.377, "species_data": [{"InChIKey": "IJGRMHOSHXDMSA-UHFFFAOYSA-N", "composition": 1, "adsorption": 309.377}]}, {"pressure": 0.370538, "total_adsorption": 311.818, "species_data": [{"InChIKey": "IJGRMHOSHXDMSA-UHFFFAOYSA-N", "composition": 1, "adsorption": 311.818}]}, {"pressure": 0.400318, "total_adsorption": 314.251, "species_data": [{"InChIKey": "IJGRMHOSHXDMSA-UHFFFAOYSA-N", "composition": 1, "adsorption": 314.251}]}, {"pressure": 0.467294, "total_adsorption": 317.904, "species_data": [{"InChIKey": "IJGRMHOSHXDMSA-UHFFFAOYSA-N", "composition": 1, "adsorption": 317.904}]}, {"pressure": 0.566971, "total_adsorption": 322.773, "species_data": [{"InChIKey": "IJGRMHOSHXDMSA-UHFFFAOYSA-N", "composition": 1, "adsorption": 322.773}]}, {"pressure": 0.636735, "total_adsorption": 325.209, "species_data": [{"InChIKey": "IJGRMHOSHXDMSA-UHFFFAOYSA-N", "composition": 1, "adsorption": 325.209}]}, {"pressure": 0.714951, "total_adsorption": 330.072, "species_data": [{"InChIKey": "IJGRMHOSHXDMSA-UHFFFAOYSA-N", "composition": 1, "adsorption": 330.072}]}, {"pressure": 0.867129, "total_adsorption": 339.795, "species_data": [{"InChIKey": "IJGRMHOSHXDMSA-UHFFFAOYSA-N", "composition": 1, "adsorption": 339.795}]}, {"pressure": 1.01144, "total_adsorption": 353.156, "species_data": [{"InChIKey": "IJGRMHOSHXDMSA-UHFFFAOYSA-N", "composition": 1, "adsorption": 353.156}]}, {"pressure": 1.01192, "total_adsorption": 347.088, "species_data": [{"InChIKey": "IJGRMHOSHXDMSA-UHFFFAOYSA-N", "composition": 1, "adsorption": 347.088}]}, {"pressure": 1.05101, "total_adsorption": 358.013, "species_data": [{"InChIKey": "IJGRMHOSHXDMSA-UHFFFAOYSA-N", "composition": 1, "adsorption": 358.013}]}]}