{"filename": "10.1021Ja063538z.Isotherm6", "DOI": "10.1021/Ja063538z", "articleSource": "UNKNOWN", "date": "1000-01-01", "digitizer": "UNKNOWN", "adsorbent": {"hashkey": "NIST-MATDB-9404edb2d4d4bfaf2d22a0a00efb2875", "name": "PCN-9"}, "adsorbates": [{"InChIKey": "UFHFLCQGNIYNRP-UHFFFAOYSA-N", "name": "Hydrogen"}], "category": "", "temperature": 87, "isotherm_type": "", "adsorptionUnits": "cm3(STP)/g", "pressureUnits": "bar", "compositionType": "molefraction", "concentrationUnits": "", "isotherm_data": [{"pressure": 0.00891808, "total_adsorption": 7.3403, "species_data": [{"InChIKey": "UFHFLCQGNIYNRP-UHFFFAOYSA-N", "composition": 1, "adsorption": 7.3403}]}, {"pressure": 0.0425174, "total_adsorption": 20.9555, "species_data": [{"InChIKey": "UFHFLCQGNIYNRP-UHFFFAOYSA-N", "composition": 1, "adsorption": 20.9555}]}, {"pressure": 0.0716695, "total_adsorption": 29.8507, "species_data": [{"InChIKey": "UFHFLCQGNIYNRP-UHFFFAOYSA-N", "composition": 1, "adsorption": 29.8507}]}, {"pressure": 0.116543, "total_adsorption": 41.3551, "species_data": [{"InChIKey": "UFHFLCQGNIYNRP-UHFFFAOYSA-N", "composition": 1, "adsorption": 41.3551}]}, {"pressure": 0.177163, "total_adsorption": 53.3689, "species_data": [{"InChIKey": "UFHFLCQGNIYNRP-UHFFFAOYSA-N", "composition": 1, "adsorption": 53.3689}]}, {"pressure": 0.215339, "total_adsorption": 60.1555, "species_data": [{"InChIKey": "UFHFLCQGNIYNRP-UHFFFAOYSA-N", "composition": 1, "adsorption": 60.1555}]}, {"pressure": 0.262516, "total_adsorption": 66.9332, "species_data": [{"InChIKey": "UFHFLCQGNIYNRP-UHFFFAOYSA-N", "composition": 1, "adsorption": 66.9332}]}, {"pressure": 0.320945, "total_adsorption": 73.6998, "species_data": [{"InChIKey": "UFHFLCQGNIYNRP-UHFFFAOYSA-N", "composition": 1, "adsorption": 73.6998}]}, {"pressure": 0.368134, "total_adsorption": 79.4277, "species_data": [{"InChIKey": "UFHFLCQGNIYNRP-UHFFFAOYSA-N", "composition": 1, "adsorption": 79.4277}]}, {"pressure": 0.424329, "total_adsorption": 84.6217, "species_data": [{"InChIKey": "UFHFLCQGNIYNRP-UHFFFAOYSA-N", "composition": 1, "adsorption": 84.6217}]}, {"pressure": 0.49177, "total_adsorption": 90.3296, "species_data": [{"InChIKey": "UFHFLCQGNIYNRP-UHFFFAOYSA-N", "composition": 1, "adsorption": 90.3296}]}, {"pressure": 0.556973, "total_adsorption": 94.9898, "species_data": [{"InChIKey": "UFHFLCQGNIYNRP-UHFFFAOYSA-N", "composition": 1, "adsorption": 94.9898}]}, {"pressure": 0.628937, "total_adsorption": 98.5935, "species_data": [{"InChIKey": "UFHFLCQGNIYNRP-UHFFFAOYSA-N", "composition": 1, "adsorption": 98.5935}]}, {"pressure": 0.678406, "total_adsorption": 101.694, "species_data": [{"InChIKey": "UFHFLCQGNIYNRP-UHFFFAOYSA-N", "composition": 1, "adsorption": 101.694}]}, {"pressure": 0.73912, "total_adsorption": 105.309, "species_data": [{"InChIKey": "UFHFLCQGNIYNRP-UHFFFAOYSA-N", "composition": 1, "adsorption": 105.309}]}, {"pressure": 0.793095, "total_adsorption": 107.881, "species_data": [{"InChIKey": "UFHFLCQGNIYNRP-UHFFFAOYSA-N", "composition": 1, "adsorption": 107.881}]}, {"pressure": 0.84932, "total_adsorption": 110.45, "species_data": [{"InChIKey": "UFHFLCQGNIYNRP-UHFFFAOYSA-N", "composition": 1, "adsorption": 110.45}]}, {"pressure": 0.91004, "total_adsorption": 113.54, "species_data": [{"InChIKey": "UFHFLCQGNIYNRP-UHFFFAOYSA-N", "composition": 1, "adsorption": 113.54}]}, {"pressure": 0.970772, "total_adsorption": 115.58, "species_data": [{"InChIKey": "UFHFLCQGNIYNRP-UHFFFAOYSA-N", "composition": 1, "adsorption": 115.58}]}, {"pressure": 1.01351, "total_adsorption": 117.113, "species_data": [{"InChIKey": "UFHFLCQGNIYNRP-UHFFFAOYSA-N", "composition": 1, "adsorption": 117.113}]}, {"pressure": 1.05174, "total_adsorption": 118.65, "species_data": [{"InChIKey": "UFHFLCQGNIYNRP-UHFFFAOYSA-N", "composition": 1, "adsorption": 118.65}]}, {"pressure": 1.07199, "total_adsorption": 118.63, "species_data": [{"InChIKey": "UFHFLCQGNIYNRP-UHFFFAOYSA-N", "composition": 1, "adsorption": 118.63}]}]}