{"isotherm_data":[{"pressure":0.01012,"total_adsorption":413.299,"species_data":[{"composition":1,"adsorption":413.299,"InChIKey":"IJGRMHOSHXDMSA-UHFFFAOYSA-N"}]},{"pressure":0.03036,"total_adsorption":506.563,"species_data":[{"composition":1,"adsorption":506.563,"InChIKey":"IJGRMHOSHXDMSA-UHFFFAOYSA-N"}]},{"pressure":0.0573467,"total_adsorption":576.47,"species_data":[{"composition":1,"adsorption":576.47,"InChIKey":"IJGRMHOSHXDMSA-UHFFFAOYSA-N"}]},{"pressure":0.0775867,"total_adsorption":626.4,"species_data":[{"composition":1,"adsorption":626.4,"InChIKey":"IJGRMHOSHXDMSA-UHFFFAOYSA-N"}]},{"pressure":0.09108,"total_adsorption":656.354,"species_data":[{"composition":1,"adsorption":656.354,"InChIKey":"IJGRMHOSHXDMSA-UHFFFAOYSA-N"}]},{"pressure":0.11132,"total_adsorption":706.285,"species_data":[{"composition":1,"adsorption":706.285,"InChIKey":"IJGRMHOSHXDMSA-UHFFFAOYSA-N"}]},{"pressure":0.134933,"total_adsorption":792.87,"species_data":[{"composition":1,"adsorption":792.87,"InChIKey":"IJGRMHOSHXDMSA-UHFFFAOYSA-N"}]},{"pressure":0.165293,"total_adsorption":829.433,"species_data":[{"composition":1,"adsorption":829.433,"InChIKey":"IJGRMHOSHXDMSA-UHFFFAOYSA-N"}]},{"pressure":0.178787,"total_adsorption":846.053,"species_data":[{"composition":1,"adsorption":846.053,"InChIKey":"IJGRMHOSHXDMSA-UHFFFAOYSA-N"}]},{"pressure":0.209147,"total_adsorption":872.616,"species_data":[{"composition":1,"adsorption":872.616,"InChIKey":"IJGRMHOSHXDMSA-UHFFFAOYSA-N"}]},{"pressure":0.219266,"total_adsorption":905.914,"species_data":[{"composition":1,"adsorption":905.914,"InChIKey":"IJGRMHOSHXDMSA-UHFFFAOYSA-N"}]},{"pressure":0.24288,"total_adsorption":972.5,"species_data":[{"composition":1,"adsorption":972.5,"InChIKey":"IJGRMHOSHXDMSA-UHFFFAOYSA-N"}]},{"pressure":0.34408,"total_adsorption":988.819,"species_data":[{"composition":1,"adsorption":988.819,"InChIKey":"IJGRMHOSHXDMSA-UHFFFAOYSA-N"}]},{"pressure":0.401426,"total_adsorption":998.623,"species_data":[{"composition":1,"adsorption":998.623,"InChIKey":"IJGRMHOSHXDMSA-UHFFFAOYSA-N"}]},{"pressure":0.43516,"total_adsorption":998.507,"species_data":[{"composition":1,"adsorption":998.507,"InChIKey":"IJGRMHOSHXDMSA-UHFFFAOYSA-N"}]},{"pressure":0.48576,"total_adsorption":1005,"species_data":[{"composition":1,"adsorption":1005,"InChIKey":"IJGRMHOSHXDMSA-UHFFFAOYSA-N"}]},{"pressure":0.53636,"total_adsorption":1008.16,"species_data":[{"composition":1,"adsorption":1008.16,"InChIKey":"IJGRMHOSHXDMSA-UHFFFAOYSA-N"}]},{"pressure":0.58696,"total_adsorption":1011.32,"species_data":[{"composition":1,"adsorption":1011.32,"InChIKey":"IJGRMHOSHXDMSA-UHFFFAOYSA-N"}]},{"pressure":0.630814,"total_adsorption":1014.5,"species_data":[{"composition":1,"adsorption":1014.5,"InChIKey":"IJGRMHOSHXDMSA-UHFFFAOYSA-N"}]},{"pressure":0.681413,"total_adsorption":1017.66,"species_data":[{"composition":1,"adsorption":1017.66,"InChIKey":"IJGRMHOSHXDMSA-UHFFFAOYSA-N"}]},{"pressure":0.732013,"total_adsorption":1024.16,"species_data":[{"composition":1,"adsorption":1024.16,"InChIKey":"IJGRMHOSHXDMSA-UHFFFAOYSA-N"}]},{"pressure":0.775867,"total_adsorption":1024,"species_data":[{"composition":1,"adsorption":1024,"InChIKey":"IJGRMHOSHXDMSA-UHFFFAOYSA-N"}]},{"pressure":0.79948,"total_adsorption":1023.92,"species_data":[{"composition":1,"adsorption":1023.92,"InChIKey":"IJGRMHOSHXDMSA-UHFFFAOYSA-N"}]},{"pressure":0.82984,"total_adsorption":1030.49,"species_data":[{"composition":1,"adsorption":1030.49,"InChIKey":"IJGRMHOSHXDMSA-UHFFFAOYSA-N"}]},{"pressure":0.853453,"total_adsorption":1033.74,"species_data":[{"composition":1,"adsorption":1033.74,"InChIKey":"IJGRMHOSHXDMSA-UHFFFAOYSA-N"}]},{"pressure":0.877067,"total_adsorption":1040.32,"species_data":[{"composition":1,"adsorption":1040.32,"InChIKey":"IJGRMHOSHXDMSA-UHFFFAOYSA-N"}]},{"pressure":0.904054,"total_adsorption":1043.56,"species_data":[{"composition":1,"adsorption":1043.56,"InChIKey":"IJGRMHOSHXDMSA-UHFFFAOYSA-N"}]},{"pressure":0.92092,"total_adsorption":1046.84,"species_data":[{"composition":1,"adsorption":1046.84,"InChIKey":"IJGRMHOSHXDMSA-UHFFFAOYSA-N"}]},{"pressure":0.947906,"total_adsorption":1070.08,"species_data":[{"composition":1,"adsorption":1070.08,"InChIKey":"IJGRMHOSHXDMSA-UHFFFAOYSA-N"}]},{"pressure":0.958027,"total_adsorption":1086.71,"species_data":[{"composition":1,"adsorption":1086.71,"InChIKey":"IJGRMHOSHXDMSA-UHFFFAOYSA-N"}]},{"pressure":0.964774,"total_adsorption":1126.69,"species_data":[{"composition":1,"adsorption":1126.69,"InChIKey":"IJGRMHOSHXDMSA-UHFFFAOYSA-N"}]}],"temperature":77,"articleSource":"UNKNOWN","compositionType":"molefraction","adsorbates":[{"name":"Nitrogen","InChIKey":"IJGRMHOSHXDMSA-UHFFFAOYSA-N"}],"adsorptionUnits":"cm3(STP)/g","date":"1000-01-01","category":"","digitizer":"UNKNOWN","pressureUnits":"bar","DOI":"10.1016/j.molcata.2013.12.005","adsorbent":{"name":"MIL-101","hashkey":"NIST-MATDB-f55cae58cff61d336d8b65bece21175f"},"concentrationUnits":"","filename":"10.1016j.molcata.2013.12.005.Isotherm2","isotherm_type":""}