{"isotherm_data":[{"pressure":0.00949701,"total_adsorption":0.0748956,"species_data":[{"composition":1,"adsorption":0.0748956,"InChIKey":"CURLTUGMZLYLDI-UHFFFAOYSA-N"}]},{"pressure":0.0491161,"total_adsorption":3.74548,"species_data":[{"composition":1,"adsorption":3.74548,"InChIKey":"CURLTUGMZLYLDI-UHFFFAOYSA-N"}]},{"pressure":0.123402,"total_adsorption":8.727,"species_data":[{"composition":1,"adsorption":8.727,"InChIKey":"CURLTUGMZLYLDI-UHFFFAOYSA-N"}]},{"pressure":0.239783,"total_adsorption":14.2329,"species_data":[{"composition":1,"adsorption":14.2329,"InChIKey":"CURLTUGMZLYLDI-UHFFFAOYSA-N"}]},{"pressure":0.408164,"total_adsorption":20.7875,"species_data":[{"composition":1,"adsorption":20.7875,"InChIKey":"CURLTUGMZLYLDI-UHFFFAOYSA-N"}]},{"pressure":0.574068,"total_adsorption":26.8178,"species_data":[{"composition":1,"adsorption":26.8178,"InChIKey":"CURLTUGMZLYLDI-UHFFFAOYSA-N"}]},{"pressure":0.648354,"total_adsorption":28.9152,"species_data":[{"composition":1,"adsorption":28.9152,"InChIKey":"CURLTUGMZLYLDI-UHFFFAOYSA-N"}]},{"pressure":0.72264,"total_adsorption":30.8379,"species_data":[{"composition":1,"adsorption":30.8379,"InChIKey":"CURLTUGMZLYLDI-UHFFFAOYSA-N"}]},{"pressure":0.836545,"total_adsorption":33.3724,"species_data":[{"composition":1,"adsorption":33.3724,"InChIKey":"CURLTUGMZLYLDI-UHFFFAOYSA-N"}]},{"pressure":0.945497,"total_adsorption":35.9942,"species_data":[{"composition":1,"adsorption":35.9942,"InChIKey":"CURLTUGMZLYLDI-UHFFFAOYSA-N"}]},{"pressure":0.997497,"total_adsorption":37.3051,"species_data":[{"composition":1,"adsorption":37.3051,"InChIKey":"CURLTUGMZLYLDI-UHFFFAOYSA-N"}]},{"pressure":1.08912,"total_adsorption":39.053,"species_data":[{"composition":1,"adsorption":39.053,"InChIKey":"CURLTUGMZLYLDI-UHFFFAOYSA-N"}]}],"temperature":298,"articleSource":"UNKNOWN","compositionType":"molefraction","adsorbates":[{"name":"Carbon Dioxide","InChIKey":"CURLTUGMZLYLDI-UHFFFAOYSA-N"}],"adsorptionUnits":"cm3(STP)/g","date":"1000-01-01","category":"","digitizer":"UNKNOWN","pressureUnits":"bar","DOI":"10.1039/C3ce26800d","adsorbent":{"name":"[Zn(atz)(bdc)0.5]","hashkey":"NIST-MATDB-c20af7aa27a63af30f5942513f3ca5c4"},"concentrationUnits":"","filename":"10.1039C3ce26800d.isotherm1","isotherm_type":""}