{"filename": "10.1039C1cc14118j.Isotherm8", "DOI": "10.1039/C1cc14118j", "articleSource": "UNKNOWN", "date": "1000-01-01", "digitizer": "UNKNOWN", "adsorbent": {"hashkey": "NIST-MATDB-aa0b4e9f9ce8faad1fe53b09ff30d809", "name": "[(CH3)NH2]3[(Cu4Cl)3-(btc)8].TPA"}, "adsorbates": [{"InChIKey": "CURLTUGMZLYLDI-UHFFFAOYSA-N", "name": "Carbon Dioxide"}], "category": "", "temperature": 273, "isotherm_type": "", "adsorptionUnits": "mmol/g", "pressureUnits": "bar", "compositionType": "molefraction", "concentrationUnits": "", "isotherm_data": [{"pressure": 0.0456274, "total_adsorption": 0.211327, "species_data": [{"InChIKey": "CURLTUGMZLYLDI-UHFFFAOYSA-N", "composition": 1, "adsorption": 0.211327}]}, {"pressure": 0.0798479, "total_adsorption": 0.369822, "species_data": [{"InChIKey": "CURLTUGMZLYLDI-UHFFFAOYSA-N", "composition": 1, "adsorption": 0.369822}]}, {"pressure": 0.104563, "total_adsorption": 0.493063, "species_data": [{"InChIKey": "CURLTUGMZLYLDI-UHFFFAOYSA-N", "composition": 1, "adsorption": 0.493063}]}, {"pressure": 0.13308, "total_adsorption": 0.633914, "species_data": [{"InChIKey": "CURLTUGMZLYLDI-UHFFFAOYSA-N", "composition": 1, "adsorption": 0.633914}]}, {"pressure": 0.157795, "total_adsorption": 0.722067, "species_data": [{"InChIKey": "CURLTUGMZLYLDI-UHFFFAOYSA-N", "composition": 1, "adsorption": 0.722067}]}, {"pressure": 0.186312, "total_adsorption": 0.845374, "species_data": [{"InChIKey": "CURLTUGMZLYLDI-UHFFFAOYSA-N", "composition": 1, "adsorption": 0.845374}]}, {"pressure": 0.211027, "total_adsorption": 0.933527, "species_data": [{"InChIKey": "CURLTUGMZLYLDI-UHFFFAOYSA-N", "composition": 1, "adsorption": 0.933527}]}, {"pressure": 0.237643, "total_adsorption": 1.03926, "species_data": [{"InChIKey": "CURLTUGMZLYLDI-UHFFFAOYSA-N", "composition": 1, "adsorption": 1.03926}]}, {"pressure": 0.264259, "total_adsorption": 1.14499, "species_data": [{"InChIKey": "CURLTUGMZLYLDI-UHFFFAOYSA-N", "composition": 1, "adsorption": 1.14499}]}, {"pressure": 0.315589, "total_adsorption": 1.32133, "species_data": [{"InChIKey": "CURLTUGMZLYLDI-UHFFFAOYSA-N", "composition": 1, "adsorption": 1.32133}]}, {"pressure": 0.372624, "total_adsorption": 1.49777, "species_data": [{"InChIKey": "CURLTUGMZLYLDI-UHFFFAOYSA-N", "composition": 1, "adsorption": 1.49777}]}, {"pressure": 0.423954, "total_adsorption": 1.62147, "species_data": [{"InChIKey": "CURLTUGMZLYLDI-UHFFFAOYSA-N", "composition": 1, "adsorption": 1.62147}]}, {"pressure": 0.475285, "total_adsorption": 1.78027, "species_data": [{"InChIKey": "CURLTUGMZLYLDI-UHFFFAOYSA-N", "composition": 1, "adsorption": 1.78027}]}, {"pressure": 0.526616, "total_adsorption": 1.90398, "species_data": [{"InChIKey": "CURLTUGMZLYLDI-UHFFFAOYSA-N", "composition": 1, "adsorption": 1.90398}]}, {"pressure": 0.595057, "total_adsorption": 2.06307, "species_data": [{"InChIKey": "CURLTUGMZLYLDI-UHFFFAOYSA-N", "composition": 1, "adsorption": 2.06307}]}, {"pressure": 0.659696, "total_adsorption": 2.18701, "species_data": [{"InChIKey": "CURLTUGMZLYLDI-UHFFFAOYSA-N", "composition": 1, "adsorption": 2.18701}]}, {"pressure": 0.726236, "total_adsorption": 2.29344, "species_data": [{"InChIKey": "CURLTUGMZLYLDI-UHFFFAOYSA-N", "composition": 1, "adsorption": 2.29344}]}, {"pressure": 0.792776, "total_adsorption": 2.39987, "species_data": [{"InChIKey": "CURLTUGMZLYLDI-UHFFFAOYSA-N", "composition": 1, "adsorption": 2.39987}]}, {"pressure": 0.857414, "total_adsorption": 2.50627, "species_data": [{"InChIKey": "CURLTUGMZLYLDI-UHFFFAOYSA-N", "composition": 1, "adsorption": 2.50627}]}, {"pressure": 0.920152, "total_adsorption": 2.59509, "species_data": [{"InChIKey": "CURLTUGMZLYLDI-UHFFFAOYSA-N", "composition": 1, "adsorption": 2.59509}]}, {"pressure": 1, "total_adsorption": 2.68421, "species_data": [{"InChIKey": "CURLTUGMZLYLDI-UHFFFAOYSA-N", "composition": 1, "adsorption": 2.68421}]}]}