{"filename": "10.1016j.micromeso.2008.04.033.isotherm7", "DOI": "10.1016/j.micromeso.2008.04.033", "articleSource": "UNKNOWN", "date": "1000-01-01", "digitizer": "UNKNOWN", "adsorbent": {"hashkey": "NIST-MATDB-2c9380bddc59f547484ff729eab7d7cb", "name": "IRMOF-1"}, "adsorbates": [{"InChIKey": "CURLTUGMZLYLDI-UHFFFAOYSA-N", "name": "Carbon Dioxide"}], "category": "", "temperature": 273, "isotherm_type": "", "adsorptionUnits": "ml/g", "pressureUnits": "bar", "compositionType": "molefraction", "concentrationUnits": "", "isotherm_data": [{"pressure": 0.111069, "total_adsorption": 5.74932, "species_data": [{"InChIKey": "CURLTUGMZLYLDI-UHFFFAOYSA-N", "composition": 1, "adsorption": 5.74932}]}, {"pressure": 0.244346, "total_adsorption": 12.9594, "species_data": [{"InChIKey": "CURLTUGMZLYLDI-UHFFFAOYSA-N", "composition": 1, "adsorption": 12.9594}]}, {"pressure": 0.34485, "total_adsorption": 18.5964, "species_data": [{"InChIKey": "CURLTUGMZLYLDI-UHFFFAOYSA-N", "composition": 1, "adsorption": 18.5964}]}, {"pressure": 0.447539, "total_adsorption": 23.8401, "species_data": [{"InChIKey": "CURLTUGMZLYLDI-UHFFFAOYSA-N", "composition": 1, "adsorption": 23.8401}]}, {"pressure": 0.526195, "total_adsorption": 28.035, "species_data": [{"InChIKey": "CURLTUGMZLYLDI-UHFFFAOYSA-N", "composition": 1, "adsorption": 28.035}]}, {"pressure": 0.61796, "total_adsorption": 32.6233, "species_data": [{"InChIKey": "CURLTUGMZLYLDI-UHFFFAOYSA-N", "composition": 1, "adsorption": 32.6233}]}, {"pressure": 0.727203, "total_adsorption": 37.0804, "species_data": [{"InChIKey": "CURLTUGMZLYLDI-UHFFFAOYSA-N", "composition": 1, "adsorption": 37.0804}]}, {"pressure": 0.834262, "total_adsorption": 41.6686, "species_data": [{"InChIKey": "CURLTUGMZLYLDI-UHFFFAOYSA-N", "composition": 1, "adsorption": 41.6686}]}, {"pressure": 0.915102, "total_adsorption": 44.946, "species_data": [{"InChIKey": "CURLTUGMZLYLDI-UHFFFAOYSA-N", "composition": 1, "adsorption": 44.946}]}, {"pressure": 0.993758, "total_adsorption": 48.0922, "species_data": [{"InChIKey": "CURLTUGMZLYLDI-UHFFFAOYSA-N", "composition": 1, "adsorption": 48.0922}]}]}