{"filename": "10.1016j.micromeso.2008.08.005.Isotherm7", "DOI": "10.1016/j.micromeso.2008.08.005", "articleSource": "UNKNOWN", "date": "1000-01-01", "digitizer": "UNKNOWN", "adsorbent": {"hashkey": "NIST-MATDB-cf4a09dc1ab4a7ff16ec81fb11a67ed7", "name": "Silicalite-CB1"}, "adsorbates": [{"InChIKey": "XLYOFNOQVPJJNP-UHFFFAOYSA-N", "name": "Water"}], "category": "", "temperature": 77, "isotherm_type": "", "adsorptionUnits": "ml/g", "pressureUnits": "bar", "compositionType": "molefraction", "concentrationUnits": "", "isotherm_data": [{"pressure": 26.4151, "total_adsorption": 0.00348259, "species_data": [{"InChIKey": "XLYOFNOQVPJJNP-UHFFFAOYSA-N", "composition": 1, "adsorption": 0.00348259}]}, {"pressure": 33.0189, "total_adsorption": 0.0111443, "species_data": [{"InChIKey": "XLYOFNOQVPJJNP-UHFFFAOYSA-N", "composition": 1, "adsorption": 0.0111443}]}, {"pressure": 39.6226, "total_adsorption": 0.020199, "species_data": [{"InChIKey": "XLYOFNOQVPJJNP-UHFFFAOYSA-N", "composition": 1, "adsorption": 0.020199}]}, {"pressure": 52.8302, "total_adsorption": 0.0487562, "species_data": [{"InChIKey": "XLYOFNOQVPJJNP-UHFFFAOYSA-N", "composition": 1, "adsorption": 0.0487562}]}, {"pressure": 105.66, "total_adsorption": 0.0480597, "species_data": [{"InChIKey": "XLYOFNOQVPJJNP-UHFFFAOYSA-N", "composition": 1, "adsorption": 0.0480597}]}, {"pressure": 151.887, "total_adsorption": 0.0508458, "species_data": [{"InChIKey": "XLYOFNOQVPJJNP-UHFFFAOYSA-N", "composition": 1, "adsorption": 0.0508458}]}, {"pressure": 211.321, "total_adsorption": 0.0508458, "species_data": [{"InChIKey": "XLYOFNOQVPJJNP-UHFFFAOYSA-N", "composition": 1, "adsorption": 0.0508458}]}, {"pressure": 257.547, "total_adsorption": 0.0529353, "species_data": [{"InChIKey": "XLYOFNOQVPJJNP-UHFFFAOYSA-N", "composition": 1, "adsorption": 0.0529353}]}, {"pressure": 303.774, "total_adsorption": 0.0550249, "species_data": [{"InChIKey": "XLYOFNOQVPJJNP-UHFFFAOYSA-N", "composition": 1, "adsorption": 0.0550249}]}, {"pressure": 350, "total_adsorption": 0.0564179, "species_data": [{"InChIKey": "XLYOFNOQVPJJNP-UHFFFAOYSA-N", "composition": 1, "adsorption": 0.0564179}]}, {"pressure": 383.019, "total_adsorption": 0.0585075, "species_data": [{"InChIKey": "XLYOFNOQVPJJNP-UHFFFAOYSA-N", "composition": 1, "adsorption": 0.0585075}]}, {"pressure": 442.453, "total_adsorption": 0.0612935, "species_data": [{"InChIKey": "XLYOFNOQVPJJNP-UHFFFAOYSA-N", "composition": 1, "adsorption": 0.0612935}]}, {"pressure": 488.679, "total_adsorption": 0.0633831, "species_data": [{"InChIKey": "XLYOFNOQVPJJNP-UHFFFAOYSA-N", "composition": 1, "adsorption": 0.0633831}]}, {"pressure": 528.302, "total_adsorption": 0.0654726, "species_data": [{"InChIKey": "XLYOFNOQVPJJNP-UHFFFAOYSA-N", "composition": 1, "adsorption": 0.0654726}]}, {"pressure": 574.528, "total_adsorption": 0.0689552, "species_data": [{"InChIKey": "XLYOFNOQVPJJNP-UHFFFAOYSA-N", "composition": 1, "adsorption": 0.0689552}]}, {"pressure": 620.755, "total_adsorption": 0.0724378, "species_data": [{"InChIKey": "XLYOFNOQVPJJNP-UHFFFAOYSA-N", "composition": 1, "adsorption": 0.0724378}]}, {"pressure": 666.981, "total_adsorption": 0.0766169, "species_data": [{"InChIKey": "XLYOFNOQVPJJNP-UHFFFAOYSA-N", "composition": 1, "adsorption": 0.0766169}]}, {"pressure": 726.415, "total_adsorption": 0.0814925, "species_data": [{"InChIKey": "XLYOFNOQVPJJNP-UHFFFAOYSA-N", "composition": 1, "adsorption": 0.0814925}]}, {"pressure": 766.038, "total_adsorption": 0.0870647, "species_data": [{"InChIKey": "XLYOFNOQVPJJNP-UHFFFAOYSA-N", "composition": 1, "adsorption": 0.0870647}]}, {"pressure": 818.868, "total_adsorption": 0.0947264, "species_data": [{"InChIKey": "XLYOFNOQVPJJNP-UHFFFAOYSA-N", "composition": 1, "adsorption": 0.0947264}]}, {"pressure": 871.698, "total_adsorption": 0.100995, "species_data": [{"InChIKey": "XLYOFNOQVPJJNP-UHFFFAOYSA-N", "composition": 1, "adsorption": 0.100995}]}, {"pressure": 917.925, "total_adsorption": 0.105174, "species_data": [{"InChIKey": "XLYOFNOQVPJJNP-UHFFFAOYSA-N", "composition": 1, "adsorption": 0.105174}]}, {"pressure": 970.755, "total_adsorption": 0.109353, "species_data": [{"InChIKey": "XLYOFNOQVPJJNP-UHFFFAOYSA-N", "composition": 1, "adsorption": 0.109353}]}, {"pressure": 1083.02, "total_adsorption": 0.115622, "species_data": [{"InChIKey": "XLYOFNOQVPJJNP-UHFFFAOYSA-N", "composition": 1, "adsorption": 0.115622}]}, {"pressure": 1168.87, "total_adsorption": 0.118408, "species_data": [{"InChIKey": "XLYOFNOQVPJJNP-UHFFFAOYSA-N", "composition": 1, "adsorption": 0.118408}]}, {"pressure": 1261.32, "total_adsorption": 0.122587, "species_data": [{"InChIKey": "XLYOFNOQVPJJNP-UHFFFAOYSA-N", "composition": 1, "adsorption": 0.122587}]}, {"pressure": 1347.17, "total_adsorption": 0.123284, "species_data": [{"InChIKey": "XLYOFNOQVPJJNP-UHFFFAOYSA-N", "composition": 1, "adsorption": 0.123284}]}, {"pressure": 1439.62, "total_adsorption": 0.125373, "species_data": [{"InChIKey": "XLYOFNOQVPJJNP-UHFFFAOYSA-N", "composition": 1, "adsorption": 0.125373}]}, {"pressure": 1512.26, "total_adsorption": 0.127463, "species_data": [{"InChIKey": "XLYOFNOQVPJJNP-UHFFFAOYSA-N", "composition": 1, "adsorption": 0.127463}]}, {"pressure": 1604.72, "total_adsorption": 0.128856, "species_data": [{"InChIKey": "XLYOFNOQVPJJNP-UHFFFAOYSA-N", "composition": 1, "adsorption": 0.128856}]}, {"pressure": 1697.17, "total_adsorption": 0.129552, "species_data": [{"InChIKey": "XLYOFNOQVPJJNP-UHFFFAOYSA-N", "composition": 1, "adsorption": 0.129552}]}, {"pressure": 1809.43, "total_adsorption": 0.130249, "species_data": [{"InChIKey": "XLYOFNOQVPJJNP-UHFFFAOYSA-N", "composition": 1, "adsorption": 0.130249}]}, {"pressure": 1888.68, "total_adsorption": 0.131642, "species_data": [{"InChIKey": "XLYOFNOQVPJJNP-UHFFFAOYSA-N", "composition": 1, "adsorption": 0.131642}]}, {"pressure": 2020.75, "total_adsorption": 0.132338, "species_data": [{"InChIKey": "XLYOFNOQVPJJNP-UHFFFAOYSA-N", "composition": 1, "adsorption": 0.132338}]}, {"pressure": 2066.98, "total_adsorption": 0.134428, "species_data": [{"InChIKey": "XLYOFNOQVPJJNP-UHFFFAOYSA-N", "composition": 1, "adsorption": 0.134428}]}]}