{"isotherm_data":[{"pressure":0.520833,"total_adsorption":0.266239,"species_data":[{"composition":1,"adsorption":0.266239,"InChIKey":"CURLTUGMZLYLDI-UHFFFAOYSA-N"}]},{"pressure":0.983796,"total_adsorption":0.470988,"species_data":[{"composition":1,"adsorption":0.470988,"InChIKey":"CURLTUGMZLYLDI-UHFFFAOYSA-N"}]},{"pressure":5.03472,"total_adsorption":2.17023,"species_data":[{"composition":1,"adsorption":2.17023,"InChIKey":"CURLTUGMZLYLDI-UHFFFAOYSA-N"}]},{"pressure":10.0694,"total_adsorption":3.58148,"species_data":[{"composition":1,"adsorption":3.58148,"InChIKey":"CURLTUGMZLYLDI-UHFFFAOYSA-N"}]},{"pressure":15.0463,"total_adsorption":4.39791,"species_data":[{"composition":1,"adsorption":4.39791,"InChIKey":"CURLTUGMZLYLDI-UHFFFAOYSA-N"}]},{"pressure":20.081,"total_adsorption":4.98865,"species_data":[{"composition":1,"adsorption":4.98865,"InChIKey":"CURLTUGMZLYLDI-UHFFFAOYSA-N"}]},{"pressure":25.1157,"total_adsorption":5.29221,"species_data":[{"composition":1,"adsorption":5.29221,"InChIKey":"CURLTUGMZLYLDI-UHFFFAOYSA-N"}]}],"temperature":298,"articleSource":"UNKNOWN","compositionType":"molefraction","adsorbates":[{"name":"Carbon Dioxide","InChIKey":"CURLTUGMZLYLDI-UHFFFAOYSA-N"}],"adsorptionUnits":"mmol/g","date":"1000-01-01","category":"","digitizer":"UNKNOWN","pressureUnits":"bar","DOI":"10.1007/s10450-012-9407-1","adsorbent":{"name":"ZIF-8","hashkey":"NIST-MATDB-b2dc02871a66ac38e4b195796cf3e00b"},"concentrationUnits":"","filename":"10.1007s10450-012-9407-1.Isotherm12","isotherm_type":""}