{"isotherm_data":[{"pressure":0.00143901,"total_adsorption":8.49258,"species_data":[{"composition":1,"adsorption":8.49258,"InChIKey":"OKKJLVBELUTLKV-UHFFFAOYSA-N"}]},{"pressure":0.00183062,"total_adsorption":8.77904,"species_data":[{"composition":1,"adsorption":8.77904,"InChIKey":"OKKJLVBELUTLKV-UHFFFAOYSA-N"}]},{"pressure":0.00248416,"total_adsorption":9.08142,"species_data":[{"composition":1,"adsorption":9.08142,"InChIKey":"OKKJLVBELUTLKV-UHFFFAOYSA-N"}]},{"pressure":0.00327351,"total_adsorption":9.39971,"species_data":[{"composition":1,"adsorption":9.39971,"InChIKey":"OKKJLVBELUTLKV-UHFFFAOYSA-N"}]},{"pressure":0.0045211,"total_adsorption":9.79757,"species_data":[{"composition":1,"adsorption":9.79757,"InChIKey":"OKKJLVBELUTLKV-UHFFFAOYSA-N"}]},{"pressure":0.00602805,"total_adsorption":10.1954,"species_data":[{"composition":1,"adsorption":10.1954,"InChIKey":"OKKJLVBELUTLKV-UHFFFAOYSA-N"}]},{"pressure":0.00757902,"total_adsorption":10.641,"species_data":[{"composition":1,"adsorption":10.641,"InChIKey":"OKKJLVBELUTLKV-UHFFFAOYSA-N"}]},{"pressure":0.00930788,"total_adsorption":11.1344,"species_data":[{"composition":1,"adsorption":11.1344,"InChIKey":"OKKJLVBELUTLKV-UHFFFAOYSA-N"}]},{"pressure":0.0116342,"total_adsorption":11.6914,"species_data":[{"composition":1,"adsorption":11.6914,"InChIKey":"OKKJLVBELUTLKV-UHFFFAOYSA-N"}]},{"pressure":0.0136326,"total_adsorption":12.2802,"species_data":[{"composition":1,"adsorption":12.2802,"InChIKey":"OKKJLVBELUTLKV-UHFFFAOYSA-N"}]},{"pressure":0.01645,"total_adsorption":12.7895,"species_data":[{"composition":1,"adsorption":12.7895,"InChIKey":"OKKJLVBELUTLKV-UHFFFAOYSA-N"}]},{"pressure":0.0191627,"total_adsorption":13.3783,"species_data":[{"composition":1,"adsorption":13.3783,"InChIKey":"OKKJLVBELUTLKV-UHFFFAOYSA-N"}]},{"pressure":0.0228532,"total_adsorption":13.9353,"species_data":[{"composition":1,"adsorption":13.9353,"InChIKey":"OKKJLVBELUTLKV-UHFFFAOYSA-N"}]},{"pressure":0.0266218,"total_adsorption":14.4446,"species_data":[{"composition":1,"adsorption":14.4446,"InChIKey":"OKKJLVBELUTLKV-UHFFFAOYSA-N"}]},{"pressure":0.0315629,"total_adsorption":14.8743,"species_data":[{"composition":1,"adsorption":14.8743,"InChIKey":"OKKJLVBELUTLKV-UHFFFAOYSA-N"}]},{"pressure":0.0361259,"total_adsorption":15.304,"species_data":[{"composition":1,"adsorption":15.304,"InChIKey":"OKKJLVBELUTLKV-UHFFFAOYSA-N"}]},{"pressure":0.0443666,"total_adsorption":15.6859,"species_data":[{"composition":1,"adsorption":15.6859,"InChIKey":"OKKJLVBELUTLKV-UHFFFAOYSA-N"}]},{"pressure":0.0532225,"total_adsorption":16.0042,"species_data":[{"composition":1,"adsorption":16.0042,"InChIKey":"OKKJLVBELUTLKV-UHFFFAOYSA-N"}]},{"pressure":0.0649806,"total_adsorption":16.2907,"species_data":[{"composition":1,"adsorption":16.2907,"InChIKey":"OKKJLVBELUTLKV-UHFFFAOYSA-N"}]},{"pressure":0.0774949,"total_adsorption":16.5135,"species_data":[{"composition":1,"adsorption":16.5135,"InChIKey":"OKKJLVBELUTLKV-UHFFFAOYSA-N"}]},{"pressure":0.103933,"total_adsorption":16.7044,"species_data":[{"composition":1,"adsorption":16.7044,"InChIKey":"OKKJLVBELUTLKV-UHFFFAOYSA-N"}]},{"pressure":0.12991,"total_adsorption":16.8318,"species_data":[{"composition":1,"adsorption":16.8318,"InChIKey":"OKKJLVBELUTLKV-UHFFFAOYSA-N"}]},{"pressure":0.165264,"total_adsorption":16.9113,"species_data":[{"composition":1,"adsorption":16.9113,"InChIKey":"OKKJLVBELUTLKV-UHFFFAOYSA-N"}]},{"pressure":0.197091,"total_adsorption":16.9272,"species_data":[{"composition":1,"adsorption":16.9272,"InChIKey":"OKKJLVBELUTLKV-UHFFFAOYSA-N"}]}],"temperature":313,"articleSource":"UNKNOWN","compositionType":"molefraction","adsorbates":[{"name":"Methanol","InChIKey":"OKKJLVBELUTLKV-UHFFFAOYSA-N"}],"adsorptionUnits":"mmol/g","date":"1000-01-01","category":"","digitizer":"UNKNOWN","pressureUnits":"bar","DOI":"10.1016/j.ces.2013.03.006","adsorbent":{"name":"CuBTC","hashkey":"NIST-MATDB-991daf7313251e7e607e2bab2da57e33"},"concentrationUnits":"","filename":"10.1016j.ces.2013.03.006.Isotherm2","isotherm_type":""}