{"filename": "10.1021Ic4020256.Isotherm5", "DOI": "10.1021/Ic4020256", "articleSource": "UNKNOWN", "date": "1000-01-01", "digitizer": "UNKNOWN", "adsorbent": {"hashkey": "NIST-MATDB-d9783e337e7ce09116e25a43e33f6d63", "name": "FIR-8a-ht"}, "adsorbates": [{"InChIKey": "CURLTUGMZLYLDI-UHFFFAOYSA-N", "name": "Carbon Dioxide"}], "category": "", "temperature": 273, "isotherm_type": "", "adsorptionUnits": "cm3(STP)/g", "pressureUnits": "bar", "compositionType": "molefraction", "concentrationUnits": "", "isotherm_data": [{"pressure": 0.0328595, "total_adsorption": 3.72687, "species_data": [{"InChIKey": "CURLTUGMZLYLDI-UHFFFAOYSA-N", "composition": 1, "adsorption": 3.72687}]}, {"pressure": 0.0492427, "total_adsorption": 4.59433, "species_data": [{"InChIKey": "CURLTUGMZLYLDI-UHFFFAOYSA-N", "composition": 1, "adsorption": 4.59433}]}, {"pressure": 0.0558466, "total_adsorption": 6.02266, "species_data": [{"InChIKey": "CURLTUGMZLYLDI-UHFFFAOYSA-N", "composition": 1, "adsorption": 6.02266}]}, {"pressure": 0.0722431, "total_adsorption": 7.17469, "species_data": [{"InChIKey": "CURLTUGMZLYLDI-UHFFFAOYSA-N", "composition": 1, "adsorption": 7.17469}]}, {"pressure": 0.0821155, "total_adsorption": 8.60577, "species_data": [{"InChIKey": "CURLTUGMZLYLDI-UHFFFAOYSA-N", "composition": 1, "adsorption": 8.60577}]}, {"pressure": 0.0985387, "total_adsorption": 10.3269, "species_data": [{"InChIKey": "CURLTUGMZLYLDI-UHFFFAOYSA-N", "composition": 1, "adsorption": 10.3269}]}, {"pressure": 0.111653, "total_adsorption": 11.1916, "species_data": [{"InChIKey": "CURLTUGMZLYLDI-UHFFFAOYSA-N", "composition": 1, "adsorption": 11.1916}]}, {"pressure": 0.137909, "total_adsorption": 13.4902, "species_data": [{"InChIKey": "CURLTUGMZLYLDI-UHFFFAOYSA-N", "composition": 1, "adsorption": 13.4902}]}, {"pressure": 0.160909, "total_adsorption": 16.0705, "species_data": [{"InChIKey": "CURLTUGMZLYLDI-UHFFFAOYSA-N", "composition": 1, "adsorption": 16.0705}]}, {"pressure": 0.190433, "total_adsorption": 18.3718, "species_data": [{"InChIKey": "CURLTUGMZLYLDI-UHFFFAOYSA-N", "composition": 1, "adsorption": 18.3718}]}, {"pressure": 0.219972, "total_adsorption": 20.9577, "species_data": [{"InChIKey": "CURLTUGMZLYLDI-UHFFFAOYSA-N", "composition": 1, "adsorption": 20.9577}]}, {"pressure": 0.242971, "total_adsorption": 23.538, "species_data": [{"InChIKey": "CURLTUGMZLYLDI-UHFFFAOYSA-N", "composition": 1, "adsorption": 23.538}]}, {"pressure": 0.269228, "total_adsorption": 25.8366, "species_data": [{"InChIKey": "CURLTUGMZLYLDI-UHFFFAOYSA-N", "composition": 1, "adsorption": 25.8366}]}, {"pressure": 0.321712, "total_adsorption": 29.8645, "species_data": [{"InChIKey": "CURLTUGMZLYLDI-UHFFFAOYSA-N", "composition": 1, "adsorption": 29.8645}]}, {"pressure": 0.377453, "total_adsorption": 33.6107, "species_data": [{"InChIKey": "CURLTUGMZLYLDI-UHFFFAOYSA-N", "composition": 1, "adsorption": 33.6107}]}, {"pressure": 0.426655, "total_adsorption": 37.3513, "species_data": [{"InChIKey": "CURLTUGMZLYLDI-UHFFFAOYSA-N", "composition": 1, "adsorption": 37.3513}]}, {"pressure": 0.482382, "total_adsorption": 40.8129, "species_data": [{"InChIKey": "CURLTUGMZLYLDI-UHFFFAOYSA-N", "composition": 1, "adsorption": 40.8129}]}, {"pressure": 0.538096, "total_adsorption": 43.9899, "species_data": [{"InChIKey": "CURLTUGMZLYLDI-UHFFFAOYSA-N", "composition": 1, "adsorption": 43.9899}]}, {"pressure": 0.603643, "total_adsorption": 47.7443, "species_data": [{"InChIKey": "CURLTUGMZLYLDI-UHFFFAOYSA-N", "composition": 1, "adsorption": 47.7443}]}, {"pressure": 0.669148, "total_adsorption": 50.6451, "species_data": [{"InChIKey": "CURLTUGMZLYLDI-UHFFFAOYSA-N", "composition": 1, "adsorption": 50.6451}]}, {"pressure": 0.734668, "total_adsorption": 53.8303, "species_data": [{"InChIKey": "CURLTUGMZLYLDI-UHFFFAOYSA-N", "composition": 1, "adsorption": 53.8303}]}, {"pressure": 0.806699, "total_adsorption": 56.452, "species_data": [{"InChIKey": "CURLTUGMZLYLDI-UHFFFAOYSA-N", "composition": 1, "adsorption": 56.452}]}, {"pressure": 0.872178, "total_adsorption": 58.7836, "species_data": [{"InChIKey": "CURLTUGMZLYLDI-UHFFFAOYSA-N", "composition": 1, "adsorption": 58.7836}]}, {"pressure": 0.940927, "total_adsorption": 61.1179, "species_data": [{"InChIKey": "CURLTUGMZLYLDI-UHFFFAOYSA-N", "composition": 1, "adsorption": 61.1179}]}]}