{"isotherm_data":[{"pressure":1.11275,"total_adsorption":0.102374,"species_data":[{"composition":1,"adsorption":0.102374,"InChIKey":"UFHFLCQGNIYNRP-UHFFFAOYSA-N"}]},{"pressure":4.37914,"total_adsorption":0.504391,"species_data":[{"composition":1,"adsorption":0.504391,"InChIKey":"UFHFLCQGNIYNRP-UHFFFAOYSA-N"}]},{"pressure":9.34972,"total_adsorption":0.976324,"species_data":[{"composition":1,"adsorption":0.976324,"InChIKey":"UFHFLCQGNIYNRP-UHFFFAOYSA-N"}]},{"pressure":14.7464,"total_adsorption":1.37834,"species_data":[{"composition":1,"adsorption":1.37834,"InChIKey":"UFHFLCQGNIYNRP-UHFFFAOYSA-N"}]},{"pressure":22.1312,"total_adsorption":1.79784,"species_data":[{"composition":1,"adsorption":1.79784,"InChIKey":"UFHFLCQGNIYNRP-UHFFFAOYSA-N"}]},{"pressure":30.2262,"total_adsorption":2.14742,"species_data":[{"composition":1,"adsorption":2.14742,"InChIKey":"UFHFLCQGNIYNRP-UHFFFAOYSA-N"}]},{"pressure":37.6111,"total_adsorption":2.37464,"species_data":[{"composition":1,"adsorption":2.37464,"InChIKey":"UFHFLCQGNIYNRP-UHFFFAOYSA-N"}]},{"pressure":45.138,"total_adsorption":2.58439,"species_data":[{"composition":1,"adsorption":2.58439,"InChIKey":"UFHFLCQGNIYNRP-UHFFFAOYSA-N"}]},{"pressure":52.8069,"total_adsorption":2.7417,"species_data":[{"composition":1,"adsorption":2.7417,"InChIKey":"UFHFLCQGNIYNRP-UHFFFAOYSA-N"}]},{"pressure":58.2035,"total_adsorption":2.79414,"species_data":[{"composition":1,"adsorption":2.79414,"InChIKey":"UFHFLCQGNIYNRP-UHFFFAOYSA-N"}]},{"pressure":62.038,"total_adsorption":2.81162,"species_data":[{"composition":1,"adsorption":2.81162,"InChIKey":"UFHFLCQGNIYNRP-UHFFFAOYSA-N"}]}],"temperature":125,"articleSource":"UNKNOWN","compositionType":"molefraction","adsorbates":[{"name":"Hydrogen","InChIKey":"UFHFLCQGNIYNRP-UHFFFAOYSA-N"}],"adsorptionUnits":"wt%","date":"1000-01-01","category":"","digitizer":"UNKNOWN","pressureUnits":"bar","DOI":"10.1021/Jp901988e","adsorbent":{"name":"IRMOF-1","hashkey":"NIST-MATDB-2c9380bddc59f547484ff729eab7d7cb"},"concentrationUnits":"","filename":"10.1021Jp901988e.isotherm22","isotherm_type":""}