{"filename": "10.10160039-6028(93)91088-7.Isotherm6", "DOI": "10.1016/0039-6028(93)91088-7", "articleSource": "Figure 1", "date": "2016-06-23", "digitizer": "David A. Anderegg", "adsorbent": {"hashkey": "NIST-MATDB-0898f2c51e86ee85644f2962c7f8208d", "name": "Grafoil"}, "adsorbates": [{"InChIKey": "DNNSSWSSYDEUBZ-UHFFFAOYSA-N", "name": "Krypton"}], "category": "exp", "temperature": 110, "isotherm_type": "", "adsorptionUnits": "mmol/g", "pressureUnits": "bar", "compositionType": "molefraction", "concentrationUnits": "", "isotherm_data": [{"pressure": 0.03122, "total_adsorption": 0.265878, "species_data": [{"InChIKey": "DNNSSWSSYDEUBZ-UHFFFAOYSA-N", "composition": 1, "adsorption": 0.265878}]}, {"pressure": 0.038023, "total_adsorption": 0.269202, "species_data": [{"InChIKey": "DNNSSWSSYDEUBZ-UHFFFAOYSA-N", "composition": 1, "adsorption": 0.269202}]}, {"pressure": 0.04196, "total_adsorption": 0.268145, "species_data": [{"InChIKey": "DNNSSWSSYDEUBZ-UHFFFAOYSA-N", "composition": 1, "adsorption": 0.268145}]}, {"pressure": 0.148294, "total_adsorption": 0.357684, "species_data": [{"InChIKey": "DNNSSWSSYDEUBZ-UHFFFAOYSA-N", "composition": 1, "adsorption": 0.357684}]}, {"pressure": 0.154299, "total_adsorption": 0.378349, "species_data": [{"InChIKey": "DNNSSWSSYDEUBZ-UHFFFAOYSA-N", "composition": 1, "adsorption": 0.378349}]}, {"pressure": 0.165471, "total_adsorption": 0.45012, "species_data": [{"InChIKey": "DNNSSWSSYDEUBZ-UHFFFAOYSA-N", "composition": 1, "adsorption": 0.45012}]}, {"pressure": 0.16866, "total_adsorption": 0.402293, "species_data": [{"InChIKey": "DNNSSWSSYDEUBZ-UHFFFAOYSA-N", "composition": 1, "adsorption": 0.402293}]}, {"pressure": 0.184584, "total_adsorption": 0.521903, "species_data": [{"InChIKey": "DNNSSWSSYDEUBZ-UHFFFAOYSA-N", "composition": 1, "adsorption": 0.521903}]}, {"pressure": 0.186274, "total_adsorption": 0.464288, "species_data": [{"InChIKey": "DNNSSWSSYDEUBZ-UHFFFAOYSA-N", "composition": 1, "adsorption": 0.464288}]}, {"pressure": 0.205728, "total_adsorption": 0.526286, "species_data": [{"InChIKey": "DNNSSWSSYDEUBZ-UHFFFAOYSA-N", "composition": 1, "adsorption": 0.526286}]}, {"pressure": 0.207947, "total_adsorption": 0.594773, "species_data": [{"InChIKey": "DNNSSWSSYDEUBZ-UHFFFAOYSA-N", "composition": 1, "adsorption": 0.594773}]}, {"pressure": 0.234015, "total_adsorption": 0.581765, "species_data": [{"InChIKey": "DNNSSWSSYDEUBZ-UHFFFAOYSA-N", "composition": 1, "adsorption": 0.581765}]}, {"pressure": 0.246129, "total_adsorption": 0.67527, "species_data": [{"InChIKey": "DNNSSWSSYDEUBZ-UHFFFAOYSA-N", "composition": 1, "adsorption": 0.67527}]}, {"pressure": 0.248344, "total_adsorption": 0.606788, "species_data": [{"InChIKey": "DNNSSWSSYDEUBZ-UHFFFAOYSA-N", "composition": 1, "adsorption": 0.606788}]}, {"pressure": 0.271571, "total_adsorption": 0.662258, "species_data": [{"InChIKey": "DNNSSWSSYDEUBZ-UHFFFAOYSA-N", "composition": 1, "adsorption": 0.662258}]}, {"pressure": 0.280119, "total_adsorption": 0.773151, "species_data": [{"InChIKey": "DNNSSWSSYDEUBZ-UHFFFAOYSA-N", "composition": 1, "adsorption": 0.773151}]}, {"pressure": 0.291308, "total_adsorption": 0.753594, "species_data": [{"InChIKey": "DNNSSWSSYDEUBZ-UHFFFAOYSA-N", "composition": 1, "adsorption": 0.753594}]}, {"pressure": 0.303573, "total_adsorption": 0.894929, "species_data": [{"InChIKey": "DNNSSWSSYDEUBZ-UHFFFAOYSA-N", "composition": 1, "adsorption": 0.894929}]}, {"pressure": 0.30629, "total_adsorption": 0.822097, "species_data": [{"InChIKey": "DNNSSWSSYDEUBZ-UHFFFAOYSA-N", "composition": 1, "adsorption": 0.822097}]}, {"pressure": 0.322028, "total_adsorption": 0.88625, "species_data": [{"InChIKey": "DNNSSWSSYDEUBZ-UHFFFAOYSA-N", "composition": 1, "adsorption": 0.88625}]}, {"pressure": 0.338878, "total_adsorption": 1.02106, "species_data": [{"InChIKey": "DNNSSWSSYDEUBZ-UHFFFAOYSA-N", "composition": 1, "adsorption": 1.02106}]}, {"pressure": 0.348829, "total_adsorption": 0.973242, "species_data": [{"InChIKey": "DNNSSWSSYDEUBZ-UHFFFAOYSA-N", "composition": 1, "adsorption": 0.973242}]}]}