{"isotherm_data":[{"pressure":1.06007,"total_adsorption":0.713792,"species_data":[{"composition":1,"adsorption":0.713792,"InChIKey":"CURLTUGMZLYLDI-UHFFFAOYSA-N"}]},{"pressure":2.75618,"total_adsorption":2.37931,"species_data":[{"composition":1,"adsorption":2.37931,"InChIKey":"CURLTUGMZLYLDI-UHFFFAOYSA-N"}]},{"pressure":4.66431,"total_adsorption":4.52068,"species_data":[{"composition":1,"adsorption":4.52068,"InChIKey":"CURLTUGMZLYLDI-UHFFFAOYSA-N"}]},{"pressure":6.36042,"total_adsorption":6.18619,"species_data":[{"composition":1,"adsorption":6.18619,"InChIKey":"CURLTUGMZLYLDI-UHFFFAOYSA-N"}]},{"pressure":7.63251,"total_adsorption":8.08964,"species_data":[{"composition":1,"adsorption":8.08964,"InChIKey":"CURLTUGMZLYLDI-UHFFFAOYSA-N"}]},{"pressure":9.11661,"total_adsorption":9.99308,"species_data":[{"composition":1,"adsorption":9.99308,"InChIKey":"CURLTUGMZLYLDI-UHFFFAOYSA-N"}]},{"pressure":10.6007,"total_adsorption":12.1345,"species_data":[{"composition":1,"adsorption":12.1345,"InChIKey":"CURLTUGMZLYLDI-UHFFFAOYSA-N"}]},{"pressure":12.5088,"total_adsorption":14.5138,"species_data":[{"composition":1,"adsorption":14.5138,"InChIKey":"CURLTUGMZLYLDI-UHFFFAOYSA-N"}]},{"pressure":13.3569,"total_adsorption":15.9413,"species_data":[{"composition":1,"adsorption":15.9413,"InChIKey":"CURLTUGMZLYLDI-UHFFFAOYSA-N"}]},{"pressure":15.477,"total_adsorption":18.5586,"species_data":[{"composition":1,"adsorption":18.5586,"InChIKey":"CURLTUGMZLYLDI-UHFFFAOYSA-N"}]},{"pressure":16.3251,"total_adsorption":20.2241,"species_data":[{"composition":1,"adsorption":20.2241,"InChIKey":"CURLTUGMZLYLDI-UHFFFAOYSA-N"}]},{"pressure":18.4452,"total_adsorption":22.8413,"species_data":[{"composition":1,"adsorption":22.8413,"InChIKey":"CURLTUGMZLYLDI-UHFFFAOYSA-N"}]},{"pressure":19.7173,"total_adsorption":24.031,"species_data":[{"composition":1,"adsorption":24.031,"InChIKey":"CURLTUGMZLYLDI-UHFFFAOYSA-N"}]},{"pressure":21.6254,"total_adsorption":26.4103,"species_data":[{"composition":1,"adsorption":26.4103,"InChIKey":"CURLTUGMZLYLDI-UHFFFAOYSA-N"}]},{"pressure":22.2615,"total_adsorption":27.1241,"species_data":[{"composition":1,"adsorption":27.1241,"InChIKey":"CURLTUGMZLYLDI-UHFFFAOYSA-N"}]},{"pressure":23.7456,"total_adsorption":28.5517,"species_data":[{"composition":1,"adsorption":28.5517,"InChIKey":"CURLTUGMZLYLDI-UHFFFAOYSA-N"}]},{"pressure":25.4417,"total_adsorption":29.5034,"species_data":[{"composition":1,"adsorption":29.5034,"InChIKey":"CURLTUGMZLYLDI-UHFFFAOYSA-N"}]},{"pressure":26.9258,"total_adsorption":30.693,"species_data":[{"composition":1,"adsorption":30.693,"InChIKey":"CURLTUGMZLYLDI-UHFFFAOYSA-N"}]},{"pressure":28.6219,"total_adsorption":31.6448,"species_data":[{"composition":1,"adsorption":31.6448,"InChIKey":"CURLTUGMZLYLDI-UHFFFAOYSA-N"}]},{"pressure":30.318,"total_adsorption":32.8344,"species_data":[{"composition":1,"adsorption":32.8344,"InChIKey":"CURLTUGMZLYLDI-UHFFFAOYSA-N"}]},{"pressure":32.2261,"total_adsorption":33.5482,"species_data":[{"composition":1,"adsorption":33.5482,"InChIKey":"CURLTUGMZLYLDI-UHFFFAOYSA-N"}]},{"pressure":34.1343,"total_adsorption":34.4999,"species_data":[{"composition":1,"adsorption":34.4999,"InChIKey":"CURLTUGMZLYLDI-UHFFFAOYSA-N"}]},{"pressure":36.0424,"total_adsorption":34.9758,"species_data":[{"composition":1,"adsorption":34.9758,"InChIKey":"CURLTUGMZLYLDI-UHFFFAOYSA-N"}]},{"pressure":37.9505,"total_adsorption":35.9275,"species_data":[{"composition":1,"adsorption":35.9275,"InChIKey":"CURLTUGMZLYLDI-UHFFFAOYSA-N"}]},{"pressure":40.0707,"total_adsorption":36.4034,"species_data":[{"composition":1,"adsorption":36.4034,"InChIKey":"CURLTUGMZLYLDI-UHFFFAOYSA-N"}]},{"pressure":41.7668,"total_adsorption":37.3551,"species_data":[{"composition":1,"adsorption":37.3551,"InChIKey":"CURLTUGMZLYLDI-UHFFFAOYSA-N"}]},{"pressure":43.8869,"total_adsorption":37.831,"species_data":[{"composition":1,"adsorption":37.831,"InChIKey":"CURLTUGMZLYLDI-UHFFFAOYSA-N"}]},{"pressure":45.7951,"total_adsorption":38.5447,"species_data":[{"composition":1,"adsorption":38.5447,"InChIKey":"CURLTUGMZLYLDI-UHFFFAOYSA-N"}]},{"pressure":47.9152,"total_adsorption":39.0206,"species_data":[{"composition":1,"adsorption":39.0206,"InChIKey":"CURLTUGMZLYLDI-UHFFFAOYSA-N"}]},{"pressure":49.8233,"total_adsorption":39.7344,"species_data":[{"composition":1,"adsorption":39.7344,"InChIKey":"CURLTUGMZLYLDI-UHFFFAOYSA-N"}]},{"pressure":51.9435,"total_adsorption":40.4482,"species_data":[{"composition":1,"adsorption":40.4482,"InChIKey":"CURLTUGMZLYLDI-UHFFFAOYSA-N"}]},{"pressure":53.8516,"total_adsorption":41.162,"species_data":[{"composition":1,"adsorption":41.162,"InChIKey":"CURLTUGMZLYLDI-UHFFFAOYSA-N"}]},{"pressure":54.6996,"total_adsorption":41.3999,"species_data":[{"composition":1,"adsorption":41.3999,"InChIKey":"CURLTUGMZLYLDI-UHFFFAOYSA-N"}]}],"temperature":298,"articleSource":"UNKNOWN","compositionType":"molefraction","adsorbates":[{"name":"Carbon Dioxide","InChIKey":"CURLTUGMZLYLDI-UHFFFAOYSA-N"}],"adsorptionUnits":"mmol/g","date":"1000-01-01","category":"","digitizer":"UNKNOWN","pressureUnits":"bar","DOI":"10.1002/chem.201202352","adsorbent":{"name":"DUT-25","hashkey":"NIST-MATDB-e7c1a673818ca05ad7638253e9b7cbc3"},"concentrationUnits":"","filename":"10.1002chem.201202352.Isotherm16","isotherm_type":""}