{"filename": "10.1021Ie200652e.isotherm8", "DOI": "10.1021/Ie200652e", "articleSource": "UNKNOWN", "date": "1000-01-01", "digitizer": "UNKNOWN", "adsorbent": {"hashkey": "NIST-MATDB-035dc75dddd00241bd76627f78cbef2d", "name": "Zeolite 5A"}, "adsorbates": [{"InChIKey": "VNWKTOKETHGBQD-UHFFFAOYSA-N", "name": "Methane"}], "category": "", "temperature": 303, "isotherm_type": "", "adsorptionUnits": "mmol/g", "pressureUnits": "bar", "compositionType": "molefraction", "concentrationUnits": "", "isotherm_data": [{"pressure": 0.351955, "total_adsorption": 0.316163, "species_data": [{"InChIKey": "VNWKTOKETHGBQD-UHFFFAOYSA-N", "composition": 1, "adsorption": 0.316163}]}, {"pressure": 0.77095, "total_adsorption": 0.534356, "species_data": [{"InChIKey": "VNWKTOKETHGBQD-UHFFFAOYSA-N", "composition": 1, "adsorption": 0.534356}]}, {"pressure": 1.3743, "total_adsorption": 0.842828, "species_data": [{"InChIKey": "VNWKTOKETHGBQD-UHFFFAOYSA-N", "composition": 1, "adsorption": 0.842828}]}, {"pressure": 1.84358, "total_adsorption": 1.06852, "species_data": [{"InChIKey": "VNWKTOKETHGBQD-UHFFFAOYSA-N", "composition": 1, "adsorption": 1.06852}]}, {"pressure": 2.89944, "total_adsorption": 1.45957, "species_data": [{"InChIKey": "VNWKTOKETHGBQD-UHFFFAOYSA-N", "composition": 1, "adsorption": 1.45957}]}, {"pressure": 3.88827, "total_adsorption": 1.72261, "species_data": [{"InChIKey": "VNWKTOKETHGBQD-UHFFFAOYSA-N", "composition": 1, "adsorption": 1.72261}]}, {"pressure": 4.91061, "total_adsorption": 1.97055, "species_data": [{"InChIKey": "VNWKTOKETHGBQD-UHFFFAOYSA-N", "composition": 1, "adsorption": 1.97055}]}, {"pressure": 5.78212, "total_adsorption": 2.13573, "species_data": [{"InChIKey": "VNWKTOKETHGBQD-UHFFFAOYSA-N", "composition": 1, "adsorption": 2.13573}]}, {"pressure": 6.82123, "total_adsorption": 2.3008, "species_data": [{"InChIKey": "VNWKTOKETHGBQD-UHFFFAOYSA-N", "composition": 1, "adsorption": 2.3008}]}, {"pressure": 7.84358, "total_adsorption": 2.45082, "species_data": [{"InChIKey": "VNWKTOKETHGBQD-UHFFFAOYSA-N", "composition": 1, "adsorption": 2.45082}]}, {"pressure": 8.8324, "total_adsorption": 2.54059, "species_data": [{"InChIKey": "VNWKTOKETHGBQD-UHFFFAOYSA-N", "composition": 1, "adsorption": 2.54059}]}, {"pressure": 9.77095, "total_adsorption": 2.66053, "species_data": [{"InChIKey": "VNWKTOKETHGBQD-UHFFFAOYSA-N", "composition": 1, "adsorption": 2.66053}]}]}