{"isotherm_data":[{"pressure":1.2e-8,"total_adsorption":0.0872525,"species_data":[{"composition":1,"adsorption":0.0872525,"InChIKey":"VNWKTOKETHGBQD-UHFFFAOYSA-N"}]},{"pressure":4.25e-8,"total_adsorption":0.224546,"species_data":[{"composition":1,"adsorption":0.224546,"InChIKey":"VNWKTOKETHGBQD-UHFFFAOYSA-N"}]},{"pressure":1.23e-7,"total_adsorption":2.90177,"species_data":[{"composition":1,"adsorption":2.90177,"InChIKey":"VNWKTOKETHGBQD-UHFFFAOYSA-N"}]},{"pressure":3.45e-7,"total_adsorption":3.7713,"species_data":[{"composition":1,"adsorption":3.7713,"InChIKey":"VNWKTOKETHGBQD-UHFFFAOYSA-N"}]},{"pressure":1.13e-6,"total_adsorption":3.97724,"species_data":[{"composition":1,"adsorption":3.97724,"InChIKey":"VNWKTOKETHGBQD-UHFFFAOYSA-N"}]},{"pressure":1.16e-5,"total_adsorption":4.05733,"species_data":[{"composition":1,"adsorption":4.05733,"InChIKey":"VNWKTOKETHGBQD-UHFFFAOYSA-N"}]},{"pressure":3.12e-5,"total_adsorption":4.25183,"species_data":[{"composition":1,"adsorption":4.25183,"InChIKey":"VNWKTOKETHGBQD-UHFFFAOYSA-N"}]},{"pressure":6.61e-5,"total_adsorption":5.30441,"species_data":[{"composition":1,"adsorption":5.30441,"InChIKey":"VNWKTOKETHGBQD-UHFFFAOYSA-N"}]},{"pressure":0.000216,"total_adsorption":5.64765,"species_data":[{"composition":1,"adsorption":5.64765,"InChIKey":"VNWKTOKETHGBQD-UHFFFAOYSA-N"}]},{"pressure":0.000516,"total_adsorption":5.84215,"species_data":[{"composition":1,"adsorption":5.84215,"InChIKey":"VNWKTOKETHGBQD-UHFFFAOYSA-N"}]},{"pressure":0.00138589,"total_adsorption":5.95656,"species_data":[{"composition":1,"adsorption":5.95656,"InChIKey":"VNWKTOKETHGBQD-UHFFFAOYSA-N"}]}],"temperature":77,"articleSource":"UNKNOWN","compositionType":"molefraction","adsorbates":[{"name":"Methane","InChIKey":"VNWKTOKETHGBQD-UHFFFAOYSA-N"}],"adsorptionUnits":"molecules/unitcell","date":"1000-01-01","category":"","digitizer":"UNKNOWN","pressureUnits":"bar","DOI":"10.1021/Jp010702q","adsorbent":{"name":"AlPO4-5","hashkey":"NIST-MATDB-5127072702cb25333c1d68e72c910766"},"concentrationUnits":"","filename":"10.1021Jp010702q.isotherm2","isotherm_type":""}