{"filename": "10.1021Jp061986n.Isotherm18", "DOI": "10.1021/Jp061986n", "articleSource": "UNKNOWN", "date": "1000-01-01", "digitizer": "UNKNOWN", "adsorbent": {"hashkey": "NIST-MATDB-41ede36fa7795c589a6a3d1eae23d252", "name": "Zeolite Beta"}, "adsorbates": [{"InChIKey": "BZLVMXJERCGZMT-UHFFFAOYSA-N", "name": "Methyl tertiary-butyl ether"}], "category": "", "temperature": 298, "isotherm_type": "", "adsorptionUnits": "mmol/g", "pressureUnits": "bar", "compositionType": "molefraction", "concentrationUnits": "", "isotherm_data": [{"pressure": 5.04e-07, "total_adsorption": 0.127801, "species_data": [{"InChIKey": "BZLVMXJERCGZMT-UHFFFAOYSA-N", "composition": 1, "adsorption": 0.127801}]}, {"pressure": 7.72e-07, "total_adsorption": 0.178187, "species_data": [{"InChIKey": "BZLVMXJERCGZMT-UHFFFAOYSA-N", "composition": 1, "adsorption": 0.178187}]}, {"pressure": 1.29e-06, "total_adsorption": 0.290154, "species_data": [{"InChIKey": "BZLVMXJERCGZMT-UHFFFAOYSA-N", "composition": 1, "adsorption": 0.290154}]}, {"pressure": 1.81e-06, "total_adsorption": 0.402121, "species_data": [{"InChIKey": "BZLVMXJERCGZMT-UHFFFAOYSA-N", "composition": 1, "adsorption": 0.402121}]}, {"pressure": 2.77e-06, "total_adsorption": 0.553276, "species_data": [{"InChIKey": "BZLVMXJERCGZMT-UHFFFAOYSA-N", "composition": 1, "adsorption": 0.553276}]}, {"pressure": 3.46e-06, "total_adsorption": 0.637252, "species_data": [{"InChIKey": "BZLVMXJERCGZMT-UHFFFAOYSA-N", "composition": 1, "adsorption": 0.637252}]}, {"pressure": 5.12e-06, "total_adsorption": 0.771612, "species_data": [{"InChIKey": "BZLVMXJERCGZMT-UHFFFAOYSA-N", "composition": 1, "adsorption": 0.771612}]}, {"pressure": 6.84e-06, "total_adsorption": 0.891977, "species_data": [{"InChIKey": "BZLVMXJERCGZMT-UHFFFAOYSA-N", "composition": 1, "adsorption": 0.891977}]}, {"pressure": 8.68e-06, "total_adsorption": 1.01514, "species_data": [{"InChIKey": "BZLVMXJERCGZMT-UHFFFAOYSA-N", "composition": 1, "adsorption": 1.01514}]}, {"pressure": 1.18e-05, "total_adsorption": 1.12991, "species_data": [{"InChIKey": "BZLVMXJERCGZMT-UHFFFAOYSA-N", "composition": 1, "adsorption": 1.12991}]}, {"pressure": 1.87e-05, "total_adsorption": 1.25587, "species_data": [{"InChIKey": "BZLVMXJERCGZMT-UHFFFAOYSA-N", "composition": 1, "adsorption": 1.25587}]}, {"pressure": 2.46e-05, "total_adsorption": 1.34544, "species_data": [{"InChIKey": "BZLVMXJERCGZMT-UHFFFAOYSA-N", "composition": 1, "adsorption": 1.34544}]}, {"pressure": 3.28e-05, "total_adsorption": 1.44341, "species_data": [{"InChIKey": "BZLVMXJERCGZMT-UHFFFAOYSA-N", "composition": 1, "adsorption": 1.44341}]}, {"pressure": 4.69e-05, "total_adsorption": 1.53859, "species_data": [{"InChIKey": "BZLVMXJERCGZMT-UHFFFAOYSA-N", "composition": 1, "adsorption": 1.53859}]}, {"pressure": 6.71e-05, "total_adsorption": 1.61416, "species_data": [{"InChIKey": "BZLVMXJERCGZMT-UHFFFAOYSA-N", "composition": 1, "adsorption": 1.61416}]}, {"pressure": 9.44e-05, "total_adsorption": 1.67295, "species_data": [{"InChIKey": "BZLVMXJERCGZMT-UHFFFAOYSA-N", "composition": 1, "adsorption": 1.67295}]}, {"pressure": 0.00016, "total_adsorption": 1.73173, "species_data": [{"InChIKey": "BZLVMXJERCGZMT-UHFFFAOYSA-N", "composition": 1, "adsorption": 1.73173}]}, {"pressure": 0.000258, "total_adsorption": 1.79331, "species_data": [{"InChIKey": "BZLVMXJERCGZMT-UHFFFAOYSA-N", "composition": 1, "adsorption": 1.79331}]}, {"pressure": 0.000469, "total_adsorption": 1.86049, "species_data": [{"InChIKey": "BZLVMXJERCGZMT-UHFFFAOYSA-N", "composition": 1, "adsorption": 1.86049}]}, {"pressure": 0.000822, "total_adsorption": 1.91648, "species_data": [{"InChIKey": "BZLVMXJERCGZMT-UHFFFAOYSA-N", "composition": 1, "adsorption": 1.91648}]}, {"pressure": 0.00157176, "total_adsorption": 1.94447, "species_data": [{"InChIKey": "BZLVMXJERCGZMT-UHFFFAOYSA-N", "composition": 1, "adsorption": 1.94447}]}, {"pressure": 0.00356201, "total_adsorption": 1.98366, "species_data": [{"InChIKey": "BZLVMXJERCGZMT-UHFFFAOYSA-N", "composition": 1, "adsorption": 1.98366}]}, {"pressure": 0.00807243, "total_adsorption": 2.00325, "species_data": [{"InChIKey": "BZLVMXJERCGZMT-UHFFFAOYSA-N", "composition": 1, "adsorption": 2.00325}]}, {"pressure": 0.0167997, "total_adsorption": 2.03124, "species_data": [{"InChIKey": "BZLVMXJERCGZMT-UHFFFAOYSA-N", "composition": 1, "adsorption": 2.03124}]}, {"pressure": 0.0299902, "total_adsorption": 2.02844, "species_data": [{"InChIKey": "BZLVMXJERCGZMT-UHFFFAOYSA-N", "composition": 1, "adsorption": 2.02844}]}, {"pressure": 0.0475161, "total_adsorption": 2.03124, "species_data": [{"InChIKey": "BZLVMXJERCGZMT-UHFFFAOYSA-N", "composition": 1, "adsorption": 2.03124}]}]}