{"filename": "10.1021Jp308525k.isotherm20", "DOI": "10.1021/Jp308525k", "articleSource": "UNKNOWN", "date": "1000-01-01", "digitizer": "UNKNOWN", "adsorbent": {"hashkey": "NIST-MATDB-1b85b1862d4e9cc2e0f46d0e2698ab79", "name": "MIL-53(Al)"}, "adsorbates": [{"InChIKey": "CURLTUGMZLYLDI-UHFFFAOYSA-N", "name": "Carbon Dioxide"}], "category": "", "temperature": 303, "isotherm_type": "", "adsorptionUnits": "cm3(STP)/cm3", "pressureUnits": "bar", "compositionType": "molefraction", "concentrationUnits": "", "isotherm_data": [{"pressure": 0.703463, "total_adsorption": 1.84522, "species_data": [{"InChIKey": "CURLTUGMZLYLDI-UHFFFAOYSA-N", "composition": 1, "adsorption": 1.84522}]}, {"pressure": 2.11191, "total_adsorption": 2.23959, "species_data": [{"InChIKey": "CURLTUGMZLYLDI-UHFFFAOYSA-N", "composition": 1, "adsorption": 2.23959}]}, {"pressure": 6.90065, "total_adsorption": 2.92973, "species_data": [{"InChIKey": "CURLTUGMZLYLDI-UHFFFAOYSA-N", "composition": 1, "adsorption": 2.92973}]}, {"pressure": 7.74572, "total_adsorption": 3.39452, "species_data": [{"InChIKey": "CURLTUGMZLYLDI-UHFFFAOYSA-N", "composition": 1, "adsorption": 3.39452}]}, {"pressure": 8.16825, "total_adsorption": 3.5917, "species_data": [{"InChIKey": "CURLTUGMZLYLDI-UHFFFAOYSA-N", "composition": 1, "adsorption": 3.5917}]}, {"pressure": 12.2528, "total_adsorption": 4.39452, "species_data": [{"InChIKey": "CURLTUGMZLYLDI-UHFFFAOYSA-N", "composition": 1, "adsorption": 4.39452}]}, {"pressure": 14.3654, "total_adsorption": 4.54945, "species_data": [{"InChIKey": "CURLTUGMZLYLDI-UHFFFAOYSA-N", "composition": 1, "adsorption": 4.54945}]}, {"pressure": 18.0274, "total_adsorption": 4.80297, "species_data": [{"InChIKey": "CURLTUGMZLYLDI-UHFFFAOYSA-N", "composition": 1, "adsorption": 4.80297}]}, {"pressure": 21.4781, "total_adsorption": 4.92973, "species_data": [{"InChIKey": "CURLTUGMZLYLDI-UHFFFAOYSA-N", "composition": 1, "adsorption": 4.92973}]}, {"pressure": 24.9288, "total_adsorption": 5.08466, "species_data": [{"InChIKey": "CURLTUGMZLYLDI-UHFFFAOYSA-N", "composition": 1, "adsorption": 5.08466}]}, {"pressure": 27.7457, "total_adsorption": 5.16917, "species_data": [{"InChIKey": "CURLTUGMZLYLDI-UHFFFAOYSA-N", "composition": 1, "adsorption": 5.16917}]}, {"pressure": 30.2809, "total_adsorption": 5.25367, "species_data": [{"InChIKey": "CURLTUGMZLYLDI-UHFFFAOYSA-N", "composition": 1, "adsorption": 5.25367}]}, {"pressure": 31.3373, "total_adsorption": 5.28184, "species_data": [{"InChIKey": "CURLTUGMZLYLDI-UHFFFAOYSA-N", "composition": 1, "adsorption": 5.28184}]}]}