{"filename": "10.1021Jp902520p.isotherm3", "DOI": "10.1021/Jp902520p", "articleSource": "UNKNOWN", "date": "1000-01-01", "digitizer": "UNKNOWN", "adsorbent": {"hashkey": "NIST-MATDB-32fed4a4e6dbda973a9ccc13f93f6d82", "name": "Zeolite NaA-4"}, "adsorbates": [{"InChIKey": "XLYOFNOQVPJJNP-UHFFFAOYSA-N", "name": "Water"}], "category": "", "temperature": 378, "isotherm_type": "", "adsorptionUnits": "Molecules Adsorbed", "pressureUnits": "bar", "compositionType": "molefraction", "concentrationUnits": "", "isotherm_data": [{"pressure": 1.02e-05, "total_adsorption": 1.24843, "species_data": [{"InChIKey": "XLYOFNOQVPJJNP-UHFFFAOYSA-N", "composition": 1, "adsorption": 1.24843}]}, {"pressure": 9.58e-05, "total_adsorption": 6.05515, "species_data": [{"InChIKey": "XLYOFNOQVPJJNP-UHFFFAOYSA-N", "composition": 1, "adsorption": 6.05515}]}, {"pressure": 0.00107185, "total_adsorption": 25.719, "species_data": [{"InChIKey": "XLYOFNOQVPJJNP-UHFFFAOYSA-N", "composition": 1, "adsorption": 25.719}]}, {"pressure": 0.0105743, "total_adsorption": 64.1728, "species_data": [{"InChIKey": "XLYOFNOQVPJJNP-UHFFFAOYSA-N", "composition": 1, "adsorption": 64.1728}]}, {"pressure": 0.106978, "total_adsorption": 117.921, "species_data": [{"InChIKey": "XLYOFNOQVPJJNP-UHFFFAOYSA-N", "composition": 1, "adsorption": 117.921}]}, {"pressure": 1.0036, "total_adsorption": 161.618, "species_data": [{"InChIKey": "XLYOFNOQVPJJNP-UHFFFAOYSA-N", "composition": 1, "adsorption": 161.618}]}]}