{"filename": "10.1021Jp064971y.isotherm72", "DOI": "10.1021/Jp064971y", "articleSource": "UNKNOWN", "date": "1000-01-01", "digitizer": "UNKNOWN", "adsorbent": {"hashkey": "NIST-MATDB-035dc75dddd00241bd76627f78cbef2d", "name": "Zeolite 5A"}, "adsorbates": [{"InChIKey": "DIOQZVSQGTUSAI-UHFFFAOYSA-N", "name": "N-decane"}], "category": "", "temperature": 589, "isotherm_type": "", "adsorptionUnits": "molecules/cavity", "pressureUnits": "bar", "compositionType": "molefraction", "concentrationUnits": "", "isotherm_data": [{"pressure": 0.00706724, "total_adsorption": 0.735242, "species_data": [{"InChIKey": "DIOQZVSQGTUSAI-UHFFFAOYSA-N", "composition": 1, "adsorption": 0.735242}]}, {"pressure": 0.0152424, "total_adsorption": 0.8282, "species_data": [{"InChIKey": "DIOQZVSQGTUSAI-UHFFFAOYSA-N", "composition": 1, "adsorption": 0.8282}]}, {"pressure": 0.0643287, "total_adsorption": 0.946509, "species_data": [{"InChIKey": "DIOQZVSQGTUSAI-UHFFFAOYSA-N", "composition": 1, "adsorption": 0.946509}]}, {"pressure": 0.180423, "total_adsorption": 1.08172, "species_data": [{"InChIKey": "DIOQZVSQGTUSAI-UHFFFAOYSA-N", "composition": 1, "adsorption": 1.08172}]}, {"pressure": 0.416555, "total_adsorption": 1.23383, "species_data": [{"InChIKey": "DIOQZVSQGTUSAI-UHFFFAOYSA-N", "composition": 1, "adsorption": 1.23383}]}]}