{"filename": "10.1021Jp103785u.isotherm4e", "DOI": "10.1021/Jp103785u", "articleSource": "UNKNOWN", "date": "1000-01-01", "digitizer": "UNKNOWN", "adsorbent": {"hashkey": "NIST-MATDB-89e81937227ff55fd71de86adb493b79", "name": "ZIF-79"}, "adsorbates": [{"InChIKey": "UFHFLCQGNIYNRP-UHFFFAOYSA-N", "name": "Hydrogen"}], "category": "", "temperature": 300, "isotherm_type": "", "adsorptionUnits": "wt%", "pressureUnits": "bar", "compositionType": "molefraction", "concentrationUnits": "", "isotherm_data": [{"pressure": 6.11703, "total_adsorption": 0.0657701, "species_data": [{"InChIKey": "UFHFLCQGNIYNRP-UHFFFAOYSA-N", "composition": 1, "adsorption": 0.0657701}]}, {"pressure": 11.021, "total_adsorption": 0.111113, "species_data": [{"InChIKey": "UFHFLCQGNIYNRP-UHFFFAOYSA-N", "composition": 1, "adsorption": 0.111113}]}, {"pressure": 22.0235, "total_adsorption": 0.199499, "species_data": [{"InChIKey": "UFHFLCQGNIYNRP-UHFFFAOYSA-N", "composition": 1, "adsorption": 0.199499}]}, {"pressure": 32.5099, "total_adsorption": 0.276534, "species_data": [{"InChIKey": "UFHFLCQGNIYNRP-UHFFFAOYSA-N", "composition": 1, "adsorption": 0.276534}]}, {"pressure": 43.8074, "total_adsorption": 0.35355, "species_data": [{"InChIKey": "UFHFLCQGNIYNRP-UHFFFAOYSA-N", "composition": 1, "adsorption": 0.35355}]}, {"pressure": 54.2274, "total_adsorption": 0.423768, "species_data": [{"InChIKey": "UFHFLCQGNIYNRP-UHFFFAOYSA-N", "composition": 1, "adsorption": 0.423768}]}, {"pressure": 65.075, "total_adsorption": 0.496248, "species_data": [{"InChIKey": "UFHFLCQGNIYNRP-UHFFFAOYSA-N", "composition": 1, "adsorption": 0.496248}]}, {"pressure": 75.248, "total_adsorption": 0.561926, "species_data": [{"InChIKey": "UFHFLCQGNIYNRP-UHFFFAOYSA-N", "composition": 1, "adsorption": 0.561926}]}, {"pressure": 86.0072, "total_adsorption": 0.625318, "species_data": [{"InChIKey": "UFHFLCQGNIYNRP-UHFFFAOYSA-N", "composition": 1, "adsorption": 0.625318}]}, {"pressure": 96.5414, "total_adsorption": 0.686442, "species_data": [{"InChIKey": "UFHFLCQGNIYNRP-UHFFFAOYSA-N", "composition": 1, "adsorption": 0.686442}]}, {"pressure": 106.965, "total_adsorption": 0.736205, "species_data": [{"InChIKey": "UFHFLCQGNIYNRP-UHFFFAOYSA-N", "composition": 1, "adsorption": 0.736205}]}]}