{"filename": "10.1021Jp901988e.isotherm22", "DOI": "10.1021/Jp901988e", "articleSource": "UNKNOWN", "date": "1000-01-01", "digitizer": "UNKNOWN", "adsorbent": {"hashkey": "NIST-MATDB-2c9380bddc59f547484ff729eab7d7cb", "name": "IRMOF-1"}, "adsorbates": [{"InChIKey": "UFHFLCQGNIYNRP-UHFFFAOYSA-N", "name": "Hydrogen"}], "category": "", "temperature": 125, "isotherm_type": "", "adsorptionUnits": "wt%", "pressureUnits": "bar", "compositionType": "molefraction", "concentrationUnits": "", "isotherm_data": [{"pressure": 1.11275, "total_adsorption": 0.102374, "species_data": [{"InChIKey": "UFHFLCQGNIYNRP-UHFFFAOYSA-N", "composition": 1, "adsorption": 0.102374}]}, {"pressure": 4.37914, "total_adsorption": 0.504391, "species_data": [{"InChIKey": "UFHFLCQGNIYNRP-UHFFFAOYSA-N", "composition": 1, "adsorption": 0.504391}]}, {"pressure": 9.34972, "total_adsorption": 0.976324, "species_data": [{"InChIKey": "UFHFLCQGNIYNRP-UHFFFAOYSA-N", "composition": 1, "adsorption": 0.976324}]}, {"pressure": 14.7464, "total_adsorption": 1.37834, "species_data": [{"InChIKey": "UFHFLCQGNIYNRP-UHFFFAOYSA-N", "composition": 1, "adsorption": 1.37834}]}, {"pressure": 22.1312, "total_adsorption": 1.79784, "species_data": [{"InChIKey": "UFHFLCQGNIYNRP-UHFFFAOYSA-N", "composition": 1, "adsorption": 1.79784}]}, {"pressure": 30.2262, "total_adsorption": 2.14742, "species_data": [{"InChIKey": "UFHFLCQGNIYNRP-UHFFFAOYSA-N", "composition": 1, "adsorption": 2.14742}]}, {"pressure": 37.6111, "total_adsorption": 2.37464, "species_data": [{"InChIKey": "UFHFLCQGNIYNRP-UHFFFAOYSA-N", "composition": 1, "adsorption": 2.37464}]}, {"pressure": 45.138, "total_adsorption": 2.58439, "species_data": [{"InChIKey": "UFHFLCQGNIYNRP-UHFFFAOYSA-N", "composition": 1, "adsorption": 2.58439}]}, {"pressure": 52.8069, "total_adsorption": 2.7417, "species_data": [{"InChIKey": "UFHFLCQGNIYNRP-UHFFFAOYSA-N", "composition": 1, "adsorption": 2.7417}]}, {"pressure": 58.2035, "total_adsorption": 2.79414, "species_data": [{"InChIKey": "UFHFLCQGNIYNRP-UHFFFAOYSA-N", "composition": 1, "adsorption": 2.79414}]}, {"pressure": 62.038, "total_adsorption": 2.81162, "species_data": [{"InChIKey": "UFHFLCQGNIYNRP-UHFFFAOYSA-N", "composition": 1, "adsorption": 2.81162}]}]}