{"isotherm_data":[{"pressure":0.320513,"total_adsorption":20.6612,"species_data":[{"composition":1,"adsorption":20.6612,"InChIKey":"CURLTUGMZLYLDI-UHFFFAOYSA-N"}]},{"pressure":0.854701,"total_adsorption":55.0964,"species_data":[{"composition":1,"adsorption":55.0964,"InChIKey":"CURLTUGMZLYLDI-UHFFFAOYSA-N"}]},{"pressure":3.73932,"total_adsorption":154.27,"species_data":[{"composition":1,"adsorption":154.27,"InChIKey":"CURLTUGMZLYLDI-UHFFFAOYSA-N"}]},{"pressure":5.12821,"total_adsorption":166.667,"species_data":[{"composition":1,"adsorption":166.667,"InChIKey":"CURLTUGMZLYLDI-UHFFFAOYSA-N"}]},{"pressure":5.98291,"total_adsorption":194.215,"species_data":[{"composition":1,"adsorption":194.215,"InChIKey":"CURLTUGMZLYLDI-UHFFFAOYSA-N"}]},{"pressure":10.4701,"total_adsorption":246.556,"species_data":[{"composition":1,"adsorption":246.556,"InChIKey":"CURLTUGMZLYLDI-UHFFFAOYSA-N"}]},{"pressure":16.5598,"total_adsorption":301.653,"species_data":[{"composition":1,"adsorption":301.653,"InChIKey":"CURLTUGMZLYLDI-UHFFFAOYSA-N"}]},{"pressure":25.8547,"total_adsorption":355.372,"species_data":[{"composition":1,"adsorption":355.372,"InChIKey":"CURLTUGMZLYLDI-UHFFFAOYSA-N"}]},{"pressure":35.8974,"total_adsorption":407.713,"species_data":[{"composition":1,"adsorption":407.713,"InChIKey":"CURLTUGMZLYLDI-UHFFFAOYSA-N"}]},{"pressure":38.8889,"total_adsorption":424.242,"species_data":[{"composition":1,"adsorption":424.242,"InChIKey":"CURLTUGMZLYLDI-UHFFFAOYSA-N"}]},{"pressure":40.2778,"total_adsorption":428.375,"species_data":[{"composition":1,"adsorption":428.375,"InChIKey":"CURLTUGMZLYLDI-UHFFFAOYSA-N"}]}],"temperature":298,"articleSource":"UNKNOWN","compositionType":"molefraction","adsorbates":[{"name":"Carbon Dioxide","InChIKey":"CURLTUGMZLYLDI-UHFFFAOYSA-N"}],"adsorptionUnits":"cm3(STP)/g","date":"1000-01-01","category":"","digitizer":"UNKNOWN","pressureUnits":"bar","DOI":"10.1039/C1cc11618e","adsorbent":{"name":"VR-93","hashkey":"NIST-MATDB-51a7184a28579f2e3fa6afe5f57affdd"},"concentrationUnits":"","filename":"10.1039C1cc11618e.Isotherm16","isotherm_type":""}