{"isotherm_data":[{"pressure":9.0e-5,"total_adsorption":0.464265,"species_data":[{"composition":1,"adsorption":0.464265,"InChIKey":"XLYOFNOQVPJJNP-UHFFFAOYSA-N"}]},{"pressure":0.000226,"total_adsorption":0.556572,"species_data":[{"composition":1,"adsorption":0.556572,"InChIKey":"XLYOFNOQVPJJNP-UHFFFAOYSA-N"}]},{"pressure":0.002533,"total_adsorption":1.01053,"species_data":[{"composition":1,"adsorption":1.01053,"InChIKey":"XLYOFNOQVPJJNP-UHFFFAOYSA-N"}]},{"pressure":0.003619,"total_adsorption":0.726676,"species_data":[{"composition":1,"adsorption":0.726676,"InChIKey":"XLYOFNOQVPJJNP-UHFFFAOYSA-N"}]},{"pressure":0.004117,"total_adsorption":1.09611,"species_data":[{"composition":1,"adsorption":1.09611,"InChIKey":"XLYOFNOQVPJJNP-UHFFFAOYSA-N"}]},{"pressure":0.005972,"total_adsorption":0.994554,"species_data":[{"composition":1,"adsorption":0.994554,"InChIKey":"XLYOFNOQVPJJNP-UHFFFAOYSA-N"}]},{"pressure":0.006921,"total_adsorption":1.73364,"species_data":[{"composition":1,"adsorption":1.73364,"InChIKey":"XLYOFNOQVPJJNP-UHFFFAOYSA-N"}]},{"pressure":0.008189,"total_adsorption":1.26306,"species_data":[{"composition":1,"adsorption":1.26306,"InChIKey":"XLYOFNOQVPJJNP-UHFFFAOYSA-N"}]},{"pressure":0.011175,"total_adsorption":2.08562,"species_data":[{"composition":1,"adsorption":2.08562,"InChIKey":"XLYOFNOQVPJJNP-UHFFFAOYSA-N"}]},{"pressure":0.011761,"total_adsorption":4.59219,"species_data":[{"composition":1,"adsorption":4.59219,"InChIKey":"XLYOFNOQVPJJNP-UHFFFAOYSA-N"}]},{"pressure":0.012667,"total_adsorption":3.10099,"species_data":[{"composition":1,"adsorption":3.10099,"InChIKey":"XLYOFNOQVPJJNP-UHFFFAOYSA-N"}]},{"pressure":0.013886,"total_adsorption":5.88343,"species_data":[{"composition":1,"adsorption":5.88343,"InChIKey":"XLYOFNOQVPJJNP-UHFFFAOYSA-N"}]},{"pressure":0.013923,"total_adsorption":14.8052,"species_data":[{"composition":1,"adsorption":14.8052,"InChIKey":"XLYOFNOQVPJJNP-UHFFFAOYSA-N"}]},{"pressure":0.01497,"total_adsorption":8.20181,"species_data":[{"composition":1,"adsorption":8.20181,"InChIKey":"XLYOFNOQVPJJNP-UHFFFAOYSA-N"}]},{"pressure":0.015137,"total_adsorption":23.3497,"species_data":[{"composition":1,"adsorption":23.3497,"InChIKey":"XLYOFNOQVPJJNP-UHFFFAOYSA-N"}]},{"pressure":0.015421,"total_adsorption":9.87258,"species_data":[{"composition":1,"adsorption":9.87258,"InChIKey":"XLYOFNOQVPJJNP-UHFFFAOYSA-N"}]},{"pressure":0.016096,"total_adsorption":13.494,"species_data":[{"composition":1,"adsorption":13.494,"InChIKey":"XLYOFNOQVPJJNP-UHFFFAOYSA-N"}]},{"pressure":0.0165,"total_adsorption":17.4884,"species_data":[{"composition":1,"adsorption":17.4884,"InChIKey":"XLYOFNOQVPJJNP-UHFFFAOYSA-N"}]},{"pressure":0.017253,"total_adsorption":35.7934,"species_data":[{"composition":1,"adsorption":35.7934,"InChIKey":"XLYOFNOQVPJJNP-UHFFFAOYSA-N"}]},{"pressure":0.017397,"total_adsorption":26.4991,"species_data":[{"composition":1,"adsorption":26.4991,"InChIKey":"XLYOFNOQVPJJNP-UHFFFAOYSA-N"}]},{"pressure":0.01815,"total_adsorption":43.7818,"species_data":[{"composition":1,"adsorption":43.7818,"InChIKey":"XLYOFNOQVPJJNP-UHFFFAOYSA-N"}]},{"pressure":0.018521,"total_adsorption":34.1147,"species_data":[{"composition":1,"adsorption":34.1147,"InChIKey":"XLYOFNOQVPJJNP-UHFFFAOYSA-N"}]},{"pressure":0.019327,"total_adsorption":43.5905,"species_data":[{"composition":1,"adsorption":43.5905,"InChIKey":"XLYOFNOQVPJJNP-UHFFFAOYSA-N"}]},{"pressure":0.01945,"total_adsorption":57.3446,"species_data":[{"composition":1,"adsorption":57.3446,"InChIKey":"XLYOFNOQVPJJNP-UHFFFAOYSA-N"}]},{"pressure":0.019682,"total_adsorption":51.7673,"species_data":[{"composition":1,"adsorption":51.7673,"InChIKey":"XLYOFNOQVPJJNP-UHFFFAOYSA-N"}]}],"temperature":291,"articleSource":"Figure 1c","compositionType":"molefraction","adsorbates":[{"name":"Water","InChIKey":"XLYOFNOQVPJJNP-UHFFFAOYSA-N"}],"adsorptionUnits":"mmol/g","date":"2016-06-24","category":"exp","digitizer":"David A. Anderegg","pressureUnits":"bar","DOI":"10.1016/s0021-8502(03)00366-5","adsorbent":{"name":"Palas Soot","hashkey":"NIST-MATDB-dc246bfda91dde8bcddcdeeada8f70c5"},"concentrationUnits":"","filename":"10.1016s0021-8502(03)00366-5.Isotherm6","isotherm_type":""}