{"filename": "10.10631.2759896.isotherm11", "DOI": "10.1063/1.2759896", "articleSource": "UNKNOWN", "date": "1000-01-01", "digitizer": "UNKNOWN", "adsorbent": {"hashkey": "NIST-MATDB-0d52b4312e8dd98a53fcfaba14cd0e82", "name": "ZSM-5"}, "adsorbates": [{"InChIKey": "XSTXAVWGXDQKEL-UHFFFAOYSA-N", "name": "1,1,2-Trichloroethene"}], "category": "", "temperature": 348, "isotherm_type": "", "adsorptionUnits": "molecules/unitcell", "pressureUnits": "bar", "compositionType": "molefraction", "concentrationUnits": "", "isotherm_data": [{"pressure": 0.0787133, "total_adsorption": 1.52629, "species_data": [{"InChIKey": "XSTXAVWGXDQKEL-UHFFFAOYSA-N", "composition": 1, "adsorption": 1.52629}]}, {"pressure": 0.102309, "total_adsorption": 2.18175, "species_data": [{"InChIKey": "XSTXAVWGXDQKEL-UHFFFAOYSA-N", "composition": 1, "adsorption": 2.18175}]}, {"pressure": 0.126184, "total_adsorption": 2.66242, "species_data": [{"InChIKey": "XSTXAVWGXDQKEL-UHFFFAOYSA-N", "composition": 1, "adsorption": 2.66242}]}, {"pressure": 0.154278, "total_adsorption": 3.25234, "species_data": [{"InChIKey": "XSTXAVWGXDQKEL-UHFFFAOYSA-N", "composition": 1, "adsorption": 3.25234}]}, {"pressure": 0.205852, "total_adsorption": 4.03889, "species_data": [{"InChIKey": "XSTXAVWGXDQKEL-UHFFFAOYSA-N", "composition": 1, "adsorption": 4.03889}]}, {"pressure": 0.274667, "total_adsorption": 4.89099, "species_data": [{"InChIKey": "XSTXAVWGXDQKEL-UHFFFAOYSA-N", "composition": 1, "adsorption": 4.89099}]}, {"pressure": 0.360137, "total_adsorption": 5.67755, "species_data": [{"InChIKey": "XSTXAVWGXDQKEL-UHFFFAOYSA-N", "composition": 1, "adsorption": 5.67755}]}]}