{"filename": "10.1039C3ee24506c.isotherm46", "DOI": "10.1039/C3ee24506c", "articleSource": "UNKNOWN", "date": "1000-01-01", "digitizer": "UNKNOWN", "adsorbent": {"hashkey": "NIST-MATDB-b970cc46b139824b51520d18a9b63146", "name": "NU-125"}, "adsorbates": [{"InChIKey": "CURLTUGMZLYLDI-UHFFFAOYSA-N", "name": "Carbon Dioxide"}], "category": "", "temperature": 298, "isotherm_type": "", "adsorptionUnits": "mmol/g", "pressureUnits": "bar", "compositionType": "molefraction", "concentrationUnits": "", "isotherm_data": [{"pressure": 0.194337, "total_adsorption": 0.261095, "species_data": [{"InChIKey": "CURLTUGMZLYLDI-UHFFFAOYSA-N", "composition": 1, "adsorption": 0.261095}]}, {"pressure": 0.948291, "total_adsorption": 4.28218, "species_data": [{"InChIKey": "CURLTUGMZLYLDI-UHFFFAOYSA-N", "composition": 1, "adsorption": 4.28218}]}, {"pressure": 2.59328, "total_adsorption": 8.02911, "species_data": [{"InChIKey": "CURLTUGMZLYLDI-UHFFFAOYSA-N", "composition": 1, "adsorption": 8.02911}]}, {"pressure": 4.7866, "total_adsorption": 11.9588, "species_data": [{"InChIKey": "CURLTUGMZLYLDI-UHFFFAOYSA-N", "composition": 1, "adsorption": 11.9588}]}, {"pressure": 7.25409, "total_adsorption": 14.6091, "species_data": [{"InChIKey": "CURLTUGMZLYLDI-UHFFFAOYSA-N", "composition": 1, "adsorption": 14.6091}]}, {"pressure": 10.8182, "total_adsorption": 17.5335, "species_data": [{"InChIKey": "CURLTUGMZLYLDI-UHFFFAOYSA-N", "composition": 1, "adsorption": 17.5335}]}, {"pressure": 14.3824, "total_adsorption": 19.4527, "species_data": [{"InChIKey": "CURLTUGMZLYLDI-UHFFFAOYSA-N", "composition": 1, "adsorption": 19.4527}]}, {"pressure": 19.4544, "total_adsorption": 21.646, "species_data": [{"InChIKey": "CURLTUGMZLYLDI-UHFFFAOYSA-N", "composition": 1, "adsorption": 21.646}]}, {"pressure": 25.8973, "total_adsorption": 23.0168, "species_data": [{"InChIKey": "CURLTUGMZLYLDI-UHFFFAOYSA-N", "composition": 1, "adsorption": 23.0168}]}, {"pressure": 29.8042, "total_adsorption": 23.5651, "species_data": [{"InChIKey": "CURLTUGMZLYLDI-UHFFFAOYSA-N", "composition": 1, "adsorption": 23.5651}]}, {"pressure": 30.9694, "total_adsorption": 23.6565, "species_data": [{"InChIKey": "CURLTUGMZLYLDI-UHFFFAOYSA-N", "composition": 1, "adsorption": 23.6565}]}]}