{"filename": "10.1002anie.200901964.Isotherm1", "DOI": "10.1002/anie.200901964", "articleSource": "UNKNOWN", "date": "1000-01-01", "digitizer": "UNKNOWN", "adsorbent": {"hashkey": "NIST-MATDB-a859972d39d94825589fdca073105098", "name": "MCF-19"}, "adsorbates": [{"InChIKey": "IJGRMHOSHXDMSA-UHFFFAOYSA-N", "name": "Nitrogen"}], "category": "", "temperature": 77, "isotherm_type": "", "adsorptionUnits": "cm3(STP)/g", "pressureUnits": "bar", "compositionType": "molefraction", "concentrationUnits": "", "isotherm_data": [{"pressure": 0.00204918, "total_adsorption": 0.00204918, "species_data": [{"InChIKey": "IJGRMHOSHXDMSA-UHFFFAOYSA-N", "composition": 1, "adsorption": 0.00204918}]}, {"pressure": 0.00409836, "total_adsorption": 34.391, "species_data": [{"InChIKey": "IJGRMHOSHXDMSA-UHFFFAOYSA-N", "composition": 1, "adsorption": 34.391}]}, {"pressure": 0.00614754, "total_adsorption": 385.111, "species_data": [{"InChIKey": "IJGRMHOSHXDMSA-UHFFFAOYSA-N", "composition": 1, "adsorption": 385.111}]}, {"pressure": 0.0204918, "total_adsorption": 520.952, "species_data": [{"InChIKey": "IJGRMHOSHXDMSA-UHFFFAOYSA-N", "composition": 1, "adsorption": 520.952}]}, {"pressure": 0.0471311, "total_adsorption": 550.224, "species_data": [{"InChIKey": "IJGRMHOSHXDMSA-UHFFFAOYSA-N", "composition": 1, "adsorption": 550.224}]}, {"pressure": 0.0717213, "total_adsorption": 564.02, "species_data": [{"InChIKey": "IJGRMHOSHXDMSA-UHFFFAOYSA-N", "composition": 1, "adsorption": 564.02}]}, {"pressure": 0.0963115, "total_adsorption": 572.658, "species_data": [{"InChIKey": "IJGRMHOSHXDMSA-UHFFFAOYSA-N", "composition": 1, "adsorption": 572.658}]}, {"pressure": 0.116803, "total_adsorption": 579.57, "species_data": [{"InChIKey": "IJGRMHOSHXDMSA-UHFFFAOYSA-N", "composition": 1, "adsorption": 579.57}]}, {"pressure": 0.139344, "total_adsorption": 584.767, "species_data": [{"InChIKey": "IJGRMHOSHXDMSA-UHFFFAOYSA-N", "composition": 1, "adsorption": 584.767}]}, {"pressure": 0.17418, "total_adsorption": 589.984, "species_data": [{"InChIKey": "IJGRMHOSHXDMSA-UHFFFAOYSA-N", "composition": 1, "adsorption": 589.984}]}, {"pressure": 0.219262, "total_adsorption": 595.219, "species_data": [{"InChIKey": "IJGRMHOSHXDMSA-UHFFFAOYSA-N", "composition": 1, "adsorption": 595.219}]}, {"pressure": 0.272541, "total_adsorption": 600.469, "species_data": [{"InChIKey": "IJGRMHOSHXDMSA-UHFFFAOYSA-N", "composition": 1, "adsorption": 600.469}]}, {"pressure": 0.307377, "total_adsorption": 600.528, "species_data": [{"InChIKey": "IJGRMHOSHXDMSA-UHFFFAOYSA-N", "composition": 1, "adsorption": 600.528}]}, {"pressure": 0.358607, "total_adsorption": 602.336, "species_data": [{"InChIKey": "IJGRMHOSHXDMSA-UHFFFAOYSA-N", "composition": 1, "adsorption": 602.336}]}, {"pressure": 0.407787, "total_adsorption": 604.139, "species_data": [{"InChIKey": "IJGRMHOSHXDMSA-UHFFFAOYSA-N", "composition": 1, "adsorption": 604.139}]}, {"pressure": 0.456967, "total_adsorption": 607.662, "species_data": [{"InChIKey": "IJGRMHOSHXDMSA-UHFFFAOYSA-N", "composition": 1, "adsorption": 607.662}]}, {"pressure": 0.512295, "total_adsorption": 606.038, "species_data": [{"InChIKey": "IJGRMHOSHXDMSA-UHFFFAOYSA-N", "composition": 1, "adsorption": 606.038}]}, {"pressure": 0.563525, "total_adsorption": 606.126, "species_data": [{"InChIKey": "IJGRMHOSHXDMSA-UHFFFAOYSA-N", "composition": 1, "adsorption": 606.126}]}, {"pressure": 0.612705, "total_adsorption": 609.649, "species_data": [{"InChIKey": "IJGRMHOSHXDMSA-UHFFFAOYSA-N", "composition": 1, "adsorption": 609.649}]}, {"pressure": 0.67623, "total_adsorption": 611.478, "species_data": [{"InChIKey": "IJGRMHOSHXDMSA-UHFFFAOYSA-N", "composition": 1, "adsorption": 611.478}]}, {"pressure": 0.711066, "total_adsorption": 609.818, "species_data": [{"InChIKey": "IJGRMHOSHXDMSA-UHFFFAOYSA-N", "composition": 1, "adsorption": 609.818}]}, {"pressure": 0.766393, "total_adsorption": 611.633, "species_data": [{"InChIKey": "IJGRMHOSHXDMSA-UHFFFAOYSA-N", "composition": 1, "adsorption": 611.633}]}, {"pressure": 0.813525, "total_adsorption": 613.433, "species_data": [{"InChIKey": "IJGRMHOSHXDMSA-UHFFFAOYSA-N", "composition": 1, "adsorption": 613.433}]}, {"pressure": 0.864754, "total_adsorption": 610.083, "species_data": [{"InChIKey": "IJGRMHOSHXDMSA-UHFFFAOYSA-N", "composition": 1, "adsorption": 610.083}]}, {"pressure": 0.915984, "total_adsorption": 615.328, "species_data": [{"InChIKey": "IJGRMHOSHXDMSA-UHFFFAOYSA-N", "composition": 1, "adsorption": 615.328}]}, {"pressure": 0.965164, "total_adsorption": 617.132, "species_data": [{"InChIKey": "IJGRMHOSHXDMSA-UHFFFAOYSA-N", "composition": 1, "adsorption": 617.132}]}, {"pressure": 0.983607, "total_adsorption": 615.445, "species_data": [{"InChIKey": "IJGRMHOSHXDMSA-UHFFFAOYSA-N", "composition": 1, "adsorption": 615.445}]}, {"pressure": 1.0082, "total_adsorption": 613.768, "species_data": [{"InChIKey": "IJGRMHOSHXDMSA-UHFFFAOYSA-N", "composition": 1, "adsorption": 613.768}]}]}