{"filename": "10.1039C1ce06138k.Isotherm4", "DOI": "10.1039/C1ce06138k", "articleSource": "UNKNOWN", "date": "1000-01-01", "digitizer": "UNKNOWN", "adsorbent": {"hashkey": "NIST-MATDB-33f5bd6b2b28ce2ba811b38b6b6a87e3", "name": "MIL-101-A6"}, "adsorbates": [{"InChIKey": "IJGRMHOSHXDMSA-UHFFFAOYSA-N", "name": "Nitrogen"}], "category": "", "temperature": 77, "isotherm_type": "", "adsorptionUnits": "cm3(STP)/g", "pressureUnits": "bar", "compositionType": "molefraction", "concentrationUnits": "", "isotherm_data": [{"pressure": 0.00868398, "total_adsorption": 402.978, "species_data": [{"InChIKey": "IJGRMHOSHXDMSA-UHFFFAOYSA-N", "composition": 1, "adsorption": 402.978}]}, {"pressure": 0.0347359, "total_adsorption": 436.01, "species_data": [{"InChIKey": "IJGRMHOSHXDMSA-UHFFFAOYSA-N", "composition": 1, "adsorption": 436.01}]}, {"pressure": 0.0738138, "total_adsorption": 453.931, "species_data": [{"InChIKey": "IJGRMHOSHXDMSA-UHFFFAOYSA-N", "composition": 1, "adsorption": 453.931}]}, {"pressure": 0.104208, "total_adsorption": 468.873, "species_data": [{"InChIKey": "IJGRMHOSHXDMSA-UHFFFAOYSA-N", "composition": 1, "adsorption": 468.873}]}, {"pressure": 0.160654, "total_adsorption": 483.715, "species_data": [{"InChIKey": "IJGRMHOSHXDMSA-UHFFFAOYSA-N", "composition": 1, "adsorption": 483.715}]}, {"pressure": 0.182364, "total_adsorption": 492.667, "species_data": [{"InChIKey": "IJGRMHOSHXDMSA-UHFFFAOYSA-N", "composition": 1, "adsorption": 492.667}]}, {"pressure": 0.221441, "total_adsorption": 495.527, "species_data": [{"InChIKey": "IJGRMHOSHXDMSA-UHFFFAOYSA-N", "composition": 1, "adsorption": 495.527}]}, {"pressure": 0.269203, "total_adsorption": 507.39, "species_data": [{"InChIKey": "IJGRMHOSHXDMSA-UHFFFAOYSA-N", "composition": 1, "adsorption": 507.39}]}, {"pressure": 0.321307, "total_adsorption": 510.201, "species_data": [{"InChIKey": "IJGRMHOSHXDMSA-UHFFFAOYSA-N", "composition": 1, "adsorption": 510.201}]}, {"pressure": 0.408147, "total_adsorption": 524.924, "species_data": [{"InChIKey": "IJGRMHOSHXDMSA-UHFFFAOYSA-N", "composition": 1, "adsorption": 524.924}]}, {"pressure": 0.460251, "total_adsorption": 530.746, "species_data": [{"InChIKey": "IJGRMHOSHXDMSA-UHFFFAOYSA-N", "composition": 1, "adsorption": 530.746}]}, {"pressure": 0.508013, "total_adsorption": 533.573, "species_data": [{"InChIKey": "IJGRMHOSHXDMSA-UHFFFAOYSA-N", "composition": 1, "adsorption": 533.573}]}, {"pressure": 0.568801, "total_adsorption": 545.386, "species_data": [{"InChIKey": "IJGRMHOSHXDMSA-UHFFFAOYSA-N", "composition": 1, "adsorption": 545.386}]}, {"pressure": 0.629588, "total_adsorption": 551.175, "species_data": [{"InChIKey": "IJGRMHOSHXDMSA-UHFFFAOYSA-N", "composition": 1, "adsorption": 551.175}]}, {"pressure": 0.681692, "total_adsorption": 566.033, "species_data": [{"InChIKey": "IJGRMHOSHXDMSA-UHFFFAOYSA-N", "composition": 1, "adsorption": 566.033}]}, {"pressure": 0.777216, "total_adsorption": 595.783, "species_data": [{"InChIKey": "IJGRMHOSHXDMSA-UHFFFAOYSA-N", "composition": 1, "adsorption": 595.783}]}, {"pressure": 0.794584, "total_adsorption": 601.74, "species_data": [{"InChIKey": "IJGRMHOSHXDMSA-UHFFFAOYSA-N", "composition": 1, "adsorption": 601.74}]}, {"pressure": 0.82932, "total_adsorption": 619.678, "species_data": [{"InChIKey": "IJGRMHOSHXDMSA-UHFFFAOYSA-N", "composition": 1, "adsorption": 619.678}]}, {"pressure": 0.85103, "total_adsorption": 637.666, "species_data": [{"InChIKey": "IJGRMHOSHXDMSA-UHFFFAOYSA-N", "composition": 1, "adsorption": 637.666}]}, {"pressure": 0.87274, "total_adsorption": 655.654, "species_data": [{"InChIKey": "IJGRMHOSHXDMSA-UHFFFAOYSA-N", "composition": 1, "adsorption": 655.654}]}, {"pressure": 0.89445, "total_adsorption": 688.702, "species_data": [{"InChIKey": "IJGRMHOSHXDMSA-UHFFFAOYSA-N", "composition": 1, "adsorption": 688.702}]}, {"pressure": 0.91616, "total_adsorption": 730.787, "species_data": [{"InChIKey": "IJGRMHOSHXDMSA-UHFFFAOYSA-N", "composition": 1, "adsorption": 730.787}]}, {"pressure": 0.93787, "total_adsorption": 827.088, "species_data": [{"InChIKey": "IJGRMHOSHXDMSA-UHFFFAOYSA-N", "composition": 1, "adsorption": 827.088}]}, {"pressure": 0.946554, "total_adsorption": 854.163, "species_data": [{"InChIKey": "IJGRMHOSHXDMSA-UHFFFAOYSA-N", "composition": 1, "adsorption": 854.163}]}, {"pressure": 0.95958, "total_adsorption": 947.486, "species_data": [{"InChIKey": "IJGRMHOSHXDMSA-UHFFFAOYSA-N", "composition": 1, "adsorption": 947.486}]}]}