{"filename": "10.1016j.jcis.2010.08.048.Isotherm10", "DOI": "10.1016/j.jcis.2010.08.048", "articleSource": "Figure 5a", "date": "2016-06-14", "digitizer": "Kailey M. Stracka", "adsorbent": {"hashkey": "NIST-MATDB-9e2d37d706b29b8c66cb324d7902c44d", "name": "Graphite Nanofibers"}, "adsorbates": [{"InChIKey": "CURLTUGMZLYLDI-UHFFFAOYSA-N", "name": "Carbon Dioxide"}], "category": "exp", "temperature": 298, "isotherm_type": "", "adsorptionUnits": "mg/g", "pressureUnits": "bar", "compositionType": "molefraction", "concentrationUnits": "", "isotherm_data": [{"pressure": 1.98305, "total_adsorption": 3.44168, "species_data": [{"InChIKey": "CURLTUGMZLYLDI-UHFFFAOYSA-N", "composition": 1, "adsorption": 3.44168}]}, {"pressure": 3.48639, "total_adsorption": 4.93308, "species_data": [{"InChIKey": "CURLTUGMZLYLDI-UHFFFAOYSA-N", "composition": 1, "adsorption": 4.93308}]}, {"pressure": 3.86356, "total_adsorption": 5.50669, "species_data": [{"InChIKey": "CURLTUGMZLYLDI-UHFFFAOYSA-N", "composition": 1, "adsorption": 5.50669}]}, {"pressure": 4.79767, "total_adsorption": 5.62141, "species_data": [{"InChIKey": "CURLTUGMZLYLDI-UHFFFAOYSA-N", "composition": 1, "adsorption": 5.62141}]}, {"pressure": 6.76541, "total_adsorption": 6.76864, "species_data": [{"InChIKey": "CURLTUGMZLYLDI-UHFFFAOYSA-N", "composition": 1, "adsorption": 6.76864}]}, {"pressure": 8.91667, "total_adsorption": 7.45698, "species_data": [{"InChIKey": "CURLTUGMZLYLDI-UHFFFAOYSA-N", "composition": 1, "adsorption": 7.45698}]}, {"pressure": 9.94799, "total_adsorption": 8.14532, "species_data": [{"InChIKey": "CURLTUGMZLYLDI-UHFFFAOYSA-N", "composition": 1, "adsorption": 8.14532}]}, {"pressure": 12.569, "total_adsorption": 9.29254, "species_data": [{"InChIKey": "CURLTUGMZLYLDI-UHFFFAOYSA-N", "composition": 1, "adsorption": 9.29254}]}, {"pressure": 14.4411, "total_adsorption": 10.0956, "species_data": [{"InChIKey": "CURLTUGMZLYLDI-UHFFFAOYSA-N", "composition": 1, "adsorption": 10.0956}]}, {"pressure": 17.2457, "total_adsorption": 10.7839, "species_data": [{"InChIKey": "CURLTUGMZLYLDI-UHFFFAOYSA-N", "composition": 1, "adsorption": 10.7839}]}, {"pressure": 19.3052, "total_adsorption": 11.7017, "species_data": [{"InChIKey": "CURLTUGMZLYLDI-UHFFFAOYSA-N", "composition": 1, "adsorption": 11.7017}]}, {"pressure": 20.5209, "total_adsorption": 12.0459, "species_data": [{"InChIKey": "CURLTUGMZLYLDI-UHFFFAOYSA-N", "composition": 1, "adsorption": 12.0459}]}, {"pressure": 25.4769, "total_adsorption": 13.4226, "species_data": [{"InChIKey": "CURLTUGMZLYLDI-UHFFFAOYSA-N", "composition": 1, "adsorption": 13.4226}]}, {"pressure": 31.6477, "total_adsorption": 15.0287, "species_data": [{"InChIKey": "CURLTUGMZLYLDI-UHFFFAOYSA-N", "composition": 1, "adsorption": 15.0287}]}, {"pressure": 37.82, "total_adsorption": 16.8642, "species_data": [{"InChIKey": "CURLTUGMZLYLDI-UHFFFAOYSA-N", "composition": 1, "adsorption": 16.8642}]}, {"pressure": 38.2867, "total_adsorption": 16.8642, "species_data": [{"InChIKey": "CURLTUGMZLYLDI-UHFFFAOYSA-N", "composition": 1, "adsorption": 16.8642}]}, {"pressure": 44.173, "total_adsorption": 17.782, "species_data": [{"InChIKey": "CURLTUGMZLYLDI-UHFFFAOYSA-N", "composition": 1, "adsorption": 17.782}]}, {"pressure": 45.0153, "total_adsorption": 18.1262, "species_data": [{"InChIKey": "CURLTUGMZLYLDI-UHFFFAOYSA-N", "composition": 1, "adsorption": 18.1262}]}, {"pressure": 50.2512, "total_adsorption": 19.5029, "species_data": [{"InChIKey": "CURLTUGMZLYLDI-UHFFFAOYSA-N", "composition": 1, "adsorption": 19.5029}]}, {"pressure": 51.1846, "total_adsorption": 19.5029, "species_data": [{"InChIKey": "CURLTUGMZLYLDI-UHFFFAOYSA-N", "composition": 1, "adsorption": 19.5029}]}, {"pressure": 57.8221, "total_adsorption": 21.109, "species_data": [{"InChIKey": "CURLTUGMZLYLDI-UHFFFAOYSA-N", "composition": 1, "adsorption": 21.109}]}, {"pressure": 58.1013, "total_adsorption": 20.9943, "species_data": [{"InChIKey": "CURLTUGMZLYLDI-UHFFFAOYSA-N", "composition": 1, "adsorption": 20.9943}]}, {"pressure": 64.6423, "total_adsorption": 22.1415, "species_data": [{"InChIKey": "CURLTUGMZLYLDI-UHFFFAOYSA-N", "composition": 1, "adsorption": 22.1415}]}]}