{"filename": "10.1021acs.energyfuels.5b00975.Isotherm9", "DOI": "10.1021/acs.energyfuels.5b00975", "articleSource": "Figure 5c", "date": "2016-07-28", "digitizer": "David A. Anderegg", "adsorbent": {"hashkey": "NIST-MATDB-62cac39e7df6723d237dfb0c4bd20985", "name": "MIL-125(Ti)"}, "adsorbates": [{"InChIKey": "IJGRMHOSHXDMSA-UHFFFAOYSA-N", "name": "Nitrogen"}], "category": "exp", "temperature": 343, "isotherm_type": "", "adsorptionUnits": "mmol/g", "pressureUnits": "bar", "compositionType": "molefraction", "concentrationUnits": "", "isotherm_data": [{"pressure": 0.121387, "total_adsorption": 0.017659, "species_data": [{"InChIKey": "IJGRMHOSHXDMSA-UHFFFAOYSA-N", "composition": 1, "adsorption": 0.017659}]}, {"pressure": 0.277457, "total_adsorption": 0.028205, "species_data": [{"InChIKey": "IJGRMHOSHXDMSA-UHFFFAOYSA-N", "composition": 1, "adsorption": 0.028205}]}, {"pressure": 0.50289, "total_adsorption": 0.052894, "species_data": [{"InChIKey": "IJGRMHOSHXDMSA-UHFFFAOYSA-N", "composition": 1, "adsorption": 0.052894}]}, {"pressure": 1.00578, "total_adsorption": 0.09515, "species_data": [{"InChIKey": "IJGRMHOSHXDMSA-UHFFFAOYSA-N", "composition": 1, "adsorption": 0.09515}]}, {"pressure": 1.50867, "total_adsorption": 0.13386, "species_data": [{"InChIKey": "IJGRMHOSHXDMSA-UHFFFAOYSA-N", "composition": 1, "adsorption": 0.13386}]}, {"pressure": 2.0289, "total_adsorption": 0.179652, "species_data": [{"InChIKey": "IJGRMHOSHXDMSA-UHFFFAOYSA-N", "composition": 1, "adsorption": 0.179652}]}, {"pressure": 3.03468, "total_adsorption": 0.264164, "species_data": [{"InChIKey": "IJGRMHOSHXDMSA-UHFFFAOYSA-N", "composition": 1, "adsorption": 0.264164}]}, {"pressure": 3.45087, "total_adsorption": 0.292287, "species_data": [{"InChIKey": "IJGRMHOSHXDMSA-UHFFFAOYSA-N", "composition": 1, "adsorption": 0.292287}]}, {"pressure": 4.04046, "total_adsorption": 0.34513, "species_data": [{"InChIKey": "IJGRMHOSHXDMSA-UHFFFAOYSA-N", "composition": 1, "adsorption": 0.34513}]}, {"pressure": 4.97688, "total_adsorption": 0.419044, "species_data": [{"InChIKey": "IJGRMHOSHXDMSA-UHFFFAOYSA-N", "composition": 1, "adsorption": 0.419044}]}, {"pressure": 6.01734, "total_adsorption": 0.49999, "species_data": [{"InChIKey": "IJGRMHOSHXDMSA-UHFFFAOYSA-N", "composition": 1, "adsorption": 0.49999}]}]}