{"filename": "10.1002chem.200601534.Isotherm4", "DOI": "10.1002/chem.200601534", "articleSource": "UNKNOWN", "date": "1000-01-01", "digitizer": "UNKNOWN", "adsorbent": {"hashkey": "NIST-MATDB-002c3dec5dc95ba29da506c4ae80cfeb", "name": "[Zn3-(ntb)2]n"}, "adsorbates": [{"InChIKey": "VNWKTOKETHGBQD-UHFFFAOYSA-N", "name": "Methane"}], "category": "", "temperature": 195, "isotherm_type": "", "adsorptionUnits": "cm3(STP)/g", "pressureUnits": "bar", "compositionType": "molefraction", "concentrationUnits": "", "isotherm_data": [{"pressure": 0.0067264, "total_adsorption": 1.83161, "species_data": [{"InChIKey": "VNWKTOKETHGBQD-UHFFFAOYSA-N", "composition": 1, "adsorption": 1.83161}]}, {"pressure": 0.00682195, "total_adsorption": 6.40308, "species_data": [{"InChIKey": "VNWKTOKETHGBQD-UHFFFAOYSA-N", "composition": 1, "adsorption": 6.40308}]}, {"pressure": 0.0102998, "total_adsorption": 12.8046, "species_data": [{"InChIKey": "VNWKTOKETHGBQD-UHFFFAOYSA-N", "composition": 1, "adsorption": 12.8046}]}, {"pressure": 0.0137968, "total_adsorption": 20.1205, "species_data": [{"InChIKey": "VNWKTOKETHGBQD-UHFFFAOYSA-N", "composition": 1, "adsorption": 20.1205}]}, {"pressure": 0.0273929, "total_adsorption": 30.6409, "species_data": [{"InChIKey": "VNWKTOKETHGBQD-UHFFFAOYSA-N", "composition": 1, "adsorption": 30.6409}]}, {"pressure": 0.0342148, "total_adsorption": 37.044, "species_data": [{"InChIKey": "VNWKTOKETHGBQD-UHFFFAOYSA-N", "composition": 1, "adsorption": 37.044}]}, {"pressure": 0.0476867, "total_adsorption": 41.6215, "species_data": [{"InChIKey": "VNWKTOKETHGBQD-UHFFFAOYSA-N", "composition": 1, "adsorption": 41.6215}]}, {"pressure": 0.0510977, "total_adsorption": 44.8231, "species_data": [{"InChIKey": "VNWKTOKETHGBQD-UHFFFAOYSA-N", "composition": 1, "adsorption": 44.8231}]}, {"pressure": 0.0678755, "total_adsorption": 47.5735, "species_data": [{"InChIKey": "VNWKTOKETHGBQD-UHFFFAOYSA-N", "composition": 1, "adsorption": 47.5735}]}, {"pressure": 0.091351, "total_adsorption": 50.7841, "species_data": [{"InChIKey": "VNWKTOKETHGBQD-UHFFFAOYSA-N", "composition": 1, "adsorption": 50.7841}]}, {"pressure": 0.111463, "total_adsorption": 53.0789, "species_data": [{"InChIKey": "VNWKTOKETHGBQD-UHFFFAOYSA-N", "composition": 1, "adsorption": 53.0789}]}, {"pressure": 0.165064, "total_adsorption": 57.6745, "species_data": [{"InChIKey": "VNWKTOKETHGBQD-UHFFFAOYSA-N", "composition": 1, "adsorption": 57.6745}]}, {"pressure": 0.208595, "total_adsorption": 60.437, "species_data": [{"InChIKey": "VNWKTOKETHGBQD-UHFFFAOYSA-N", "composition": 1, "adsorption": 60.437}]}, {"pressure": 0.265492, "total_adsorption": 62.7484, "species_data": [{"InChIKey": "VNWKTOKETHGBQD-UHFFFAOYSA-N", "composition": 1, "adsorption": 62.7484}]}, {"pressure": 0.325714, "total_adsorption": 64.147, "species_data": [{"InChIKey": "VNWKTOKETHGBQD-UHFFFAOYSA-N", "composition": 1, "adsorption": 64.147}]}, {"pressure": 0.365891, "total_adsorption": 66.4508, "species_data": [{"InChIKey": "VNWKTOKETHGBQD-UHFFFAOYSA-N", "composition": 1, "adsorption": 66.4508}]}, {"pressure": 0.466271, "total_adsorption": 69.2389, "species_data": [{"InChIKey": "VNWKTOKETHGBQD-UHFFFAOYSA-N", "composition": 1, "adsorption": 69.2389}]}, {"pressure": 0.569976, "total_adsorption": 71.1143, "species_data": [{"InChIKey": "VNWKTOKETHGBQD-UHFFFAOYSA-N", "composition": 1, "adsorption": 71.1143}]}, {"pressure": 0.616822, "total_adsorption": 72.5069, "species_data": [{"InChIKey": "VNWKTOKETHGBQD-UHFFFAOYSA-N", "composition": 1, "adsorption": 72.5069}]}, {"pressure": 0.670347, "total_adsorption": 73.4453, "species_data": [{"InChIKey": "VNWKTOKETHGBQD-UHFFFAOYSA-N", "composition": 1, "adsorption": 73.4453}]}, {"pressure": 0.723881, "total_adsorption": 74.8409, "species_data": [{"InChIKey": "VNWKTOKETHGBQD-UHFFFAOYSA-N", "composition": 1, "adsorption": 74.8409}]}, {"pressure": 0.777386, "total_adsorption": 74.865, "species_data": [{"InChIKey": "VNWKTOKETHGBQD-UHFFFAOYSA-N", "composition": 1, "adsorption": 74.865}]}, {"pressure": 0.824223, "total_adsorption": 75.8004, "species_data": [{"InChIKey": "VNWKTOKETHGBQD-UHFFFAOYSA-N", "composition": 1, "adsorption": 75.8004}]}, {"pressure": 0.877747, "total_adsorption": 76.7389, "species_data": [{"InChIKey": "VNWKTOKETHGBQD-UHFFFAOYSA-N", "composition": 1, "adsorption": 76.7389}]}, {"pressure": 0.924574, "total_adsorption": 77.2171, "species_data": [{"InChIKey": "VNWKTOKETHGBQD-UHFFFAOYSA-N", "composition": 1, "adsorption": 77.2171}]}, {"pressure": 0.974755, "total_adsorption": 78.1541, "species_data": [{"InChIKey": "VNWKTOKETHGBQD-UHFFFAOYSA-N", "composition": 1, "adsorption": 78.1541}]}]}