{"isotherm_data":[{"pressure":0.0702701,"total_adsorption":1.87431,"species_data":[{"composition":1,"adsorption":1.87431,"InChIKey":"CURLTUGMZLYLDI-UHFFFAOYSA-N"}]},{"pressure":0.253369,"total_adsorption":4.04332,"species_data":[{"composition":1,"adsorption":4.04332,"InChIKey":"CURLTUGMZLYLDI-UHFFFAOYSA-N"}]},{"pressure":0.478721,"total_adsorption":5.91656,"species_data":[{"composition":1,"adsorption":5.91656,"InChIKey":"CURLTUGMZLYLDI-UHFFFAOYSA-N"}]},{"pressure":0.732242,"total_adsorption":7.98698,"species_data":[{"composition":1,"adsorption":7.98698,"InChIKey":"CURLTUGMZLYLDI-UHFFFAOYSA-N"}]},{"pressure":0.971679,"total_adsorption":9.95881,"species_data":[{"composition":1,"adsorption":9.95881,"InChIKey":"CURLTUGMZLYLDI-UHFFFAOYSA-N"}]},{"pressure":2.01393,"total_adsorption":16.4659,"species_data":[{"composition":1,"adsorption":16.4659,"InChIKey":"CURLTUGMZLYLDI-UHFFFAOYSA-N"}]},{"pressure":2.98576,"total_adsorption":21.987,"species_data":[{"composition":1,"adsorption":21.987,"InChIKey":"CURLTUGMZLYLDI-UHFFFAOYSA-N"}]},{"pressure":3.99985,"total_adsorption":28.1982,"species_data":[{"composition":1,"adsorption":28.1982,"InChIKey":"CURLTUGMZLYLDI-UHFFFAOYSA-N"}]},{"pressure":4.95759,"total_adsorption":34.2123,"species_data":[{"composition":1,"adsorption":34.2123,"InChIKey":"CURLTUGMZLYLDI-UHFFFAOYSA-N"}]},{"pressure":7.52097,"total_adsorption":48.2123,"species_data":[{"composition":1,"adsorption":48.2123,"InChIKey":"CURLTUGMZLYLDI-UHFFFAOYSA-N"}]},{"pressure":9.2252,"total_adsorption":56.0011,"species_data":[{"composition":1,"adsorption":56.0011,"InChIKey":"CURLTUGMZLYLDI-UHFFFAOYSA-N"}]},{"pressure":9.94351,"total_adsorption":59.2546,"species_data":[{"composition":1,"adsorption":59.2546,"InChIKey":"CURLTUGMZLYLDI-UHFFFAOYSA-N"}]}],"temperature":273,"articleSource":"UNKNOWN","compositionType":"molefraction","adsorbates":[{"name":"Carbon Dioxide","InChIKey":"CURLTUGMZLYLDI-UHFFFAOYSA-N"}],"adsorptionUnits":"wt%","date":"1000-01-01","category":"","digitizer":"UNKNOWN","pressureUnits":"bar","DOI":"10.1021/La100423a","adsorbent":{"name":"IRMOF-1","hashkey":"NIST-MATDB-2c9380bddc59f547484ff729eab7d7cb"},"concentrationUnits":"","filename":"10.1021La100423a.isotherm9","isotherm_type":""}