{"filename": "10.1039c5cc04808g.Isotherm6", "DOI": "10.1039/c5cc04808g", "articleSource": "Figure 2b", "date": "2016-07-07", "digitizer": "Yamuna E. Satsangi", "adsorbent": {"hashkey": "NIST-MATDB-2cb720f956fd4465586ef509e951cc30", "name": "SALI-F3G"}, "adsorbates": [{"InChIKey": "IJGRMHOSHXDMSA-UHFFFAOYSA-N", "name": "Nitrogen"}], "category": "exp", "temperature": 293, "isotherm_type": "", "adsorptionUnits": "mmol/g", "pressureUnits": "bar", "compositionType": "molefraction", "concentrationUnits": "", "isotherm_data": [{"pressure": 0, "total_adsorption": 0, "species_data": [{"InChIKey": "IJGRMHOSHXDMSA-UHFFFAOYSA-N", "composition": 1, "adsorption": 0}]}, {"pressure": 0.433213, "total_adsorption": 0, "species_data": [{"InChIKey": "IJGRMHOSHXDMSA-UHFFFAOYSA-N", "composition": 1, "adsorption": 0}]}, {"pressure": 0.519856, "total_adsorption": 0.047809, "species_data": [{"InChIKey": "IJGRMHOSHXDMSA-UHFFFAOYSA-N", "composition": 1, "adsorption": 0.047809}]}, {"pressure": 0.649819, "total_adsorption": 0.047809, "species_data": [{"InChIKey": "IJGRMHOSHXDMSA-UHFFFAOYSA-N", "composition": 1, "adsorption": 0.047809}]}, {"pressure": 0.758123, "total_adsorption": 0.047809, "species_data": [{"InChIKey": "IJGRMHOSHXDMSA-UHFFFAOYSA-N", "composition": 1, "adsorption": 0.047809}]}, {"pressure": 0.844765, "total_adsorption": 0.047809, "species_data": [{"InChIKey": "IJGRMHOSHXDMSA-UHFFFAOYSA-N", "composition": 1, "adsorption": 0.047809}]}, {"pressure": 0.909747, "total_adsorption": 0.047809, "species_data": [{"InChIKey": "IJGRMHOSHXDMSA-UHFFFAOYSA-N", "composition": 1, "adsorption": 0.047809}]}, {"pressure": 0.974729, "total_adsorption": 0.047809, "species_data": [{"InChIKey": "IJGRMHOSHXDMSA-UHFFFAOYSA-N", "composition": 1, "adsorption": 0.047809}]}, {"pressure": 1.01805, "total_adsorption": 0.095617, "species_data": [{"InChIKey": "IJGRMHOSHXDMSA-UHFFFAOYSA-N", "composition": 1, "adsorption": 0.095617}]}, {"pressure": 2.05776, "total_adsorption": 0.095617, "species_data": [{"InChIKey": "IJGRMHOSHXDMSA-UHFFFAOYSA-N", "composition": 1, "adsorption": 0.095617}]}, {"pressure": 2.27437, "total_adsorption": 0.191235, "species_data": [{"InChIKey": "IJGRMHOSHXDMSA-UHFFFAOYSA-N", "composition": 1, "adsorption": 0.191235}]}, {"pressure": 2.57762, "total_adsorption": 0.143426, "species_data": [{"InChIKey": "IJGRMHOSHXDMSA-UHFFFAOYSA-N", "composition": 1, "adsorption": 0.143426}]}, {"pressure": 2.90253, "total_adsorption": 0.191235, "species_data": [{"InChIKey": "IJGRMHOSHXDMSA-UHFFFAOYSA-N", "composition": 1, "adsorption": 0.191235}]}, {"pressure": 3.22744, "total_adsorption": 0.191235, "species_data": [{"InChIKey": "IJGRMHOSHXDMSA-UHFFFAOYSA-N", "composition": 1, "adsorption": 0.191235}]}, {"pressure": 3.48736, "total_adsorption": 0.191235, "species_data": [{"InChIKey": "IJGRMHOSHXDMSA-UHFFFAOYSA-N", "composition": 1, "adsorption": 0.191235}]}, {"pressure": 3.83394, "total_adsorption": 0.191235, "species_data": [{"InChIKey": "IJGRMHOSHXDMSA-UHFFFAOYSA-N", "composition": 1, "adsorption": 0.191235}]}, {"pressure": 4.0722, "total_adsorption": 0.239044, "species_data": [{"InChIKey": "IJGRMHOSHXDMSA-UHFFFAOYSA-N", "composition": 1, "adsorption": 0.239044}]}, {"pressure": 4.41877, "total_adsorption": 0.239044, "species_data": [{"InChIKey": "IJGRMHOSHXDMSA-UHFFFAOYSA-N", "composition": 1, "adsorption": 0.239044}]}, {"pressure": 4.72202, "total_adsorption": 0.239044, "species_data": [{"InChIKey": "IJGRMHOSHXDMSA-UHFFFAOYSA-N", "composition": 1, "adsorption": 0.239044}]}, {"pressure": 5.02527, "total_adsorption": 0.239044, "species_data": [{"InChIKey": "IJGRMHOSHXDMSA-UHFFFAOYSA-N", "composition": 1, "adsorption": 0.239044}]}, {"pressure": 5.32852, "total_adsorption": 0.239044, "species_data": [{"InChIKey": "IJGRMHOSHXDMSA-UHFFFAOYSA-N", "composition": 1, "adsorption": 0.239044}]}, {"pressure": 5.63177, "total_adsorption": 0.239044, "species_data": [{"InChIKey": "IJGRMHOSHXDMSA-UHFFFAOYSA-N", "composition": 1, "adsorption": 0.239044}]}, {"pressure": 5.97834, "total_adsorption": 0.334661, "species_data": [{"InChIKey": "IJGRMHOSHXDMSA-UHFFFAOYSA-N", "composition": 1, "adsorption": 0.334661}]}]}