{"filename": "10.1038ncomms9697.Isotherm4", "DOI": "10.1038/ncomms9697", "articleSource": "Figure 2a", "date": "2016-07-08", "digitizer": "Adithya Varadan", "adsorbent": {"hashkey": "NIST-MATDB-0276792e899405c02486701d603b7144", "name": "MAF-49"}, "adsorbates": [{"InChIKey": "VNWKTOKETHGBQD-UHFFFAOYSA-N", "name": "Methane"}], "category": "exp", "temperature": 316, "isotherm_type": "", "adsorptionUnits": "cm3(STP)/g", "pressureUnits": "bar", "compositionType": "molefraction", "concentrationUnits": "", "isotherm_data": [{"pressure": 1e-05, "total_adsorption": -0.001184, "species_data": [{"InChIKey": "VNWKTOKETHGBQD-UHFFFAOYSA-N", "composition": 1, "adsorption": -0.001184}]}, {"pressure": 0.00256, "total_adsorption": 0.524478, "species_data": [{"InChIKey": "VNWKTOKETHGBQD-UHFFFAOYSA-N", "composition": 1, "adsorption": 0.524478}]}, {"pressure": 0.006454, "total_adsorption": 1.08388, "species_data": [{"InChIKey": "VNWKTOKETHGBQD-UHFFFAOYSA-N", "composition": 1, "adsorption": 1.08388}]}, {"pressure": 0.012426, "total_adsorption": 1.635, "species_data": [{"InChIKey": "VNWKTOKETHGBQD-UHFFFAOYSA-N", "composition": 1, "adsorption": 1.635}]}, {"pressure": 0.022155, "total_adsorption": 2.36074, "species_data": [{"InChIKey": "VNWKTOKETHGBQD-UHFFFAOYSA-N", "composition": 1, "adsorption": 2.36074}]}, {"pressure": 0.031347, "total_adsorption": 2.90239, "species_data": [{"InChIKey": "VNWKTOKETHGBQD-UHFFFAOYSA-N", "composition": 1, "adsorption": 2.90239}]}, {"pressure": 0.042699, "total_adsorption": 3.97384, "species_data": [{"InChIKey": "VNWKTOKETHGBQD-UHFFFAOYSA-N", "composition": 1, "adsorption": 3.97384}]}, {"pressure": 0.049836, "total_adsorption": 4.50956, "species_data": [{"InChIKey": "VNWKTOKETHGBQD-UHFFFAOYSA-N", "composition": 1, "adsorption": 4.50956}]}, {"pressure": 0.062841, "total_adsorption": 5.40165, "species_data": [{"InChIKey": "VNWKTOKETHGBQD-UHFFFAOYSA-N", "composition": 1, "adsorption": 5.40165}]}, {"pressure": 0.073343, "total_adsorption": 5.93737, "species_data": [{"InChIKey": "VNWKTOKETHGBQD-UHFFFAOYSA-N", "composition": 1, "adsorption": 5.93737}]}, {"pressure": 0.08899, "total_adsorption": 6.82827, "species_data": [{"InChIKey": "VNWKTOKETHGBQD-UHFFFAOYSA-N", "composition": 1, "adsorption": 6.82827}]}, {"pressure": 0.099922, "total_adsorption": 7.18582, "species_data": [{"InChIKey": "VNWKTOKETHGBQD-UHFFFAOYSA-N", "composition": 1, "adsorption": 7.18582}]}, {"pressure": 0.112253, "total_adsorption": 8.07435, "species_data": [{"InChIKey": "VNWKTOKETHGBQD-UHFFFAOYSA-N", "composition": 1, "adsorption": 8.07435}]}, {"pressure": 0.131035, "total_adsorption": 8.78707, "species_data": [{"InChIKey": "VNWKTOKETHGBQD-UHFFFAOYSA-N", "composition": 1, "adsorption": 8.78707}]}, {"pressure": 0.159017, "total_adsorption": 9.85497, "species_data": [{"InChIKey": "VNWKTOKETHGBQD-UHFFFAOYSA-N", "composition": 1, "adsorption": 9.85497}]}, {"pressure": 0.208602, "total_adsorption": 11.8102, "species_data": [{"InChIKey": "VNWKTOKETHGBQD-UHFFFAOYSA-N", "composition": 1, "adsorption": 11.8102}]}, {"pressure": 0.24367, "total_adsorption": 13.2309, "species_data": [{"InChIKey": "VNWKTOKETHGBQD-UHFFFAOYSA-N", "composition": 1, "adsorption": 13.2309}]}, {"pressure": 0.295707, "total_adsorption": 14.2988, "species_data": [{"InChIKey": "VNWKTOKETHGBQD-UHFFFAOYSA-N", "composition": 1, "adsorption": 14.2988}]}, {"pressure": 0.345417, "total_adsorption": 15.7195, "species_data": [{"InChIKey": "VNWKTOKETHGBQD-UHFFFAOYSA-N", "composition": 1, "adsorption": 15.7195}]}, {"pressure": 0.419182, "total_adsorption": 16.7874, "species_data": [{"InChIKey": "VNWKTOKETHGBQD-UHFFFAOYSA-N", "composition": 1, "adsorption": 16.7874}]}, {"pressure": 0.470913, "total_adsorption": 17.676, "species_data": [{"InChIKey": "VNWKTOKETHGBQD-UHFFFAOYSA-N", "composition": 1, "adsorption": 17.676}]}, {"pressure": 0.549985, "total_adsorption": 18.9197, "species_data": [{"InChIKey": "VNWKTOKETHGBQD-UHFFFAOYSA-N", "composition": 1, "adsorption": 18.9197}]}, {"pressure": 0.642225, "total_adsorption": 19.9864, "species_data": [{"InChIKey": "VNWKTOKETHGBQD-UHFFFAOYSA-N", "composition": 1, "adsorption": 19.9864}]}, {"pressure": 0.694228, "total_adsorption": 20.8737, "species_data": [{"InChIKey": "VNWKTOKETHGBQD-UHFFFAOYSA-N", "composition": 1, "adsorption": 20.8737}]}, {"pressure": 0.842339, "total_adsorption": 21.7646, "species_data": [{"InChIKey": "VNWKTOKETHGBQD-UHFFFAOYSA-N", "composition": 1, "adsorption": 21.7646}]}, {"pressure": 0.945648, "total_adsorption": 21.9452, "species_data": [{"InChIKey": "VNWKTOKETHGBQD-UHFFFAOYSA-N", "composition": 1, "adsorption": 21.9452}]}, {"pressure": 0.983609, "total_adsorption": 22.8314, "species_data": [{"InChIKey": "VNWKTOKETHGBQD-UHFFFAOYSA-N", "composition": 1, "adsorption": 22.8314}]}]}