{"filename": "10.1021acs.iecr.5b01608.Isotherm1", "DOI": "10.1021/acs.iecr.5b01608", "articleSource": "Figure 2a", "date": "2016-07-20", "digitizer": "Kailey M. Stracka", "adsorbent": {"hashkey": "NIST-MATDB-bf8f058bd6dfd8a8c33e388588bd30e6", "name": "Binderless Beads of Zeolite 5A"}, "adsorbates": [{"InChIKey": "VNWKTOKETHGBQD-UHFFFAOYSA-N", "name": "Methane"}], "category": "exp", "temperature": 305, "isotherm_type": "", "adsorptionUnits": "mmol/g", "pressureUnits": "bar", "compositionType": "molefraction", "concentrationUnits": "", "isotherm_data": [{"pressure": 0.03271, "total_adsorption": 0.01519, "species_data": [{"InChIKey": "VNWKTOKETHGBQD-UHFFFAOYSA-N", "composition": 1, "adsorption": 0.01519}]}, {"pressure": 0.074766, "total_adsorption": 0.04557, "species_data": [{"InChIKey": "VNWKTOKETHGBQD-UHFFFAOYSA-N", "composition": 1, "adsorption": 0.04557}]}, {"pressure": 0.140187, "total_adsorption": 0.098734, "species_data": [{"InChIKey": "VNWKTOKETHGBQD-UHFFFAOYSA-N", "composition": 1, "adsorption": 0.098734}]}, {"pressure": 0.21028, "total_adsorption": 0.151899, "species_data": [{"InChIKey": "VNWKTOKETHGBQD-UHFFFAOYSA-N", "composition": 1, "adsorption": 0.151899}]}, {"pressure": 0.280374, "total_adsorption": 0.197468, "species_data": [{"InChIKey": "VNWKTOKETHGBQD-UHFFFAOYSA-N", "composition": 1, "adsorption": 0.197468}]}, {"pressure": 0.420561, "total_adsorption": 0.3, "species_data": [{"InChIKey": "VNWKTOKETHGBQD-UHFFFAOYSA-N", "composition": 1, "adsorption": 0.3}]}, {"pressure": 0.700935, "total_adsorption": 0.474684, "species_data": [{"InChIKey": "VNWKTOKETHGBQD-UHFFFAOYSA-N", "composition": 1, "adsorption": 0.474684}]}, {"pressure": 1.05607, "total_adsorption": 0.691139, "species_data": [{"InChIKey": "VNWKTOKETHGBQD-UHFFFAOYSA-N", "composition": 1, "adsorption": 0.691139}]}, {"pressure": 1.39252, "total_adsorption": 0.86962, "species_data": [{"InChIKey": "VNWKTOKETHGBQD-UHFFFAOYSA-N", "composition": 1, "adsorption": 0.86962}]}, {"pressure": 2.05607, "total_adsorption": 1.17722, "species_data": [{"InChIKey": "VNWKTOKETHGBQD-UHFFFAOYSA-N", "composition": 1, "adsorption": 1.17722}]}]}