{"isotherm_data":[{"pressure":4.31e-5,"total_adsorption":1.08e-7,"species_data":[{"composition":1,"adsorption":1.08e-7,"InChIKey":"UHOVQNZJYSORNB-UHFFFAOYSA-N"}]},{"pressure":7.31e-5,"total_adsorption":1.86e-7,"species_data":[{"composition":1,"adsorption":1.86e-7,"InChIKey":"UHOVQNZJYSORNB-UHFFFAOYSA-N"}]},{"pressure":9.89e-5,"total_adsorption":2.9e-7,"species_data":[{"composition":1,"adsorption":2.9e-7,"InChIKey":"UHOVQNZJYSORNB-UHFFFAOYSA-N"}]},{"pressure":0.000168,"total_adsorption":5.2e-7,"species_data":[{"composition":1,"adsorption":5.2e-7,"InChIKey":"UHOVQNZJYSORNB-UHFFFAOYSA-N"}]},{"pressure":0.000293,"total_adsorption":8.95e-7,"species_data":[{"composition":1,"adsorption":8.95e-7,"InChIKey":"UHOVQNZJYSORNB-UHFFFAOYSA-N"}]},{"pressure":0.000403,"total_adsorption":1.3e-6,"species_data":[{"composition":1,"adsorption":1.3e-6,"InChIKey":"UHOVQNZJYSORNB-UHFFFAOYSA-N"}]},{"pressure":0.000662,"total_adsorption":1.9e-6,"species_data":[{"composition":1,"adsorption":1.9e-6,"InChIKey":"UHOVQNZJYSORNB-UHFFFAOYSA-N"}]},{"pressure":0.0010417,"total_adsorption":2.52e-6,"species_data":[{"composition":1,"adsorption":2.52e-6,"InChIKey":"UHOVQNZJYSORNB-UHFFFAOYSA-N"}]},{"pressure":0.00257645,"total_adsorption":3.28e-6,"species_data":[{"composition":1,"adsorption":3.28e-6,"InChIKey":"UHOVQNZJYSORNB-UHFFFAOYSA-N"}]},{"pressure":0.00637234,"total_adsorption":3.77e-6,"species_data":[{"composition":1,"adsorption":3.77e-6,"InChIKey":"UHOVQNZJYSORNB-UHFFFAOYSA-N"}]},{"pressure":0.00972363,"total_adsorption":3.85e-6,"species_data":[{"composition":1,"adsorption":3.85e-6,"InChIKey":"UHOVQNZJYSORNB-UHFFFAOYSA-N"}]},{"pressure":0.018607,"total_adsorption":4.13e-6,"species_data":[{"composition":1,"adsorption":4.13e-6,"InChIKey":"UHOVQNZJYSORNB-UHFFFAOYSA-N"}]}],"temperature":293,"articleSource":"UNKNOWN","compositionType":"molefraction","adsorbates":[{"name":"Benzene","InChIKey":"UHOVQNZJYSORNB-UHFFFAOYSA-N"}],"adsorptionUnits":"micromoles/m2","date":"1000-01-01","category":"","digitizer":"UNKNOWN","pressureUnits":"bar","DOI":"10.1021/la052545i","adsorbent":{"name":"Carbon","hashkey":"NIST-MATDB-453276ee992ed07dc207ed08b2b221ce"},"concentrationUnits":"","filename":"10.1021la052545i.isotherm6","isotherm_type":""}