{"filename": "10.1021Cm9012969.Isotherm2", "DOI": "10.1021/Cm9012969", "articleSource": "UNKNOWN", "date": "1000-01-01", "digitizer": "UNKNOWN", "adsorbent": {"hashkey": "NIST-MATDB-460a6a18466c9428b95b18af9999f58a", "name": "[Cu(PF6)2(bpetha)2]n"}, "adsorbates": [{"InChIKey": "CURLTUGMZLYLDI-UHFFFAOYSA-N", "name": "Carbon Dioxide"}], "category": "", "temperature": 195, "isotherm_type": "", "adsorptionUnits": "molecules/unitcell", "pressureUnits": "bar", "compositionType": "molefraction", "concentrationUnits": "", "isotherm_data": [{"pressure": 5.69e-06, "total_adsorption": 0.028876, "species_data": [{"InChIKey": "CURLTUGMZLYLDI-UHFFFAOYSA-N", "composition": 1, "adsorption": 0.028876}]}, {"pressure": 1.49e-05, "total_adsorption": 0.028876, "species_data": [{"InChIKey": "CURLTUGMZLYLDI-UHFFFAOYSA-N", "composition": 1, "adsorption": 0.028876}]}, {"pressure": 3.8e-05, "total_adsorption": 0.028876, "species_data": [{"InChIKey": "CURLTUGMZLYLDI-UHFFFAOYSA-N", "composition": 1, "adsorption": 0.028876}]}, {"pressure": 0.00102407, "total_adsorption": 0.0375775, "species_data": [{"InChIKey": "CURLTUGMZLYLDI-UHFFFAOYSA-N", "composition": 1, "adsorption": 0.0375775}]}, {"pressure": 0.00324738, "total_adsorption": 0.0984878, "species_data": [{"InChIKey": "CURLTUGMZLYLDI-UHFFFAOYSA-N", "composition": 1, "adsorption": 0.0984878}]}, {"pressure": 0.00684271, "total_adsorption": 0.107189, "species_data": [{"InChIKey": "CURLTUGMZLYLDI-UHFFFAOYSA-N", "composition": 1, "adsorption": 0.107189}]}, {"pressure": 0.010053, "total_adsorption": 0.133294, "species_data": [{"InChIKey": "CURLTUGMZLYLDI-UHFFFAOYSA-N", "composition": 1, "adsorption": 0.133294}]}, {"pressure": 0.015497, "total_adsorption": 0.263816, "species_data": [{"InChIKey": "CURLTUGMZLYLDI-UHFFFAOYSA-N", "composition": 1, "adsorption": 0.263816}]}, {"pressure": 0.0250659, "total_adsorption": 0.307323, "species_data": [{"InChIKey": "CURLTUGMZLYLDI-UHFFFAOYSA-N", "composition": 1, "adsorption": 0.307323}]}, {"pressure": 0.0342631, "total_adsorption": 0.368233, "species_data": [{"InChIKey": "CURLTUGMZLYLDI-UHFFFAOYSA-N", "composition": 1, "adsorption": 0.368233}]}, {"pressure": 0.0377219, "total_adsorption": 0.429144, "species_data": [{"InChIKey": "CURLTUGMZLYLDI-UHFFFAOYSA-N", "composition": 1, "adsorption": 0.429144}]}, {"pressure": 0.049142, "total_adsorption": 0.472651, "species_data": [{"InChIKey": "CURLTUGMZLYLDI-UHFFFAOYSA-N", "composition": 1, "adsorption": 0.472651}]}, {"pressure": 0.0554194, "total_adsorption": 0.533561, "species_data": [{"InChIKey": "CURLTUGMZLYLDI-UHFFFAOYSA-N", "composition": 1, "adsorption": 0.533561}]}, {"pressure": 0.0655774, "total_adsorption": 0.603173, "species_data": [{"InChIKey": "CURLTUGMZLYLDI-UHFFFAOYSA-N", "composition": 1, "adsorption": 0.603173}]}, {"pressure": 0.0775973, "total_adsorption": 0.707591, "species_data": [{"InChIKey": "CURLTUGMZLYLDI-UHFFFAOYSA-N", "composition": 1, "adsorption": 0.707591}]}, {"pressure": 0.0794856, "total_adsorption": 0.768501, "species_data": [{"InChIKey": "CURLTUGMZLYLDI-UHFFFAOYSA-N", "composition": 1, "adsorption": 0.768501}]}, {"pressure": 0.0896391, "total_adsorption": 1.07305, "species_data": [{"InChIKey": "CURLTUGMZLYLDI-UHFFFAOYSA-N", "composition": 1, "adsorption": 1.07305}]}, {"pressure": 0.098688, "total_adsorption": 1.38631, "species_data": [{"InChIKey": "CURLTUGMZLYLDI-UHFFFAOYSA-N", "composition": 1, "adsorption": 1.38631}]}, {"pressure": 0.111294, "total_adsorption": 1.55163, "species_data": [{"InChIKey": "CURLTUGMZLYLDI-UHFFFAOYSA-N", "composition": 1, "adsorption": 1.55163}]}, {"pressure": 0.134899, "total_adsorption": 1.80398, "species_data": [{"InChIKey": "CURLTUGMZLYLDI-UHFFFAOYSA-N", "composition": 1, "adsorption": 1.80398}]}, {"pressure": 0.144988, "total_adsorption": 1.9258, "species_data": [{"InChIKey": "CURLTUGMZLYLDI-UHFFFAOYSA-N", "composition": 1, "adsorption": 1.9258}]}, {"pressure": 0.198187, "total_adsorption": 2.05632, "species_data": [{"InChIKey": "CURLTUGMZLYLDI-UHFFFAOYSA-N", "composition": 1, "adsorption": 2.05632}]}, {"pressure": 0.277498, "total_adsorption": 2.10853, "species_data": [{"InChIKey": "CURLTUGMZLYLDI-UHFFFAOYSA-N", "composition": 1, "adsorption": 2.10853}]}, {"pressure": 0.518497, "total_adsorption": 3.31803, "species_data": [{"InChIKey": "CURLTUGMZLYLDI-UHFFFAOYSA-N", "composition": 1, "adsorption": 3.31803}]}, {"pressure": 0.531115, "total_adsorption": 3.62258, "species_data": [{"InChIKey": "CURLTUGMZLYLDI-UHFFFAOYSA-N", "composition": 1, "adsorption": 3.62258}]}, {"pressure": 0.557278, "total_adsorption": 3.86623, "species_data": [{"InChIKey": "CURLTUGMZLYLDI-UHFFFAOYSA-N", "composition": 1, "adsorption": 3.86623}]}, {"pressure": 0.570839, "total_adsorption": 3.97064, "species_data": [{"InChIKey": "CURLTUGMZLYLDI-UHFFFAOYSA-N", "composition": 1, "adsorption": 3.97064}]}, {"pressure": 0.58473, "total_adsorption": 4.05766, "species_data": [{"InChIKey": "CURLTUGMZLYLDI-UHFFFAOYSA-N", "composition": 1, "adsorption": 4.05766}]}, {"pressure": 0.691907, "total_adsorption": 4.15337, "species_data": [{"InChIKey": "CURLTUGMZLYLDI-UHFFFAOYSA-N", "composition": 1, "adsorption": 4.15337}]}, {"pressure": 0.761754, "total_adsorption": 4.24909, "species_data": [{"InChIKey": "CURLTUGMZLYLDI-UHFFFAOYSA-N", "composition": 1, "adsorption": 4.24909}]}, {"pressure": 0.923313, "total_adsorption": 4.3187, "species_data": [{"InChIKey": "CURLTUGMZLYLDI-UHFFFAOYSA-N", "composition": 1, "adsorption": 4.3187}]}]}