{"isotherm_data":[{"pressure":0.164458,"total_adsorption":14.0244,"species_data":[{"composition":1,"adsorption":14.0244,"InChIKey":"UFHFLCQGNIYNRP-UHFFFAOYSA-N"}]},{"pressure":0.755892,"total_adsorption":24.0854,"species_data":[{"composition":1,"adsorption":24.0854,"InChIKey":"UFHFLCQGNIYNRP-UHFFFAOYSA-N"}]},{"pressure":1.91941,"total_adsorption":30.7927,"species_data":[{"composition":1,"adsorption":30.7927,"InChIKey":"UFHFLCQGNIYNRP-UHFFFAOYSA-N"}]},{"pressure":2.64936,"total_adsorption":36.8902,"species_data":[{"composition":1,"adsorption":36.8902,"InChIKey":"UFHFLCQGNIYNRP-UHFFFAOYSA-N"}]},{"pressure":3.52222,"total_adsorption":42.0732,"species_data":[{"composition":1,"adsorption":42.0732,"InChIKey":"UFHFLCQGNIYNRP-UHFFFAOYSA-N"}]},{"pressure":4.24997,"total_adsorption":46.6463,"species_data":[{"composition":1,"adsorption":46.6463,"InChIKey":"UFHFLCQGNIYNRP-UHFFFAOYSA-N"}]},{"pressure":5.40997,"total_adsorption":50.9146,"species_data":[{"composition":1,"adsorption":50.9146,"InChIKey":"UFHFLCQGNIYNRP-UHFFFAOYSA-N"}]},{"pressure":6.42443,"total_adsorption":54.2683,"species_data":[{"composition":1,"adsorption":54.2683,"InChIKey":"UFHFLCQGNIYNRP-UHFFFAOYSA-N"}]},{"pressure":7.7269,"total_adsorption":57.3171,"species_data":[{"composition":1,"adsorption":57.3171,"InChIKey":"UFHFLCQGNIYNRP-UHFFFAOYSA-N"}]},{"pressure":8.88602,"total_adsorption":60.9756,"species_data":[{"composition":1,"adsorption":60.9756,"InChIKey":"UFHFLCQGNIYNRP-UHFFFAOYSA-N"}]},{"pressure":9.8996,"total_adsorption":63.7195,"species_data":[{"composition":1,"adsorption":63.7195,"InChIKey":"UFHFLCQGNIYNRP-UHFFFAOYSA-N"}]},{"pressure":11.2021,"total_adsorption":66.7683,"species_data":[{"composition":1,"adsorption":66.7683,"InChIKey":"UFHFLCQGNIYNRP-UHFFFAOYSA-N"}]},{"pressure":12.2156,"total_adsorption":69.5122,"species_data":[{"composition":1,"adsorption":69.5122,"InChIKey":"UFHFLCQGNIYNRP-UHFFFAOYSA-N"}]},{"pressure":13.3734,"total_adsorption":72.2561,"species_data":[{"composition":1,"adsorption":72.2561,"InChIKey":"UFHFLCQGNIYNRP-UHFFFAOYSA-N"}]},{"pressure":14.5304,"total_adsorption":74.3902,"species_data":[{"composition":1,"adsorption":74.3902,"InChIKey":"UFHFLCQGNIYNRP-UHFFFAOYSA-N"}]},{"pressure":15.5426,"total_adsorption":76.2195,"species_data":[{"composition":1,"adsorption":76.2195,"InChIKey":"UFHFLCQGNIYNRP-UHFFFAOYSA-N"}]},{"pressure":16.8429,"total_adsorption":77.7439,"species_data":[{"composition":1,"adsorption":77.7439,"InChIKey":"UFHFLCQGNIYNRP-UHFFFAOYSA-N"}]},{"pressure":18.2887,"total_adsorption":80.1829,"species_data":[{"composition":1,"adsorption":80.1829,"InChIKey":"UFHFLCQGNIYNRP-UHFFFAOYSA-N"}]},{"pressure":19.4452,"total_adsorption":82.0122,"species_data":[{"composition":1,"adsorption":82.0122,"InChIKey":"UFHFLCQGNIYNRP-UHFFFAOYSA-N"}]},{"pressure":20.6013,"total_adsorption":83.5366,"species_data":[{"composition":1,"adsorption":83.5366,"InChIKey":"UFHFLCQGNIYNRP-UHFFFAOYSA-N"}]},{"pressure":21.7582,"total_adsorption":85.6707,"species_data":[{"composition":1,"adsorption":85.6707,"InChIKey":"UFHFLCQGNIYNRP-UHFFFAOYSA-N"}]},{"pressure":23.2014,"total_adsorption":86.2805,"species_data":[{"composition":1,"adsorption":86.2805,"InChIKey":"UFHFLCQGNIYNRP-UHFFFAOYSA-N"}]},{"pressure":24.3579,"total_adsorption":88.1098,"species_data":[{"composition":1,"adsorption":88.1098,"InChIKey":"UFHFLCQGNIYNRP-UHFFFAOYSA-N"}]},{"pressure":25.6577,"total_adsorption":89.3293,"species_data":[{"composition":1,"adsorption":89.3293,"InChIKey":"UFHFLCQGNIYNRP-UHFFFAOYSA-N"}]},{"pressure":27.1022,"total_adsorption":90.8537,"species_data":[{"composition":1,"adsorption":90.8537,"InChIKey":"UFHFLCQGNIYNRP-UHFFFAOYSA-N"}]},{"pressure":28.2574,"total_adsorption":91.7683,"species_data":[{"composition":1,"adsorption":91.7683,"InChIKey":"UFHFLCQGNIYNRP-UHFFFAOYSA-N"}]},{"pressure":29.7014,"total_adsorption":92.9878,"species_data":[{"composition":1,"adsorption":92.9878,"InChIKey":"UFHFLCQGNIYNRP-UHFFFAOYSA-N"}]},{"pressure":30.8562,"total_adsorption":93.5976,"species_data":[{"composition":1,"adsorption":93.5976,"InChIKey":"UFHFLCQGNIYNRP-UHFFFAOYSA-N"}]},{"pressure":31.8675,"total_adsorption":94.8171,"species_data":[{"composition":1,"adsorption":94.8171,"InChIKey":"UFHFLCQGNIYNRP-UHFFFAOYSA-N"}]},{"pressure":33.3125,"total_adsorption":96.6463,"species_data":[{"composition":1,"adsorption":96.6463,"InChIKey":"UFHFLCQGNIYNRP-UHFFFAOYSA-N"}]},{"pressure":34.8994,"total_adsorption":96.9512,"species_data":[{"composition":1,"adsorption":96.9512,"InChIKey":"UFHFLCQGNIYNRP-UHFFFAOYSA-N"}]},{"pressure":36.198,"total_adsorption":97.2561,"species_data":[{"composition":1,"adsorption":97.2561,"InChIKey":"UFHFLCQGNIYNRP-UHFFFAOYSA-N"}]},{"pressure":37.6412,"total_adsorption":97.8659,"species_data":[{"composition":1,"adsorption":97.8659,"InChIKey":"UFHFLCQGNIYNRP-UHFFFAOYSA-N"}]},{"pressure":38.9401,"total_adsorption":98.4756,"species_data":[{"composition":1,"adsorption":98.4756,"InChIKey":"UFHFLCQGNIYNRP-UHFFFAOYSA-N"}]},{"pressure":39.951,"total_adsorption":99.3902,"species_data":[{"composition":1,"adsorption":99.3902,"InChIKey":"UFHFLCQGNIYNRP-UHFFFAOYSA-N"}]},{"pressure":41.5371,"total_adsorption":99.0854,"species_data":[{"composition":1,"adsorption":99.0854,"InChIKey":"UFHFLCQGNIYNRP-UHFFFAOYSA-N"}]},{"pressure":42.6919,"total_adsorption":99.6951,"species_data":[{"composition":1,"adsorption":99.6951,"InChIKey":"UFHFLCQGNIYNRP-UHFFFAOYSA-N"}]},{"pressure":43.9913,"total_adsorption":100.61,"species_data":[{"composition":1,"adsorption":100.61,"InChIKey":"UFHFLCQGNIYNRP-UHFFFAOYSA-N"}]},{"pressure":45.4323,"total_adsorption":99.6951,"species_data":[{"composition":1,"adsorption":99.6951,"InChIKey":"UFHFLCQGNIYNRP-UHFFFAOYSA-N"}]},{"pressure":46.8754,"total_adsorption":100.305,"species_data":[{"composition":1,"adsorption":100.305,"InChIKey":"UFHFLCQGNIYNRP-UHFFFAOYSA-N"}]},{"pressure":48.1757,"total_adsorption":101.829,"species_data":[{"composition":1,"adsorption":101.829,"InChIKey":"UFHFLCQGNIYNRP-UHFFFAOYSA-N"}]},{"pressure":49.476,"total_adsorption":103.354,"species_data":[{"composition":1,"adsorption":103.354,"InChIKey":"UFHFLCQGNIYNRP-UHFFFAOYSA-N"}]},{"pressure":50.9174,"total_adsorption":102.744,"species_data":[{"composition":1,"adsorption":102.744,"InChIKey":"UFHFLCQGNIYNRP-UHFFFAOYSA-N"}]},{"pressure":52.3588,"total_adsorption":102.134,"species_data":[{"composition":1,"adsorption":102.134,"InChIKey":"UFHFLCQGNIYNRP-UHFFFAOYSA-N"}]},{"pressure":54.0887,"total_adsorption":101.524,"species_data":[{"composition":1,"adsorption":101.524,"InChIKey":"UFHFLCQGNIYNRP-UHFFFAOYSA-N"}]},{"pressure":55.5324,"total_adsorption":102.439,"species_data":[{"composition":1,"adsorption":102.439,"InChIKey":"UFHFLCQGNIYNRP-UHFFFAOYSA-N"}]},{"pressure":56.976,"total_adsorption":103.354,"species_data":[{"composition":1,"adsorption":103.354,"InChIKey":"UFHFLCQGNIYNRP-UHFFFAOYSA-N"}]},{"pressure":58.7068,"total_adsorption":103.354,"species_data":[{"composition":1,"adsorption":103.354,"InChIKey":"UFHFLCQGNIYNRP-UHFFFAOYSA-N"}]},{"pressure":60.4375,"total_adsorption":103.354,"species_data":[{"composition":1,"adsorption":103.354,"InChIKey":"UFHFLCQGNIYNRP-UHFFFAOYSA-N"}]}],"temperature":77,"articleSource":"UNKNOWN","compositionType":"molefraction","adsorbates":[{"name":"Hydrogen","InChIKey":"UFHFLCQGNIYNRP-UHFFFAOYSA-N"}],"adsorptionUnits":"cm3(STP)/g","date":"1000-01-01","category":"","digitizer":"UNKNOWN","pressureUnits":"bar","DOI":"10.1039/C0cc02771e","adsorbent":{"name":"Cu-TEI","hashkey":"NIST-MATDB-1a674d4d6bef939cd8a9c11f83c6ca64"},"concentrationUnits":"","filename":"10.1039C0cc02771e.Isotherm1","isotherm_type":""}