{"filename": "10.1016j.micromeso.2015.02.023.Isotherm8", "DOI": "10.1016/j.micromeso.2015.02.023", "articleSource": "Figure 9", "date": "2016-07-15", "digitizer": "David A. Anderegg", "adsorbent": {"hashkey": "NIST-MATDB-ecad61a945ec45f25d477db94aef540f", "name": "[Al(OH) (SBPDC)]"}, "adsorbates": [{"InChIKey": "CURLTUGMZLYLDI-UHFFFAOYSA-N", "name": "Carbon Dioxide"}], "category": "exp", "temperature": 298, "isotherm_type": "", "adsorptionUnits": "mmol/g", "pressureUnits": "bar", "compositionType": "molefraction", "concentrationUnits": "", "isotherm_data": [{"pressure": 0.010605, "total_adsorption": 0.114571, "species_data": [{"InChIKey": "CURLTUGMZLYLDI-UHFFFAOYSA-N", "composition": 1, "adsorption": 0.114571}]}, {"pressure": 0.053531, "total_adsorption": 0.295311, "species_data": [{"InChIKey": "CURLTUGMZLYLDI-UHFFFAOYSA-N", "composition": 1, "adsorption": 0.295311}]}, {"pressure": 0.064262, "total_adsorption": 0.247932, "species_data": [{"InChIKey": "CURLTUGMZLYLDI-UHFFFAOYSA-N", "composition": 1, "adsorption": 0.247932}]}, {"pressure": 0.09431, "total_adsorption": 0.457045, "species_data": [{"InChIKey": "CURLTUGMZLYLDI-UHFFFAOYSA-N", "composition": 1, "adsorption": 0.457045}]}, {"pressure": 0.105042, "total_adsorption": 0.390679, "species_data": [{"InChIKey": "CURLTUGMZLYLDI-UHFFFAOYSA-N", "composition": 1, "adsorption": 0.390679}]}, {"pressure": 0.13509, "total_adsorption": 0.485867, "species_data": [{"InChIKey": "CURLTUGMZLYLDI-UHFFFAOYSA-N", "composition": 1, "adsorption": 0.485867}]}, {"pressure": 0.137237, "total_adsorption": 0.590316, "species_data": [{"InChIKey": "CURLTUGMZLYLDI-UHFFFAOYSA-N", "composition": 1, "adsorption": 0.590316}]}, {"pressure": 0.17587, "total_adsorption": 0.61912, "species_data": [{"InChIKey": "CURLTUGMZLYLDI-UHFFFAOYSA-N", "composition": 1, "adsorption": 0.61912}]}, {"pressure": 0.178016, "total_adsorption": 0.714075, "species_data": [{"InChIKey": "CURLTUGMZLYLDI-UHFFFAOYSA-N", "composition": 1, "adsorption": 0.714075}]}, {"pressure": 0.218795, "total_adsorption": 0.828341, "species_data": [{"InChIKey": "CURLTUGMZLYLDI-UHFFFAOYSA-N", "composition": 1, "adsorption": 0.828341}]}, {"pressure": 0.261721, "total_adsorption": 0.952118, "species_data": [{"InChIKey": "CURLTUGMZLYLDI-UHFFFAOYSA-N", "composition": 1, "adsorption": 0.952118}]}, {"pressure": 0.300354, "total_adsorption": 0.961935, "species_data": [{"InChIKey": "CURLTUGMZLYLDI-UHFFFAOYSA-N", "composition": 1, "adsorption": 0.961935}]}, {"pressure": 0.3025, "total_adsorption": 1.06638, "species_data": [{"InChIKey": "CURLTUGMZLYLDI-UHFFFAOYSA-N", "composition": 1, "adsorption": 1.06638}]}, {"pressure": 0.34328, "total_adsorption": 1.17116, "species_data": [{"InChIKey": "CURLTUGMZLYLDI-UHFFFAOYSA-N", "composition": 1, "adsorption": 1.17116}]}, {"pressure": 0.345426, "total_adsorption": 1.06674, "species_data": [{"InChIKey": "CURLTUGMZLYLDI-UHFFFAOYSA-N", "composition": 1, "adsorption": 1.06674}]}, {"pressure": 0.384059, "total_adsorption": 1.19048, "species_data": [{"InChIKey": "CURLTUGMZLYLDI-UHFFFAOYSA-N", "composition": 1, "adsorption": 1.19048}]}, {"pressure": 0.426985, "total_adsorption": 1.28578, "species_data": [{"InChIKey": "CURLTUGMZLYLDI-UHFFFAOYSA-N", "composition": 1, "adsorption": 1.28578}]}, {"pressure": 0.429131, "total_adsorption": 1.38074, "species_data": [{"InChIKey": "CURLTUGMZLYLDI-UHFFFAOYSA-N", "composition": 1, "adsorption": 1.38074}]}, {"pressure": 0.469911, "total_adsorption": 1.47601, "species_data": [{"InChIKey": "CURLTUGMZLYLDI-UHFFFAOYSA-N", "composition": 1, "adsorption": 1.47601}]}, {"pressure": 0.51069, "total_adsorption": 1.58079, "species_data": [{"InChIKey": "CURLTUGMZLYLDI-UHFFFAOYSA-N", "composition": 1, "adsorption": 1.58079}]}, {"pressure": 0.553616, "total_adsorption": 1.67608, "species_data": [{"InChIKey": "CURLTUGMZLYLDI-UHFFFAOYSA-N", "composition": 1, "adsorption": 1.67608}]}, {"pressure": 0.596542, "total_adsorption": 1.78087, "species_data": [{"InChIKey": "CURLTUGMZLYLDI-UHFFFAOYSA-N", "composition": 1, "adsorption": 1.78087}]}, {"pressure": 0.637321, "total_adsorption": 1.81919, "species_data": [{"InChIKey": "CURLTUGMZLYLDI-UHFFFAOYSA-N", "composition": 1, "adsorption": 1.81919}]}, {"pressure": 0.6781, "total_adsorption": 1.97143, "species_data": [{"InChIKey": "CURLTUGMZLYLDI-UHFFFAOYSA-N", "composition": 1, "adsorption": 1.97143}]}, {"pressure": 0.718881, "total_adsorption": 2.00025, "species_data": [{"InChIKey": "CURLTUGMZLYLDI-UHFFFAOYSA-N", "composition": 1, "adsorption": 2.00025}]}, {"pressure": 0.761807, "total_adsorption": 2.14302, "species_data": [{"InChIKey": "CURLTUGMZLYLDI-UHFFFAOYSA-N", "composition": 1, "adsorption": 2.14302}]}, {"pressure": 0.804731, "total_adsorption": 2.22882, "species_data": [{"InChIKey": "CURLTUGMZLYLDI-UHFFFAOYSA-N", "composition": 1, "adsorption": 2.22882}]}, {"pressure": 0.845512, "total_adsorption": 2.3146, "species_data": [{"InChIKey": "CURLTUGMZLYLDI-UHFFFAOYSA-N", "composition": 1, "adsorption": 2.3146}]}, {"pressure": 0.869121, "total_adsorption": 2.36227, "species_data": [{"InChIKey": "CURLTUGMZLYLDI-UHFFFAOYSA-N", "composition": 1, "adsorption": 2.36227}]}, {"pressure": 0.888438, "total_adsorption": 2.37193, "species_data": [{"InChIKey": "CURLTUGMZLYLDI-UHFFFAOYSA-N", "composition": 1, "adsorption": 2.37193}]}, {"pressure": 0.912046, "total_adsorption": 2.44807, "species_data": [{"InChIKey": "CURLTUGMZLYLDI-UHFFFAOYSA-N", "composition": 1, "adsorption": 2.44807}]}, {"pressure": 0.929217, "total_adsorption": 2.45771, "species_data": [{"InChIKey": "CURLTUGMZLYLDI-UHFFFAOYSA-N", "composition": 1, "adsorption": 2.45771}]}, {"pressure": 0.952826, "total_adsorption": 2.53386, "species_data": [{"InChIKey": "CURLTUGMZLYLDI-UHFFFAOYSA-N", "composition": 1, "adsorption": 2.53386}]}, {"pressure": 0.972143, "total_adsorption": 2.55301, "species_data": [{"InChIKey": "CURLTUGMZLYLDI-UHFFFAOYSA-N", "composition": 1, "adsorption": 2.55301}]}, {"pressure": 1.01292, "total_adsorption": 2.6293, "species_data": [{"InChIKey": "CURLTUGMZLYLDI-UHFFFAOYSA-N", "composition": 1, "adsorption": 2.6293}]}]}