{"isotherm_data":[{"pressure":1.03435,"total_adsorption":7.53,"species_data":[{"composition":1,"adsorption":7.53,"InChIKey":"UFHFLCQGNIYNRP-UHFFFAOYSA-N"}]},{"pressure":3.04443,"total_adsorption":11.3535,"species_data":[{"composition":1,"adsorption":11.3535,"InChIKey":"UFHFLCQGNIYNRP-UHFFFAOYSA-N"}]},{"pressure":6.10326,"total_adsorption":13.7569,"species_data":[{"composition":1,"adsorption":13.7569,"InChIKey":"UFHFLCQGNIYNRP-UHFFFAOYSA-N"}]},{"pressure":10.036,"total_adsorption":15.5048,"species_data":[{"composition":1,"adsorption":15.5048,"InChIKey":"UFHFLCQGNIYNRP-UHFFFAOYSA-N"}]},{"pressure":15.1923,"total_adsorption":17.0342,"species_data":[{"composition":1,"adsorption":17.0342,"InChIKey":"UFHFLCQGNIYNRP-UHFFFAOYSA-N"}]},{"pressure":20.0864,"total_adsorption":18.0174,"species_data":[{"composition":1,"adsorption":18.0174,"InChIKey":"UFHFLCQGNIYNRP-UHFFFAOYSA-N"}]},{"pressure":29.9621,"total_adsorption":19.2191,"species_data":[{"composition":1,"adsorption":19.2191,"InChIKey":"UFHFLCQGNIYNRP-UHFFFAOYSA-N"}]},{"pressure":39.9251,"total_adsorption":19.9292,"species_data":[{"composition":1,"adsorption":19.9292,"InChIKey":"UFHFLCQGNIYNRP-UHFFFAOYSA-N"}]}],"temperature":77,"articleSource":"UNKNOWN","compositionType":"molefraction","adsorbates":[{"name":"Hydrogen","InChIKey":"UFHFLCQGNIYNRP-UHFFFAOYSA-N"}],"adsorptionUnits":"g/l","date":"1000-01-01","category":"","digitizer":"UNKNOWN","pressureUnits":"bar","DOI":"10.1016/j.carbon.2010.04.025","adsorbent":{"name":"Carbon","hashkey":"NIST-MATDB-453276ee992ed07dc207ed08b2b221ce"},"concentrationUnits":"","filename":"10.1016j.carbon.2010.04.025.isotherm6","isotherm_type":""}