{"filename": "10.1021jp3046356.Isotherm74", "DOI": "10.1021/jp3046356", "articleSource": "Figure 4", "date": "2017-07-14", "digitizer": "Julia Chotoo", "adsorbent": {"hashkey": "NIST-MATDB-f5e80ffaaaf05f4ed655664fd22defb9", "name": "Mg-MOF-74"}, "adsorbates": [{"InChIKey": "CURLTUGMZLYLDI-UHFFFAOYSA-N", "name": "Carbon Dioxide"}, {"InChIKey": "VNWKTOKETHGBQD-UHFFFAOYSA-N", "name": "Methane"}], "category": "exp", "temperature": 298, "isotherm_type": "", "adsorptionUnits": "mmol/g", "pressureUnits": "bar", "compositionType": "molefraction", "concentrationUnits": "", "isotherm_data": [{"pressure": 0.100577, "total_adsorption": 5.16, "species_data": [{"InChIKey": "CURLTUGMZLYLDI-UHFFFAOYSA-N", "composition": 0.5, "adsorption": 5.16}]}, {"pressure": 0.205968, "total_adsorption": 5.9094, "species_data": [{"InChIKey": "CURLTUGMZLYLDI-UHFFFAOYSA-N", "composition": 0.5, "adsorption": 5.9094}]}, {"pressure": 0.416965, "total_adsorption": 6.6965, "species_data": [{"InChIKey": "CURLTUGMZLYLDI-UHFFFAOYSA-N", "composition": 0.5, "adsorption": 6.6965}]}, {"pressure": 0.87438, "total_adsorption": 7.4081, "species_data": [{"InChIKey": "CURLTUGMZLYLDI-UHFFFAOYSA-N", "composition": 0.5, "adsorption": 7.4081}]}, {"pressure": 1.83316, "total_adsorption": 8.3081, "species_data": [{"InChIKey": "CURLTUGMZLYLDI-UHFFFAOYSA-N", "composition": 0.5, "adsorption": 8.3081}]}, {"pressure": 3.75232, "total_adsorption": 9.6601, "species_data": [{"InChIKey": "CURLTUGMZLYLDI-UHFFFAOYSA-N", "composition": 0.5, "adsorption": 9.6601}]}, {"pressure": 7.67715, "total_adsorption": 11.2381, "species_data": [{"InChIKey": "CURLTUGMZLYLDI-UHFFFAOYSA-N", "composition": 0.5, "adsorption": 11.2381}]}, {"pressure": 15.5239, "total_adsorption": 13.0045, "species_data": [{"InChIKey": "CURLTUGMZLYLDI-UHFFFAOYSA-N", "composition": 0.5, "adsorption": 13.0045}]}, {"pressure": 33.2966, "total_adsorption": 14.4693, "species_data": [{"InChIKey": "CURLTUGMZLYLDI-UHFFFAOYSA-N", "composition": 0.5, "adsorption": 14.4693}]}, {"pressure": 69.0081, "total_adsorption": 15.2563, "species_data": [{"InChIKey": "CURLTUGMZLYLDI-UHFFFAOYSA-N", "composition": 0.5, "adsorption": 15.2563}]}]}