{"isotherm_data":[{"pressure":0.00561856,"total_adsorption":0.253978,"species_data":[{"composition":1,"adsorption":0.253978,"InChIKey":"CURLTUGMZLYLDI-UHFFFAOYSA-N"}]},{"pressure":0.0309707,"total_adsorption":0.422993,"species_data":[{"composition":1,"adsorption":0.422993,"InChIKey":"CURLTUGMZLYLDI-UHFFFAOYSA-N"}]},{"pressure":0.0591397,"total_adsorption":0.592007,"species_data":[{"composition":1,"adsorption":0.592007,"InChIKey":"CURLTUGMZLYLDI-UHFFFAOYSA-N"}]},{"pressure":0.091534,"total_adsorption":0.676514,"species_data":[{"composition":1,"adsorption":0.676514,"InChIKey":"CURLTUGMZLYLDI-UHFFFAOYSA-N"}]},{"pressure":0.146464,"total_adsorption":0.63426,"species_data":[{"composition":1,"adsorption":0.63426,"InChIKey":"CURLTUGMZLYLDI-UHFFFAOYSA-N"}]},{"pressure":0.273224,"total_adsorption":0.761021,"species_data":[{"composition":1,"adsorption":0.761021,"InChIKey":"CURLTUGMZLYLDI-UHFFFAOYSA-N"}]},{"pressure":0.425337,"total_adsorption":0.845528,"species_data":[{"composition":1,"adsorption":0.845528,"InChIKey":"CURLTUGMZLYLDI-UHFFFAOYSA-N"}]},{"pressure":0.470407,"total_adsorption":0.887781,"species_data":[{"composition":1,"adsorption":0.887781,"InChIKey":"CURLTUGMZLYLDI-UHFFFAOYSA-N"}]},{"pressure":0.571816,"total_adsorption":1.01454,"species_data":[{"composition":1,"adsorption":1.01454,"InChIKey":"CURLTUGMZLYLDI-UHFFFAOYSA-N"}]},{"pressure":0.671816,"total_adsorption":1.0568,"species_data":[{"composition":1,"adsorption":1.0568,"InChIKey":"CURLTUGMZLYLDI-UHFFFAOYSA-N"}]},{"pressure":0.72252,"total_adsorption":1.22581,"species_data":[{"composition":1,"adsorption":1.22581,"InChIKey":"CURLTUGMZLYLDI-UHFFFAOYSA-N"}]},{"pressure":0.819703,"total_adsorption":1.39482,"species_data":[{"composition":1,"adsorption":1.39482,"InChIKey":"CURLTUGMZLYLDI-UHFFFAOYSA-N"}]},{"pressure":0.868999,"total_adsorption":1.52158,"species_data":[{"composition":1,"adsorption":1.52158,"InChIKey":"CURLTUGMZLYLDI-UHFFFAOYSA-N"}]},{"pressure":0.912661,"total_adsorption":1.73285,"species_data":[{"composition":1,"adsorption":1.73285,"InChIKey":"CURLTUGMZLYLDI-UHFFFAOYSA-N"}]},{"pressure":0.960548,"total_adsorption":2.02863,"species_data":[{"composition":1,"adsorption":2.02863,"InChIKey":"CURLTUGMZLYLDI-UHFFFAOYSA-N"}]},{"pressure":0.998576,"total_adsorption":2.15539,"species_data":[{"composition":1,"adsorption":2.15539,"InChIKey":"CURLTUGMZLYLDI-UHFFFAOYSA-N"}]}],"temperature":273,"articleSource":"UNKNOWN","compositionType":"molefraction","adsorbates":[{"name":"Carbon Dioxide","InChIKey":"CURLTUGMZLYLDI-UHFFFAOYSA-N"}],"adsorptionUnits":"cm3(STP)/g","date":"1000-01-01","category":"","digitizer":"UNKNOWN","pressureUnits":"bar","DOI":"10.1007/s11243-013-9744-2","adsorbent":{"name":"[Ni(INAIP)(H2O)]*2H2O","hashkey":"NIST-MATDB-44e3f8433f4f10b688218954fc754a61"},"concentrationUnits":"","filename":"10.1007s11243-013-9744-2.isotherm4","isotherm_type":""}