{"filename": "10.1039C3cp50492a.isotherm42", "DOI": "10.1039/C3cp50492a", "articleSource": "UNKNOWN", "date": "1000-01-01", "digitizer": "UNKNOWN", "adsorbent": {"hashkey": "NIST-MATDB-9aa49c44c86ec9c14d8659690aa46746", "name": "Li_C60-COF"}, "adsorbates": [{"InChIKey": "UFHFLCQGNIYNRP-UHFFFAOYSA-N", "name": "Hydrogen"}], "category": "", "temperature": 298, "isotherm_type": "", "adsorptionUnits": "g/l", "pressureUnits": "bar", "compositionType": "molefraction", "concentrationUnits": "", "isotherm_data": [{"pressure": 0.280166, "total_adsorption": 0.648192, "species_data": [{"InChIKey": "UFHFLCQGNIYNRP-UHFFFAOYSA-N", "composition": 1, "adsorption": 0.648192}]}, {"pressure": 9.99848, "total_adsorption": 4.56369, "species_data": [{"InChIKey": "UFHFLCQGNIYNRP-UHFFFAOYSA-N", "composition": 1, "adsorption": 4.56369}]}, {"pressure": 20.2802, "total_adsorption": 7.57777, "species_data": [{"InChIKey": "UFHFLCQGNIYNRP-UHFFFAOYSA-N", "composition": 1, "adsorption": 7.57777}]}, {"pressure": 29.9985, "total_adsorption": 9.71861, "species_data": [{"InChIKey": "UFHFLCQGNIYNRP-UHFFFAOYSA-N", "composition": 1, "adsorption": 9.71861}]}, {"pressure": 39.5759, "total_adsorption": 11.4369, "species_data": [{"InChIKey": "UFHFLCQGNIYNRP-UHFFFAOYSA-N", "composition": 1, "adsorption": 11.4369}]}, {"pressure": 50.1393, "total_adsorption": 12.9017, "species_data": [{"InChIKey": "UFHFLCQGNIYNRP-UHFFFAOYSA-N", "composition": 1, "adsorption": 12.9017}]}, {"pressure": 60.1393, "total_adsorption": 14.282, "species_data": [{"InChIKey": "UFHFLCQGNIYNRP-UHFFFAOYSA-N", "composition": 1, "adsorption": 14.282}]}, {"pressure": 80.2802, "total_adsorption": 16.5355, "species_data": [{"InChIKey": "UFHFLCQGNIYNRP-UHFFFAOYSA-N", "composition": 1, "adsorption": 16.5355}]}, {"pressure": 89.9985, "total_adsorption": 17.4933, "species_data": [{"InChIKey": "UFHFLCQGNIYNRP-UHFFFAOYSA-N", "composition": 1, "adsorption": 17.4933}]}, {"pressure": 99.8576, "total_adsorption": 18.3102, "species_data": [{"InChIKey": "UFHFLCQGNIYNRP-UHFFFAOYSA-N", "composition": 1, "adsorption": 18.3102}]}]}