{"isotherm_data":[{"pressure":0.0639156,"total_adsorption":35.3881,"species_data":[{"composition":1,"adsorption":35.3881,"InChIKey":"SYUHGPGVQRZVTB-UHFFFAOYSA-N"}]},{"pressure":0.0939935,"total_adsorption":66.21,"species_data":[{"composition":1,"adsorption":66.21,"InChIKey":"SYUHGPGVQRZVTB-UHFFFAOYSA-N"}]},{"pressure":0.229344,"total_adsorption":139.269,"species_data":[{"composition":1,"adsorption":139.269,"InChIKey":"SYUHGPGVQRZVTB-UHFFFAOYSA-N"}]},{"pressure":0.627877,"total_adsorption":164.384,"species_data":[{"composition":1,"adsorption":164.384,"InChIKey":"SYUHGPGVQRZVTB-UHFFFAOYSA-N"}]},{"pressure":1.01513,"total_adsorption":176.941,"species_data":[{"composition":1,"adsorption":176.941,"InChIKey":"SYUHGPGVQRZVTB-UHFFFAOYSA-N"}]},{"pressure":1.73325,"total_adsorption":187.215,"species_data":[{"composition":1,"adsorption":187.215,"InChIKey":"SYUHGPGVQRZVTB-UHFFFAOYSA-N"}]}],"temperature":292,"articleSource":"UNKNOWN","compositionType":"molefraction","adsorbates":[{"name":"Radon","InChIKey":"SYUHGPGVQRZVTB-UHFFFAOYSA-N"}],"adsorptionUnits":"cm3(STP)/g","date":"1000-01-01","category":"","digitizer":"UNKNOWN","pressureUnits":"bar","DOI":"10.1021/Jp501495f","adsorbent":{"name":"MOF-74-Co","hashkey":"NIST-MATDB-8b2f5bfff597fd6ac1507365a3732a97"},"concentrationUnits":"","filename":"10.1021Jp501495f.Isotherm89","isotherm_type":""}