{"isotherm_data":[{"pressure":0.0873069,"total_adsorption":7.6555,"species_data":[{"composition":1,"adsorption":7.6555,"InChIKey":"HSFWRNGVRCDJHI-UHFFFAOYSA-N"}]},{"pressure":0.102498,"total_adsorption":8.61244,"species_data":[{"composition":1,"adsorption":8.61244,"InChIKey":"HSFWRNGVRCDJHI-UHFFFAOYSA-N"}]},{"pressure":0.140448,"total_adsorption":12.4402,"species_data":[{"composition":1,"adsorption":12.4402,"InChIKey":"HSFWRNGVRCDJHI-UHFFFAOYSA-N"}]},{"pressure":0.174614,"total_adsorption":15.311,"species_data":[{"composition":1,"adsorption":15.311,"InChIKey":"HSFWRNGVRCDJHI-UHFFFAOYSA-N"}]},{"pressure":0.231539,"total_adsorption":21.0526,"species_data":[{"composition":1,"adsorption":21.0526,"InChIKey":"HSFWRNGVRCDJHI-UHFFFAOYSA-N"}]},{"pressure":0.265723,"total_adsorption":22.9665,"species_data":[{"composition":1,"adsorption":22.9665,"InChIKey":"HSFWRNGVRCDJHI-UHFFFAOYSA-N"}]},{"pressure":0.318864,"total_adsorption":27.7512,"species_data":[{"composition":1,"adsorption":27.7512,"InChIKey":"HSFWRNGVRCDJHI-UHFFFAOYSA-N"}]},{"pressure":0.406171,"total_adsorption":35.4067,"species_data":[{"composition":1,"adsorption":35.4067,"InChIKey":"HSFWRNGVRCDJHI-UHFFFAOYSA-N"}]},{"pressure":0.455491,"total_adsorption":41.1483,"species_data":[{"composition":1,"adsorption":41.1483,"InChIKey":"HSFWRNGVRCDJHI-UHFFFAOYSA-N"}]},{"pressure":0.565576,"total_adsorption":50.7177,"species_data":[{"composition":1,"adsorption":50.7177,"InChIKey":"HSFWRNGVRCDJHI-UHFFFAOYSA-N"}]},{"pressure":0.626303,"total_adsorption":56.4593,"species_data":[{"composition":1,"adsorption":56.4593,"InChIKey":"HSFWRNGVRCDJHI-UHFFFAOYSA-N"}]},{"pressure":0.68703,"total_adsorption":62.201,"species_data":[{"composition":1,"adsorption":62.201,"InChIKey":"HSFWRNGVRCDJHI-UHFFFAOYSA-N"}]},{"pressure":0.755362,"total_adsorption":67.9426,"species_data":[{"composition":1,"adsorption":67.9426,"InChIKey":"HSFWRNGVRCDJHI-UHFFFAOYSA-N"}]},{"pressure":0.819856,"total_adsorption":75.5981,"species_data":[{"composition":1,"adsorption":75.5981,"InChIKey":"HSFWRNGVRCDJHI-UHFFFAOYSA-N"}]},{"pressure":0.884385,"total_adsorption":81.3397,"species_data":[{"composition":1,"adsorption":81.3397,"InChIKey":"HSFWRNGVRCDJHI-UHFFFAOYSA-N"}]},{"pressure":1.02103,"total_adsorption":93.7799,"species_data":[{"composition":1,"adsorption":93.7799,"InChIKey":"HSFWRNGVRCDJHI-UHFFFAOYSA-N"}]}],"temperature":298,"articleSource":"UNKNOWN","compositionType":"molefraction","adsorbates":[{"name":"Acetylene","InChIKey":"HSFWRNGVRCDJHI-UHFFFAOYSA-N"}],"adsorptionUnits":"ml/g","date":"1000-01-01","category":"","digitizer":"UNKNOWN","pressureUnits":"bar","DOI":"10.1002/asia.200800112","adsorbent":{"name":"[Zn2(bdc)2(dabco)]n","hashkey":"NIST-MATDB-32ba3fb4402b8e2dc1ecdabfb5f8b0ed"},"concentrationUnits":"","filename":"10.1002asia.200800112.Isotherm17","isotherm_type":""}