{"isotherm_data":[{"pressure":0.37037,"total_adsorption":23.3974,"species_data":[{"composition":1,"adsorption":23.3974,"InChIKey":"UFHFLCQGNIYNRP-UHFFFAOYSA-N"}]},{"pressure":0.740741,"total_adsorption":26.4174,"species_data":[{"composition":1,"adsorption":26.4174,"InChIKey":"UFHFLCQGNIYNRP-UHFFFAOYSA-N"}]},{"pressure":1.11111,"total_adsorption":30.0035,"species_data":[{"composition":1,"adsorption":30.0035,"InChIKey":"UFHFLCQGNIYNRP-UHFFFAOYSA-N"}]},{"pressure":1.48148,"total_adsorption":32.2688,"species_data":[{"composition":1,"adsorption":32.2688,"InChIKey":"UFHFLCQGNIYNRP-UHFFFAOYSA-N"}]},{"pressure":2.03704,"total_adsorption":34.7234,"species_data":[{"composition":1,"adsorption":34.7234,"InChIKey":"UFHFLCQGNIYNRP-UHFFFAOYSA-N"}]},{"pressure":2.59259,"total_adsorption":36.9893,"species_data":[{"composition":1,"adsorption":36.9893,"InChIKey":"UFHFLCQGNIYNRP-UHFFFAOYSA-N"}]},{"pressure":3.51852,"total_adsorption":38.6903,"species_data":[{"composition":1,"adsorption":38.6903,"InChIKey":"UFHFLCQGNIYNRP-UHFFFAOYSA-N"}]},{"pressure":5.18519,"total_adsorption":40.5823,"species_data":[{"composition":1,"adsorption":40.5823,"InChIKey":"UFHFLCQGNIYNRP-UHFFFAOYSA-N"}]},{"pressure":7.22222,"total_adsorption":41.7208,"species_data":[{"composition":1,"adsorption":41.7208,"InChIKey":"UFHFLCQGNIYNRP-UHFFFAOYSA-N"}]},{"pressure":9.81481,"total_adsorption":42.4837,"species_data":[{"composition":1,"adsorption":42.4837,"InChIKey":"UFHFLCQGNIYNRP-UHFFFAOYSA-N"}]},{"pressure":11.6667,"total_adsorption":42.6782,"species_data":[{"composition":1,"adsorption":42.6782,"InChIKey":"UFHFLCQGNIYNRP-UHFFFAOYSA-N"}]},{"pressure":13.1481,"total_adsorption":42.6829,"species_data":[{"composition":1,"adsorption":42.6829,"InChIKey":"UFHFLCQGNIYNRP-UHFFFAOYSA-N"}]},{"pressure":15,"total_adsorption":42.5,"species_data":[{"composition":1,"adsorption":42.5,"InChIKey":"UFHFLCQGNIYNRP-UHFFFAOYSA-N"}]},{"pressure":16.6667,"total_adsorption":42.1279,"species_data":[{"composition":1,"adsorption":42.1279,"InChIKey":"UFHFLCQGNIYNRP-UHFFFAOYSA-N"}]},{"pressure":17.4074,"total_adsorption":41.9415,"species_data":[{"composition":1,"adsorption":41.9415,"InChIKey":"UFHFLCQGNIYNRP-UHFFFAOYSA-N"}]},{"pressure":19.0741,"total_adsorption":41.7581,"species_data":[{"composition":1,"adsorption":41.7581,"InChIKey":"UFHFLCQGNIYNRP-UHFFFAOYSA-N"}]},{"pressure":20.9259,"total_adsorption":41.1979,"species_data":[{"composition":1,"adsorption":41.1979,"InChIKey":"UFHFLCQGNIYNRP-UHFFFAOYSA-N"}]},{"pressure":22.5926,"total_adsorption":41.0144,"species_data":[{"composition":1,"adsorption":41.0144,"InChIKey":"UFHFLCQGNIYNRP-UHFFFAOYSA-N"}]},{"pressure":24.2593,"total_adsorption":40.265,"species_data":[{"composition":1,"adsorption":40.265,"InChIKey":"UFHFLCQGNIYNRP-UHFFFAOYSA-N"}]},{"pressure":25.9259,"total_adsorption":39.5155,"species_data":[{"composition":1,"adsorption":39.5155,"InChIKey":"UFHFLCQGNIYNRP-UHFFFAOYSA-N"}]},{"pressure":27.4074,"total_adsorption":38.9541,"species_data":[{"composition":1,"adsorption":38.9541,"InChIKey":"UFHFLCQGNIYNRP-UHFFFAOYSA-N"}]},{"pressure":29.0741,"total_adsorption":38.582,"species_data":[{"composition":1,"adsorption":38.582,"InChIKey":"UFHFLCQGNIYNRP-UHFFFAOYSA-N"}]},{"pressure":30,"total_adsorption":38.0189,"species_data":[{"composition":1,"adsorption":38.0189,"InChIKey":"UFHFLCQGNIYNRP-UHFFFAOYSA-N"}]}],"temperature":50,"articleSource":"UNKNOWN","compositionType":"molefraction","adsorbates":[{"name":"Hydrogen","InChIKey":"UFHFLCQGNIYNRP-UHFFFAOYSA-N"}],"adsorptionUnits":"mmol/g","date":"1000-01-01","category":"","digitizer":"UNKNOWN","pressureUnits":"bar","DOI":"10.1021/Jp305524f","adsorbent":{"name":"IRMOF-1","hashkey":"NIST-MATDB-2c9380bddc59f547484ff729eab7d7cb"},"concentrationUnits":"","filename":"10.1021Jp305524f.Isotherm111","isotherm_type":""}