{"filename": "10.1016j.micromeso.2010.11.017.Isotherm5", "DOI": "10.1016/j.micromeso.2010.11.017", "articleSource": "UNKNOWN", "date": "1000-01-01", "digitizer": "UNKNOWN", "adsorbent": {"hashkey": "NIST-MATDB-eac31584ad49217cba58bde85c79de24", "name": "3Inf[(Cu(mu4-O)(mu2-OH)2(Me2trzpba)4]"}, "adsorbates": [{"InChIKey": "IJGRMHOSHXDMSA-UHFFFAOYSA-N", "name": "Nitrogen"}], "category": "", "temperature": 77, "isotherm_type": "", "adsorptionUnits": "cm3(STP)/g", "pressureUnits": "bar", "compositionType": "molefraction", "concentrationUnits": "", "isotherm_data": [{"pressure": 1.92e-06, "total_adsorption": 17.1171, "species_data": [{"InChIKey": "IJGRMHOSHXDMSA-UHFFFAOYSA-N", "composition": 1, "adsorption": 17.1171}]}, {"pressure": 2.29e-06, "total_adsorption": 18.9189, "species_data": [{"InChIKey": "IJGRMHOSHXDMSA-UHFFFAOYSA-N", "composition": 1, "adsorption": 18.9189}]}, {"pressure": 2.61e-06, "total_adsorption": 25.2252, "species_data": [{"InChIKey": "IJGRMHOSHXDMSA-UHFFFAOYSA-N", "composition": 1, "adsorption": 25.2252}]}, {"pressure": 3.11e-06, "total_adsorption": 31.5315, "species_data": [{"InChIKey": "IJGRMHOSHXDMSA-UHFFFAOYSA-N", "composition": 1, "adsorption": 31.5315}]}, {"pressure": 3.47e-06, "total_adsorption": 38.7387, "species_data": [{"InChIKey": "IJGRMHOSHXDMSA-UHFFFAOYSA-N", "composition": 1, "adsorption": 38.7387}]}, {"pressure": 4.23e-06, "total_adsorption": 39.6396, "species_data": [{"InChIKey": "IJGRMHOSHXDMSA-UHFFFAOYSA-N", "composition": 1, "adsorption": 39.6396}]}, {"pressure": 4.52e-06, "total_adsorption": 41.4414, "species_data": [{"InChIKey": "IJGRMHOSHXDMSA-UHFFFAOYSA-N", "composition": 1, "adsorption": 41.4414}]}, {"pressure": 5.64e-06, "total_adsorption": 43.2432, "species_data": [{"InChIKey": "IJGRMHOSHXDMSA-UHFFFAOYSA-N", "composition": 1, "adsorption": 43.2432}]}, {"pressure": 6.87e-06, "total_adsorption": 45.045, "species_data": [{"InChIKey": "IJGRMHOSHXDMSA-UHFFFAOYSA-N", "composition": 1, "adsorption": 45.045}]}, {"pressure": 8.56e-06, "total_adsorption": 46.8468, "species_data": [{"InChIKey": "IJGRMHOSHXDMSA-UHFFFAOYSA-N", "composition": 1, "adsorption": 46.8468}]}, {"pressure": 1.04e-05, "total_adsorption": 49.5495, "species_data": [{"InChIKey": "IJGRMHOSHXDMSA-UHFFFAOYSA-N", "composition": 1, "adsorption": 49.5495}]}, {"pressure": 1.3e-05, "total_adsorption": 51.3514, "species_data": [{"InChIKey": "IJGRMHOSHXDMSA-UHFFFAOYSA-N", "composition": 1, "adsorption": 51.3514}]}, {"pressure": 1.58e-05, "total_adsorption": 54.0541, "species_data": [{"InChIKey": "IJGRMHOSHXDMSA-UHFFFAOYSA-N", "composition": 1, "adsorption": 54.0541}]}, {"pressure": 1.97e-05, "total_adsorption": 55.8559, "species_data": [{"InChIKey": "IJGRMHOSHXDMSA-UHFFFAOYSA-N", "composition": 1, "adsorption": 55.8559}]}, {"pressure": 2.75e-05, "total_adsorption": 59.4595, "species_data": [{"InChIKey": "IJGRMHOSHXDMSA-UHFFFAOYSA-N", "composition": 1, "adsorption": 59.4595}]}, {"pressure": 3.5e-05, "total_adsorption": 62.1622, "species_data": [{"InChIKey": "IJGRMHOSHXDMSA-UHFFFAOYSA-N", "composition": 1, "adsorption": 62.1622}]}, {"pressure": 0.00012533, "total_adsorption": 74.7748, "species_data": [{"InChIKey": "IJGRMHOSHXDMSA-UHFFFAOYSA-N", "composition": 1, "adsorption": 74.7748}]}, {"pressure": 0.000226994, "total_adsorption": 81.0811, "species_data": [{"InChIKey": "IJGRMHOSHXDMSA-UHFFFAOYSA-N", "composition": 1, "adsorption": 81.0811}]}, {"pressure": 0.000264786, "total_adsorption": 81.982, "species_data": [{"InChIKey": "IJGRMHOSHXDMSA-UHFFFAOYSA-N", "composition": 1, "adsorption": 81.982}]}, {"pressure": 0.000322757, "total_adsorption": 84.6847, "species_data": [{"InChIKey": "IJGRMHOSHXDMSA-UHFFFAOYSA-N", "composition": 1, "adsorption": 84.6847}]}, {"pressure": 0.000402184, "total_adsorption": 87.3874, "species_data": [{"InChIKey": "IJGRMHOSHXDMSA-UHFFFAOYSA-N", "composition": 1, "adsorption": 87.3874}]}, {"pressure": 0.000490236, "total_adsorption": 90.991, "species_data": [{"InChIKey": "IJGRMHOSHXDMSA-UHFFFAOYSA-N", "composition": 1, "adsorption": 90.991}]}, {"pressure": 0.000610865, "total_adsorption": 93.6937, "species_data": [{"InChIKey": "IJGRMHOSHXDMSA-UHFFFAOYSA-N", "composition": 1, "adsorption": 93.6937}]}, {"pressure": 0.000744621, "total_adsorption": 96.3964, "species_data": [{"InChIKey": "IJGRMHOSHXDMSA-UHFFFAOYSA-N", "composition": 1, "adsorption": 96.3964}]}, {"pressure": 0.000907664, "total_adsorption": 100.901, "species_data": [{"InChIKey": "IJGRMHOSHXDMSA-UHFFFAOYSA-N", "composition": 1, "adsorption": 100.901}]}, {"pressure": 0.00123505, "total_adsorption": 120.721, "species_data": [{"InChIKey": "IJGRMHOSHXDMSA-UHFFFAOYSA-N", "composition": 1, "adsorption": 120.721}]}, {"pressure": 0.00131931, "total_adsorption": 127.928, "species_data": [{"InChIKey": "IJGRMHOSHXDMSA-UHFFFAOYSA-N", "composition": 1, "adsorption": 127.928}]}, {"pressure": 0.00144067, "total_adsorption": 136.036, "species_data": [{"InChIKey": "IJGRMHOSHXDMSA-UHFFFAOYSA-N", "composition": 1, "adsorption": 136.036}]}, {"pressure": 0.00153895, "total_adsorption": 145.045, "species_data": [{"InChIKey": "IJGRMHOSHXDMSA-UHFFFAOYSA-N", "composition": 1, "adsorption": 145.045}]}, {"pressure": 0.00168053, "total_adsorption": 153.153, "species_data": [{"InChIKey": "IJGRMHOSHXDMSA-UHFFFAOYSA-N", "composition": 1, "adsorption": 153.153}]}, {"pressure": 0.00179517, "total_adsorption": 161.261, "species_data": [{"InChIKey": "IJGRMHOSHXDMSA-UHFFFAOYSA-N", "composition": 1, "adsorption": 161.261}]}, {"pressure": 0.0020039, "total_adsorption": 169.369, "species_data": [{"InChIKey": "IJGRMHOSHXDMSA-UHFFFAOYSA-N", "composition": 1, "adsorption": 169.369}]}, {"pressure": 0.00284928, "total_adsorption": 183.784, "species_data": [{"InChIKey": "IJGRMHOSHXDMSA-UHFFFAOYSA-N", "composition": 1, "adsorption": 183.784}]}, {"pressure": 0.00387699, "total_adsorption": 187.387, "species_data": [{"InChIKey": "IJGRMHOSHXDMSA-UHFFFAOYSA-N", "composition": 1, "adsorption": 187.387}]}, {"pressure": 0.0050483, "total_adsorption": 190.09, "species_data": [{"InChIKey": "IJGRMHOSHXDMSA-UHFFFAOYSA-N", "composition": 1, "adsorption": 190.09}]}, {"pressure": 0.00801282, "total_adsorption": 193.694, "species_data": [{"InChIKey": "IJGRMHOSHXDMSA-UHFFFAOYSA-N", "composition": 1, "adsorption": 193.694}]}, {"pressure": 0.013001, "total_adsorption": 197.297, "species_data": [{"InChIKey": "IJGRMHOSHXDMSA-UHFFFAOYSA-N", "composition": 1, "adsorption": 197.297}]}, {"pressure": 0.0210943, "total_adsorption": 200, "species_data": [{"InChIKey": "IJGRMHOSHXDMSA-UHFFFAOYSA-N", "composition": 1, "adsorption": 200}]}, {"pressure": 0.0327526, "total_adsorption": 200.901, "species_data": [{"InChIKey": "IJGRMHOSHXDMSA-UHFFFAOYSA-N", "composition": 1, "adsorption": 200.901}]}, {"pressure": 0.046571, "total_adsorption": 202.703, "species_data": [{"InChIKey": "IJGRMHOSHXDMSA-UHFFFAOYSA-N", "composition": 1, "adsorption": 202.703}]}, {"pressure": 0.0580303, "total_adsorption": 202.703, "species_data": [{"InChIKey": "IJGRMHOSHXDMSA-UHFFFAOYSA-N", "composition": 1, "adsorption": 202.703}]}, {"pressure": 0.0723095, "total_adsorption": 203.604, "species_data": [{"InChIKey": "IJGRMHOSHXDMSA-UHFFFAOYSA-N", "composition": 1, "adsorption": 203.604}]}, {"pressure": 0.0901022, "total_adsorption": 203.604, "species_data": [{"InChIKey": "IJGRMHOSHXDMSA-UHFFFAOYSA-N", "composition": 1, "adsorption": 203.604}]}, {"pressure": 0.112275, "total_adsorption": 204.505, "species_data": [{"InChIKey": "IJGRMHOSHXDMSA-UHFFFAOYSA-N", "composition": 1, "adsorption": 204.505}]}, {"pressure": 0.139901, "total_adsorption": 204.505, "species_data": [{"InChIKey": "IJGRMHOSHXDMSA-UHFFFAOYSA-N", "composition": 1, "adsorption": 204.505}]}, {"pressure": 0.170534, "total_adsorption": 205.405, "species_data": [{"InChIKey": "IJGRMHOSHXDMSA-UHFFFAOYSA-N", "composition": 1, "adsorption": 205.405}]}, {"pressure": 0.212496, "total_adsorption": 205.405, "species_data": [{"InChIKey": "IJGRMHOSHXDMSA-UHFFFAOYSA-N", "composition": 1, "adsorption": 205.405}]}, {"pressure": 0.264784, "total_adsorption": 205.405, "species_data": [{"InChIKey": "IJGRMHOSHXDMSA-UHFFFAOYSA-N", "composition": 1, "adsorption": 205.405}]}, {"pressure": 0.329939, "total_adsorption": 206.306, "species_data": [{"InChIKey": "IJGRMHOSHXDMSA-UHFFFAOYSA-N", "composition": 1, "adsorption": 206.306}]}, {"pressure": 0.402181, "total_adsorption": 208.108, "species_data": [{"InChIKey": "IJGRMHOSHXDMSA-UHFFFAOYSA-N", "composition": 1, "adsorption": 208.108}]}, {"pressure": 0.439176, "total_adsorption": 218.018, "species_data": [{"InChIKey": "IJGRMHOSHXDMSA-UHFFFAOYSA-N", "composition": 1, "adsorption": 218.018}]}, {"pressure": 0.448944, "total_adsorption": 227.027, "species_data": [{"InChIKey": "IJGRMHOSHXDMSA-UHFFFAOYSA-N", "composition": 1, "adsorption": 227.027}]}, {"pressure": 0.45893, "total_adsorption": 254.054, "species_data": [{"InChIKey": "IJGRMHOSHXDMSA-UHFFFAOYSA-N", "composition": 1, "adsorption": 254.054}]}, {"pressure": 0.469138, "total_adsorption": 281.982, "species_data": [{"InChIKey": "IJGRMHOSHXDMSA-UHFFFAOYSA-N", "composition": 1, "adsorption": 281.982}]}, {"pressure": 0.490239, "total_adsorption": 309.009, "species_data": [{"InChIKey": "IJGRMHOSHXDMSA-UHFFFAOYSA-N", "composition": 1, "adsorption": 309.009}]}, {"pressure": 0.501145, "total_adsorption": 321.622, "species_data": [{"InChIKey": "IJGRMHOSHXDMSA-UHFFFAOYSA-N", "composition": 1, "adsorption": 321.622}]}, {"pressure": 0.512292, "total_adsorption": 337.838, "species_data": [{"InChIKey": "IJGRMHOSHXDMSA-UHFFFAOYSA-N", "composition": 1, "adsorption": 337.838}]}, {"pressure": 0.523686, "total_adsorption": 345.946, "species_data": [{"InChIKey": "IJGRMHOSHXDMSA-UHFFFAOYSA-N", "composition": 1, "adsorption": 345.946}]}, {"pressure": 0.559414, "total_adsorption": 355.856, "species_data": [{"InChIKey": "IJGRMHOSHXDMSA-UHFFFAOYSA-N", "composition": 1, "adsorption": 355.856}]}, {"pressure": 0.610872, "total_adsorption": 363.063, "species_data": [{"InChIKey": "IJGRMHOSHXDMSA-UHFFFAOYSA-N", "composition": 1, "adsorption": 363.063}]}, {"pressure": 0.697068, "total_adsorption": 370.27, "species_data": [{"InChIKey": "IJGRMHOSHXDMSA-UHFFFAOYSA-N", "composition": 1, "adsorption": 370.27}]}, {"pressure": 0.831204, "total_adsorption": 375.676, "species_data": [{"InChIKey": "IJGRMHOSHXDMSA-UHFFFAOYSA-N", "composition": 1, "adsorption": 375.676}]}]}