{"isotherm_data":[{"pressure":0.219269,"total_adsorption":0.0518353,"species_data":[{"composition":1,"adsorption":0.0518353,"InChIKey":"UFHFLCQGNIYNRP-UHFFFAOYSA-N"}]},{"pressure":0.454827,"total_adsorption":0.553235,"species_data":[{"composition":1,"adsorption":0.553235,"InChIKey":"UFHFLCQGNIYNRP-UHFFFAOYSA-N"}]},{"pressure":0.461092,"total_adsorption":0.726145,"species_data":[{"composition":1,"adsorption":0.726145,"InChIKey":"UFHFLCQGNIYNRP-UHFFFAOYSA-N"}]},{"pressure":0.684747,"total_adsorption":0.899017,"species_data":[{"composition":1,"adsorption":0.899017,"InChIKey":"UFHFLCQGNIYNRP-UHFFFAOYSA-N"}]},{"pressure":0.691012,"total_adsorption":1.07193,"species_data":[{"composition":1,"adsorption":1.07193,"InChIKey":"UFHFLCQGNIYNRP-UHFFFAOYSA-N"}]},{"pressure":1.16213,"total_adsorption":2.07473,"species_data":[{"composition":1,"adsorption":2.07473,"InChIKey":"UFHFLCQGNIYNRP-UHFFFAOYSA-N"}]},{"pressure":1.38578,"total_adsorption":2.2476,"species_data":[{"composition":1,"adsorption":2.2476,"InChIKey":"UFHFLCQGNIYNRP-UHFFFAOYSA-N"}]},{"pressure":1.38891,"total_adsorption":2.33405,"species_data":[{"composition":1,"adsorption":2.33405,"InChIKey":"UFHFLCQGNIYNRP-UHFFFAOYSA-N"}]},{"pressure":2.058,"total_adsorption":2.8008,"species_data":[{"composition":1,"adsorption":2.8008,"InChIKey":"UFHFLCQGNIYNRP-UHFFFAOYSA-N"}]},{"pressure":4.24819,"total_adsorption":3.24999,"species_data":[{"composition":1,"adsorption":3.24999,"InChIKey":"UFHFLCQGNIYNRP-UHFFFAOYSA-N"}]},{"pressure":5.12339,"total_adsorption":3.40545,"species_data":[{"composition":1,"adsorption":3.40545,"InChIKey":"UFHFLCQGNIYNRP-UHFFFAOYSA-N"}]},{"pressure":6.43274,"total_adsorption":3.54356,"species_data":[{"composition":1,"adsorption":3.54356,"InChIKey":"UFHFLCQGNIYNRP-UHFFFAOYSA-N"}]},{"pressure":8.83468,"total_adsorption":3.83709,"species_data":[{"composition":1,"adsorption":3.83709,"InChIKey":"UFHFLCQGNIYNRP-UHFFFAOYSA-N"}]},{"pressure":12.3211,"total_adsorption":4.06127,"species_data":[{"composition":1,"adsorption":4.06127,"InChIKey":"UFHFLCQGNIYNRP-UHFFFAOYSA-N"}]},{"pressure":16.236,"total_adsorption":4.11247,"species_data":[{"composition":1,"adsorption":4.11247,"InChIKey":"UFHFLCQGNIYNRP-UHFFFAOYSA-N"}]},{"pressure":19.7192,"total_adsorption":4.25019,"species_data":[{"composition":1,"adsorption":4.25019,"InChIKey":"UFHFLCQGNIYNRP-UHFFFAOYSA-N"}]},{"pressure":21.4596,"total_adsorption":4.28447,"species_data":[{"composition":1,"adsorption":4.28447,"InChIKey":"UFHFLCQGNIYNRP-UHFFFAOYSA-N"}]},{"pressure":23.6354,"total_adsorption":4.33597,"species_data":[{"composition":1,"adsorption":4.33597,"InChIKey":"UFHFLCQGNIYNRP-UHFFFAOYSA-N"}]},{"pressure":25.5938,"total_adsorption":4.38751,"species_data":[{"composition":1,"adsorption":4.38751,"InChIKey":"UFHFLCQGNIYNRP-UHFFFAOYSA-N"}]},{"pressure":27.5528,"total_adsorption":4.45633,"species_data":[{"composition":1,"adsorption":4.45633,"InChIKey":"UFHFLCQGNIYNRP-UHFFFAOYSA-N"}]},{"pressure":29.2944,"total_adsorption":4.52519,"species_data":[{"composition":1,"adsorption":4.52519,"InChIKey":"UFHFLCQGNIYNRP-UHFFFAOYSA-N"}]},{"pressure":31.2515,"total_adsorption":4.54215,"species_data":[{"composition":1,"adsorption":4.54215,"InChIKey":"UFHFLCQGNIYNRP-UHFFFAOYSA-N"}]},{"pressure":33.2099,"total_adsorption":4.59368,"species_data":[{"composition":1,"adsorption":4.59368,"InChIKey":"UFHFLCQGNIYNRP-UHFFFAOYSA-N"}]},{"pressure":35.3851,"total_adsorption":4.62789,"species_data":[{"composition":1,"adsorption":4.62789,"InChIKey":"UFHFLCQGNIYNRP-UHFFFAOYSA-N"}]},{"pressure":37.3435,"total_adsorption":4.67942,"species_data":[{"composition":1,"adsorption":4.67942,"InChIKey":"UFHFLCQGNIYNRP-UHFFFAOYSA-N"}]},{"pressure":39.3025,"total_adsorption":4.74825,"species_data":[{"composition":1,"adsorption":4.74825,"InChIKey":"UFHFLCQGNIYNRP-UHFFFAOYSA-N"}]},{"pressure":41.0416,"total_adsorption":4.74795,"species_data":[{"composition":1,"adsorption":4.74795,"InChIKey":"UFHFLCQGNIYNRP-UHFFFAOYSA-N"}]},{"pressure":41.695,"total_adsorption":4.78242,"species_data":[{"composition":1,"adsorption":4.78242,"InChIKey":"UFHFLCQGNIYNRP-UHFFFAOYSA-N"}]},{"pressure":43.8695,"total_adsorption":4.79933,"species_data":[{"composition":1,"adsorption":4.79933,"InChIKey":"UFHFLCQGNIYNRP-UHFFFAOYSA-N"}]},{"pressure":45.8273,"total_adsorption":4.83357,"species_data":[{"composition":1,"adsorption":4.83357,"InChIKey":"UFHFLCQGNIYNRP-UHFFFAOYSA-N"}]},{"pressure":48.0025,"total_adsorption":4.86778,"species_data":[{"composition":1,"adsorption":4.86778,"InChIKey":"UFHFLCQGNIYNRP-UHFFFAOYSA-N"}]},{"pressure":50.1776,"total_adsorption":4.90199,"species_data":[{"composition":1,"adsorption":4.90199,"InChIKey":"UFHFLCQGNIYNRP-UHFFFAOYSA-N"}]},{"pressure":51.2652,"total_adsorption":4.91909,"species_data":[{"composition":1,"adsorption":4.91909,"InChIKey":"UFHFLCQGNIYNRP-UHFFFAOYSA-N"}]},{"pressure":53.4403,"total_adsorption":4.9533,"species_data":[{"composition":1,"adsorption":4.9533,"InChIKey":"UFHFLCQGNIYNRP-UHFFFAOYSA-N"}]},{"pressure":55.3975,"total_adsorption":4.97025,"species_data":[{"composition":1,"adsorption":4.97025,"InChIKey":"UFHFLCQGNIYNRP-UHFFFAOYSA-N"}]},{"pressure":57.5726,"total_adsorption":5.00445,"species_data":[{"composition":1,"adsorption":5.00445,"InChIKey":"UFHFLCQGNIYNRP-UHFFFAOYSA-N"}]},{"pressure":61.2701,"total_adsorption":5.05569,"species_data":[{"composition":1,"adsorption":5.05569,"InChIKey":"UFHFLCQGNIYNRP-UHFFFAOYSA-N"}]},{"pressure":63.4447,"total_adsorption":5.0726,"species_data":[{"composition":1,"adsorption":5.0726,"InChIKey":"UFHFLCQGNIYNRP-UHFFFAOYSA-N"}]},{"pressure":65.4024,"total_adsorption":5.10685,"species_data":[{"composition":1,"adsorption":5.10685,"InChIKey":"UFHFLCQGNIYNRP-UHFFFAOYSA-N"}]},{"pressure":67.5776,"total_adsorption":5.14105,"species_data":[{"composition":1,"adsorption":5.14105,"InChIKey":"UFHFLCQGNIYNRP-UHFFFAOYSA-N"}]},{"pressure":69.7521,"total_adsorption":5.15797,"species_data":[{"composition":1,"adsorption":5.15797,"InChIKey":"UFHFLCQGNIYNRP-UHFFFAOYSA-N"}]},{"pressure":71.7099,"total_adsorption":5.19221,"species_data":[{"composition":1,"adsorption":5.19221,"InChIKey":"UFHFLCQGNIYNRP-UHFFFAOYSA-N"}]},{"pressure":73.885,"total_adsorption":5.22642,"species_data":[{"composition":1,"adsorption":5.22642,"InChIKey":"UFHFLCQGNIYNRP-UHFFFAOYSA-N"}]},{"pressure":75.8428,"total_adsorption":5.26066,"species_data":[{"composition":1,"adsorption":5.26066,"InChIKey":"UFHFLCQGNIYNRP-UHFFFAOYSA-N"}]},{"pressure":78.0173,"total_adsorption":5.27758,"species_data":[{"composition":1,"adsorption":5.27758,"InChIKey":"UFHFLCQGNIYNRP-UHFFFAOYSA-N"}]},{"pressure":80.6272,"total_adsorption":5.31171,"species_data":[{"composition":1,"adsorption":5.31171,"InChIKey":"UFHFLCQGNIYNRP-UHFFFAOYSA-N"}]},{"pressure":82.8018,"total_adsorption":5.32862,"species_data":[{"composition":1,"adsorption":5.32862,"InChIKey":"UFHFLCQGNIYNRP-UHFFFAOYSA-N"}]},{"pressure":84.3247,"total_adsorption":5.36294,"species_data":[{"composition":1,"adsorption":5.36294,"InChIKey":"UFHFLCQGNIYNRP-UHFFFAOYSA-N"}]},{"pressure":84.7595,"total_adsorption":5.36287,"species_data":[{"composition":1,"adsorption":5.36287,"InChIKey":"UFHFLCQGNIYNRP-UHFFFAOYSA-N"}]},{"pressure":86.4993,"total_adsorption":5.37986,"species_data":[{"composition":1,"adsorption":5.37986,"InChIKey":"UFHFLCQGNIYNRP-UHFFFAOYSA-N"}]},{"pressure":86.9341,"total_adsorption":5.37978,"species_data":[{"composition":1,"adsorption":5.37978,"InChIKey":"UFHFLCQGNIYNRP-UHFFFAOYSA-N"}]},{"pressure":88.8918,"total_adsorption":5.41402,"species_data":[{"composition":1,"adsorption":5.41402,"InChIKey":"UFHFLCQGNIYNRP-UHFFFAOYSA-N"}]},{"pressure":89.1092,"total_adsorption":5.41399,"species_data":[{"composition":1,"adsorption":5.41399,"InChIKey":"UFHFLCQGNIYNRP-UHFFFAOYSA-N"}]},{"pressure":91.0663,"total_adsorption":5.43094,"species_data":[{"composition":1,"adsorption":5.43094,"InChIKey":"UFHFLCQGNIYNRP-UHFFFAOYSA-N"}]},{"pressure":93.2415,"total_adsorption":5.46515,"species_data":[{"composition":1,"adsorption":5.46515,"InChIKey":"UFHFLCQGNIYNRP-UHFFFAOYSA-N"}]},{"pressure":95.416,"total_adsorption":5.48206,"species_data":[{"composition":1,"adsorption":5.48206,"InChIKey":"UFHFLCQGNIYNRP-UHFFFAOYSA-N"}]},{"pressure":97.3738,"total_adsorption":5.5163,"species_data":[{"composition":1,"adsorption":5.5163,"InChIKey":"UFHFLCQGNIYNRP-UHFFFAOYSA-N"}]},{"pressure":99.7657,"total_adsorption":5.53318,"species_data":[{"composition":1,"adsorption":5.53318,"InChIKey":"UFHFLCQGNIYNRP-UHFFFAOYSA-N"}]}],"temperature":77,"articleSource":"UNKNOWN","compositionType":"molefraction","adsorbates":[{"name":"Hydrogen","InChIKey":"UFHFLCQGNIYNRP-UHFFFAOYSA-N"}],"adsorptionUnits":"wt%","date":"1000-01-01","category":"","digitizer":"UNKNOWN","pressureUnits":"bar","DOI":"10.1021/Ic200328q","adsorbent":{"name":"C15H7NO4Cu","hashkey":"NIST-MATDB-10999383af27271b235f75a84fddfe28"},"concentrationUnits":"","filename":"10.1021Ic200328q.Isotherm9","isotherm_type":""}