{"filename": "10.1007s11224-012-0120-1.isotherm34", "DOI": "10.1007/s11224-012-0120-1", "articleSource": "UNKNOWN", "date": "1000-01-01", "digitizer": "UNKNOWN", "adsorbent": {"hashkey": "NIST-MATDB-1733c0f5ae26290495f099f06d0dd880", "name": "COF-105"}, "adsorbates": [{"InChIKey": "HSFWRNGVRCDJHI-UHFFFAOYSA-N", "name": "Acetylene"}], "category": "", "temperature": 298, "isotherm_type": "", "adsorptionUnits": "cm3(STP)/g", "pressureUnits": "bar", "compositionType": "molefraction", "concentrationUnits": "", "isotherm_data": [{"pressure": 1.1e-06, "total_adsorption": 236.791, "species_data": [{"InChIKey": "HSFWRNGVRCDJHI-UHFFFAOYSA-N", "composition": 1, "adsorption": 236.791}]}, {"pressure": 5.54e-06, "total_adsorption": 252.808, "species_data": [{"InChIKey": "HSFWRNGVRCDJHI-UHFFFAOYSA-N", "composition": 1, "adsorption": 252.808}]}, {"pressure": 1.04e-05, "total_adsorption": 255.097, "species_data": [{"InChIKey": "HSFWRNGVRCDJHI-UHFFFAOYSA-N", "composition": 1, "adsorption": 255.097}]}, {"pressure": 2.04e-05, "total_adsorption": 255.955, "species_data": [{"InChIKey": "HSFWRNGVRCDJHI-UHFFFAOYSA-N", "composition": 1, "adsorption": 255.955}]}, {"pressure": 5.06e-05, "total_adsorption": 259.101, "species_data": [{"InChIKey": "HSFWRNGVRCDJHI-UHFFFAOYSA-N", "composition": 1, "adsorption": 259.101}]}, {"pressure": 9.91e-05, "total_adsorption": 261.103, "species_data": [{"InChIKey": "HSFWRNGVRCDJHI-UHFFFAOYSA-N", "composition": 1, "adsorption": 261.103}]}, {"pressure": 0.000206, "total_adsorption": 261.961, "species_data": [{"InChIKey": "HSFWRNGVRCDJHI-UHFFFAOYSA-N", "composition": 1, "adsorption": 261.961}]}, {"pressure": 0.000491, "total_adsorption": 262.533, "species_data": [{"InChIKey": "HSFWRNGVRCDJHI-UHFFFAOYSA-N", "composition": 1, "adsorption": 262.533}]}, {"pressure": 0.00101974, "total_adsorption": 262.247, "species_data": [{"InChIKey": "HSFWRNGVRCDJHI-UHFFFAOYSA-N", "composition": 1, "adsorption": 262.247}]}, {"pressure": 0.00515369, "total_adsorption": 261.961, "species_data": [{"InChIKey": "HSFWRNGVRCDJHI-UHFFFAOYSA-N", "composition": 1, "adsorption": 261.961}]}, {"pressure": 0.00969853, "total_adsorption": 262.247, "species_data": [{"InChIKey": "HSFWRNGVRCDJHI-UHFFFAOYSA-N", "composition": 1, "adsorption": 262.247}]}, {"pressure": 0.0186155, "total_adsorption": 264.536, "species_data": [{"InChIKey": "HSFWRNGVRCDJHI-UHFFFAOYSA-N", "composition": 1, "adsorption": 264.536}]}, {"pressure": 0.0490158, "total_adsorption": 265.966, "species_data": [{"InChIKey": "HSFWRNGVRCDJHI-UHFFFAOYSA-N", "composition": 1, "adsorption": 265.966}]}, {"pressure": 0.0978737, "total_adsorption": 268.254, "species_data": [{"InChIKey": "HSFWRNGVRCDJHI-UHFFFAOYSA-N", "composition": 1, "adsorption": 268.254}]}, {"pressure": 0.195432, "total_adsorption": 273.402, "species_data": [{"InChIKey": "HSFWRNGVRCDJHI-UHFFFAOYSA-N", "composition": 1, "adsorption": 273.402}]}, {"pressure": 0.284467, "total_adsorption": 276.549, "species_data": [{"InChIKey": "HSFWRNGVRCDJHI-UHFFFAOYSA-N", "composition": 1, "adsorption": 276.549}]}, {"pressure": 0.484971, "total_adsorption": 285.988, "species_data": [{"InChIKey": "HSFWRNGVRCDJHI-UHFFFAOYSA-N", "composition": 1, "adsorption": 285.988}]}, {"pressure": 0.949434, "total_adsorption": 309.156, "species_data": [{"InChIKey": "HSFWRNGVRCDJHI-UHFFFAOYSA-N", "composition": 1, "adsorption": 309.156}]}]}