{"isotherm_data":[{"pressure":1.07e-5,"total_adsorption":0.0142004,"species_data":[{"composition":1,"adsorption":0.0142004,"InChIKey":"UHOVQNZJYSORNB-UHFFFAOYSA-N"}]},{"pressure":0.000103,"total_adsorption":0.0142004,"species_data":[{"composition":1,"adsorption":0.0142004,"InChIKey":"UHOVQNZJYSORNB-UHFFFAOYSA-N"}]},{"pressure":0.000517,"total_adsorption":0.00655336,"species_data":[{"composition":1,"adsorption":0.00655336,"InChIKey":"UHOVQNZJYSORNB-UHFFFAOYSA-N"}]},{"pressure":0.00216779,"total_adsorption":0.0142004,"species_data":[{"composition":1,"adsorption":0.0142004,"InChIKey":"UHOVQNZJYSORNB-UHFFFAOYSA-N"}]},{"pressure":0.0100555,"total_adsorption":0.0142004,"species_data":[{"composition":1,"adsorption":0.0142004,"InChIKey":"UHOVQNZJYSORNB-UHFFFAOYSA-N"}]},{"pressure":0.020855,"total_adsorption":0.0524357,"species_data":[{"composition":1,"adsorption":0.0524357,"InChIKey":"UHOVQNZJYSORNB-UHFFFAOYSA-N"}]},{"pressure":0.0515806,"total_adsorption":0.174789,"species_data":[{"composition":1,"adsorption":0.174789,"InChIKey":"UHOVQNZJYSORNB-UHFFFAOYSA-N"}]},{"pressure":0.109703,"total_adsorption":0.419495,"species_data":[{"composition":1,"adsorption":0.419495,"InChIKey":"UHOVQNZJYSORNB-UHFFFAOYSA-N"}]},{"pressure":0.210985,"total_adsorption":1.24538,"species_data":[{"composition":1,"adsorption":1.24538,"InChIKey":"UHOVQNZJYSORNB-UHFFFAOYSA-N"}]},{"pressure":0.52183,"total_adsorption":2.59891,"species_data":[{"composition":1,"adsorption":2.59891,"InChIKey":"UHOVQNZJYSORNB-UHFFFAOYSA-N"}]},{"pressure":1.0036,"total_adsorption":3.08067,"species_data":[{"composition":1,"adsorption":3.08067,"InChIKey":"UHOVQNZJYSORNB-UHFFFAOYSA-N"}]}],"temperature":423,"articleSource":"UNKNOWN","compositionType":"molefraction","adsorbates":[{"name":"Benzene","InChIKey":"UHOVQNZJYSORNB-UHFFFAOYSA-N"}],"adsorptionUnits":"mol/g","date":"1000-01-01","category":"","digitizer":"UNKNOWN","pressureUnits":"bar","DOI":"10.1021/Jp074918p","adsorbent":{"name":"Zeolite FAU","hashkey":"NIST-MATDB-367c1fc33062b7f842fdf3a5071148d9"},"concentrationUnits":"","filename":"10.1021Jp074918p.isotherm31","isotherm_type":""}