{"isotherm_data":[{"pressure":40.0996,"total_adsorption":0.149791,"species_data":[{"composition":1,"adsorption":0.149791,"InChIKey":"XKRFYHLGVUSROY-UHFFFAOYSA-N"}]},{"pressure":127.495,"total_adsorption":40.3515,"species_data":[{"composition":1,"adsorption":40.3515,"InChIKey":"XKRFYHLGVUSROY-UHFFFAOYSA-N"}]},{"pressure":171.192,"total_adsorption":43.3229,"species_data":[{"composition":1,"adsorption":43.3229,"InChIKey":"XKRFYHLGVUSROY-UHFFFAOYSA-N"}]},{"pressure":236.738,"total_adsorption":46.1195,"species_data":[{"composition":1,"adsorption":46.1195,"InChIKey":"XKRFYHLGVUSROY-UHFFFAOYSA-N"}]},{"pressure":389.679,"total_adsorption":48.7414,"species_data":[{"composition":1,"adsorption":48.7414,"InChIKey":"XKRFYHLGVUSROY-UHFFFAOYSA-N"}]},{"pressure":739.259,"total_adsorption":50.8389,"species_data":[{"composition":1,"adsorption":50.8389,"InChIKey":"XKRFYHLGVUSROY-UHFFFAOYSA-N"}]},{"pressure":1001.44,"total_adsorption":52.7616,"species_data":[{"composition":1,"adsorption":52.7616,"InChIKey":"XKRFYHLGVUSROY-UHFFFAOYSA-N"}]},{"pressure":2115.73,"total_adsorption":56.6069,"species_data":[{"composition":1,"adsorption":56.6069,"InChIKey":"XKRFYHLGVUSROY-UHFFFAOYSA-N"}]},{"pressure":3011.53,"total_adsorption":59.2288,"species_data":[{"composition":1,"adsorption":59.2288,"InChIKey":"XKRFYHLGVUSROY-UHFFFAOYSA-N"}]},{"pressure":4977.91,"total_adsorption":63.7733,"species_data":[{"composition":1,"adsorption":63.7733,"InChIKey":"XKRFYHLGVUSROY-UHFFFAOYSA-N"}]},{"pressure":6988,"total_adsorption":67.6187,"species_data":[{"composition":1,"adsorption":67.6187,"InChIKey":"XKRFYHLGVUSROY-UHFFFAOYSA-N"}]},{"pressure":10003.1,"total_adsorption":72.8624,"species_data":[{"composition":1,"adsorption":72.8624,"InChIKey":"XKRFYHLGVUSROY-UHFFFAOYSA-N"}]}],"temperature":298,"articleSource":"UNKNOWN","compositionType":"molefraction","adsorbates":[{"name":"Argon","InChIKey":"XKRFYHLGVUSROY-UHFFFAOYSA-N"}],"adsorptionUnits":"kmol/m3","date":"1000-01-01","category":"","digitizer":"UNKNOWN","pressureUnits":"bar","DOI":"10.1021/la903549f","adsorbent":{"name":"Carbon","hashkey":"NIST-MATDB-453276ee992ed07dc207ed08b2b221ce"},"concentrationUnits":"","filename":"10.1021la903549f.isotherm12","isotherm_type":""}