{"filename": "10.1039C1ce06274c.Isotherm1", "DOI": "10.1039/C1ce06274c", "articleSource": "UNKNOWN", "date": "1000-01-01", "digitizer": "UNKNOWN", "adsorbent": {"hashkey": "NIST-MATDB-e23e0f3921a269533d74caae8c5a12bf", "name": "Cr-MIL(101)"}, "adsorbates": [{"InChIKey": "IJGRMHOSHXDMSA-UHFFFAOYSA-N", "name": "Nitrogen"}], "category": "", "temperature": 77, "isotherm_type": "", "adsorptionUnits": "cm3(STP)/g", "pressureUnits": "bar", "compositionType": "molefraction", "concentrationUnits": "", "isotherm_data": [{"pressure": 0.00358421, "total_adsorption": 83.871, "species_data": [{"InChIKey": "IJGRMHOSHXDMSA-UHFFFAOYSA-N", "composition": 1, "adsorption": 83.871}]}, {"pressure": 0.00378234, "total_adsorption": 154.839, "species_data": [{"InChIKey": "IJGRMHOSHXDMSA-UHFFFAOYSA-N", "composition": 1, "adsorption": 154.839}]}, {"pressure": 0.00412455, "total_adsorption": 277.419, "species_data": [{"InChIKey": "IJGRMHOSHXDMSA-UHFFFAOYSA-N", "composition": 1, "adsorption": 277.419}]}, {"pressure": 0.00756467, "total_adsorption": 309.677, "species_data": [{"InChIKey": "IJGRMHOSHXDMSA-UHFFFAOYSA-N", "composition": 1, "adsorption": 309.677}]}, {"pressure": 0.00761871, "total_adsorption": 329.032, "species_data": [{"InChIKey": "IJGRMHOSHXDMSA-UHFFFAOYSA-N", "composition": 1, "adsorption": 329.032}]}, {"pressure": 0.014499, "total_adsorption": 393.548, "species_data": [{"InChIKey": "IJGRMHOSHXDMSA-UHFFFAOYSA-N", "composition": 1, "adsorption": 393.548}]}, {"pressure": 0.0246752, "total_adsorption": 438.71, "species_data": [{"InChIKey": "IJGRMHOSHXDMSA-UHFFFAOYSA-N", "composition": 1, "adsorption": 438.71}]}, {"pressure": 0.0449017, "total_adsorption": 483.871, "species_data": [{"InChIKey": "IJGRMHOSHXDMSA-UHFFFAOYSA-N", "composition": 1, "adsorption": 483.871}]}, {"pressure": 0.0684963, "total_adsorption": 535.484, "species_data": [{"InChIKey": "IJGRMHOSHXDMSA-UHFFFAOYSA-N", "composition": 1, "adsorption": 535.484}]}, {"pressure": 0.0920549, "total_adsorption": 574.194, "species_data": [{"InChIKey": "IJGRMHOSHXDMSA-UHFFFAOYSA-N", "composition": 1, "adsorption": 574.194}]}, {"pressure": 0.119018, "total_adsorption": 632.258, "species_data": [{"InChIKey": "IJGRMHOSHXDMSA-UHFFFAOYSA-N", "composition": 1, "adsorption": 632.258}]}, {"pressure": 0.13928, "total_adsorption": 690.323, "species_data": [{"InChIKey": "IJGRMHOSHXDMSA-UHFFFAOYSA-N", "composition": 1, "adsorption": 690.323}]}, {"pressure": 0.146034, "total_adsorption": 709.677, "species_data": [{"InChIKey": "IJGRMHOSHXDMSA-UHFFFAOYSA-N", "composition": 1, "adsorption": 709.677}]}, {"pressure": 0.172925, "total_adsorption": 741.935, "species_data": [{"InChIKey": "IJGRMHOSHXDMSA-UHFFFAOYSA-N", "composition": 1, "adsorption": 741.935}]}, {"pressure": 0.193061, "total_adsorption": 754.839, "species_data": [{"InChIKey": "IJGRMHOSHXDMSA-UHFFFAOYSA-N", "composition": 1, "adsorption": 754.839}]}, {"pressure": 0.216584, "total_adsorption": 780.645, "species_data": [{"InChIKey": "IJGRMHOSHXDMSA-UHFFFAOYSA-N", "composition": 1, "adsorption": 780.645}]}, {"pressure": 0.240214, "total_adsorption": 845.161, "species_data": [{"InChIKey": "IJGRMHOSHXDMSA-UHFFFAOYSA-N", "composition": 1, "adsorption": 845.161}]}, {"pressure": 0.250283, "total_adsorption": 851.613, "species_data": [{"InChIKey": "IJGRMHOSHXDMSA-UHFFFAOYSA-N", "composition": 1, "adsorption": 851.613}]}, {"pressure": 0.273751, "total_adsorption": 858.065, "species_data": [{"InChIKey": "IJGRMHOSHXDMSA-UHFFFAOYSA-N", "composition": 1, "adsorption": 858.065}]}, {"pressure": 0.334088, "total_adsorption": 870.968, "species_data": [{"InChIKey": "IJGRMHOSHXDMSA-UHFFFAOYSA-N", "composition": 1, "adsorption": 870.968}]}, {"pressure": 0.391076, "total_adsorption": 883.871, "species_data": [{"InChIKey": "IJGRMHOSHXDMSA-UHFFFAOYSA-N", "composition": 1, "adsorption": 883.871}]}, {"pressure": 0.434662, "total_adsorption": 896.774, "species_data": [{"InChIKey": "IJGRMHOSHXDMSA-UHFFFAOYSA-N", "composition": 1, "adsorption": 896.774}]}, {"pressure": 0.488282, "total_adsorption": 903.226, "species_data": [{"InChIKey": "IJGRMHOSHXDMSA-UHFFFAOYSA-N", "composition": 1, "adsorption": 903.226}]}, {"pressure": 0.535219, "total_adsorption": 916.129, "species_data": [{"InChIKey": "IJGRMHOSHXDMSA-UHFFFAOYSA-N", "composition": 1, "adsorption": 916.129}]}, {"pressure": 0.58212, "total_adsorption": 916.129, "species_data": [{"InChIKey": "IJGRMHOSHXDMSA-UHFFFAOYSA-N", "composition": 1, "adsorption": 916.129}]}, {"pressure": 0.629056, "total_adsorption": 929.032, "species_data": [{"InChIKey": "IJGRMHOSHXDMSA-UHFFFAOYSA-N", "composition": 1, "adsorption": 929.032}]}, {"pressure": 0.675993, "total_adsorption": 941.935, "species_data": [{"InChIKey": "IJGRMHOSHXDMSA-UHFFFAOYSA-N", "composition": 1, "adsorption": 941.935}]}, {"pressure": 0.732981, "total_adsorption": 954.839, "species_data": [{"InChIKey": "IJGRMHOSHXDMSA-UHFFFAOYSA-N", "composition": 1, "adsorption": 954.839}]}, {"pressure": 0.779936, "total_adsorption": 974.194, "species_data": [{"InChIKey": "IJGRMHOSHXDMSA-UHFFFAOYSA-N", "composition": 1, "adsorption": 974.194}]}, {"pressure": 0.826891, "total_adsorption": 993.548, "species_data": [{"InChIKey": "IJGRMHOSHXDMSA-UHFFFAOYSA-N", "composition": 1, "adsorption": 993.548}]}, {"pressure": 0.880654, "total_adsorption": 1051.61, "species_data": [{"InChIKey": "IJGRMHOSHXDMSA-UHFFFAOYSA-N", "composition": 1, "adsorption": 1051.61}]}, {"pressure": 0.907617, "total_adsorption": 1109.68, "species_data": [{"InChIKey": "IJGRMHOSHXDMSA-UHFFFAOYSA-N", "composition": 1, "adsorption": 1109.68}]}, {"pressure": 0.921125, "total_adsorption": 1148.39, "species_data": [{"InChIKey": "IJGRMHOSHXDMSA-UHFFFAOYSA-N", "composition": 1, "adsorption": 1148.39}]}, {"pressure": 0.938055, "total_adsorption": 1212.9, "species_data": [{"InChIKey": "IJGRMHOSHXDMSA-UHFFFAOYSA-N", "composition": 1, "adsorption": 1212.9}]}, {"pressure": 0.951528, "total_adsorption": 1238.71, "species_data": [{"InChIKey": "IJGRMHOSHXDMSA-UHFFFAOYSA-N", "composition": 1, "adsorption": 1238.71}]}, {"pressure": 0.961722, "total_adsorption": 1290.32, "species_data": [{"InChIKey": "IJGRMHOSHXDMSA-UHFFFAOYSA-N", "composition": 1, "adsorption": 1290.32}]}]}