{"filename": "10.1021La400352r.isotherm10", "DOI": "10.1021/La400352r", "articleSource": "UNKNOWN", "date": "1000-01-01", "digitizer": "UNKNOWN", "adsorbent": {"hashkey": "NIST-MATDB-79fdbf540a89212363d769c81e10caee", "name": "Zeolite LS-Li-KFI"}, "adsorbates": [{"InChIKey": "CURLTUGMZLYLDI-UHFFFAOYSA-N", "name": "Carbon Dioxide"}], "category": "", "temperature": 303, "isotherm_type": "", "adsorptionUnits": "mmol/g", "pressureUnits": "bar", "compositionType": "molefraction", "concentrationUnits": "", "isotherm_data": [{"pressure": 0.250468, "total_adsorption": 2.82972, "species_data": [{"InChIKey": "CURLTUGMZLYLDI-UHFFFAOYSA-N", "composition": 1, "adsorption": 2.82972}]}, {"pressure": 0.493981, "total_adsorption": 3.11813, "species_data": [{"InChIKey": "CURLTUGMZLYLDI-UHFFFAOYSA-N", "composition": 1, "adsorption": 3.11813}]}, {"pressure": 1.06659, "total_adsorption": 3.40653, "species_data": [{"InChIKey": "CURLTUGMZLYLDI-UHFFFAOYSA-N", "composition": 1, "adsorption": 3.40653}]}, {"pressure": 2.04101, "total_adsorption": 3.60317, "species_data": [{"InChIKey": "CURLTUGMZLYLDI-UHFFFAOYSA-N", "composition": 1, "adsorption": 3.60317}]}, {"pressure": 5.04803, "total_adsorption": 3.82602, "species_data": [{"InChIKey": "CURLTUGMZLYLDI-UHFFFAOYSA-N", "composition": 1, "adsorption": 3.82602}]}, {"pressure": 11.4044, "total_adsorption": 3.97023, "species_data": [{"InChIKey": "CURLTUGMZLYLDI-UHFFFAOYSA-N", "composition": 1, "adsorption": 3.97023}]}, {"pressure": 21.4964, "total_adsorption": 4.08821, "species_data": [{"InChIKey": "CURLTUGMZLYLDI-UHFFFAOYSA-N", "composition": 1, "adsorption": 4.08821}]}, {"pressure": 42.3959, "total_adsorption": 4.06199, "species_data": [{"InChIKey": "CURLTUGMZLYLDI-UHFFFAOYSA-N", "composition": 1, "adsorption": 4.06199}]}]}