{"filename": "10.1016S1383-5866(02)00012-6.isotherm2d", "DOI": "10.1016/S1383-5866(02)00012-6", "articleSource": "UNKNOWN", "date": "1000-01-01", "digitizer": "UNKNOWN", "adsorbent": {"hashkey": "NIST-MATDB-035dc75dddd00241bd76627f78cbef2d", "name": "Zeolite 5A"}, "adsorbates": [{"InChIKey": "CURLTUGMZLYLDI-UHFFFAOYSA-N", "name": "Carbon Dioxide"}], "category": "", "temperature": 373, "isotherm_type": "", "adsorptionUnits": "mmol/g", "pressureUnits": "bar", "compositionType": "molefraction", "concentrationUnits": "", "isotherm_data": [{"pressure": 0.0857909, "total_adsorption": 0.243074, "species_data": [{"InChIKey": "CURLTUGMZLYLDI-UHFFFAOYSA-N", "composition": 1, "adsorption": 0.243074}]}, {"pressure": 0.170854, "total_adsorption": 0.619888, "species_data": [{"InChIKey": "CURLTUGMZLYLDI-UHFFFAOYSA-N", "composition": 1, "adsorption": 0.619888}]}, {"pressure": 0.407639, "total_adsorption": 1.13029, "species_data": [{"InChIKey": "CURLTUGMZLYLDI-UHFFFAOYSA-N", "composition": 1, "adsorption": 1.13029}]}, {"pressure": 0.666203, "total_adsorption": 1.64066, "species_data": [{"InChIKey": "CURLTUGMZLYLDI-UHFFFAOYSA-N", "composition": 1, "adsorption": 1.64066}]}, {"pressure": 0.969252, "total_adsorption": 1.98078, "species_data": [{"InChIKey": "CURLTUGMZLYLDI-UHFFFAOYSA-N", "composition": 1, "adsorption": 1.98078}]}, {"pressure": 1.40297, "total_adsorption": 2.32077, "species_data": [{"InChIKey": "CURLTUGMZLYLDI-UHFFFAOYSA-N", "composition": 1, "adsorption": 2.32077}]}, {"pressure": 2.01145, "total_adsorption": 2.56331, "species_data": [{"InChIKey": "CURLTUGMZLYLDI-UHFFFAOYSA-N", "composition": 1, "adsorption": 2.56331}]}, {"pressure": 2.57671, "total_adsorption": 2.74511, "species_data": [{"InChIKey": "CURLTUGMZLYLDI-UHFFFAOYSA-N", "composition": 1, "adsorption": 2.74511}]}, {"pressure": 4.10016, "total_adsorption": 2.9381, "species_data": [{"InChIKey": "CURLTUGMZLYLDI-UHFFFAOYSA-N", "composition": 1, "adsorption": 2.9381}]}, {"pressure": 5.55873, "total_adsorption": 3.04604, "species_data": [{"InChIKey": "CURLTUGMZLYLDI-UHFFFAOYSA-N", "composition": 1, "adsorption": 3.04604}]}, {"pressure": 8.12809, "total_adsorption": 3.1407, "species_data": [{"InChIKey": "CURLTUGMZLYLDI-UHFFFAOYSA-N", "composition": 1, "adsorption": 3.1407}]}, {"pressure": 9.95724, "total_adsorption": 3.18748, "species_data": [{"InChIKey": "CURLTUGMZLYLDI-UHFFFAOYSA-N", "composition": 1, "adsorption": 3.18748}]}]}