{"filename": "10.1039C2cc35461f.Isotherm3", "DOI": "10.1039/C2cc35461f", "articleSource": "UNKNOWN", "date": "1000-01-01", "digitizer": "UNKNOWN", "adsorbent": {"hashkey": "NIST-MATDB-698d87ea3dc222af53aca3746f3227d3", "name": "(Et2NH2)3[(Cu4Cl)3(TTCA)8]"}, "adsorbates": [{"InChIKey": "CURLTUGMZLYLDI-UHFFFAOYSA-N", "name": "Carbon Dioxide"}], "category": "", "temperature": 195, "isotherm_type": "", "adsorptionUnits": "cm3(STP)/g", "pressureUnits": "bar", "compositionType": "molefraction", "concentrationUnits": "", "isotherm_data": [{"pressure": 0.0028741, "total_adsorption": 16.9552, "species_data": [{"InChIKey": "CURLTUGMZLYLDI-UHFFFAOYSA-N", "composition": 1, "adsorption": 16.9552}]}, {"pressure": 0.0057482, "total_adsorption": 33.9103, "species_data": [{"InChIKey": "CURLTUGMZLYLDI-UHFFFAOYSA-N", "composition": 1, "adsorption": 33.9103}]}, {"pressure": 0.0143705, "total_adsorption": 50.8775, "species_data": [{"InChIKey": "CURLTUGMZLYLDI-UHFFFAOYSA-N", "composition": 1, "adsorption": 50.8775}]}, {"pressure": 0.0201187, "total_adsorption": 67.8386, "species_data": [{"InChIKey": "CURLTUGMZLYLDI-UHFFFAOYSA-N", "composition": 1, "adsorption": 67.8386}]}, {"pressure": 0.028741, "total_adsorption": 86.9244, "species_data": [{"InChIKey": "CURLTUGMZLYLDI-UHFFFAOYSA-N", "composition": 1, "adsorption": 86.9244}]}, {"pressure": 0.0431115, "total_adsorption": 99.6663, "species_data": [{"InChIKey": "CURLTUGMZLYLDI-UHFFFAOYSA-N", "composition": 1, "adsorption": 99.6663}]}, {"pressure": 0.0546079, "total_adsorption": 118.758, "species_data": [{"InChIKey": "CURLTUGMZLYLDI-UHFFFAOYSA-N", "composition": 1, "adsorption": 118.758}]}, {"pressure": 0.0689783, "total_adsorption": 135.737, "species_data": [{"InChIKey": "CURLTUGMZLYLDI-UHFFFAOYSA-N", "composition": 1, "adsorption": 135.737}]}, {"pressure": 0.0833488, "total_adsorption": 148.479, "species_data": [{"InChIKey": "CURLTUGMZLYLDI-UHFFFAOYSA-N", "composition": 1, "adsorption": 148.479}]}, {"pressure": 0.0919711, "total_adsorption": 167.565, "species_data": [{"InChIKey": "CURLTUGMZLYLDI-UHFFFAOYSA-N", "composition": 1, "adsorption": 167.565}]}, {"pressure": 0.100593, "total_adsorption": 180.295, "species_data": [{"InChIKey": "CURLTUGMZLYLDI-UHFFFAOYSA-N", "composition": 1, "adsorption": 180.295}]}, {"pressure": 0.106342, "total_adsorption": 199.375, "species_data": [{"InChIKey": "CURLTUGMZLYLDI-UHFFFAOYSA-N", "composition": 1, "adsorption": 199.375}]}, {"pressure": 0.117838, "total_adsorption": 218.466, "species_data": [{"InChIKey": "CURLTUGMZLYLDI-UHFFFAOYSA-N", "composition": 1, "adsorption": 218.466}]}, {"pressure": 0.123586, "total_adsorption": 241.784, "species_data": [{"InChIKey": "CURLTUGMZLYLDI-UHFFFAOYSA-N", "composition": 1, "adsorption": 241.784}]}, {"pressure": 0.129334, "total_adsorption": 267.219, "species_data": [{"InChIKey": "CURLTUGMZLYLDI-UHFFFAOYSA-N", "composition": 1, "adsorption": 267.219}]}, {"pressure": 0.137957, "total_adsorption": 284.186, "species_data": [{"InChIKey": "CURLTUGMZLYLDI-UHFFFAOYSA-N", "composition": 1, "adsorption": 284.186}]}, {"pressure": 0.158075, "total_adsorption": 294.822, "species_data": [{"InChIKey": "CURLTUGMZLYLDI-UHFFFAOYSA-N", "composition": 1, "adsorption": 294.822}]}, {"pressure": 0.183942, "total_adsorption": 303.35, "species_data": [{"InChIKey": "CURLTUGMZLYLDI-UHFFFAOYSA-N", "composition": 1, "adsorption": 303.35}]}, {"pressure": 0.261543, "total_adsorption": 316.224, "species_data": [{"InChIKey": "CURLTUGMZLYLDI-UHFFFAOYSA-N", "composition": 1, "adsorption": 316.224}]}, {"pressure": 0.304654, "total_adsorption": 322.67, "species_data": [{"InChIKey": "CURLTUGMZLYLDI-UHFFFAOYSA-N", "composition": 1, "adsorption": 322.67}]}, {"pressure": 0.359262, "total_adsorption": 327.021, "species_data": [{"InChIKey": "CURLTUGMZLYLDI-UHFFFAOYSA-N", "composition": 1, "adsorption": 327.021}]}, {"pressure": 0.408122, "total_adsorption": 329.242, "species_data": [{"InChIKey": "CURLTUGMZLYLDI-UHFFFAOYSA-N", "composition": 1, "adsorption": 329.242}]}, {"pressure": 0.456982, "total_adsorption": 333.581, "species_data": [{"InChIKey": "CURLTUGMZLYLDI-UHFFFAOYSA-N", "composition": 1, "adsorption": 333.581}]}, {"pressure": 0.514464, "total_adsorption": 333.701, "species_data": [{"InChIKey": "CURLTUGMZLYLDI-UHFFFAOYSA-N", "composition": 1, "adsorption": 333.701}]}, {"pressure": 0.563323, "total_adsorption": 340.159, "species_data": [{"InChIKey": "CURLTUGMZLYLDI-UHFFFAOYSA-N", "composition": 1, "adsorption": 340.159}]}, {"pressure": 0.612183, "total_adsorption": 342.38, "species_data": [{"InChIKey": "CURLTUGMZLYLDI-UHFFFAOYSA-N", "composition": 1, "adsorption": 342.38}]}, {"pressure": 0.666791, "total_adsorption": 342.494, "species_data": [{"InChIKey": "CURLTUGMZLYLDI-UHFFFAOYSA-N", "composition": 1, "adsorption": 342.494}]}, {"pressure": 0.718524, "total_adsorption": 344.721, "species_data": [{"InChIKey": "CURLTUGMZLYLDI-UHFFFAOYSA-N", "composition": 1, "adsorption": 344.721}]}, {"pressure": 0.770258, "total_adsorption": 344.829, "species_data": [{"InChIKey": "CURLTUGMZLYLDI-UHFFFAOYSA-N", "composition": 1, "adsorption": 344.829}]}, {"pressure": 0.790377, "total_adsorption": 349.108, "species_data": [{"InChIKey": "CURLTUGMZLYLDI-UHFFFAOYSA-N", "composition": 1, "adsorption": 349.108}]}, {"pressure": 0.819118, "total_adsorption": 349.168, "species_data": [{"InChIKey": "CURLTUGMZLYLDI-UHFFFAOYSA-N", "composition": 1, "adsorption": 349.168}]}, {"pressure": 0.870852, "total_adsorption": 349.276, "species_data": [{"InChIKey": "CURLTUGMZLYLDI-UHFFFAOYSA-N", "composition": 1, "adsorption": 349.276}]}, {"pressure": 0.922585, "total_adsorption": 349.384, "species_data": [{"InChIKey": "CURLTUGMZLYLDI-UHFFFAOYSA-N", "composition": 1, "adsorption": 349.384}]}, {"pressure": 0.974319, "total_adsorption": 351.611, "species_data": [{"InChIKey": "CURLTUGMZLYLDI-UHFFFAOYSA-N", "composition": 1, "adsorption": 351.611}]}]}