{"isotherm_data":[{"pressure":0.00519,"total_adsorption":0.010742,"species_data":[{"composition":1,"adsorption":0.010742,"InChIKey":"XLYOFNOQVPJJNP-UHFFFAOYSA-N"}]},{"pressure":0.008415,"total_adsorption":0.013811,"species_data":[{"composition":1,"adsorption":0.013811,"InChIKey":"XLYOFNOQVPJJNP-UHFFFAOYSA-N"}]},{"pressure":0.009751,"total_adsorption":0.019949,"species_data":[{"composition":1,"adsorption":0.019949,"InChIKey":"XLYOFNOQVPJJNP-UHFFFAOYSA-N"}]},{"pressure":0.012346,"total_adsorption":0.026087,"species_data":[{"composition":1,"adsorption":0.026087,"InChIKey":"XLYOFNOQVPJJNP-UHFFFAOYSA-N"}]},{"pressure":0.015568,"total_adsorption":0.041432,"species_data":[{"composition":1,"adsorption":0.041432,"InChIKey":"XLYOFNOQVPJJNP-UHFFFAOYSA-N"}]},{"pressure":0.017296,"total_adsorption":0.053708,"species_data":[{"composition":1,"adsorption":0.053708,"InChIKey":"XLYOFNOQVPJJNP-UHFFFAOYSA-N"}]},{"pressure":0.019487,"total_adsorption":0.09821,"species_data":[{"composition":1,"adsorption":0.09821,"InChIKey":"XLYOFNOQVPJJNP-UHFFFAOYSA-N"}]},{"pressure":0.021131,"total_adsorption":0.1289,"species_data":[{"composition":1,"adsorption":0.1289,"InChIKey":"XLYOFNOQVPJJNP-UHFFFAOYSA-N"}]},{"pressure":0.023402,"total_adsorption":0.171867,"species_data":[{"composition":1,"adsorption":0.171867,"InChIKey":"XLYOFNOQVPJJNP-UHFFFAOYSA-N"}]},{"pressure":0.025116,"total_adsorption":0.234783,"species_data":[{"composition":1,"adsorption":0.234783,"InChIKey":"XLYOFNOQVPJJNP-UHFFFAOYSA-N"}]},{"pressure":0.025646,"total_adsorption":0.313043,"species_data":[{"composition":1,"adsorption":0.313043,"InChIKey":"XLYOFNOQVPJJNP-UHFFFAOYSA-N"}]},{"pressure":0.026958,"total_adsorption":0.411253,"species_data":[{"composition":1,"adsorption":0.411253,"InChIKey":"XLYOFNOQVPJJNP-UHFFFAOYSA-N"}]},{"pressure":0.030566,"total_adsorption":0.455754,"species_data":[{"composition":1,"adsorption":0.455754,"InChIKey":"XLYOFNOQVPJJNP-UHFFFAOYSA-N"}]}],"temperature":298,"articleSource":"Figure 7","compositionType":"molefraction","adsorbates":[{"name":"Water","InChIKey":"XLYOFNOQVPJJNP-UHFFFAOYSA-N"}],"adsorptionUnits":"g/g","date":"2016-06-30","category":"exp","digitizer":"David A. Anderegg","pressureUnits":"bar","DOI":"10.1016/s0040-6031(99)00375-5","adsorbent":{"name":"Carbon WD","hashkey":"NIST-MATDB-137710359815d5828426f0602f8467b8"},"concentrationUnits":"","filename":"10.1016s0040-6031(99)00375-5.Isotherm11","isotherm_type":""}