{"isotherm_data":[{"pressure":0.111069,"total_adsorption":5.74932,"species_data":[{"composition":1,"adsorption":5.74932,"InChIKey":"CURLTUGMZLYLDI-UHFFFAOYSA-N"}]},{"pressure":0.244346,"total_adsorption":12.9594,"species_data":[{"composition":1,"adsorption":12.9594,"InChIKey":"CURLTUGMZLYLDI-UHFFFAOYSA-N"}]},{"pressure":0.34485,"total_adsorption":18.5964,"species_data":[{"composition":1,"adsorption":18.5964,"InChIKey":"CURLTUGMZLYLDI-UHFFFAOYSA-N"}]},{"pressure":0.447539,"total_adsorption":23.8401,"species_data":[{"composition":1,"adsorption":23.8401,"InChIKey":"CURLTUGMZLYLDI-UHFFFAOYSA-N"}]},{"pressure":0.526195,"total_adsorption":28.035,"species_data":[{"composition":1,"adsorption":28.035,"InChIKey":"CURLTUGMZLYLDI-UHFFFAOYSA-N"}]},{"pressure":0.61796,"total_adsorption":32.6233,"species_data":[{"composition":1,"adsorption":32.6233,"InChIKey":"CURLTUGMZLYLDI-UHFFFAOYSA-N"}]},{"pressure":0.727203,"total_adsorption":37.0804,"species_data":[{"composition":1,"adsorption":37.0804,"InChIKey":"CURLTUGMZLYLDI-UHFFFAOYSA-N"}]},{"pressure":0.834262,"total_adsorption":41.6686,"species_data":[{"composition":1,"adsorption":41.6686,"InChIKey":"CURLTUGMZLYLDI-UHFFFAOYSA-N"}]},{"pressure":0.915102,"total_adsorption":44.946,"species_data":[{"composition":1,"adsorption":44.946,"InChIKey":"CURLTUGMZLYLDI-UHFFFAOYSA-N"}]},{"pressure":0.993758,"total_adsorption":48.0922,"species_data":[{"composition":1,"adsorption":48.0922,"InChIKey":"CURLTUGMZLYLDI-UHFFFAOYSA-N"}]}],"temperature":273,"articleSource":"UNKNOWN","compositionType":"molefraction","adsorbates":[{"name":"Carbon Dioxide","InChIKey":"CURLTUGMZLYLDI-UHFFFAOYSA-N"}],"adsorptionUnits":"ml/g","date":"1000-01-01","category":"","digitizer":"UNKNOWN","pressureUnits":"bar","DOI":"10.1016/j.micromeso.2008.04.033","adsorbent":{"name":"IRMOF-1","hashkey":"NIST-MATDB-2c9380bddc59f547484ff729eab7d7cb"},"concentrationUnits":"","filename":"10.1016j.micromeso.2008.04.033.isotherm7","isotherm_type":""}