{"isotherm_data":[{"pressure":0.111748,"total_adsorption":1.31579,"species_data":[{"composition":1,"adsorption":1.31579,"InChIKey":"IJGRMHOSHXDMSA-UHFFFAOYSA-N"}]},{"pressure":0.131805,"total_adsorption":13.1579,"species_data":[{"composition":1,"adsorption":13.1579,"InChIKey":"IJGRMHOSHXDMSA-UHFFFAOYSA-N"}]},{"pressure":0.157593,"total_adsorption":27.3026,"species_data":[{"composition":1,"adsorption":27.3026,"InChIKey":"IJGRMHOSHXDMSA-UHFFFAOYSA-N"}]},{"pressure":0.186246,"total_adsorption":46.0526,"species_data":[{"composition":1,"adsorption":46.0526,"InChIKey":"IJGRMHOSHXDMSA-UHFFFAOYSA-N"}]},{"pressure":0.217765,"total_adsorption":64.8026,"species_data":[{"composition":1,"adsorption":64.8026,"InChIKey":"IJGRMHOSHXDMSA-UHFFFAOYSA-N"}]},{"pressure":0.303725,"total_adsorption":65.4605,"species_data":[{"composition":1,"adsorption":65.4605,"InChIKey":"IJGRMHOSHXDMSA-UHFFFAOYSA-N"}]},{"pressure":0.39255,"total_adsorption":65.7895,"species_data":[{"composition":1,"adsorption":65.7895,"InChIKey":"IJGRMHOSHXDMSA-UHFFFAOYSA-N"}]},{"pressure":0.452722,"total_adsorption":66.1184,"species_data":[{"composition":1,"adsorption":66.1184,"InChIKey":"IJGRMHOSHXDMSA-UHFFFAOYSA-N"}]},{"pressure":0.481375,"total_adsorption":72.3684,"species_data":[{"composition":1,"adsorption":72.3684,"InChIKey":"IJGRMHOSHXDMSA-UHFFFAOYSA-N"}]},{"pressure":0.510029,"total_adsorption":79.2763,"species_data":[{"composition":1,"adsorption":79.2763,"InChIKey":"IJGRMHOSHXDMSA-UHFFFAOYSA-N"}]}],"temperature":77,"articleSource":"UNKNOWN","compositionType":"molefraction","adsorbates":[{"name":"Nitrogen","InChIKey":"IJGRMHOSHXDMSA-UHFFFAOYSA-N"}],"adsorptionUnits":"cm3(STP)/g","date":"1000-01-01","category":"","digitizer":"UNKNOWN","pressureUnits":"bar","DOI":"10.1021/La202842m","adsorbent":{"name":"RPM3-Zn","hashkey":"NIST-MATDB-d1d373b14184482d96176fbe7e616dc5"},"concentrationUnits":"","filename":"10.1021La202842m.Isotherm4","isotherm_type":""}