{"filename": "10.1039C3ce42006j.isotherm3", "DOI": "10.1039/C3ce42006j", "articleSource": "UNKNOWN", "date": "1000-01-01", "digitizer": "UNKNOWN", "adsorbent": {"hashkey": "NIST-MATDB-f55cae58cff61d336d8b65bece21175f", "name": "MIL-101"}, "adsorbates": [{"InChIKey": "UFHFLCQGNIYNRP-UHFFFAOYSA-N", "name": "Hydrogen"}], "category": "", "temperature": 77, "isotherm_type": "", "adsorptionUnits": "wt%", "pressureUnits": "bar", "compositionType": "molefraction", "concentrationUnits": "", "isotherm_data": [{"pressure": 0.721053, "total_adsorption": 1.26953, "species_data": [{"InChIKey": "UFHFLCQGNIYNRP-UHFFFAOYSA-N", "composition": 1, "adsorption": 1.26953}]}, {"pressure": 1.35032, "total_adsorption": 1.53482, "species_data": [{"InChIKey": "UFHFLCQGNIYNRP-UHFFFAOYSA-N", "composition": 1, "adsorption": 1.53482}]}, {"pressure": 2.38002, "total_adsorption": 1.83014, "species_data": [{"InChIKey": "UFHFLCQGNIYNRP-UHFFFAOYSA-N", "composition": 1, "adsorption": 1.83014}]}, {"pressure": 3.63854, "total_adsorption": 2.0604, "species_data": [{"InChIKey": "UFHFLCQGNIYNRP-UHFFFAOYSA-N", "composition": 1, "adsorption": 2.0604}]}, {"pressure": 4.72545, "total_adsorption": 2.23058, "species_data": [{"InChIKey": "UFHFLCQGNIYNRP-UHFFFAOYSA-N", "composition": 1, "adsorption": 2.23058}]}, {"pressure": 5.81236, "total_adsorption": 2.36073, "species_data": [{"InChIKey": "UFHFLCQGNIYNRP-UHFFFAOYSA-N", "composition": 1, "adsorption": 2.36073}]}, {"pressure": 7.35692, "total_adsorption": 2.51089, "species_data": [{"InChIKey": "UFHFLCQGNIYNRP-UHFFFAOYSA-N", "composition": 1, "adsorption": 2.51089}]}, {"pressure": 9.70235, "total_adsorption": 2.66106, "species_data": [{"InChIKey": "UFHFLCQGNIYNRP-UHFFFAOYSA-N", "composition": 1, "adsorption": 2.66106}]}, {"pressure": 12.3338, "total_adsorption": 2.7962, "species_data": [{"InChIKey": "UFHFLCQGNIYNRP-UHFFFAOYSA-N", "composition": 1, "adsorption": 2.7962}]}, {"pressure": 15.3657, "total_adsorption": 2.89631, "species_data": [{"InChIKey": "UFHFLCQGNIYNRP-UHFFFAOYSA-N", "composition": 1, "adsorption": 2.89631}]}, {"pressure": 18.0544, "total_adsorption": 2.98641, "species_data": [{"InChIKey": "UFHFLCQGNIYNRP-UHFFFAOYSA-N", "composition": 1, "adsorption": 2.98641}]}, {"pressure": 20.9147, "total_adsorption": 3.05148, "species_data": [{"InChIKey": "UFHFLCQGNIYNRP-UHFFFAOYSA-N", "composition": 1, "adsorption": 3.05148}]}, {"pressure": 23.9466, "total_adsorption": 3.12657, "species_data": [{"InChIKey": "UFHFLCQGNIYNRP-UHFFFAOYSA-N", "composition": 1, "adsorption": 3.12657}]}, {"pressure": 26.9213, "total_adsorption": 3.19664, "species_data": [{"InChIKey": "UFHFLCQGNIYNRP-UHFFFAOYSA-N", "composition": 1, "adsorption": 3.19664}]}, {"pressure": 30.0104, "total_adsorption": 3.2467, "species_data": [{"InChIKey": "UFHFLCQGNIYNRP-UHFFFAOYSA-N", "composition": 1, "adsorption": 3.2467}]}, {"pressure": 35.9026, "total_adsorption": 3.32178, "species_data": [{"InChIKey": "UFHFLCQGNIYNRP-UHFFFAOYSA-N", "composition": 1, "adsorption": 3.32178}]}, {"pressure": 42.138, "total_adsorption": 3.39186, "species_data": [{"InChIKey": "UFHFLCQGNIYNRP-UHFFFAOYSA-N", "composition": 1, "adsorption": 3.39186}]}]}