{"filename": "10.1039C3ee42226g.isotherm7", "DOI": "10.1039/C3ee42226g", "articleSource": "UNKNOWN", "date": "1000-01-01", "digitizer": "UNKNOWN", "adsorbent": {"hashkey": "NIST-MATDB-fda8fe6cf4a0530645e7c92e01896f7f", "name": "PPN-6-SO3H"}, "adsorbates": [{"InChIKey": "CURLTUGMZLYLDI-UHFFFAOYSA-N", "name": "Carbon Dioxide"}], "category": "", "temperature": 295, "isotherm_type": "", "adsorptionUnits": "mmol/g", "pressureUnits": "bar", "compositionType": "molefraction", "concentrationUnits": "", "isotherm_data": [{"pressure": 0.0231649, "total_adsorption": 0.208498, "species_data": [{"InChIKey": "CURLTUGMZLYLDI-UHFFFAOYSA-N", "composition": 1, "adsorption": 0.208498}]}, {"pressure": 0.0782237, "total_adsorption": 0.593036, "species_data": [{"InChIKey": "CURLTUGMZLYLDI-UHFFFAOYSA-N", "composition": 1, "adsorption": 0.593036}]}, {"pressure": 0.128039, "total_adsorption": 0.898918, "species_data": [{"InChIKey": "CURLTUGMZLYLDI-UHFFFAOYSA-N", "composition": 1, "adsorption": 0.898918}]}, {"pressure": 0.209316, "total_adsorption": 1.25724, "species_data": [{"InChIKey": "CURLTUGMZLYLDI-UHFFFAOYSA-N", "composition": 1, "adsorption": 1.25724}]}, {"pressure": 0.311568, "total_adsorption": 1.65051, "species_data": [{"InChIKey": "CURLTUGMZLYLDI-UHFFFAOYSA-N", "composition": 1, "adsorption": 1.65051}]}, {"pressure": 0.440039, "total_adsorption": 2.00883, "species_data": [{"InChIKey": "CURLTUGMZLYLDI-UHFFFAOYSA-N", "composition": 1, "adsorption": 2.00883}]}, {"pressure": 0.565888, "total_adsorption": 2.35841, "species_data": [{"InChIKey": "CURLTUGMZLYLDI-UHFFFAOYSA-N", "composition": 1, "adsorption": 2.35841}]}, {"pressure": 0.76777, "total_adsorption": 2.80413, "species_data": [{"InChIKey": "CURLTUGMZLYLDI-UHFFFAOYSA-N", "composition": 1, "adsorption": 2.80413}]}, {"pressure": 0.922459, "total_adsorption": 3.11875, "species_data": [{"InChIKey": "CURLTUGMZLYLDI-UHFFFAOYSA-N", "composition": 1, "adsorption": 3.11875}]}, {"pressure": 1.0352, "total_adsorption": 3.33724, "species_data": [{"InChIKey": "CURLTUGMZLYLDI-UHFFFAOYSA-N", "composition": 1, "adsorption": 3.33724}]}, {"pressure": 1.10861, "total_adsorption": 3.45959, "species_data": [{"InChIKey": "CURLTUGMZLYLDI-UHFFFAOYSA-N", "composition": 1, "adsorption": 3.45959}]}]}