{"isotherm_data":[{"pressure":0.00045,"total_adsorption":211.059,"species_data":[{"composition":1,"adsorption":211.059,"InChIKey":"ZWEHNKRNPOVVGH-UHFFFAOYSA-N"}]},{"pressure":0.001512,"total_adsorption":374.38,"species_data":[{"composition":1,"adsorption":374.38,"InChIKey":"ZWEHNKRNPOVVGH-UHFFFAOYSA-N"}]},{"pressure":0.004401,"total_adsorption":405.949,"species_data":[{"composition":1,"adsorption":405.949,"InChIKey":"ZWEHNKRNPOVVGH-UHFFFAOYSA-N"}]},{"pressure":0.021781,"total_adsorption":525.649,"species_data":[{"composition":1,"adsorption":525.649,"InChIKey":"ZWEHNKRNPOVVGH-UHFFFAOYSA-N"}]},{"pressure":0.04868,"total_adsorption":543.346,"species_data":[{"composition":1,"adsorption":543.346,"InChIKey":"ZWEHNKRNPOVVGH-UHFFFAOYSA-N"}]},{"pressure":0.075293,"total_adsorption":551.487,"species_data":[{"composition":1,"adsorption":551.487,"InChIKey":"ZWEHNKRNPOVVGH-UHFFFAOYSA-N"}]}],"temperature":303,"articleSource":"Figure 3b","compositionType":"molefraction","adsorbates":[{"name":"Methyl ethyl ketone","InChIKey":"ZWEHNKRNPOVVGH-UHFFFAOYSA-N"}],"adsorptionUnits":"mg/g","date":"2016-07-14","category":"exp","digitizer":"Kailey M. Stracka","pressureUnits":"bar","DOI":"10.1061/(asce)0733-9372(2004)130:3(231)","adsorbent":{"name":"Activated Carbon Fiber Cloth","hashkey":"NIST-MATDB-53256c6245916687da75e9161379dc5f"},"concentrationUnits":"","filename":"10.1061asce0733937220041303231.Isotherm29","isotherm_type":""}