{"filename": "10.1007s10450-012-9421-3.Isotherm11", "DOI": "10.1007/s10450-012-9421-3", "articleSource": "UNKNOWN", "date": "1000-01-01", "digitizer": "UNKNOWN", "adsorbent": {"hashkey": "NIST-MATDB-1bb973fcc29408b87797b5f0976837a4", "name": "Bituminous C Q3"}, "adsorbates": [{"InChIKey": "VNWKTOKETHGBQD-UHFFFAOYSA-N", "name": "Methane"}], "category": "", "temperature": 303, "isotherm_type": "", "adsorptionUnits": "cm3(STP)/g", "pressureUnits": "bar", "compositionType": "molefraction", "concentrationUnits": "", "isotherm_data": [{"pressure": 1.02829, "total_adsorption": 1.80413, "species_data": [{"InChIKey": "VNWKTOKETHGBQD-UHFFFAOYSA-N", "composition": 1, "adsorption": 1.80413}]}, {"pressure": 8.92808, "total_adsorption": 6.90082, "species_data": [{"InChIKey": "VNWKTOKETHGBQD-UHFFFAOYSA-N", "composition": 1, "adsorption": 6.90082}]}, {"pressure": 15.5919, "total_adsorption": 8.83858, "species_data": [{"InChIKey": "VNWKTOKETHGBQD-UHFFFAOYSA-N", "composition": 1, "adsorption": 8.83858}]}, {"pressure": 22.5624, "total_adsorption": 10.4742, "species_data": [{"InChIKey": "VNWKTOKETHGBQD-UHFFFAOYSA-N", "composition": 1, "adsorption": 10.4742}]}, {"pressure": 29.5318, "total_adsorption": 11.5074, "species_data": [{"InChIKey": "VNWKTOKETHGBQD-UHFFFAOYSA-N", "composition": 1, "adsorption": 11.5074}]}, {"pressure": 36.6029, "total_adsorption": 12.2391, "species_data": [{"InChIKey": "VNWKTOKETHGBQD-UHFFFAOYSA-N", "composition": 1, "adsorption": 12.2391}]}, {"pressure": 43.8793, "total_adsorption": 13.1208, "species_data": [{"InChIKey": "VNWKTOKETHGBQD-UHFFFAOYSA-N", "composition": 1, "adsorption": 13.1208}]}]}