{"filename": "10.1016s0040-6031(99)00375-5.Isotherm18", "DOI": "10.1016/s0040-6031(99)00375-5", "articleSource": "Figure 6", "date": "2016-06-30", "digitizer": "David A. Anderegg", "adsorbent": {"hashkey": "NIST-MATDB-541fff683b1de0dc1fcd2083e2ce011d", "name": "Carbon AG5-HNO3"}, "adsorbates": [{"InChIKey": "XLYOFNOQVPJJNP-UHFFFAOYSA-N", "name": "Water"}], "category": "exp", "temperature": 298, "isotherm_type": "", "adsorptionUnits": "g/g", "pressureUnits": "bar", "compositionType": "molefraction", "concentrationUnits": "", "isotherm_data": [{"pressure": 0.00375, "total_adsorption": 0.018544, "species_data": [{"InChIKey": "XLYOFNOQVPJJNP-UHFFFAOYSA-N", "composition": 1, "adsorption": 0.018544}]}, {"pressure": 0.01098, "total_adsorption": 0.077805, "species_data": [{"InChIKey": "XLYOFNOQVPJJNP-UHFFFAOYSA-N", "composition": 1, "adsorption": 0.077805}]}, {"pressure": 0.012367, "total_adsorption": 0.11182, "species_data": [{"InChIKey": "XLYOFNOQVPJJNP-UHFFFAOYSA-N", "composition": 1, "adsorption": 0.11182}]}, {"pressure": 0.014454, "total_adsorption": 0.144092, "species_data": [{"InChIKey": "XLYOFNOQVPJJNP-UHFFFAOYSA-N", "composition": 1, "adsorption": 0.144092}]}, {"pressure": 0.015834, "total_adsorption": 0.20197, "species_data": [{"InChIKey": "XLYOFNOQVPJJNP-UHFFFAOYSA-N", "composition": 1, "adsorption": 0.20197}]}, {"pressure": 0.017821, "total_adsorption": 0.276861, "species_data": [{"InChIKey": "XLYOFNOQVPJJNP-UHFFFAOYSA-N", "composition": 1, "adsorption": 0.276861}]}, {"pressure": 0.020425, "total_adsorption": 0.331263, "species_data": [{"InChIKey": "XLYOFNOQVPJJNP-UHFFFAOYSA-N", "composition": 1, "adsorption": 0.331263}]}, {"pressure": 0.02242, "total_adsorption": 0.375472, "species_data": [{"InChIKey": "XLYOFNOQVPJJNP-UHFFFAOYSA-N", "composition": 1, "adsorption": 0.375472}]}, {"pressure": 0.026688, "total_adsorption": 0.412737, "species_data": [{"InChIKey": "XLYOFNOQVPJJNP-UHFFFAOYSA-N", "composition": 1, "adsorption": 0.412737}]}, {"pressure": 0.029906, "total_adsorption": 0.456878, "species_data": [{"InChIKey": "XLYOFNOQVPJJNP-UHFFFAOYSA-N", "composition": 1, "adsorption": 0.456878}]}, {"pressure": 0.030515, "total_adsorption": 0.467072, "species_data": [{"InChIKey": "XLYOFNOQVPJJNP-UHFFFAOYSA-N", "composition": 1, "adsorption": 0.467072}]}]}