{"filename": "10.1039C1cc15589j.Isotherm1", "DOI": "10.1039/C1cc15589j", "articleSource": "UNKNOWN", "date": "1000-01-01", "digitizer": "UNKNOWN", "adsorbent": {"hashkey": "NIST-MATDB-fc03a5b0636a9debac4172be129b4506", "name": "[Cu2(m3-ade)2(m2-OOC(CH2)2CH3)2]n Metal/butanoic/TMB Acid 1/20"}, "adsorbates": [{"InChIKey": "IJGRMHOSHXDMSA-UHFFFAOYSA-N", "name": "Nitrogen"}], "category": "", "temperature": 77, "isotherm_type": "", "adsorptionUnits": "cm3(STP)/g", "pressureUnits": "bar", "compositionType": "molefraction", "concentrationUnits": "", "isotherm_data": [{"pressure": 0, "total_adsorption": 0, "species_data": [{"InChIKey": "IJGRMHOSHXDMSA-UHFFFAOYSA-N", "composition": 1, "adsorption": 0}]}, {"pressure": 0.00390625, "total_adsorption": 92.1875, "species_data": [{"InChIKey": "IJGRMHOSHXDMSA-UHFFFAOYSA-N", "composition": 1, "adsorption": 92.1875}]}, {"pressure": 0.0117188, "total_adsorption": 96.4844, "species_data": [{"InChIKey": "IJGRMHOSHXDMSA-UHFFFAOYSA-N", "composition": 1, "adsorption": 96.4844}]}, {"pressure": 0.0253906, "total_adsorption": 99.6094, "species_data": [{"InChIKey": "IJGRMHOSHXDMSA-UHFFFAOYSA-N", "composition": 1, "adsorption": 99.6094}]}, {"pressure": 0.0566406, "total_adsorption": 101.562, "species_data": [{"InChIKey": "IJGRMHOSHXDMSA-UHFFFAOYSA-N", "composition": 1, "adsorption": 101.562}]}, {"pressure": 0.0820312, "total_adsorption": 103.516, "species_data": [{"InChIKey": "IJGRMHOSHXDMSA-UHFFFAOYSA-N", "composition": 1, "adsorption": 103.516}]}, {"pressure": 0.107422, "total_adsorption": 104.688, "species_data": [{"InChIKey": "IJGRMHOSHXDMSA-UHFFFAOYSA-N", "composition": 1, "adsorption": 104.688}]}, {"pressure": 0.132812, "total_adsorption": 105.859, "species_data": [{"InChIKey": "IJGRMHOSHXDMSA-UHFFFAOYSA-N", "composition": 1, "adsorption": 105.859}]}, {"pressure": 0.158203, "total_adsorption": 107.422, "species_data": [{"InChIKey": "IJGRMHOSHXDMSA-UHFFFAOYSA-N", "composition": 1, "adsorption": 107.422}]}, {"pressure": 0.175781, "total_adsorption": 107.422, "species_data": [{"InChIKey": "IJGRMHOSHXDMSA-UHFFFAOYSA-N", "composition": 1, "adsorption": 107.422}]}, {"pressure": 0.199219, "total_adsorption": 109.766, "species_data": [{"InChIKey": "IJGRMHOSHXDMSA-UHFFFAOYSA-N", "composition": 1, "adsorption": 109.766}]}, {"pressure": 0.230469, "total_adsorption": 110.938, "species_data": [{"InChIKey": "IJGRMHOSHXDMSA-UHFFFAOYSA-N", "composition": 1, "adsorption": 110.938}]}, {"pressure": 0.251953, "total_adsorption": 111.328, "species_data": [{"InChIKey": "IJGRMHOSHXDMSA-UHFFFAOYSA-N", "composition": 1, "adsorption": 111.328}]}, {"pressure": 0.28125, "total_adsorption": 112.109, "species_data": [{"InChIKey": "IJGRMHOSHXDMSA-UHFFFAOYSA-N", "composition": 1, "adsorption": 112.109}]}, {"pressure": 0.306641, "total_adsorption": 113.281, "species_data": [{"InChIKey": "IJGRMHOSHXDMSA-UHFFFAOYSA-N", "composition": 1, "adsorption": 113.281}]}, {"pressure": 0.328125, "total_adsorption": 114.062, "species_data": [{"InChIKey": "IJGRMHOSHXDMSA-UHFFFAOYSA-N", "composition": 1, "adsorption": 114.062}]}, {"pressure": 0.375, "total_adsorption": 115.625, "species_data": [{"InChIKey": "IJGRMHOSHXDMSA-UHFFFAOYSA-N", "composition": 1, "adsorption": 115.625}]}, {"pressure": 0.425781, "total_adsorption": 117.188, "species_data": [{"InChIKey": "IJGRMHOSHXDMSA-UHFFFAOYSA-N", "composition": 1, "adsorption": 117.188}]}, {"pressure": 0.527344, "total_adsorption": 119.531, "species_data": [{"InChIKey": "IJGRMHOSHXDMSA-UHFFFAOYSA-N", "composition": 1, "adsorption": 119.531}]}, {"pressure": 0.626953, "total_adsorption": 122.656, "species_data": [{"InChIKey": "IJGRMHOSHXDMSA-UHFFFAOYSA-N", "composition": 1, "adsorption": 122.656}]}, {"pressure": 0.720703, "total_adsorption": 125.781, "species_data": [{"InChIKey": "IJGRMHOSHXDMSA-UHFFFAOYSA-N", "composition": 1, "adsorption": 125.781}]}, {"pressure": 0.765625, "total_adsorption": 127.344, "species_data": [{"InChIKey": "IJGRMHOSHXDMSA-UHFFFAOYSA-N", "composition": 1, "adsorption": 127.344}]}, {"pressure": 0.820312, "total_adsorption": 128.906, "species_data": [{"InChIKey": "IJGRMHOSHXDMSA-UHFFFAOYSA-N", "composition": 1, "adsorption": 128.906}]}, {"pressure": 0.863281, "total_adsorption": 132.422, "species_data": [{"InChIKey": "IJGRMHOSHXDMSA-UHFFFAOYSA-N", "composition": 1, "adsorption": 132.422}]}, {"pressure": 0.898438, "total_adsorption": 135.547, "species_data": [{"InChIKey": "IJGRMHOSHXDMSA-UHFFFAOYSA-N", "composition": 1, "adsorption": 135.547}]}, {"pressure": 0.925781, "total_adsorption": 137.5, "species_data": [{"InChIKey": "IJGRMHOSHXDMSA-UHFFFAOYSA-N", "composition": 1, "adsorption": 137.5}]}]}