{"filename": "10.1007s10450-018-9958-x.Lab11", "DOI": "10.1007/s10450-018-9958-x", "articleSource": "Figure 2A", "date": "2018-06-28", "digitizer": "NIST FACT Lab", "adsorbent": {"hashkey": "NIST-MATDB-2be4718f0af306b55d864f82e3b82850", "name": "Ammonium ZSM-5"}, "adsorbates": [{"InChIKey": "CURLTUGMZLYLDI-UHFFFAOYSA-N", "name": "Carbon Dioxide"}], "category": "exp", "temperature": 293, "isotherm_type": "excess", "adsorptionUnits": "mmol/g", "pressureUnits": "bar", "compositionType": "molefraction", "concentrationUnits": "", "isotherm_data": [{"pressure": 0.002108, "total_adsorption": null, "species_data": [{"InChIKey": "CURLTUGMZLYLDI-UHFFFAOYSA-N", "composition": 1, "adsorption": 0}]}, {"pressure": 0.017108, "total_adsorption": null, "species_data": [{"InChIKey": "CURLTUGMZLYLDI-UHFFFAOYSA-N", "composition": 1, "adsorption": 0.183069}]}, {"pressure": 0.315874, "total_adsorption": null, "species_data": [{"InChIKey": "CURLTUGMZLYLDI-UHFFFAOYSA-N", "composition": 1, "adsorption": 1.31681}]}, {"pressure": 0.417969, "total_adsorption": null, "species_data": [{"InChIKey": "CURLTUGMZLYLDI-UHFFFAOYSA-N", "composition": 1, "adsorption": 1.50303}]}, {"pressure": 0.711991, "total_adsorption": null, "species_data": [{"InChIKey": "CURLTUGMZLYLDI-UHFFFAOYSA-N", "composition": 1, "adsorption": 1.86758}]}, {"pressure": 0.904888, "total_adsorption": null, "species_data": [{"InChIKey": "CURLTUGMZLYLDI-UHFFFAOYSA-N", "composition": 1, "adsorption": 2.02346}]}, {"pressure": 1.30451, "total_adsorption": null, "species_data": [{"InChIKey": "CURLTUGMZLYLDI-UHFFFAOYSA-N", "composition": 1, "adsorption": 2.24792}]}, {"pressure": 1.50299, "total_adsorption": null, "species_data": [{"InChIKey": "CURLTUGMZLYLDI-UHFFFAOYSA-N", "composition": 1, "adsorption": 2.3277}]}, {"pressure": 1.90004, "total_adsorption": null, "species_data": [{"InChIKey": "CURLTUGMZLYLDI-UHFFFAOYSA-N", "composition": 1, "adsorption": 2.45321}]}, {"pressure": 3.00103, "total_adsorption": null, "species_data": [{"InChIKey": "CURLTUGMZLYLDI-UHFFFAOYSA-N", "composition": 1, "adsorption": 2.67755}]}, {"pressure": 3.29873, "total_adsorption": null, "species_data": [{"InChIKey": "CURLTUGMZLYLDI-UHFFFAOYSA-N", "composition": 1, "adsorption": 2.71982}]}, {"pressure": 4.99849, "total_adsorption": null, "species_data": [{"InChIKey": "CURLTUGMZLYLDI-UHFFFAOYSA-N", "composition": 1, "adsorption": 2.89587}]}, {"pressure": 6.69701, "total_adsorption": null, "species_data": [{"InChIKey": "CURLTUGMZLYLDI-UHFFFAOYSA-N", "composition": 1, "adsorption": 3.01136}]}, {"pressure": 9.9945, "total_adsorption": null, "species_data": [{"InChIKey": "CURLTUGMZLYLDI-UHFFFAOYSA-N", "composition": 1, "adsorption": 3.16401}]}, {"pressure": 12.9938, "total_adsorption": null, "species_data": [{"InChIKey": "CURLTUGMZLYLDI-UHFFFAOYSA-N", "composition": 1, "adsorption": 3.25798}]}, {"pressure": 14.9927, "total_adsorption": null, "species_data": [{"InChIKey": "CURLTUGMZLYLDI-UHFFFAOYSA-N", "composition": 1, "adsorption": 3.31011}]}, {"pressure": 15.9939, "total_adsorption": null, "species_data": [{"InChIKey": "CURLTUGMZLYLDI-UHFFFAOYSA-N", "composition": 1, "adsorption": 3.3205}]}, {"pressure": 17.492, "total_adsorption": null, "species_data": [{"InChIKey": "CURLTUGMZLYLDI-UHFFFAOYSA-N", "composition": 1, "adsorption": 3.33488}]}, {"pressure": 19.9988, "total_adsorption": null, "species_data": [{"InChIKey": "CURLTUGMZLYLDI-UHFFFAOYSA-N", "composition": 1, "adsorption": 3.36182}]}]}