{"isotherm_data":[{"pressure":0.0387857,"total_adsorption":0.0345604,"species_data":[{"composition":1,"adsorption":0.0345604,"InChIKey":"CURLTUGMZLYLDI-UHFFFAOYSA-N"}]},{"pressure":0.0791645,"total_adsorption":0.073997,"species_data":[{"composition":1,"adsorption":0.073997,"InChIKey":"CURLTUGMZLYLDI-UHFFFAOYSA-N"}]},{"pressure":0.15341,"total_adsorption":0.177518,"species_data":[{"composition":1,"adsorption":0.177518,"InChIKey":"CURLTUGMZLYLDI-UHFFFAOYSA-N"}]},{"pressure":0.247916,"total_adsorption":0.285969,"species_data":[{"composition":1,"adsorption":0.285969,"InChIKey":"CURLTUGMZLYLDI-UHFFFAOYSA-N"}]},{"pressure":0.395478,"total_adsorption":0.463434,"species_data":[{"composition":1,"adsorption":0.463434,"InChIKey":"CURLTUGMZLYLDI-UHFFFAOYSA-N"}]},{"pressure":0.583628,"total_adsorption":0.660617,"species_data":[{"composition":1,"adsorption":0.660617,"InChIKey":"CURLTUGMZLYLDI-UHFFFAOYSA-N"}]},{"pressure":0.81774,"total_adsorption":0.828222,"species_data":[{"composition":1,"adsorption":0.828222,"InChIKey":"CURLTUGMZLYLDI-UHFFFAOYSA-N"}]},{"pressure":1.08782,"total_adsorption":0.985969,"species_data":[{"composition":1,"adsorption":0.985969,"InChIKey":"CURLTUGMZLYLDI-UHFFFAOYSA-N"}]},{"pressure":1.50454,"total_adsorption":1.23245,"species_data":[{"composition":1,"adsorption":1.23245,"InChIKey":"CURLTUGMZLYLDI-UHFFFAOYSA-N"}]},{"pressure":2.99223,"total_adsorption":1.71555,"species_data":[{"composition":1,"adsorption":1.71555,"InChIKey":"CURLTUGMZLYLDI-UHFFFAOYSA-N"}]},{"pressure":5.87426,"total_adsorption":2.1247,"species_data":[{"composition":1,"adsorption":2.1247,"InChIKey":"CURLTUGMZLYLDI-UHFFFAOYSA-N"}]},{"pressure":9.61696,"total_adsorption":2.33667,"species_data":[{"composition":1,"adsorption":2.33667,"InChIKey":"CURLTUGMZLYLDI-UHFFFAOYSA-N"}]},{"pressure":14.7555,"total_adsorption":2.46484,"species_data":[{"composition":1,"adsorption":2.46484,"InChIKey":"CURLTUGMZLYLDI-UHFFFAOYSA-N"}]},{"pressure":29.7289,"total_adsorption":2.6571,"species_data":[{"composition":1,"adsorption":2.6571,"InChIKey":"CURLTUGMZLYLDI-UHFFFAOYSA-N"}]},{"pressure":37.0641,"total_adsorption":2.70639,"species_data":[{"composition":1,"adsorption":2.70639,"InChIKey":"CURLTUGMZLYLDI-UHFFFAOYSA-N"}]}],"temperature":323,"articleSource":"UNKNOWN","compositionType":"molefraction","adsorbates":[{"name":"Carbon Dioxide","InChIKey":"CURLTUGMZLYLDI-UHFFFAOYSA-N"}],"adsorptionUnits":"kg/mol","date":"1000-01-01","category":"","digitizer":"UNKNOWN","pressureUnits":"bar","DOI":"10.1039/c3ta13073h","adsorbent":{"name":"CuBTC","hashkey":"NIST-MATDB-991daf7313251e7e607e2bab2da57e33"},"concentrationUnits":"","filename":"10.1039c3ta13073h.isotherm18","isotherm_type":""}