{"filename": "10.1021Cg3013574.Isotherm1", "DOI": "10.1021/Cg3013574", "articleSource": "UNKNOWN", "date": "1000-01-01", "digitizer": "UNKNOWN", "adsorbent": {"hashkey": "NIST-MATDB-a90295045d5dd3840bf5873caf5c4d06", "name": "FIR-5-ht"}, "adsorbates": [{"InChIKey": "IJGRMHOSHXDMSA-UHFFFAOYSA-N", "name": "Nitrogen"}], "category": "", "temperature": 77, "isotherm_type": "", "adsorptionUnits": "cm3(STP)/g", "pressureUnits": "bar", "compositionType": "molefraction", "concentrationUnits": "", "isotherm_data": [{"pressure": 0.0027933, "total_adsorption": 0.0027933, "species_data": [{"InChIKey": "IJGRMHOSHXDMSA-UHFFFAOYSA-N", "composition": 1, "adsorption": 0.0027933}]}, {"pressure": 0.00558659, "total_adsorption": 91.9769, "species_data": [{"InChIKey": "IJGRMHOSHXDMSA-UHFFFAOYSA-N", "composition": 1, "adsorption": 91.9769}]}, {"pressure": 0.00837989, "total_adsorption": 118.257, "species_data": [{"InChIKey": "IJGRMHOSHXDMSA-UHFFFAOYSA-N", "composition": 1, "adsorption": 118.257}]}, {"pressure": 0.0111732, "total_adsorption": 123.735, "species_data": [{"InChIKey": "IJGRMHOSHXDMSA-UHFFFAOYSA-N", "composition": 1, "adsorption": 123.735}]}, {"pressure": 0.0307263, "total_adsorption": 145.654, "species_data": [{"InChIKey": "IJGRMHOSHXDMSA-UHFFFAOYSA-N", "composition": 1, "adsorption": 145.654}]}, {"pressure": 0.0614525, "total_adsorption": 166.491, "species_data": [{"InChIKey": "IJGRMHOSHXDMSA-UHFFFAOYSA-N", "composition": 1, "adsorption": 166.491}]}, {"pressure": 0.0782123, "total_adsorption": 174.173, "species_data": [{"InChIKey": "IJGRMHOSHXDMSA-UHFFFAOYSA-N", "composition": 1, "adsorption": 174.173}]}, {"pressure": 0.100559, "total_adsorption": 190.621, "species_data": [{"InChIKey": "IJGRMHOSHXDMSA-UHFFFAOYSA-N", "composition": 1, "adsorption": 190.621}]}, {"pressure": 0.114525, "total_adsorption": 216.914, "species_data": [{"InChIKey": "IJGRMHOSHXDMSA-UHFFFAOYSA-N", "composition": 1, "adsorption": 216.914}]}, {"pressure": 0.128492, "total_adsorption": 242.111, "species_data": [{"InChIKey": "IJGRMHOSHXDMSA-UHFFFAOYSA-N", "composition": 1, "adsorption": 242.111}]}, {"pressure": 0.153631, "total_adsorption": 248.708, "species_data": [{"InChIKey": "IJGRMHOSHXDMSA-UHFFFAOYSA-N", "composition": 1, "adsorption": 248.708}]}, {"pressure": 0.184358, "total_adsorption": 252.027, "species_data": [{"InChIKey": "IJGRMHOSHXDMSA-UHFFFAOYSA-N", "composition": 1, "adsorption": 252.027}]}, {"pressure": 0.203911, "total_adsorption": 253.143, "species_data": [{"InChIKey": "IJGRMHOSHXDMSA-UHFFFAOYSA-N", "composition": 1, "adsorption": 253.143}]}, {"pressure": 0.251397, "total_adsorption": 259.764, "species_data": [{"InChIKey": "IJGRMHOSHXDMSA-UHFFFAOYSA-N", "composition": 1, "adsorption": 259.764}]}, {"pressure": 0.304469, "total_adsorption": 263.107, "species_data": [{"InChIKey": "IJGRMHOSHXDMSA-UHFFFAOYSA-N", "composition": 1, "adsorption": 263.107}]}, {"pressure": 0.351955, "total_adsorption": 267.539, "species_data": [{"InChIKey": "IJGRMHOSHXDMSA-UHFFFAOYSA-N", "composition": 1, "adsorption": 267.539}]}, {"pressure": 0.399441, "total_adsorption": 268.686, "species_data": [{"InChIKey": "IJGRMHOSHXDMSA-UHFFFAOYSA-N", "composition": 1, "adsorption": 268.686}]}, {"pressure": 0.452514, "total_adsorption": 273.123, "species_data": [{"InChIKey": "IJGRMHOSHXDMSA-UHFFFAOYSA-N", "composition": 1, "adsorption": 273.123}]}, {"pressure": 0.502793, "total_adsorption": 275.368, "species_data": [{"InChIKey": "IJGRMHOSHXDMSA-UHFFFAOYSA-N", "composition": 1, "adsorption": 275.368}]}, {"pressure": 0.553073, "total_adsorption": 278.708, "species_data": [{"InChIKey": "IJGRMHOSHXDMSA-UHFFFAOYSA-N", "composition": 1, "adsorption": 278.708}]}, {"pressure": 0.600559, "total_adsorption": 280.95, "species_data": [{"InChIKey": "IJGRMHOSHXDMSA-UHFFFAOYSA-N", "composition": 1, "adsorption": 280.95}]}, {"pressure": 0.653631, "total_adsorption": 284.292, "species_data": [{"InChIKey": "IJGRMHOSHXDMSA-UHFFFAOYSA-N", "composition": 1, "adsorption": 284.292}]}, {"pressure": 0.698324, "total_adsorption": 285.436, "species_data": [{"InChIKey": "IJGRMHOSHXDMSA-UHFFFAOYSA-N", "composition": 1, "adsorption": 285.436}]}, {"pressure": 0.75419, "total_adsorption": 288.782, "species_data": [{"InChIKey": "IJGRMHOSHXDMSA-UHFFFAOYSA-N", "composition": 1, "adsorption": 288.782}]}, {"pressure": 0.804469, "total_adsorption": 288.837, "species_data": [{"InChIKey": "IJGRMHOSHXDMSA-UHFFFAOYSA-N", "composition": 1, "adsorption": 288.837}]}, {"pressure": 0.821229, "total_adsorption": 289.95, "species_data": [{"InChIKey": "IJGRMHOSHXDMSA-UHFFFAOYSA-N", "composition": 1, "adsorption": 289.95}]}, {"pressure": 0.851955, "total_adsorption": 293.269, "species_data": [{"InChIKey": "IJGRMHOSHXDMSA-UHFFFAOYSA-N", "composition": 1, "adsorption": 293.269}]}, {"pressure": 0.877095, "total_adsorption": 295.486, "species_data": [{"InChIKey": "IJGRMHOSHXDMSA-UHFFFAOYSA-N", "composition": 1, "adsorption": 295.486}]}, {"pressure": 0.902235, "total_adsorption": 297.703, "species_data": [{"InChIKey": "IJGRMHOSHXDMSA-UHFFFAOYSA-N", "composition": 1, "adsorption": 297.703}]}, {"pressure": 0.930168, "total_adsorption": 298.829, "species_data": [{"InChIKey": "IJGRMHOSHXDMSA-UHFFFAOYSA-N", "composition": 1, "adsorption": 298.829}]}, {"pressure": 0.949721, "total_adsorption": 299.945, "species_data": [{"InChIKey": "IJGRMHOSHXDMSA-UHFFFAOYSA-N", "composition": 1, "adsorption": 299.945}]}, {"pressure": 0.963687, "total_adsorption": 303.245, "species_data": [{"InChIKey": "IJGRMHOSHXDMSA-UHFFFAOYSA-N", "composition": 1, "adsorption": 303.245}]}]}