{"isotherm_data":[{"pressure":0.0495504,"total_adsorption":388.053,"species_data":[{"composition":1,"adsorption":388.053,"InChIKey":"DNNSSWSSYDEUBZ-UHFFFAOYSA-N"}]},{"pressure":0.11212,"total_adsorption":992.313,"species_data":[{"composition":1,"adsorption":992.313,"InChIKey":"DNNSSWSSYDEUBZ-UHFFFAOYSA-N"}]},{"pressure":0.258152,"total_adsorption":2199.94,"species_data":[{"composition":1,"adsorption":2199.94,"InChIKey":"DNNSSWSSYDEUBZ-UHFFFAOYSA-N"}]},{"pressure":0.526683,"total_adsorption":4789.6,"species_data":[{"composition":1,"adsorption":4789.6,"InChIKey":"DNNSSWSSYDEUBZ-UHFFFAOYSA-N"}]},{"pressure":0.771816,"total_adsorption":6773.34,"species_data":[{"composition":1,"adsorption":6773.34,"InChIKey":"DNNSSWSSYDEUBZ-UHFFFAOYSA-N"}]},{"pressure":1.04031,"total_adsorption":9579.77,"species_data":[{"composition":1,"adsorption":9579.77,"InChIKey":"DNNSSWSSYDEUBZ-UHFFFAOYSA-N"}]}],"temperature":292,"articleSource":"UNKNOWN","compositionType":"molefraction","adsorbates":[{"name":"Krypton","InChIKey":"DNNSSWSSYDEUBZ-UHFFFAOYSA-N"}],"adsorptionUnits":"cm3(STP)/mol","date":"1000-01-01","category":"","digitizer":"UNKNOWN","pressureUnits":"bar","DOI":"10.1021/Jp303274m","adsorbent":{"name":"IRMOF-2-F","hashkey":"NIST-MATDB-9471c830478f1a5bb08174091de451f7"},"concentrationUnits":"","filename":"10.1021Jp303274m.Isotherm27","isotherm_type":""}