{"isotherm_data":[{"pressure":0.0247765,"total_adsorption":10.3668,"species_data":[{"composition":1,"adsorption":10.3668,"InChIKey":"IJGRMHOSHXDMSA-UHFFFAOYSA-N"}]},{"pressure":0.0709737,"total_adsorption":11.2682,"species_data":[{"composition":1,"adsorption":11.2682,"InChIKey":"IJGRMHOSHXDMSA-UHFFFAOYSA-N"}]},{"pressure":0.105903,"total_adsorption":11.7753,"species_data":[{"composition":1,"adsorption":11.7753,"InChIKey":"IJGRMHOSHXDMSA-UHFFFAOYSA-N"}]},{"pressure":0.121678,"total_adsorption":12.1133,"species_data":[{"composition":1,"adsorption":12.1133,"InChIKey":"IJGRMHOSHXDMSA-UHFFFAOYSA-N"}]},{"pressure":0.173509,"total_adsorption":14.0851,"species_data":[{"composition":1,"adsorption":14.0851,"InChIKey":"IJGRMHOSHXDMSA-UHFFFAOYSA-N"}]},{"pressure":0.234354,"total_adsorption":16.0006,"species_data":[{"composition":1,"adsorption":16.0006,"InChIKey":"IJGRMHOSHXDMSA-UHFFFAOYSA-N"}]},{"pressure":0.291819,"total_adsorption":17.9161,"species_data":[{"composition":1,"adsorption":17.9161,"InChIKey":"IJGRMHOSHXDMSA-UHFFFAOYSA-N"}]},{"pressure":0.322241,"total_adsorption":18.6485,"species_data":[{"composition":1,"adsorption":18.6485,"InChIKey":"IJGRMHOSHXDMSA-UHFFFAOYSA-N"}]},{"pressure":0.386467,"total_adsorption":20.0006,"species_data":[{"composition":1,"adsorption":20.0006,"InChIKey":"IJGRMHOSHXDMSA-UHFFFAOYSA-N"}]},{"pressure":0.450692,"total_adsorption":21.1837,"species_data":[{"composition":1,"adsorption":21.1837,"InChIKey":"IJGRMHOSHXDMSA-UHFFFAOYSA-N"}]},{"pressure":0.513791,"total_adsorption":22.5922,"species_data":[{"composition":1,"adsorption":22.5922,"InChIKey":"IJGRMHOSHXDMSA-UHFFFAOYSA-N"}]},{"pressure":0.58365,"total_adsorption":24.4513,"species_data":[{"composition":1,"adsorption":24.4513,"InChIKey":"IJGRMHOSHXDMSA-UHFFFAOYSA-N"}]},{"pressure":0.647875,"total_adsorption":26.3668,"species_data":[{"composition":1,"adsorption":26.3668,"InChIKey":"IJGRMHOSHXDMSA-UHFFFAOYSA-N"}]},{"pressure":0.704213,"total_adsorption":27.8879,"species_data":[{"composition":1,"adsorption":27.8879,"InChIKey":"IJGRMHOSHXDMSA-UHFFFAOYSA-N"}]},{"pressure":0.74703,"total_adsorption":29.7471,"species_data":[{"composition":1,"adsorption":29.7471,"InChIKey":"IJGRMHOSHXDMSA-UHFFFAOYSA-N"}]},{"pressure":0.78534,"total_adsorption":31.0992,"species_data":[{"composition":1,"adsorption":31.0992,"InChIKey":"IJGRMHOSHXDMSA-UHFFFAOYSA-N"}]}],"temperature":77,"articleSource":"UNKNOWN","compositionType":"molefraction","adsorbates":[{"name":"Nitrogen","InChIKey":"IJGRMHOSHXDMSA-UHFFFAOYSA-N"}],"adsorptionUnits":"micromoles/m2","date":"1000-01-01","category":"","digitizer":"UNKNOWN","pressureUnits":"bar","DOI":"10.1080/08927020500108429","adsorbent":{"name":"Carbon","hashkey":"NIST-MATDB-453276ee992ed07dc207ed08b2b221ce"},"concentrationUnits":"","filename":"10.108008927020500108429.isotherm3","isotherm_type":""}