{"isotherm_data":[{"pressure":1,"total_adsorption":null,"species_data":[{"composition":0.5,"adsorption":0.54,"InChIKey":"CURLTUGMZLYLDI-UHFFFAOYSA-N"},{"composition":0.5,"adsorption":0.25,"InChIKey":"IJGRMHOSHXDMSA-UHFFFAOYSA-N"}]},{"pressure":2,"total_adsorption":null,"species_data":[{"composition":0.5,"adsorption":0.95,"InChIKey":"CURLTUGMZLYLDI-UHFFFAOYSA-N"},{"composition":0.5,"adsorption":0.41,"InChIKey":"IJGRMHOSHXDMSA-UHFFFAOYSA-N"}]},{"pressure":4,"total_adsorption":null,"species_data":[{"composition":0.5,"adsorption":1.89,"InChIKey":"CURLTUGMZLYLDI-UHFFFAOYSA-N"},{"composition":0.5,"adsorption":0.81,"InChIKey":"IJGRMHOSHXDMSA-UHFFFAOYSA-N"}]}],"temperature":323,"articleSource":"Table 4","compositionType":"moleratio","adsorbates":[{"name":"Carbon Dioxide","InChIKey":"CURLTUGMZLYLDI-UHFFFAOYSA-N"},{"name":"Nitrogen","InChIKey":"IJGRMHOSHXDMSA-UHFFFAOYSA-N"}],"adsorptionUnits":"mmol/g","date":"2017-06-28","category":"exp","digitizer":"Julia Chotoo","pressureUnits":"bar","DOI":"10.1080/01496390802282347","adsorbent":{"name":"MOF-508b","hashkey":"NIST-MATDB-eb8a03810908350733a3ad317d9a5927"},"concentrationUnits":"","filename":"10.108001496390802282347.Isotherm73","isotherm_type":""}