{"filename": "10.1021Ja9036302.Isotherm8", "DOI": "10.1021/Ja9036302", "articleSource": "UNKNOWN", "date": "1000-01-01", "digitizer": "UNKNOWN", "adsorbent": {"hashkey": "NIST-MATDB-2c9380bddc59f547484ff729eab7d7cb", "name": "IRMOF-1"}, "adsorbates": [{"InChIKey": "UFHFLCQGNIYNRP-UHFFFAOYSA-N", "name": "Hydrogen"}], "category": "", "temperature": 77, "isotherm_type": "", "adsorptionUnits": "wt%", "pressureUnits": "bar", "compositionType": "molefraction", "concentrationUnits": "", "isotherm_data": [{"pressure": 1.77937, "total_adsorption": 1.60237, "species_data": [{"InChIKey": "UFHFLCQGNIYNRP-UHFFFAOYSA-N", "composition": 1, "adsorption": 1.60237}]}, {"pressure": 7.31517, "total_adsorption": 4.98516, "species_data": [{"InChIKey": "UFHFLCQGNIYNRP-UHFFFAOYSA-N", "composition": 1, "adsorption": 4.98516}]}, {"pressure": 10.0831, "total_adsorption": 5.96439, "species_data": [{"InChIKey": "UFHFLCQGNIYNRP-UHFFFAOYSA-N", "composition": 1, "adsorption": 5.96439}]}, {"pressure": 14.0372, "total_adsorption": 6.49852, "species_data": [{"InChIKey": "UFHFLCQGNIYNRP-UHFFFAOYSA-N", "composition": 1, "adsorption": 6.49852}]}, {"pressure": 17.3982, "total_adsorption": 7.12166, "species_data": [{"InChIKey": "UFHFLCQGNIYNRP-UHFFFAOYSA-N", "composition": 1, "adsorption": 7.12166}]}, {"pressure": 21.1547, "total_adsorption": 7.38872, "species_data": [{"InChIKey": "UFHFLCQGNIYNRP-UHFFFAOYSA-N", "composition": 1, "adsorption": 7.38872}]}, {"pressure": 22.7363, "total_adsorption": 7.47774, "species_data": [{"InChIKey": "UFHFLCQGNIYNRP-UHFFFAOYSA-N", "composition": 1, "adsorption": 7.47774}]}, {"pressure": 24.7134, "total_adsorption": 7.65579, "species_data": [{"InChIKey": "UFHFLCQGNIYNRP-UHFFFAOYSA-N", "composition": 1, "adsorption": 7.65579}]}, {"pressure": 28.0744, "total_adsorption": 7.83383, "species_data": [{"InChIKey": "UFHFLCQGNIYNRP-UHFFFAOYSA-N", "composition": 1, "adsorption": 7.83383}]}, {"pressure": 31.8309, "total_adsorption": 8.01187, "species_data": [{"InChIKey": "UFHFLCQGNIYNRP-UHFFFAOYSA-N", "composition": 1, "adsorption": 8.01187}]}, {"pressure": 35.1919, "total_adsorption": 8.18991, "species_data": [{"InChIKey": "UFHFLCQGNIYNRP-UHFFFAOYSA-N", "composition": 1, "adsorption": 8.18991}]}, {"pressure": 37.169, "total_adsorption": 8.36795, "species_data": [{"InChIKey": "UFHFLCQGNIYNRP-UHFFFAOYSA-N", "composition": 1, "adsorption": 8.36795}]}, {"pressure": 39.146, "total_adsorption": 8.36795, "species_data": [{"InChIKey": "UFHFLCQGNIYNRP-UHFFFAOYSA-N", "composition": 1, "adsorption": 8.36795}]}, {"pressure": 39.5415, "total_adsorption": 8.45697, "species_data": [{"InChIKey": "UFHFLCQGNIYNRP-UHFFFAOYSA-N", "composition": 1, "adsorption": 8.45697}]}, {"pressure": 41.5185, "total_adsorption": 8.54599, "species_data": [{"InChIKey": "UFHFLCQGNIYNRP-UHFFFAOYSA-N", "composition": 1, "adsorption": 8.54599}]}, {"pressure": 43.2979, "total_adsorption": 8.54599, "species_data": [{"InChIKey": "UFHFLCQGNIYNRP-UHFFFAOYSA-N", "composition": 1, "adsorption": 8.54599}]}, {"pressure": 45.4727, "total_adsorption": 8.54599, "species_data": [{"InChIKey": "UFHFLCQGNIYNRP-UHFFFAOYSA-N", "composition": 1, "adsorption": 8.54599}]}, {"pressure": 47.4498, "total_adsorption": 8.63501, "species_data": [{"InChIKey": "UFHFLCQGNIYNRP-UHFFFAOYSA-N", "composition": 1, "adsorption": 8.63501}]}, {"pressure": 53.381, "total_adsorption": 8.90208, "species_data": [{"InChIKey": "UFHFLCQGNIYNRP-UHFFFAOYSA-N", "composition": 1, "adsorption": 8.90208}]}, {"pressure": 55.358, "total_adsorption": 8.90208, "species_data": [{"InChIKey": "UFHFLCQGNIYNRP-UHFFFAOYSA-N", "composition": 1, "adsorption": 8.90208}]}, {"pressure": 57.5328, "total_adsorption": 8.81306, "species_data": [{"InChIKey": "UFHFLCQGNIYNRP-UHFFFAOYSA-N", "composition": 1, "adsorption": 8.81306}]}, {"pressure": 60.4984, "total_adsorption": 8.90208, "species_data": [{"InChIKey": "UFHFLCQGNIYNRP-UHFFFAOYSA-N", "composition": 1, "adsorption": 8.90208}]}, {"pressure": 62.0801, "total_adsorption": 9.08012, "species_data": [{"InChIKey": "UFHFLCQGNIYNRP-UHFFFAOYSA-N", "composition": 1, "adsorption": 9.08012}]}, {"pressure": 64.0572, "total_adsorption": 9.08012, "species_data": [{"InChIKey": "UFHFLCQGNIYNRP-UHFFFAOYSA-N", "composition": 1, "adsorption": 9.08012}]}, {"pressure": 66.8251, "total_adsorption": 9.16914, "species_data": [{"InChIKey": "UFHFLCQGNIYNRP-UHFFFAOYSA-N", "composition": 1, "adsorption": 9.16914}]}, {"pressure": 68.8021, "total_adsorption": 9.16914, "species_data": [{"InChIKey": "UFHFLCQGNIYNRP-UHFFFAOYSA-N", "composition": 1, "adsorption": 9.16914}]}, {"pressure": 70.3838, "total_adsorption": 9.25816, "species_data": [{"InChIKey": "UFHFLCQGNIYNRP-UHFFFAOYSA-N", "composition": 1, "adsorption": 9.25816}]}, {"pressure": 72.3609, "total_adsorption": 9.25816, "species_data": [{"InChIKey": "UFHFLCQGNIYNRP-UHFFFAOYSA-N", "composition": 1, "adsorption": 9.25816}]}, {"pressure": 74.9311, "total_adsorption": 9.25816, "species_data": [{"InChIKey": "UFHFLCQGNIYNRP-UHFFFAOYSA-N", "composition": 1, "adsorption": 9.25816}]}, {"pressure": 77.699, "total_adsorption": 9.25816, "species_data": [{"InChIKey": "UFHFLCQGNIYNRP-UHFFFAOYSA-N", "composition": 1, "adsorption": 9.25816}]}, {"pressure": 81.06, "total_adsorption": 9.4362, "species_data": [{"InChIKey": "UFHFLCQGNIYNRP-UHFFFAOYSA-N", "composition": 1, "adsorption": 9.4362}]}]}