{"isotherm_data":[{"pressure":0.011236,"total_adsorption":0.225797,"species_data":[{"composition":1,"adsorption":0.225797,"InChIKey":"CURLTUGMZLYLDI-UHFFFAOYSA-N"}]},{"pressure":0.0280899,"total_adsorption":0.513121,"species_data":[{"composition":1,"adsorption":0.513121,"InChIKey":"CURLTUGMZLYLDI-UHFFFAOYSA-N"}]},{"pressure":0.0589888,"total_adsorption":0.820706,"species_data":[{"composition":1,"adsorption":0.820706,"InChIKey":"CURLTUGMZLYLDI-UHFFFAOYSA-N"}]},{"pressure":0.115169,"total_adsorption":1.18941,"species_data":[{"composition":1,"adsorption":1.18941,"InChIKey":"CURLTUGMZLYLDI-UHFFFAOYSA-N"}]},{"pressure":0.244382,"total_adsorption":1.67991,"species_data":[{"composition":1,"adsorption":1.67991,"InChIKey":"CURLTUGMZLYLDI-UHFFFAOYSA-N"}]},{"pressure":0.348315,"total_adsorption":1.92435,"species_data":[{"composition":1,"adsorption":1.92435,"InChIKey":"CURLTUGMZLYLDI-UHFFFAOYSA-N"}]},{"pressure":0.47191,"total_adsorption":2.16839,"species_data":[{"composition":1,"adsorption":2.16839,"InChIKey":"CURLTUGMZLYLDI-UHFFFAOYSA-N"}]},{"pressure":0.522472,"total_adsorption":2.27009,"species_data":[{"composition":1,"adsorption":2.27009,"InChIKey":"CURLTUGMZLYLDI-UHFFFAOYSA-N"}]},{"pressure":0.634831,"total_adsorption":2.39107,"species_data":[{"composition":1,"adsorption":2.39107,"InChIKey":"CURLTUGMZLYLDI-UHFFFAOYSA-N"}]},{"pressure":0.69382,"total_adsorption":2.51314,"species_data":[{"composition":1,"adsorption":2.51314,"InChIKey":"CURLTUGMZLYLDI-UHFFFAOYSA-N"}]},{"pressure":0.808989,"total_adsorption":2.61351,"species_data":[{"composition":1,"adsorption":2.61351,"InChIKey":"CURLTUGMZLYLDI-UHFFFAOYSA-N"}]},{"pressure":0.865169,"total_adsorption":2.69455,"species_data":[{"composition":1,"adsorption":2.69455,"InChIKey":"CURLTUGMZLYLDI-UHFFFAOYSA-N"}]},{"pressure":0.929775,"total_adsorption":2.75487,"species_data":[{"composition":1,"adsorption":2.75487,"InChIKey":"CURLTUGMZLYLDI-UHFFFAOYSA-N"}]},{"pressure":0.985955,"total_adsorption":2.81536,"species_data":[{"composition":1,"adsorption":2.81536,"InChIKey":"CURLTUGMZLYLDI-UHFFFAOYSA-N"}]},{"pressure":1.04494,"total_adsorption":2.87579,"species_data":[{"composition":1,"adsorption":2.87579,"InChIKey":"CURLTUGMZLYLDI-UHFFFAOYSA-N"}]}],"temperature":298,"articleSource":"UNKNOWN","compositionType":"molefraction","adsorbates":[{"name":"Carbon Dioxide","InChIKey":"CURLTUGMZLYLDI-UHFFFAOYSA-N"}],"adsorptionUnits":"mmol/g","date":"1000-01-01","category":"","digitizer":"UNKNOWN","pressureUnits":"bar","DOI":"10.1039/C2dt31112g","adsorbent":{"name":"Pip-CPO-27-Ni","hashkey":"NIST-MATDB-acc401e3ec9a9a7ffb7948daa55b7bee"},"concentrationUnits":"","filename":"10.1039C2dt31112g.Isotherm2","isotherm_type":""}