{"isotherm_data":[{"pressure":0.120186,"total_adsorption":0.28942,"species_data":[{"composition":1,"adsorption":0.28942,"InChIKey":"UFHFLCQGNIYNRP-UHFFFAOYSA-N"}]},{"pressure":1.1294,"total_adsorption":14.7785,"species_data":[{"composition":1,"adsorption":14.7785,"InChIKey":"UFHFLCQGNIYNRP-UHFFFAOYSA-N"}]},{"pressure":2.08382,"total_adsorption":18.2533,"species_data":[{"composition":1,"adsorption":18.2533,"InChIKey":"UFHFLCQGNIYNRP-UHFFFAOYSA-N"}]},{"pressure":3.89546,"total_adsorption":21.1453,"species_data":[{"composition":1,"adsorption":21.1453,"InChIKey":"UFHFLCQGNIYNRP-UHFFFAOYSA-N"}]},{"pressure":5.95895,"total_adsorption":22.732,"species_data":[{"composition":1,"adsorption":22.732,"InChIKey":"UFHFLCQGNIYNRP-UHFFFAOYSA-N"}]},{"pressure":9.8491,"total_adsorption":24.7469,"species_data":[{"composition":1,"adsorption":24.7469,"InChIKey":"UFHFLCQGNIYNRP-UHFFFAOYSA-N"}]},{"pressure":14.8404,"total_adsorption":26.1781,"species_data":[{"composition":1,"adsorption":26.1781,"InChIKey":"UFHFLCQGNIYNRP-UHFFFAOYSA-N"}]},{"pressure":19.8361,"total_adsorption":26.8847,"species_data":[{"composition":1,"adsorption":26.8847,"InChIKey":"UFHFLCQGNIYNRP-UHFFFAOYSA-N"}]},{"pressure":29.8319,"total_adsorption":27.5731,"species_data":[{"composition":1,"adsorption":27.5731,"InChIKey":"UFHFLCQGNIYNRP-UHFFFAOYSA-N"}]},{"pressure":39.8339,"total_adsorption":27.247,"species_data":[{"composition":1,"adsorption":27.247,"InChIKey":"UFHFLCQGNIYNRP-UHFFFAOYSA-N"}]}],"temperature":77,"articleSource":"UNKNOWN","compositionType":"molefraction","adsorbates":[{"name":"Hydrogen","InChIKey":"UFHFLCQGNIYNRP-UHFFFAOYSA-N"}],"adsorptionUnits":"g/l","date":"1000-01-01","category":"","digitizer":"UNKNOWN","pressureUnits":"bar","DOI":"10.1016/j.micromeso.2013.02.010","adsorbent":{"name":"ACF","hashkey":"NIST-MATDB-1561fd28bd1db27e6565bb096dc87e24"},"concentrationUnits":"","filename":"10.1016j.micromeso.2013.02.010.Isotherm1","isotherm_type":""}