{"isotherm_data":[{"pressure":0.00628153,"total_adsorption":0.147696,"species_data":[{"composition":1,"adsorption":0.147696,"InChIKey":"LFQSCWFLJHTTHZ-UHFFFAOYSA-N"}]},{"pressure":0.00743529,"total_adsorption":0.161123,"species_data":[{"composition":1,"adsorption":0.161123,"InChIKey":"LFQSCWFLJHTTHZ-UHFFFAOYSA-N"}]},{"pressure":0.00858904,"total_adsorption":0.181263,"species_data":[{"composition":1,"adsorption":0.181263,"InChIKey":"LFQSCWFLJHTTHZ-UHFFFAOYSA-N"}]},{"pressure":0.00987098,"total_adsorption":0.208117,"species_data":[{"composition":1,"adsorption":0.208117,"InChIKey":"LFQSCWFLJHTTHZ-UHFFFAOYSA-N"}]},{"pressure":0.0110247,"total_adsorption":0.228258,"species_data":[{"composition":1,"adsorption":0.228258,"InChIKey":"LFQSCWFLJHTTHZ-UHFFFAOYSA-N"}]},{"pressure":0.0121785,"total_adsorption":0.241685,"species_data":[{"composition":1,"adsorption":0.241685,"InChIKey":"LFQSCWFLJHTTHZ-UHFFFAOYSA-N"}]},{"pressure":0.0133322,"total_adsorption":0.261825,"species_data":[{"composition":1,"adsorption":0.261825,"InChIKey":"LFQSCWFLJHTTHZ-UHFFFAOYSA-N"}]},{"pressure":0.014486,"total_adsorption":0.288679,"species_data":[{"composition":1,"adsorption":0.288679,"InChIKey":"LFQSCWFLJHTTHZ-UHFFFAOYSA-N"}]},{"pressure":0.0157679,"total_adsorption":0.302106,"species_data":[{"composition":1,"adsorption":0.302106,"InChIKey":"LFQSCWFLJHTTHZ-UHFFFAOYSA-N"}]},{"pressure":0.0169217,"total_adsorption":0.32896,"species_data":[{"composition":1,"adsorption":0.32896,"InChIKey":"LFQSCWFLJHTTHZ-UHFFFAOYSA-N"}]},{"pressure":0.0179472,"total_adsorption":0.3491,"species_data":[{"composition":1,"adsorption":0.3491,"InChIKey":"LFQSCWFLJHTTHZ-UHFFFAOYSA-N"}]},{"pressure":0.0192292,"total_adsorption":0.36924,"species_data":[{"composition":1,"adsorption":0.36924,"InChIKey":"LFQSCWFLJHTTHZ-UHFFFAOYSA-N"}]},{"pressure":0.0203829,"total_adsorption":0.389381,"species_data":[{"composition":1,"adsorption":0.389381,"InChIKey":"LFQSCWFLJHTTHZ-UHFFFAOYSA-N"}]},{"pressure":0.0215367,"total_adsorption":0.416235,"species_data":[{"composition":1,"adsorption":0.416235,"InChIKey":"LFQSCWFLJHTTHZ-UHFFFAOYSA-N"}]},{"pressure":0.0228186,"total_adsorption":0.436375,"species_data":[{"composition":1,"adsorption":0.436375,"InChIKey":"LFQSCWFLJHTTHZ-UHFFFAOYSA-N"}]},{"pressure":0.0232032,"total_adsorption":0.456515,"species_data":[{"composition":1,"adsorption":0.456515,"InChIKey":"LFQSCWFLJHTTHZ-UHFFFAOYSA-N"}]},{"pressure":0.024357,"total_adsorption":0.463229,"species_data":[{"composition":1,"adsorption":0.463229,"InChIKey":"LFQSCWFLJHTTHZ-UHFFFAOYSA-N"}]},{"pressure":0.0256389,"total_adsorption":0.483369,"species_data":[{"composition":1,"adsorption":0.483369,"InChIKey":"LFQSCWFLJHTTHZ-UHFFFAOYSA-N"}]},{"pressure":0.0267927,"total_adsorption":0.503509,"species_data":[{"composition":1,"adsorption":0.503509,"InChIKey":"LFQSCWFLJHTTHZ-UHFFFAOYSA-N"}]},{"pressure":0.0280746,"total_adsorption":0.530363,"species_data":[{"composition":1,"adsorption":0.530363,"InChIKey":"LFQSCWFLJHTTHZ-UHFFFAOYSA-N"}]},{"pressure":0.0288438,"total_adsorption":0.557217,"species_data":[{"composition":1,"adsorption":0.557217,"InChIKey":"LFQSCWFLJHTTHZ-UHFFFAOYSA-N"}]},{"pressure":0.0299975,"total_adsorption":0.563931,"species_data":[{"composition":1,"adsorption":0.563931,"InChIKey":"LFQSCWFLJHTTHZ-UHFFFAOYSA-N"}]},{"pressure":0.0311513,"total_adsorption":0.584071,"species_data":[{"composition":1,"adsorption":0.584071,"InChIKey":"LFQSCWFLJHTTHZ-UHFFFAOYSA-N"}]},{"pressure":0.0324332,"total_adsorption":0.604211,"species_data":[{"composition":1,"adsorption":0.604211,"InChIKey":"LFQSCWFLJHTTHZ-UHFFFAOYSA-N"}]},{"pressure":0.033587,"total_adsorption":0.631065,"species_data":[{"composition":1,"adsorption":0.631065,"InChIKey":"LFQSCWFLJHTTHZ-UHFFFAOYSA-N"}]},{"pressure":0.0340998,"total_adsorption":0.651206,"species_data":[{"composition":1,"adsorption":0.651206,"InChIKey":"LFQSCWFLJHTTHZ-UHFFFAOYSA-N"}]},{"pressure":0.0353817,"total_adsorption":0.657919,"species_data":[{"composition":1,"adsorption":0.657919,"InChIKey":"LFQSCWFLJHTTHZ-UHFFFAOYSA-N"}]},{"pressure":0.0365355,"total_adsorption":0.678059,"species_data":[{"composition":1,"adsorption":0.678059,"InChIKey":"LFQSCWFLJHTTHZ-UHFFFAOYSA-N"}]},{"pressure":0.0376892,"total_adsorption":0.704913,"species_data":[{"composition":1,"adsorption":0.704913,"InChIKey":"LFQSCWFLJHTTHZ-UHFFFAOYSA-N"}]},{"pressure":0.0389712,"total_adsorption":0.725054,"species_data":[{"composition":1,"adsorption":0.725054,"InChIKey":"LFQSCWFLJHTTHZ-UHFFFAOYSA-N"}]},{"pressure":0.0399967,"total_adsorption":0.745194,"species_data":[{"composition":1,"adsorption":0.745194,"InChIKey":"LFQSCWFLJHTTHZ-UHFFFAOYSA-N"}]},{"pressure":0.0412787,"total_adsorption":0.765334,"species_data":[{"composition":1,"adsorption":0.765334,"InChIKey":"LFQSCWFLJHTTHZ-UHFFFAOYSA-N"}]},{"pressure":0.0424324,"total_adsorption":0.785475,"species_data":[{"composition":1,"adsorption":0.785475,"InChIKey":"LFQSCWFLJHTTHZ-UHFFFAOYSA-N"}]},{"pressure":0.0435862,"total_adsorption":0.805615,"species_data":[{"composition":1,"adsorption":0.805615,"InChIKey":"LFQSCWFLJHTTHZ-UHFFFAOYSA-N"}]},{"pressure":0.0447399,"total_adsorption":0.832469,"species_data":[{"composition":1,"adsorption":0.832469,"InChIKey":"LFQSCWFLJHTTHZ-UHFFFAOYSA-N"}]},{"pressure":0.0460219,"total_adsorption":0.845896,"species_data":[{"composition":1,"adsorption":0.845896,"InChIKey":"LFQSCWFLJHTTHZ-UHFFFAOYSA-N"}]},{"pressure":0.0471756,"total_adsorption":0.87275,"species_data":[{"composition":1,"adsorption":0.87275,"InChIKey":"LFQSCWFLJHTTHZ-UHFFFAOYSA-N"}]},{"pressure":0.0484576,"total_adsorption":0.89289,"species_data":[{"composition":1,"adsorption":0.89289,"InChIKey":"LFQSCWFLJHTTHZ-UHFFFAOYSA-N"}]},{"pressure":0.0496113,"total_adsorption":0.913031,"species_data":[{"composition":1,"adsorption":0.913031,"InChIKey":"LFQSCWFLJHTTHZ-UHFFFAOYSA-N"}]},{"pressure":0.0507651,"total_adsorption":0.926457,"species_data":[{"composition":1,"adsorption":0.926457,"InChIKey":"LFQSCWFLJHTTHZ-UHFFFAOYSA-N"}]},{"pressure":0.0511496,"total_adsorption":0.946598,"species_data":[{"composition":1,"adsorption":0.946598,"InChIKey":"LFQSCWFLJHTTHZ-UHFFFAOYSA-N"}]},{"pressure":0.0523034,"total_adsorption":0.966738,"species_data":[{"composition":1,"adsorption":0.966738,"InChIKey":"LFQSCWFLJHTTHZ-UHFFFAOYSA-N"}]},{"pressure":0.0535853,"total_adsorption":0.980165,"species_data":[{"composition":1,"adsorption":0.980165,"InChIKey":"LFQSCWFLJHTTHZ-UHFFFAOYSA-N"}]}],"temperature":393,"articleSource":"UNKNOWN","compositionType":"molefraction","adsorbates":[{"name":"Ethanol","InChIKey":"LFQSCWFLJHTTHZ-UHFFFAOYSA-N"}],"adsorptionUnits":"mmol/g","date":"1000-01-01","category":"","digitizer":"UNKNOWN","pressureUnits":"bar","DOI":"10.1002/adfm.200800058","adsorbent":{"name":"Co3(HCOO)6","hashkey":"NIST-MATDB-98261e1cacd11dbc66fdc2910f2226ce"},"concentrationUnits":"","filename":"10.1002adfm.200800058.Isotherm29","isotherm_type":""}