{"filename": "10.1021Jp207326d.Isotherm3", "DOI": "10.1021/Jp207326d", "articleSource": "UNKNOWN", "date": "1000-01-01", "digitizer": "UNKNOWN", "adsorbent": {"hashkey": "NIST-MATDB-932dcf2dded488676ec046ad7447b98b", "name": "MIL-53(Al)lp"}, "adsorbates": [{"InChIKey": "VNWKTOKETHGBQD-UHFFFAOYSA-N", "name": "Methane"}], "category": "", "temperature": 303, "isotherm_type": "", "adsorptionUnits": "mmol/g", "pressureUnits": "bar", "compositionType": "molefraction", "concentrationUnits": "", "isotherm_data": [{"pressure": 0.49762, "total_adsorption": 0.365856, "species_data": [{"InChIKey": "VNWKTOKETHGBQD-UHFFFAOYSA-N", "composition": 1, "adsorption": 0.365856}]}, {"pressure": 1.64279, "total_adsorption": 0.823327, "species_data": [{"InChIKey": "VNWKTOKETHGBQD-UHFFFAOYSA-N", "composition": 1, "adsorption": 0.823327}]}, {"pressure": 3.27822, "total_adsorption": 1.46379, "species_data": [{"InChIKey": "VNWKTOKETHGBQD-UHFFFAOYSA-N", "composition": 1, "adsorption": 1.46379}]}, {"pressure": 5.55384, "total_adsorption": 2.01302, "species_data": [{"InChIKey": "VNWKTOKETHGBQD-UHFFFAOYSA-N", "composition": 1, "adsorption": 2.01302}]}, {"pressure": 8.6343, "total_adsorption": 2.56247, "species_data": [{"InChIKey": "VNWKTOKETHGBQD-UHFFFAOYSA-N", "composition": 1, "adsorption": 2.56247}]}, {"pressure": 11.7092, "total_adsorption": 2.97477, "species_data": [{"InChIKey": "VNWKTOKETHGBQD-UHFFFAOYSA-N", "composition": 1, "adsorption": 2.97477}]}, {"pressure": 13.3226, "total_adsorption": 3.06666, "species_data": [{"InChIKey": "VNWKTOKETHGBQD-UHFFFAOYSA-N", "composition": 1, "adsorption": 3.06666}]}, {"pressure": 14.2948, "total_adsorption": 3.22694, "species_data": [{"InChIKey": "VNWKTOKETHGBQD-UHFFFAOYSA-N", "composition": 1, "adsorption": 3.22694}]}, {"pressure": 15.7454, "total_adsorption": 3.27307, "species_data": [{"InChIKey": "VNWKTOKETHGBQD-UHFFFAOYSA-N", "composition": 1, "adsorption": 3.27307}]}, {"pressure": 16.5558, "total_adsorption": 3.41044, "species_data": [{"InChIKey": "VNWKTOKETHGBQD-UHFFFAOYSA-N", "composition": 1, "adsorption": 3.41044}]}, {"pressure": 18.0081, "total_adsorption": 3.50229, "species_data": [{"InChIKey": "VNWKTOKETHGBQD-UHFFFAOYSA-N", "composition": 1, "adsorption": 3.50229}]}, {"pressure": 19.4614, "total_adsorption": 3.61699, "species_data": [{"InChIKey": "VNWKTOKETHGBQD-UHFFFAOYSA-N", "composition": 1, "adsorption": 3.61699}]}, {"pressure": 20.9111, "total_adsorption": 3.64026, "species_data": [{"InChIKey": "VNWKTOKETHGBQD-UHFFFAOYSA-N", "composition": 1, "adsorption": 3.64026}]}, {"pressure": 22.3635, "total_adsorption": 3.7321, "species_data": [{"InChIKey": "VNWKTOKETHGBQD-UHFFFAOYSA-N", "composition": 1, "adsorption": 3.7321}]}, {"pressure": 23.8149, "total_adsorption": 3.80109, "species_data": [{"InChIKey": "VNWKTOKETHGBQD-UHFFFAOYSA-N", "composition": 1, "adsorption": 3.80109}]}, {"pressure": 25.4264, "total_adsorption": 3.84726, "species_data": [{"InChIKey": "VNWKTOKETHGBQD-UHFFFAOYSA-N", "composition": 1, "adsorption": 3.84726}]}, {"pressure": 26.877, "total_adsorption": 3.89339, "species_data": [{"InChIKey": "VNWKTOKETHGBQD-UHFFFAOYSA-N", "composition": 1, "adsorption": 3.89339}]}, {"pressure": 28.3257, "total_adsorption": 3.89381, "species_data": [{"InChIKey": "VNWKTOKETHGBQD-UHFFFAOYSA-N", "composition": 1, "adsorption": 3.89381}]}, {"pressure": 29.6162, "total_adsorption": 3.96275, "species_data": [{"InChIKey": "VNWKTOKETHGBQD-UHFFFAOYSA-N", "composition": 1, "adsorption": 3.96275}]}, {"pressure": 31.2268, "total_adsorption": 3.98606, "species_data": [{"InChIKey": "VNWKTOKETHGBQD-UHFFFAOYSA-N", "composition": 1, "adsorption": 3.98606}]}, {"pressure": 32.6774, "total_adsorption": 4.03219, "species_data": [{"InChIKey": "VNWKTOKETHGBQD-UHFFFAOYSA-N", "composition": 1, "adsorption": 4.03219}]}, {"pressure": 34.2879, "total_adsorption": 4.05551, "species_data": [{"InChIKey": "VNWKTOKETHGBQD-UHFFFAOYSA-N", "composition": 1, "adsorption": 4.05551}]}, {"pressure": 34.9327, "total_adsorption": 4.07855, "species_data": [{"InChIKey": "VNWKTOKETHGBQD-UHFFFAOYSA-N", "composition": 1, "adsorption": 4.07855}]}, {"pressure": 36.5424, "total_adsorption": 4.07901, "species_data": [{"InChIKey": "VNWKTOKETHGBQD-UHFFFAOYSA-N", "composition": 1, "adsorption": 4.07901}]}, {"pressure": 38.153, "total_adsorption": 4.10233, "species_data": [{"InChIKey": "VNWKTOKETHGBQD-UHFFFAOYSA-N", "composition": 1, "adsorption": 4.10233}]}, {"pressure": 39.7627, "total_adsorption": 4.10279, "species_data": [{"InChIKey": "VNWKTOKETHGBQD-UHFFFAOYSA-N", "composition": 1, "adsorption": 4.10279}]}, {"pressure": 41.3733, "total_adsorption": 4.12611, "species_data": [{"InChIKey": "VNWKTOKETHGBQD-UHFFFAOYSA-N", "composition": 1, "adsorption": 4.12611}]}, {"pressure": 42.983, "total_adsorption": 4.12657, "species_data": [{"InChIKey": "VNWKTOKETHGBQD-UHFFFAOYSA-N", "composition": 1, "adsorption": 4.12657}]}, {"pressure": 44.5926, "total_adsorption": 4.12703, "species_data": [{"InChIKey": "VNWKTOKETHGBQD-UHFFFAOYSA-N", "composition": 1, "adsorption": 4.12703}]}, {"pressure": 45.8822, "total_adsorption": 4.17311, "species_data": [{"InChIKey": "VNWKTOKETHGBQD-UHFFFAOYSA-N", "composition": 1, "adsorption": 4.17311}]}, {"pressure": 47.3291, "total_adsorption": 4.12781, "species_data": [{"InChIKey": "VNWKTOKETHGBQD-UHFFFAOYSA-N", "composition": 1, "adsorption": 4.12781}]}, {"pressure": 48.9388, "total_adsorption": 4.12827, "species_data": [{"InChIKey": "VNWKTOKETHGBQD-UHFFFAOYSA-N", "composition": 1, "adsorption": 4.12827}]}, {"pressure": 50.5475, "total_adsorption": 4.10587, "species_data": [{"InChIKey": "VNWKTOKETHGBQD-UHFFFAOYSA-N", "composition": 1, "adsorption": 4.10587}]}, {"pressure": 52.1572, "total_adsorption": 4.10633, "species_data": [{"InChIKey": "VNWKTOKETHGBQD-UHFFFAOYSA-N", "composition": 1, "adsorption": 4.10633}]}, {"pressure": 53.6059, "total_adsorption": 4.10674, "species_data": [{"InChIKey": "VNWKTOKETHGBQD-UHFFFAOYSA-N", "composition": 1, "adsorption": 4.10674}]}, {"pressure": 55.2147, "total_adsorption": 4.08435, "species_data": [{"InChIKey": "VNWKTOKETHGBQD-UHFFFAOYSA-N", "composition": 1, "adsorption": 4.08435}]}, {"pressure": 56.8243, "total_adsorption": 4.08481, "species_data": [{"InChIKey": "VNWKTOKETHGBQD-UHFFFAOYSA-N", "composition": 1, "adsorption": 4.08481}]}, {"pressure": 58.4331, "total_adsorption": 4.06241, "species_data": [{"InChIKey": "VNWKTOKETHGBQD-UHFFFAOYSA-N", "composition": 1, "adsorption": 4.06241}]}, {"pressure": 59.8809, "total_adsorption": 4.03997, "species_data": [{"InChIKey": "VNWKTOKETHGBQD-UHFFFAOYSA-N", "composition": 1, "adsorption": 4.03997}]}, {"pressure": 61.4915, "total_adsorption": 4.06328, "species_data": [{"InChIKey": "VNWKTOKETHGBQD-UHFFFAOYSA-N", "composition": 1, "adsorption": 4.06328}]}, {"pressure": 62.9383, "total_adsorption": 4.01798, "species_data": [{"InChIKey": "VNWKTOKETHGBQD-UHFFFAOYSA-N", "composition": 1, "adsorption": 4.01798}]}, {"pressure": 64.5471, "total_adsorption": 3.99558, "species_data": [{"InChIKey": "VNWKTOKETHGBQD-UHFFFAOYSA-N", "composition": 1, "adsorption": 3.99558}]}, {"pressure": 65.994, "total_adsorption": 3.95028, "species_data": [{"InChIKey": "VNWKTOKETHGBQD-UHFFFAOYSA-N", "composition": 1, "adsorption": 3.95028}]}, {"pressure": 67.6046, "total_adsorption": 3.9736, "species_data": [{"InChIKey": "VNWKTOKETHGBQD-UHFFFAOYSA-N", "composition": 1, "adsorption": 3.9736}]}, {"pressure": 69.2124, "total_adsorption": 3.92835, "species_data": [{"InChIKey": "VNWKTOKETHGBQD-UHFFFAOYSA-N", "composition": 1, "adsorption": 3.92835}]}, {"pressure": 70.8221, "total_adsorption": 3.92881, "species_data": [{"InChIKey": "VNWKTOKETHGBQD-UHFFFAOYSA-N", "composition": 1, "adsorption": 3.92881}]}, {"pressure": 72.269, "total_adsorption": 3.88351, "species_data": [{"InChIKey": "VNWKTOKETHGBQD-UHFFFAOYSA-N", "composition": 1, "adsorption": 3.88351}]}]}