{"filename": "10.1016j.jiec.2014.12.021.Isotherm12", "DOI": "10.1016/j.jiec.2014.12.021", "articleSource": "Figure 4", "date": "2016-07-12", "digitizer": "Yamuna E. Satsangi", "adsorbent": {"hashkey": "NIST-MATDB-932f3da4459260cdbd6908d9b3fefa1f", "name": "UiO-66/GO-1"}, "adsorbates": [{"InChIKey": "IJGRMHOSHXDMSA-UHFFFAOYSA-N", "name": "Nitrogen"}], "category": "exp", "temperature": 77, "isotherm_type": "", "adsorptionUnits": "cm3(STP)/g", "pressureUnits": "bar", "compositionType": "molefraction", "concentrationUnits": "", "isotherm_data": [{"pressure": 0, "total_adsorption": 0, "species_data": [{"InChIKey": "IJGRMHOSHXDMSA-UHFFFAOYSA-N", "composition": 1, "adsorption": 0}]}, {"pressure": 0.001533, "total_adsorption": 3.09761, "species_data": [{"InChIKey": "IJGRMHOSHXDMSA-UHFFFAOYSA-N", "composition": 1, "adsorption": 3.09761}]}, {"pressure": 0.003066, "total_adsorption": 69.2118, "species_data": [{"InChIKey": "IJGRMHOSHXDMSA-UHFFFAOYSA-N", "composition": 1, "adsorption": 69.2118}]}, {"pressure": 0.004599, "total_adsorption": 178.714, "species_data": [{"InChIKey": "IJGRMHOSHXDMSA-UHFFFAOYSA-N", "composition": 1, "adsorption": 178.714}]}, {"pressure": 0.006132, "total_adsorption": 129.126, "species_data": [{"InChIKey": "IJGRMHOSHXDMSA-UHFFFAOYSA-N", "composition": 1, "adsorption": 129.126}]}, {"pressure": 0.007665, "total_adsorption": 197.306, "species_data": [{"InChIKey": "IJGRMHOSHXDMSA-UHFFFAOYSA-N", "composition": 1, "adsorption": 197.306}]}, {"pressure": 0.009197, "total_adsorption": 199.371, "species_data": [{"InChIKey": "IJGRMHOSHXDMSA-UHFFFAOYSA-N", "composition": 1, "adsorption": 199.371}]}, {"pressure": 0.012263, "total_adsorption": 209.698, "species_data": [{"InChIKey": "IJGRMHOSHXDMSA-UHFFFAOYSA-N", "composition": 1, "adsorption": 209.698}]}, {"pressure": 0.033724, "total_adsorption": 228.271, "species_data": [{"InChIKey": "IJGRMHOSHXDMSA-UHFFFAOYSA-N", "composition": 1, "adsorption": 228.271}]}, {"pressure": 0.067448, "total_adsorption": 238.568, "species_data": [{"InChIKey": "IJGRMHOSHXDMSA-UHFFFAOYSA-N", "composition": 1, "adsorption": 238.568}]}, {"pressure": 0.081244, "total_adsorption": 243.719, "species_data": [{"InChIKey": "IJGRMHOSHXDMSA-UHFFFAOYSA-N", "composition": 1, "adsorption": 243.719}]}, {"pressure": 0.101172, "total_adsorption": 248.864, "species_data": [{"InChIKey": "IJGRMHOSHXDMSA-UHFFFAOYSA-N", "composition": 1, "adsorption": 248.864}]}, {"pressure": 0.119567, "total_adsorption": 251.944, "species_data": [{"InChIKey": "IJGRMHOSHXDMSA-UHFFFAOYSA-N", "composition": 1, "adsorption": 251.944}]}, {"pressure": 0.144093, "total_adsorption": 255.018, "species_data": [{"InChIKey": "IJGRMHOSHXDMSA-UHFFFAOYSA-N", "composition": 1, "adsorption": 255.018}]}, {"pressure": 0.164021, "total_adsorption": 257.064, "species_data": [{"InChIKey": "IJGRMHOSHXDMSA-UHFFFAOYSA-N", "composition": 1, "adsorption": 257.064}]}, {"pressure": 0.182415, "total_adsorption": 259.112, "species_data": [{"InChIKey": "IJGRMHOSHXDMSA-UHFFFAOYSA-N", "composition": 1, "adsorption": 259.112}]}, {"pressure": 0.203876, "total_adsorption": 260.123, "species_data": [{"InChIKey": "IJGRMHOSHXDMSA-UHFFFAOYSA-N", "composition": 1, "adsorption": 260.123}]}, {"pressure": 0.252929, "total_adsorption": 266.271, "species_data": [{"InChIKey": "IJGRMHOSHXDMSA-UHFFFAOYSA-N", "composition": 1, "adsorption": 266.271}]}, {"pressure": 0.254463, "total_adsorption": 264.203, "species_data": [{"InChIKey": "IJGRMHOSHXDMSA-UHFFFAOYSA-N", "composition": 1, "adsorption": 264.203}]}, {"pressure": 0.305048, "total_adsorption": 270.35, "species_data": [{"InChIKey": "IJGRMHOSHXDMSA-UHFFFAOYSA-N", "composition": 1, "adsorption": 270.35}]}, {"pressure": 0.355634, "total_adsorption": 272.365, "species_data": [{"InChIKey": "IJGRMHOSHXDMSA-UHFFFAOYSA-N", "composition": 1, "adsorption": 272.365}]}, {"pressure": 0.40622, "total_adsorption": 274.379, "species_data": [{"InChIKey": "IJGRMHOSHXDMSA-UHFFFAOYSA-N", "composition": 1, "adsorption": 274.379}]}, {"pressure": 0.456806, "total_adsorption": 274.328, "species_data": [{"InChIKey": "IJGRMHOSHXDMSA-UHFFFAOYSA-N", "composition": 1, "adsorption": 274.328}]}, {"pressure": 0.507391, "total_adsorption": 280.474, "species_data": [{"InChIKey": "IJGRMHOSHXDMSA-UHFFFAOYSA-N", "composition": 1, "adsorption": 280.474}]}, {"pressure": 0.559511, "total_adsorption": 278.355, "species_data": [{"InChIKey": "IJGRMHOSHXDMSA-UHFFFAOYSA-N", "composition": 1, "adsorption": 278.355}]}, {"pressure": 0.608563, "total_adsorption": 280.371, "species_data": [{"InChIKey": "IJGRMHOSHXDMSA-UHFFFAOYSA-N", "composition": 1, "adsorption": 280.371}]}, {"pressure": 0.610096, "total_adsorption": 285.535, "species_data": [{"InChIKey": "IJGRMHOSHXDMSA-UHFFFAOYSA-N", "composition": 1, "adsorption": 285.535}]}, {"pressure": 0.65915, "total_adsorption": 288.584, "species_data": [{"InChIKey": "IJGRMHOSHXDMSA-UHFFFAOYSA-N", "composition": 1, "adsorption": 288.584}]}, {"pressure": 0.711268, "total_adsorption": 285.432, "species_data": [{"InChIKey": "IJGRMHOSHXDMSA-UHFFFAOYSA-N", "composition": 1, "adsorption": 285.432}]}, {"pressure": 0.760321, "total_adsorption": 287.448, "species_data": [{"InChIKey": "IJGRMHOSHXDMSA-UHFFFAOYSA-N", "composition": 1, "adsorption": 287.448}]}, {"pressure": 0.810907, "total_adsorption": 291.529, "species_data": [{"InChIKey": "IJGRMHOSHXDMSA-UHFFFAOYSA-N", "composition": 1, "adsorption": 291.529}]}, {"pressure": 0.812439, "total_adsorption": 296.692, "species_data": [{"InChIKey": "IJGRMHOSHXDMSA-UHFFFAOYSA-N", "composition": 1, "adsorption": 296.692}]}, {"pressure": 0.818571, "total_adsorption": 297.719, "species_data": [{"InChIKey": "IJGRMHOSHXDMSA-UHFFFAOYSA-N", "composition": 1, "adsorption": 297.719}]}, {"pressure": 0.835433, "total_adsorption": 294.603, "species_data": [{"InChIKey": "IJGRMHOSHXDMSA-UHFFFAOYSA-N", "composition": 1, "adsorption": 294.603}]}, {"pressure": 0.84463, "total_adsorption": 299.759, "species_data": [{"InChIKey": "IJGRMHOSHXDMSA-UHFFFAOYSA-N", "composition": 1, "adsorption": 299.759}]}, {"pressure": 0.861493, "total_adsorption": 297.675, "species_data": [{"InChIKey": "IJGRMHOSHXDMSA-UHFFFAOYSA-N", "composition": 1, "adsorption": 297.675}]}, {"pressure": 0.87069, "total_adsorption": 300.765, "species_data": [{"InChIKey": "IJGRMHOSHXDMSA-UHFFFAOYSA-N", "composition": 1, "adsorption": 300.765}]}, {"pressure": 0.886019, "total_adsorption": 298.683, "species_data": [{"InChIKey": "IJGRMHOSHXDMSA-UHFFFAOYSA-N", "composition": 1, "adsorption": 298.683}]}, {"pressure": 0.895217, "total_adsorption": 305.905, "species_data": [{"InChIKey": "IJGRMHOSHXDMSA-UHFFFAOYSA-N", "composition": 1, "adsorption": 305.905}]}, {"pressure": 0.912078, "total_adsorption": 302.789, "species_data": [{"InChIKey": "IJGRMHOSHXDMSA-UHFFFAOYSA-N", "composition": 1, "adsorption": 302.789}]}, {"pressure": 0.921275, "total_adsorption": 310.011, "species_data": [{"InChIKey": "IJGRMHOSHXDMSA-UHFFFAOYSA-N", "composition": 1, "adsorption": 310.011}]}, {"pressure": 0.936605, "total_adsorption": 309.995, "species_data": [{"InChIKey": "IJGRMHOSHXDMSA-UHFFFAOYSA-N", "composition": 1, "adsorption": 309.995}]}, {"pressure": 0.954999, "total_adsorption": 324.44, "species_data": [{"InChIKey": "IJGRMHOSHXDMSA-UHFFFAOYSA-N", "composition": 1, "adsorption": 324.44}]}, {"pressure": 0.961131, "total_adsorption": 318.235, "species_data": [{"InChIKey": "IJGRMHOSHXDMSA-UHFFFAOYSA-N", "composition": 1, "adsorption": 318.235}]}, {"pressure": 0.982592, "total_adsorption": 346.106, "species_data": [{"InChIKey": "IJGRMHOSHXDMSA-UHFFFAOYSA-N", "composition": 1, "adsorption": 346.106}]}, {"pressure": 0.984125, "total_adsorption": 335.773, "species_data": [{"InChIKey": "IJGRMHOSHXDMSA-UHFFFAOYSA-N", "composition": 1, "adsorption": 335.773}]}, {"pressure": 0.991789, "total_adsorption": 348.162, "species_data": [{"InChIKey": "IJGRMHOSHXDMSA-UHFFFAOYSA-N", "composition": 1, "adsorption": 348.162}]}, {"pressure": 0.994855, "total_adsorption": 363.655, "species_data": [{"InChIKey": "IJGRMHOSHXDMSA-UHFFFAOYSA-N", "composition": 1, "adsorption": 363.655}]}, {"pressure": 1.00252, "total_adsorption": 365.713, "species_data": [{"InChIKey": "IJGRMHOSHXDMSA-UHFFFAOYSA-N", "composition": 1, "adsorption": 365.713}]}, {"pressure": 1.00712, "total_adsorption": 382.238, "species_data": [{"InChIKey": "IJGRMHOSHXDMSA-UHFFFAOYSA-N", "composition": 1, "adsorption": 382.238}]}]}