{"isotherm_data":[{"pressure":0.321801,"total_adsorption":0.076308,"species_data":[{"composition":1,"adsorption":0.076308,"InChIKey":"IJGRMHOSHXDMSA-UHFFFAOYSA-N"}]},{"pressure":0.551592,"total_adsorption":0.123547,"species_data":[{"composition":1,"adsorption":0.123547,"InChIKey":"IJGRMHOSHXDMSA-UHFFFAOYSA-N"}]},{"pressure":0.9421,"total_adsorption":0.188953,"species_data":[{"composition":1,"adsorption":0.188953,"InChIKey":"IJGRMHOSHXDMSA-UHFFFAOYSA-N"}]},{"pressure":1.44742,"total_adsorption":0.268895,"species_data":[{"composition":1,"adsorption":0.268895,"InChIKey":"IJGRMHOSHXDMSA-UHFFFAOYSA-N"}]},{"pressure":1.95267,"total_adsorption":0.34157,"species_data":[{"composition":1,"adsorption":0.34157,"InChIKey":"IJGRMHOSHXDMSA-UHFFFAOYSA-N"}]},{"pressure":2.98589,"total_adsorption":0.461483,"species_data":[{"composition":1,"adsorption":0.461483,"InChIKey":"IJGRMHOSHXDMSA-UHFFFAOYSA-N"}]},{"pressure":3.97299,"total_adsorption":0.555959,"species_data":[{"composition":1,"adsorption":0.555959,"InChIKey":"IJGRMHOSHXDMSA-UHFFFAOYSA-N"}]},{"pressure":4.98296,"total_adsorption":0.643169,"species_data":[{"composition":1,"adsorption":0.643169,"InChIKey":"IJGRMHOSHXDMSA-UHFFFAOYSA-N"}]},{"pressure":7.5304,"total_adsorption":0.813953,"species_data":[{"composition":1,"adsorption":0.813953,"InChIKey":"IJGRMHOSHXDMSA-UHFFFAOYSA-N"}]},{"pressure":10.0546,"total_adsorption":0.952035,"species_data":[{"composition":1,"adsorption":0.952035,"InChIKey":"IJGRMHOSHXDMSA-UHFFFAOYSA-N"}]},{"pressure":12.5556,"total_adsorption":1.06105,"species_data":[{"composition":1,"adsorption":1.06105,"InChIKey":"IJGRMHOSHXDMSA-UHFFFAOYSA-N"}]},{"pressure":15.0565,"total_adsorption":1.15552,"species_data":[{"composition":1,"adsorption":1.15552,"InChIKey":"IJGRMHOSHXDMSA-UHFFFAOYSA-N"}]},{"pressure":17.5572,"total_adsorption":1.23183,"species_data":[{"composition":1,"adsorption":1.23183,"InChIKey":"IJGRMHOSHXDMSA-UHFFFAOYSA-N"}]},{"pressure":18.5666,"total_adsorption":1.26453,"species_data":[{"composition":1,"adsorption":1.26453,"InChIKey":"IJGRMHOSHXDMSA-UHFFFAOYSA-N"}]},{"pressure":19.5532,"total_adsorption":1.2936,"species_data":[{"composition":1,"adsorption":1.2936,"InChIKey":"IJGRMHOSHXDMSA-UHFFFAOYSA-N"}]},{"pressure":20.0349,"total_adsorption":1.30451,"species_data":[{"composition":1,"adsorption":1.30451,"InChIKey":"IJGRMHOSHXDMSA-UHFFFAOYSA-N"}]}],"temperature":333,"articleSource":"Figure 1","compositionType":"molefraction","adsorbates":[{"name":"Nitrogen","InChIKey":"IJGRMHOSHXDMSA-UHFFFAOYSA-N"}],"adsorptionUnits":"mmol/g","date":"2016-06-29","category":"exp","digitizer":"Kailey M. Stracka","pressureUnits":"bar","DOI":"10.1002/cite.201300063","adsorbent":{"name":"Carbon Molecular Sieve","hashkey":"NIST-MATDB-7746cb1f97a8094bf4bceb8ceb76355b"},"concentrationUnits":"","filename":"10.1002cite.201300063.Isotherm3","isotherm_type":""}