{"isotherm_data":[{"pressure":0.0491617,"total_adsorption":0.0168356,"species_data":[{"composition":1,"adsorption":0.0168356,"InChIKey":"CURLTUGMZLYLDI-UHFFFAOYSA-N"}]},{"pressure":0.0617002,"total_adsorption":0.0356434,"species_data":[{"composition":1,"adsorption":0.0356434,"InChIKey":"CURLTUGMZLYLDI-UHFFFAOYSA-N"}]},{"pressure":0.0784183,"total_adsorption":0.0544512,"species_data":[{"composition":1,"adsorption":0.0544512,"InChIKey":"CURLTUGMZLYLDI-UHFFFAOYSA-N"}]},{"pressure":0.110461,"total_adsorption":0.0857976,"species_data":[{"composition":1,"adsorption":0.0857976,"InChIKey":"CURLTUGMZLYLDI-UHFFFAOYSA-N"}]},{"pressure":0.171761,"total_adsorption":0.127593,"species_data":[{"composition":1,"adsorption":0.127593,"InChIKey":"CURLTUGMZLYLDI-UHFFFAOYSA-N"}]},{"pressure":0.220522,"total_adsorption":0.161029,"species_data":[{"composition":1,"adsorption":0.161029,"InChIKey":"CURLTUGMZLYLDI-UHFFFAOYSA-N"}]},{"pressure":0.276249,"total_adsorption":0.196555,"species_data":[{"composition":1,"adsorption":0.196555,"InChIKey":"CURLTUGMZLYLDI-UHFFFAOYSA-N"}]},{"pressure":0.333369,"total_adsorption":0.232081,"species_data":[{"composition":1,"adsorption":0.232081,"InChIKey":"CURLTUGMZLYLDI-UHFFFAOYSA-N"}]},{"pressure":0.389096,"total_adsorption":0.263427,"species_data":[{"composition":1,"adsorption":0.263427,"InChIKey":"CURLTUGMZLYLDI-UHFFFAOYSA-N"}]},{"pressure":0.442036,"total_adsorption":0.296863,"species_data":[{"composition":1,"adsorption":0.296863,"InChIKey":"CURLTUGMZLYLDI-UHFFFAOYSA-N"}]},{"pressure":0.499156,"total_adsorption":0.32612,"species_data":[{"composition":1,"adsorption":0.32612,"InChIKey":"CURLTUGMZLYLDI-UHFFFAOYSA-N"}]},{"pressure":0.550704,"total_adsorption":0.357466,"species_data":[{"composition":1,"adsorption":0.357466,"InChIKey":"CURLTUGMZLYLDI-UHFFFAOYSA-N"}]},{"pressure":0.605037,"total_adsorption":0.390902,"species_data":[{"composition":1,"adsorption":0.390902,"InChIKey":"CURLTUGMZLYLDI-UHFFFAOYSA-N"}]},{"pressure":0.659371,"total_adsorption":0.418069,"species_data":[{"composition":1,"adsorption":0.418069,"InChIKey":"CURLTUGMZLYLDI-UHFFFAOYSA-N"}]},{"pressure":0.710918,"total_adsorption":0.445236,"species_data":[{"composition":1,"adsorption":0.445236,"InChIKey":"CURLTUGMZLYLDI-UHFFFAOYSA-N"}]},{"pressure":0.763859,"total_adsorption":0.480762,"species_data":[{"composition":1,"adsorption":0.480762,"InChIKey":"CURLTUGMZLYLDI-UHFFFAOYSA-N"}]},{"pressure":0.818193,"total_adsorption":0.507929,"species_data":[{"composition":1,"adsorption":0.507929,"InChIKey":"CURLTUGMZLYLDI-UHFFFAOYSA-N"}]},{"pressure":0.873919,"total_adsorption":0.537185,"species_data":[{"composition":1,"adsorption":0.537185,"InChIKey":"CURLTUGMZLYLDI-UHFFFAOYSA-N"}]},{"pressure":0.92268,"total_adsorption":0.568532,"species_data":[{"composition":1,"adsorption":0.568532,"InChIKey":"CURLTUGMZLYLDI-UHFFFAOYSA-N"}]},{"pressure":0.986766,"total_adsorption":0.595698,"species_data":[{"composition":1,"adsorption":0.595698,"InChIKey":"CURLTUGMZLYLDI-UHFFFAOYSA-N"}]},{"pressure":1.03274,"total_adsorption":0.624955,"species_data":[{"composition":1,"adsorption":0.624955,"InChIKey":"CURLTUGMZLYLDI-UHFFFAOYSA-N"}]},{"pressure":1.0829,"total_adsorption":0.650032,"species_data":[{"composition":1,"adsorption":0.650032,"InChIKey":"CURLTUGMZLYLDI-UHFFFAOYSA-N"}]}],"temperature":298,"articleSource":"UNKNOWN","compositionType":"molefraction","adsorbates":[{"name":"Carbon Dioxide","InChIKey":"CURLTUGMZLYLDI-UHFFFAOYSA-N"}],"adsorptionUnits":"mmol/g","date":"1000-01-01","category":"","digitizer":"UNKNOWN","pressureUnits":"bar","DOI":"10.1021/Jp3107167","adsorbent":{"name":"ZIF-71","hashkey":"NIST-MATDB-ba925980550f907f14b9e2aa08b07d60"},"concentrationUnits":"","filename":"10.1021Jp3107167.Isotherm3","isotherm_type":""}