{"isotherm_data":[{"pressure":0.03271,"total_adsorption":0.01519,"species_data":[{"composition":1,"adsorption":0.01519,"InChIKey":"VNWKTOKETHGBQD-UHFFFAOYSA-N"}]},{"pressure":0.074766,"total_adsorption":0.04557,"species_data":[{"composition":1,"adsorption":0.04557,"InChIKey":"VNWKTOKETHGBQD-UHFFFAOYSA-N"}]},{"pressure":0.140187,"total_adsorption":0.098734,"species_data":[{"composition":1,"adsorption":0.098734,"InChIKey":"VNWKTOKETHGBQD-UHFFFAOYSA-N"}]},{"pressure":0.21028,"total_adsorption":0.151899,"species_data":[{"composition":1,"adsorption":0.151899,"InChIKey":"VNWKTOKETHGBQD-UHFFFAOYSA-N"}]},{"pressure":0.280374,"total_adsorption":0.197468,"species_data":[{"composition":1,"adsorption":0.197468,"InChIKey":"VNWKTOKETHGBQD-UHFFFAOYSA-N"}]},{"pressure":0.420561,"total_adsorption":0.3,"species_data":[{"composition":1,"adsorption":0.3,"InChIKey":"VNWKTOKETHGBQD-UHFFFAOYSA-N"}]},{"pressure":0.700935,"total_adsorption":0.474684,"species_data":[{"composition":1,"adsorption":0.474684,"InChIKey":"VNWKTOKETHGBQD-UHFFFAOYSA-N"}]},{"pressure":1.05607,"total_adsorption":0.691139,"species_data":[{"composition":1,"adsorption":0.691139,"InChIKey":"VNWKTOKETHGBQD-UHFFFAOYSA-N"}]},{"pressure":1.39252,"total_adsorption":0.86962,"species_data":[{"composition":1,"adsorption":0.86962,"InChIKey":"VNWKTOKETHGBQD-UHFFFAOYSA-N"}]},{"pressure":2.05607,"total_adsorption":1.17722,"species_data":[{"composition":1,"adsorption":1.17722,"InChIKey":"VNWKTOKETHGBQD-UHFFFAOYSA-N"}]}],"temperature":305,"articleSource":"Figure 2a","compositionType":"molefraction","adsorbates":[{"name":"Methane","InChIKey":"VNWKTOKETHGBQD-UHFFFAOYSA-N"}],"adsorptionUnits":"mmol/g","date":"2016-07-20","category":"exp","digitizer":"Kailey M. Stracka","pressureUnits":"bar","DOI":"10.1021/acs.iecr.5b01608","adsorbent":{"name":"Binderless Beads of Zeolite 5A","hashkey":"NIST-MATDB-bf8f058bd6dfd8a8c33e388588bd30e6"},"concentrationUnits":"","filename":"10.1021acs.iecr.5b01608.Isotherm1","isotherm_type":""}