{"isotherm_data":[{"pressure":0.972485,"total_adsorption":5.85086,"species_data":[{"composition":1,"adsorption":5.85086,"InChIKey":"CURLTUGMZLYLDI-UHFFFAOYSA-N"}]},{"pressure":3.33502,"total_adsorption":10.2103,"species_data":[{"composition":1,"adsorption":10.2103,"InChIKey":"CURLTUGMZLYLDI-UHFFFAOYSA-N"}]},{"pressure":6.16729,"total_adsorption":15.0287,"species_data":[{"composition":1,"adsorption":15.0287,"InChIKey":"CURLTUGMZLYLDI-UHFFFAOYSA-N"}]},{"pressure":7.40674,"total_adsorption":18.9293,"species_data":[{"composition":1,"adsorption":18.9293,"InChIKey":"CURLTUGMZLYLDI-UHFFFAOYSA-N"}]},{"pressure":9.7378,"total_adsorption":18.5851,"species_data":[{"composition":1,"adsorption":18.5851,"InChIKey":"CURLTUGMZLYLDI-UHFFFAOYSA-N"}]},{"pressure":10.5083,"total_adsorption":22.1415,"species_data":[{"composition":1,"adsorption":22.1415,"InChIKey":"CURLTUGMZLYLDI-UHFFFAOYSA-N"}]},{"pressure":13.2126,"total_adsorption":21.7973,"species_data":[{"composition":1,"adsorption":21.7973,"InChIKey":"CURLTUGMZLYLDI-UHFFFAOYSA-N"}]},{"pressure":13.5088,"total_adsorption":24.2065,"species_data":[{"composition":1,"adsorption":24.2065,"InChIKey":"CURLTUGMZLYLDI-UHFFFAOYSA-N"}]},{"pressure":16.6829,"total_adsorption":24.3212,"species_data":[{"composition":1,"adsorption":24.3212,"InChIKey":"CURLTUGMZLYLDI-UHFFFAOYSA-N"}]},{"pressure":16.6983,"total_adsorption":26.6157,"species_data":[{"composition":1,"adsorption":26.6157,"InChIKey":"CURLTUGMZLYLDI-UHFFFAOYSA-N"}]},{"pressure":19.8832,"total_adsorption":28.3365,"species_data":[{"composition":1,"adsorption":28.3365,"InChIKey":"CURLTUGMZLYLDI-UHFFFAOYSA-N"}]},{"pressure":19.9635,"total_adsorption":26.3862,"species_data":[{"composition":1,"adsorption":26.3862,"InChIKey":"CURLTUGMZLYLDI-UHFFFAOYSA-N"}]},{"pressure":22.6947,"total_adsorption":30.0574,"species_data":[{"composition":1,"adsorption":30.0574,"InChIKey":"CURLTUGMZLYLDI-UHFFFAOYSA-N"}]},{"pressure":24.9302,"total_adsorption":29.369,"species_data":[{"composition":1,"adsorption":29.369,"InChIKey":"CURLTUGMZLYLDI-UHFFFAOYSA-N"}]},{"pressure":25.9722,"total_adsorption":31.6635,"species_data":[{"composition":1,"adsorption":31.6635,"InChIKey":"CURLTUGMZLYLDI-UHFFFAOYSA-N"}]},{"pressure":28.0217,"total_adsorption":31.0899,"species_data":[{"composition":1,"adsorption":31.0899,"InChIKey":"CURLTUGMZLYLDI-UHFFFAOYSA-N"}]},{"pressure":31.58,"total_adsorption":32.8107,"species_data":[{"composition":1,"adsorption":32.8107,"InChIKey":"CURLTUGMZLYLDI-UHFFFAOYSA-N"}]},{"pressure":32.0604,"total_adsorption":34.8757,"species_data":[{"composition":1,"adsorption":34.8757,"InChIKey":"CURLTUGMZLYLDI-UHFFFAOYSA-N"}]},{"pressure":34.5774,"total_adsorption":34.4168,"species_data":[{"composition":1,"adsorption":34.4168,"InChIKey":"CURLTUGMZLYLDI-UHFFFAOYSA-N"}]},{"pressure":37.9467,"total_adsorption":35.7935,"species_data":[{"composition":1,"adsorption":35.7935,"InChIKey":"CURLTUGMZLYLDI-UHFFFAOYSA-N"}]},{"pressure":41.2219,"total_adsorption":37.0554,"species_data":[{"composition":1,"adsorption":37.0554,"InChIKey":"CURLTUGMZLYLDI-UHFFFAOYSA-N"}]},{"pressure":44.507,"total_adsorption":39.8088,"species_data":[{"composition":1,"adsorption":39.8088,"InChIKey":"CURLTUGMZLYLDI-UHFFFAOYSA-N"}]},{"pressure":44.5934,"total_adsorption":38.7763,"species_data":[{"composition":1,"adsorption":38.7763,"InChIKey":"CURLTUGMZLYLDI-UHFFFAOYSA-N"}]},{"pressure":47.8693,"total_adsorption":40.153,"species_data":[{"composition":1,"adsorption":40.153,"InChIKey":"CURLTUGMZLYLDI-UHFFFAOYSA-N"}]},{"pressure":50.8699,"total_adsorption":42.218,"species_data":[{"composition":1,"adsorption":42.218,"InChIKey":"CURLTUGMZLYLDI-UHFFFAOYSA-N"}]},{"pressure":54.233,"total_adsorption":42.6769,"species_data":[{"composition":1,"adsorption":42.6769,"InChIKey":"CURLTUGMZLYLDI-UHFFFAOYSA-N"}]},{"pressure":58.5386,"total_adsorption":44.5124,"species_data":[{"composition":1,"adsorption":44.5124,"InChIKey":"CURLTUGMZLYLDI-UHFFFAOYSA-N"}]},{"pressure":60.6876,"total_adsorption":44.8566,"species_data":[{"composition":1,"adsorption":44.8566,"InChIKey":"CURLTUGMZLYLDI-UHFFFAOYSA-N"}]},{"pressure":65.6452,"total_adsorption":46.4627,"species_data":[{"composition":1,"adsorption":46.4627,"InChIKey":"CURLTUGMZLYLDI-UHFFFAOYSA-N"}]}],"temperature":298,"articleSource":"Figure 5a","compositionType":"molefraction","adsorbates":[{"name":"Carbon Dioxide","InChIKey":"CURLTUGMZLYLDI-UHFFFAOYSA-N"}],"adsorptionUnits":"mg/g","date":"2016-06-14","category":"exp","digitizer":"Kailey M. Stracka","pressureUnits":"bar","DOI":"10.1016/j.jcis.2010.08.048","adsorbent":{"name":"Graphite Nanofibers etched at 973K","hashkey":"NIST-MATDB-1be42187cd3bcc7f3d28101a70104f52"},"concentrationUnits":"","filename":"10.1016j.jcis.2010.08.048.Isotherm9","isotherm_type":""}