{"filename": "10.1021acs.jced.6b00245.Isotherm7", "DOI": "10.1021/acs.jced.6b00245", "articleSource": "Figure 1c", "date": "2018-08-07", "digitizer": "Matthew Weiss", "adsorbent": {"hashkey": "NIST-MATDB-867548ad7c75f72cad3ada74ea9c8b50", "name": "Grace B-127"}, "adsorbates": [{"InChIKey": "VNWKTOKETHGBQD-UHFFFAOYSA-N", "name": "Methane"}], "category": "exp", "temperature": 303, "isotherm_type": "", "adsorptionUnits": "mmol/g", "pressureUnits": "bar", "compositionType": "molefraction", "concentrationUnits": "", "isotherm_data": [{"pressure": 0.035261, "total_adsorption": null, "species_data": [{"InChIKey": "VNWKTOKETHGBQD-UHFFFAOYSA-N", "composition": 1, "adsorption": 0.00393}]}, {"pressure": 0.519899, "total_adsorption": null, "species_data": [{"InChIKey": "VNWKTOKETHGBQD-UHFFFAOYSA-N", "composition": 1, "adsorption": 0.05628}]}, {"pressure": 1.01528, "total_adsorption": null, "species_data": [{"InChIKey": "VNWKTOKETHGBQD-UHFFFAOYSA-N", "composition": 1, "adsorption": 0.11061}]}, {"pressure": 1.34246, "total_adsorption": null, "species_data": [{"InChIKey": "VNWKTOKETHGBQD-UHFFFAOYSA-N", "composition": 1, "adsorption": 0.14038}]}, {"pressure": 2.04139, "total_adsorption": null, "species_data": [{"InChIKey": "VNWKTOKETHGBQD-UHFFFAOYSA-N", "composition": 1, "adsorption": 0.20909}]}, {"pressure": 2.65836, "total_adsorption": null, "species_data": [{"InChIKey": "VNWKTOKETHGBQD-UHFFFAOYSA-N", "composition": 1, "adsorption": 0.26078}]}, {"pressure": 3.93263, "total_adsorption": null, "species_data": [{"InChIKey": "VNWKTOKETHGBQD-UHFFFAOYSA-N", "composition": 1, "adsorption": 0.36529}]}, {"pressure": 5.93461, "total_adsorption": null, "species_data": [{"InChIKey": "VNWKTOKETHGBQD-UHFFFAOYSA-N", "composition": 1, "adsorption": 0.51378}]}, {"pressure": 7.85076, "total_adsorption": null, "species_data": [{"InChIKey": "VNWKTOKETHGBQD-UHFFFAOYSA-N", "composition": 1, "adsorption": 0.64196}]}, {"pressure": 10.4105, "total_adsorption": null, "species_data": [{"InChIKey": "VNWKTOKETHGBQD-UHFFFAOYSA-N", "composition": 1, "adsorption": 0.79317}]}]}