{"filename": "10.1016j.jallcom.2007.11.058.Isotherm1", "DOI": "10.1016/j.jallcom.2007.11.058", "articleSource": "UNKNOWN", "date": "1000-01-01", "digitizer": "UNKNOWN", "adsorbent": {"hashkey": "NIST-MATDB-1e130146cc6d11f05471f1e054d640c8", "name": "Zeolite NaX"}, "adsorbates": [{"InChIKey": "UFHFLCQGNIYNRP-UHFFFAOYSA-N", "name": "Hydrogen"}], "category": "", "temperature": 77, "isotherm_type": "", "adsorptionUnits": "cm3(STP)/g", "pressureUnits": "bar", "compositionType": "molefraction", "concentrationUnits": "", "isotherm_data": [{"pressure": 0.00402685, "total_adsorption": 0.00402685, "species_data": [{"InChIKey": "UFHFLCQGNIYNRP-UHFFFAOYSA-N", "composition": 1, "adsorption": 0.00402685}]}, {"pressure": 0.0161074, "total_adsorption": 48.4305, "species_data": [{"InChIKey": "UFHFLCQGNIYNRP-UHFFFAOYSA-N", "composition": 1, "adsorption": 48.4305}]}, {"pressure": 0.0241611, "total_adsorption": 57.3991, "species_data": [{"InChIKey": "UFHFLCQGNIYNRP-UHFFFAOYSA-N", "composition": 1, "adsorption": 57.3991}]}, {"pressure": 0.0322148, "total_adsorption": 67.2646, "species_data": [{"InChIKey": "UFHFLCQGNIYNRP-UHFFFAOYSA-N", "composition": 1, "adsorption": 67.2646}]}, {"pressure": 0.0644295, "total_adsorption": 88.7892, "species_data": [{"InChIKey": "UFHFLCQGNIYNRP-UHFFFAOYSA-N", "composition": 1, "adsorption": 88.7892}]}, {"pressure": 0.14094, "total_adsorption": 112.108, "species_data": [{"InChIKey": "UFHFLCQGNIYNRP-UHFFFAOYSA-N", "composition": 1, "adsorption": 112.108}]}, {"pressure": 0.169128, "total_adsorption": 118.386, "species_data": [{"InChIKey": "UFHFLCQGNIYNRP-UHFFFAOYSA-N", "composition": 1, "adsorption": 118.386}]}, {"pressure": 0.181208, "total_adsorption": 122.87, "species_data": [{"InChIKey": "UFHFLCQGNIYNRP-UHFFFAOYSA-N", "composition": 1, "adsorption": 122.87}]}, {"pressure": 0.209396, "total_adsorption": 128.251, "species_data": [{"InChIKey": "UFHFLCQGNIYNRP-UHFFFAOYSA-N", "composition": 1, "adsorption": 128.251}]}, {"pressure": 0.241611, "total_adsorption": 132.735, "species_data": [{"InChIKey": "UFHFLCQGNIYNRP-UHFFFAOYSA-N", "composition": 1, "adsorption": 132.735}]}, {"pressure": 0.269799, "total_adsorption": 138.117, "species_data": [{"InChIKey": "UFHFLCQGNIYNRP-UHFFFAOYSA-N", "composition": 1, "adsorption": 138.117}]}, {"pressure": 0.297987, "total_adsorption": 142.601, "species_data": [{"InChIKey": "UFHFLCQGNIYNRP-UHFFFAOYSA-N", "composition": 1, "adsorption": 142.601}]}, {"pressure": 0.334228, "total_adsorption": 147.085, "species_data": [{"InChIKey": "UFHFLCQGNIYNRP-UHFFFAOYSA-N", "composition": 1, "adsorption": 147.085}]}, {"pressure": 0.37047, "total_adsorption": 150.673, "species_data": [{"InChIKey": "UFHFLCQGNIYNRP-UHFFFAOYSA-N", "composition": 1, "adsorption": 150.673}]}, {"pressure": 0.406711, "total_adsorption": 153.363, "species_data": [{"InChIKey": "UFHFLCQGNIYNRP-UHFFFAOYSA-N", "composition": 1, "adsorption": 153.363}]}, {"pressure": 0.442953, "total_adsorption": 156.951, "species_data": [{"InChIKey": "UFHFLCQGNIYNRP-UHFFFAOYSA-N", "composition": 1, "adsorption": 156.951}]}, {"pressure": 0.475168, "total_adsorption": 159.641, "species_data": [{"InChIKey": "UFHFLCQGNIYNRP-UHFFFAOYSA-N", "composition": 1, "adsorption": 159.641}]}, {"pressure": 0.511409, "total_adsorption": 162.332, "species_data": [{"InChIKey": "UFHFLCQGNIYNRP-UHFFFAOYSA-N", "composition": 1, "adsorption": 162.332}]}, {"pressure": 0.53557, "total_adsorption": 165.022, "species_data": [{"InChIKey": "UFHFLCQGNIYNRP-UHFFFAOYSA-N", "composition": 1, "adsorption": 165.022}]}, {"pressure": 0.571812, "total_adsorption": 166.816, "species_data": [{"InChIKey": "UFHFLCQGNIYNRP-UHFFFAOYSA-N", "composition": 1, "adsorption": 166.816}]}, {"pressure": 0.612081, "total_adsorption": 170.404, "species_data": [{"InChIKey": "UFHFLCQGNIYNRP-UHFFFAOYSA-N", "composition": 1, "adsorption": 170.404}]}, {"pressure": 0.648322, "total_adsorption": 172.197, "species_data": [{"InChIKey": "UFHFLCQGNIYNRP-UHFFFAOYSA-N", "composition": 1, "adsorption": 172.197}]}, {"pressure": 0.684564, "total_adsorption": 173.991, "species_data": [{"InChIKey": "UFHFLCQGNIYNRP-UHFFFAOYSA-N", "composition": 1, "adsorption": 173.991}]}, {"pressure": 0.724832, "total_adsorption": 175.785, "species_data": [{"InChIKey": "UFHFLCQGNIYNRP-UHFFFAOYSA-N", "composition": 1, "adsorption": 175.785}]}, {"pressure": 0.757047, "total_adsorption": 177.578, "species_data": [{"InChIKey": "UFHFLCQGNIYNRP-UHFFFAOYSA-N", "composition": 1, "adsorption": 177.578}]}, {"pressure": 0.797315, "total_adsorption": 178.475, "species_data": [{"InChIKey": "UFHFLCQGNIYNRP-UHFFFAOYSA-N", "composition": 1, "adsorption": 178.475}]}, {"pressure": 0.82953, "total_adsorption": 181.166, "species_data": [{"InChIKey": "UFHFLCQGNIYNRP-UHFFFAOYSA-N", "composition": 1, "adsorption": 181.166}]}, {"pressure": 0.869799, "total_adsorption": 182.063, "species_data": [{"InChIKey": "UFHFLCQGNIYNRP-UHFFFAOYSA-N", "composition": 1, "adsorption": 182.063}]}, {"pressure": 0.90604, "total_adsorption": 183.857, "species_data": [{"InChIKey": "UFHFLCQGNIYNRP-UHFFFAOYSA-N", "composition": 1, "adsorption": 183.857}]}, {"pressure": 0.966443, "total_adsorption": 186.547, "species_data": [{"InChIKey": "UFHFLCQGNIYNRP-UHFFFAOYSA-N", "composition": 1, "adsorption": 186.547}]}, {"pressure": 1.00671, "total_adsorption": 187.444, "species_data": [{"InChIKey": "UFHFLCQGNIYNRP-UHFFFAOYSA-N", "composition": 1, "adsorption": 187.444}]}, {"pressure": 1.0349, "total_adsorption": 189.238, "species_data": [{"InChIKey": "UFHFLCQGNIYNRP-UHFFFAOYSA-N", "composition": 1, "adsorption": 189.238}]}, {"pressure": 1.07517, "total_adsorption": 189.238, "species_data": [{"InChIKey": "UFHFLCQGNIYNRP-UHFFFAOYSA-N", "composition": 1, "adsorption": 189.238}]}, {"pressure": 1.11141, "total_adsorption": 191.031, "species_data": [{"InChIKey": "UFHFLCQGNIYNRP-UHFFFAOYSA-N", "composition": 1, "adsorption": 191.031}]}]}