{"filename": "10.1021Jp050948l.isotherm7", "DOI": "10.1021/Jp050948l", "articleSource": "UNKNOWN", "date": "1000-01-01", "digitizer": "UNKNOWN", "adsorbent": {"hashkey": "NIST-MATDB-991daf7313251e7e607e2bab2da57e33", "name": "CuBTC"}, "adsorbates": [{"InChIKey": "XKRFYHLGVUSROY-UHFFFAOYSA-N", "name": "Argon"}], "category": "", "temperature": 273, "isotherm_type": "", "adsorptionUnits": "cm3(STP)/g", "pressureUnits": "bar", "compositionType": "molefraction", "concentrationUnits": "", "isotherm_data": [{"pressure": 1.07e-07, "total_adsorption": 6.24214, "species_data": [{"InChIKey": "XKRFYHLGVUSROY-UHFFFAOYSA-N", "composition": 1, "adsorption": 6.24214}]}, {"pressure": 3.72e-07, "total_adsorption": 8.42701, "species_data": [{"InChIKey": "XKRFYHLGVUSROY-UHFFFAOYSA-N", "composition": 1, "adsorption": 8.42701}]}, {"pressure": 2.9e-06, "total_adsorption": 28.0909, "species_data": [{"InChIKey": "XKRFYHLGVUSROY-UHFFFAOYSA-N", "composition": 1, "adsorption": 28.0909}]}, {"pressure": 2e-05, "total_adsorption": 63.0489, "species_data": [{"InChIKey": "XKRFYHLGVUSROY-UHFFFAOYSA-N", "composition": 1, "adsorption": 63.0489}]}, {"pressure": 0.0001, "total_adsorption": 130.78, "species_data": [{"InChIKey": "XKRFYHLGVUSROY-UHFFFAOYSA-N", "composition": 1, "adsorption": 130.78}]}, {"pressure": 0.000409, "total_adsorption": 152.629, "species_data": [{"InChIKey": "XKRFYHLGVUSROY-UHFFFAOYSA-N", "composition": 1, "adsorption": 152.629}]}, {"pressure": 0.000718, "total_adsorption": 200.696, "species_data": [{"InChIKey": "XKRFYHLGVUSROY-UHFFFAOYSA-N", "composition": 1, "adsorption": 200.696}]}, {"pressure": 0.000991, "total_adsorption": 336.158, "species_data": [{"InChIKey": "XKRFYHLGVUSROY-UHFFFAOYSA-N", "composition": 1, "adsorption": 336.158}]}, {"pressure": 0.00537317, "total_adsorption": 790.612, "species_data": [{"InChIKey": "XKRFYHLGVUSROY-UHFFFAOYSA-N", "composition": 1, "adsorption": 790.612}]}, {"pressure": 0.00906688, "total_adsorption": 884.561, "species_data": [{"InChIKey": "XKRFYHLGVUSROY-UHFFFAOYSA-N", "composition": 1, "adsorption": 884.561}]}, {"pressure": 0.0796752, "total_adsorption": 1002.54, "species_data": [{"InChIKey": "XKRFYHLGVUSROY-UHFFFAOYSA-N", "composition": 1, "adsorption": 1002.54}]}]}