{"filename": "10.1039C0dt00392a.Isotherm4", "DOI": "10.1039/C0dt00392a", "articleSource": "UNKNOWN", "date": "1000-01-01", "digitizer": "UNKNOWN", "adsorbent": {"hashkey": "NIST-MATDB-f0df51f54b2e10121c9f5b1db8c94222", "name": "C26H24N2O4Zn"}, "adsorbates": [{"InChIKey": "IJGRMHOSHXDMSA-UHFFFAOYSA-N", "name": "Nitrogen"}], "category": "", "temperature": 77, "isotherm_type": "", "adsorptionUnits": "cm3(STP)/g", "pressureUnits": "bar", "compositionType": "molefraction", "concentrationUnits": "", "isotherm_data": [{"pressure": 0.0114028, "total_adsorption": 0, "species_data": [{"InChIKey": "IJGRMHOSHXDMSA-UHFFFAOYSA-N", "composition": 1, "adsorption": 0}]}, {"pressure": 0.0410589, "total_adsorption": 0.153846, "species_data": [{"InChIKey": "IJGRMHOSHXDMSA-UHFFFAOYSA-N", "composition": 1, "adsorption": 0.153846}]}, {"pressure": 0.0752674, "total_adsorption": 0.153846, "species_data": [{"InChIKey": "IJGRMHOSHXDMSA-UHFFFAOYSA-N", "composition": 1, "adsorption": 0.153846}]}, {"pressure": 0.123168, "total_adsorption": 0.307692, "species_data": [{"InChIKey": "IJGRMHOSHXDMSA-UHFFFAOYSA-N", "composition": 1, "adsorption": 0.307692}]}, {"pressure": 0.161929, "total_adsorption": 0.153846, "species_data": [{"InChIKey": "IJGRMHOSHXDMSA-UHFFFAOYSA-N", "composition": 1, "adsorption": 0.153846}]}, {"pressure": 0.205277, "total_adsorption": 0.461538, "species_data": [{"InChIKey": "IJGRMHOSHXDMSA-UHFFFAOYSA-N", "composition": 1, "adsorption": 0.461538}]}, {"pressure": 0.237205, "total_adsorption": 0.461538, "species_data": [{"InChIKey": "IJGRMHOSHXDMSA-UHFFFAOYSA-N", "composition": 1, "adsorption": 0.461538}]}, {"pressure": 0.269115, "total_adsorption": 0.153846, "species_data": [{"InChIKey": "IJGRMHOSHXDMSA-UHFFFAOYSA-N", "composition": 1, "adsorption": 0.153846}]}, {"pressure": 0.307911, "total_adsorption": 0.615385, "species_data": [{"InChIKey": "IJGRMHOSHXDMSA-UHFFFAOYSA-N", "composition": 1, "adsorption": 0.615385}]}, {"pressure": 0.358084, "total_adsorption": 0.615385, "species_data": [{"InChIKey": "IJGRMHOSHXDMSA-UHFFFAOYSA-N", "composition": 1, "adsorption": 0.615385}]}, {"pressure": 0.405984, "total_adsorption": 0.769231, "species_data": [{"InChIKey": "IJGRMHOSHXDMSA-UHFFFAOYSA-N", "composition": 1, "adsorption": 0.769231}]}, {"pressure": 0.458428, "total_adsorption": 0.615385, "species_data": [{"InChIKey": "IJGRMHOSHXDMSA-UHFFFAOYSA-N", "composition": 1, "adsorption": 0.615385}]}, {"pressure": 0.501768, "total_adsorption": 0.769231, "species_data": [{"InChIKey": "IJGRMHOSHXDMSA-UHFFFAOYSA-N", "composition": 1, "adsorption": 0.769231}]}, {"pressure": 0.549668, "total_adsorption": 0.923077, "species_data": [{"InChIKey": "IJGRMHOSHXDMSA-UHFFFAOYSA-N", "composition": 1, "adsorption": 0.923077}]}, {"pressure": 0.59985, "total_adsorption": 1.07692, "species_data": [{"InChIKey": "IJGRMHOSHXDMSA-UHFFFAOYSA-N", "composition": 1, "adsorption": 1.07692}]}, {"pressure": 0.647759, "total_adsorption": 1.38462, "species_data": [{"InChIKey": "IJGRMHOSHXDMSA-UHFFFAOYSA-N", "composition": 1, "adsorption": 1.38462}]}, {"pressure": 0.693397, "total_adsorption": 1.84615, "species_data": [{"InChIKey": "IJGRMHOSHXDMSA-UHFFFAOYSA-N", "composition": 1, "adsorption": 1.84615}]}, {"pressure": 0.743578, "total_adsorption": 2, "species_data": [{"InChIKey": "IJGRMHOSHXDMSA-UHFFFAOYSA-N", "composition": 1, "adsorption": 2}]}, {"pressure": 0.796031, "total_adsorption": 2, "species_data": [{"InChIKey": "IJGRMHOSHXDMSA-UHFFFAOYSA-N", "composition": 1, "adsorption": 2}]}, {"pressure": 0.837116, "total_adsorption": 2.61538, "species_data": [{"InChIKey": "IJGRMHOSHXDMSA-UHFFFAOYSA-N", "composition": 1, "adsorption": 2.61538}]}, {"pressure": 0.891884, "total_adsorption": 3.23077, "species_data": [{"InChIKey": "IJGRMHOSHXDMSA-UHFFFAOYSA-N", "composition": 1, "adsorption": 3.23077}]}, {"pressure": 0.937619, "total_adsorption": 5.38462, "species_data": [{"InChIKey": "IJGRMHOSHXDMSA-UHFFFAOYSA-N", "composition": 1, "adsorption": 5.38462}]}, {"pressure": 0.960617, "total_adsorption": 8.76923, "species_data": [{"InChIKey": "IJGRMHOSHXDMSA-UHFFFAOYSA-N", "composition": 1, "adsorption": 8.76923}]}, {"pressure": 0.970292, "total_adsorption": 18.4615, "species_data": [{"InChIKey": "IJGRMHOSHXDMSA-UHFFFAOYSA-N", "composition": 1, "adsorption": 18.4615}]}]}