{"isotherm_data":[{"pressure":0.0459869,"total_adsorption":0.0225806,"species_data":[{"composition":1,"adsorption":0.0225806,"InChIKey":"CURLTUGMZLYLDI-UHFFFAOYSA-N"}]},{"pressure":0.0969402,"total_adsorption":0.0564516,"species_data":[{"composition":1,"adsorption":0.0564516,"InChIKey":"CURLTUGMZLYLDI-UHFFFAOYSA-N"}]},{"pressure":0.155356,"total_adsorption":0.0846774,"species_data":[{"composition":1,"adsorption":0.0846774,"InChIKey":"CURLTUGMZLYLDI-UHFFFAOYSA-N"}]},{"pressure":0.222465,"total_adsorption":0.129839,"species_data":[{"composition":1,"adsorption":0.129839,"InChIKey":"CURLTUGMZLYLDI-UHFFFAOYSA-N"}]},{"pressure":0.292064,"total_adsorption":0.169355,"species_data":[{"composition":1,"adsorption":0.169355,"InChIKey":"CURLTUGMZLYLDI-UHFFFAOYSA-N"}]},{"pressure":0.349233,"total_adsorption":0.203226,"species_data":[{"composition":1,"adsorption":0.203226,"InChIKey":"CURLTUGMZLYLDI-UHFFFAOYSA-N"}]},{"pressure":0.417589,"total_adsorption":0.242742,"species_data":[{"composition":1,"adsorption":0.242742,"InChIKey":"CURLTUGMZLYLDI-UHFFFAOYSA-N"}]},{"pressure":0.468545,"total_adsorption":0.270968,"species_data":[{"composition":1,"adsorption":0.270968,"InChIKey":"CURLTUGMZLYLDI-UHFFFAOYSA-N"}]},{"pressure":0.536901,"total_adsorption":0.310484,"species_data":[{"composition":1,"adsorption":0.310484,"InChIKey":"CURLTUGMZLYLDI-UHFFFAOYSA-N"}]},{"pressure":0.589094,"total_adsorption":0.35,"species_data":[{"composition":1,"adsorption":0.35,"InChIKey":"CURLTUGMZLYLDI-UHFFFAOYSA-N"}]},{"pressure":0.640047,"total_adsorption":0.383871,"species_data":[{"composition":1,"adsorption":0.383871,"InChIKey":"CURLTUGMZLYLDI-UHFFFAOYSA-N"}]}],"temperature":300,"articleSource":"UNKNOWN","compositionType":"molefraction","adsorbates":[{"name":"Carbon Dioxide","InChIKey":"CURLTUGMZLYLDI-UHFFFAOYSA-N"}],"adsorptionUnits":"mmol/g","date":"1000-01-01","category":"","digitizer":"UNKNOWN","pressureUnits":"bar","DOI":"10.1080/01496395.2011.557026","adsorbent":{"name":"MOF-100T","hashkey":"NIST-MATDB-c47a19d7c57920ef767b5b0d7c379caf"},"concentrationUnits":"","filename":"10.108001496395.2011.557026.Isotherm11","isotherm_type":""}