{"isotherm_data":[{"pressure":0.000267333,"total_adsorption":0.722942,"species_data":[{"composition":1,"adsorption":0.722942,"InChIKey":"IMNFDUFMRHMDMM-UHFFFAOYSA-N"}]},{"pressure":0.000572855,"total_adsorption":0.870464,"species_data":[{"composition":1,"adsorption":0.870464,"InChIKey":"IMNFDUFMRHMDMM-UHFFFAOYSA-N"}]},{"pressure":0.000916569,"total_adsorption":0.954847,"species_data":[{"composition":1,"adsorption":0.954847,"InChIKey":"IMNFDUFMRHMDMM-UHFFFAOYSA-N"}]},{"pressure":0.00122209,"total_adsorption":1.01114,"species_data":[{"composition":1,"adsorption":1.01114,"InChIKey":"IMNFDUFMRHMDMM-UHFFFAOYSA-N"}]},{"pressure":0.00152762,"total_adsorption":1.04638,"species_data":[{"composition":1,"adsorption":1.04638,"InChIKey":"IMNFDUFMRHMDMM-UHFFFAOYSA-N"}]},{"pressure":0.00309343,"total_adsorption":1.23665,"species_data":[{"composition":1,"adsorption":1.23665,"InChIKey":"IMNFDUFMRHMDMM-UHFFFAOYSA-N"}]},{"pressure":0.00611046,"total_adsorption":1.3715,"species_data":[{"composition":1,"adsorption":1.3715,"InChIKey":"IMNFDUFMRHMDMM-UHFFFAOYSA-N"}]},{"pressure":0.0122209,"total_adsorption":1.4658,"species_data":[{"composition":1,"adsorption":1.4658,"InChIKey":"IMNFDUFMRHMDMM-UHFFFAOYSA-N"}]}],"temperature":333,"articleSource":"UNKNOWN","compositionType":"molefraction","adsorbates":[{"name":"N-Heptane","InChIKey":"IMNFDUFMRHMDMM-UHFFFAOYSA-N"}],"adsorptionUnits":"mmol/g","date":"1000-01-01","category":"","digitizer":"UNKNOWN","pressureUnits":"bar","DOI":"10.1038/Srep06247","adsorbent":{"name":"CuBTC","hashkey":"NIST-MATDB-991daf7313251e7e607e2bab2da57e33"},"concentrationUnits":"","filename":"10.1038Srep06247.Isotherm7","isotherm_type":""}