{"filename": "10.1002chem.201101383.Isotherm3", "DOI": "10.1002/chem.201101383", "articleSource": "UNKNOWN", "date": "1000-01-01", "digitizer": "UNKNOWN", "adsorbent": {"hashkey": "NIST-MATDB-04e912ff3958f9a397889ea5982f9620", "name": "DUT-23(Zn)"}, "adsorbates": [{"InChIKey": "IJGRMHOSHXDMSA-UHFFFAOYSA-N", "name": "Nitrogen"}], "category": "", "temperature": 77, "isotherm_type": "", "adsorptionUnits": "cm3(STP)/g", "pressureUnits": "bar", "compositionType": "molefraction", "concentrationUnits": "", "isotherm_data": [{"pressure": 0.00654957, "total_adsorption": 575.269, "species_data": [{"InChIKey": "IJGRMHOSHXDMSA-UHFFFAOYSA-N", "composition": 1, "adsorption": 575.269}]}, {"pressure": 0.010916, "total_adsorption": 666.667, "species_data": [{"InChIKey": "IJGRMHOSHXDMSA-UHFFFAOYSA-N", "composition": 1, "adsorption": 666.667}]}, {"pressure": 0.0218319, "total_adsorption": 806.452, "species_data": [{"InChIKey": "IJGRMHOSHXDMSA-UHFFFAOYSA-N", "composition": 1, "adsorption": 806.452}]}, {"pressure": 0.0305647, "total_adsorption": 887.097, "species_data": [{"InChIKey": "IJGRMHOSHXDMSA-UHFFFAOYSA-N", "composition": 1, "adsorption": 887.097}]}, {"pressure": 0.0523966, "total_adsorption": 1026.88, "species_data": [{"InChIKey": "IJGRMHOSHXDMSA-UHFFFAOYSA-N", "composition": 1, "adsorption": 1026.88}]}, {"pressure": 0.0829613, "total_adsorption": 1080.65, "species_data": [{"InChIKey": "IJGRMHOSHXDMSA-UHFFFAOYSA-N", "composition": 1, "adsorption": 1080.65}]}, {"pressure": 0.111343, "total_adsorption": 1096.77, "species_data": [{"InChIKey": "IJGRMHOSHXDMSA-UHFFFAOYSA-N", "composition": 1, "adsorption": 1096.77}]}, {"pressure": 0.133175, "total_adsorption": 1102.15, "species_data": [{"InChIKey": "IJGRMHOSHXDMSA-UHFFFAOYSA-N", "composition": 1, "adsorption": 1102.15}]}, {"pressure": 0.148457, "total_adsorption": 1112.9, "species_data": [{"InChIKey": "IJGRMHOSHXDMSA-UHFFFAOYSA-N", "composition": 1, "adsorption": 1112.9}]}, {"pressure": 0.168106, "total_adsorption": 1118.28, "species_data": [{"InChIKey": "IJGRMHOSHXDMSA-UHFFFAOYSA-N", "composition": 1, "adsorption": 1118.28}]}, {"pressure": 0.194304, "total_adsorption": 1123.66, "species_data": [{"InChIKey": "IJGRMHOSHXDMSA-UHFFFAOYSA-N", "composition": 1, "adsorption": 1123.66}]}, {"pressure": 0.203037, "total_adsorption": 1123.66, "species_data": [{"InChIKey": "IJGRMHOSHXDMSA-UHFFFAOYSA-N", "composition": 1, "adsorption": 1123.66}]}, {"pressure": 0.224869, "total_adsorption": 1129.03, "species_data": [{"InChIKey": "IJGRMHOSHXDMSA-UHFFFAOYSA-N", "composition": 1, "adsorption": 1129.03}]}, {"pressure": 0.416989, "total_adsorption": 1150.54, "species_data": [{"InChIKey": "IJGRMHOSHXDMSA-UHFFFAOYSA-N", "composition": 1, "adsorption": 1150.54}]}, {"pressure": 0.438821, "total_adsorption": 1155.91, "species_data": [{"InChIKey": "IJGRMHOSHXDMSA-UHFFFAOYSA-N", "composition": 1, "adsorption": 1155.91}]}, {"pressure": 0.497768, "total_adsorption": 1155.91, "species_data": [{"InChIKey": "IJGRMHOSHXDMSA-UHFFFAOYSA-N", "composition": 1, "adsorption": 1155.91}]}, {"pressure": 0.519599, "total_adsorption": 1161.29, "species_data": [{"InChIKey": "IJGRMHOSHXDMSA-UHFFFAOYSA-N", "composition": 1, "adsorption": 1161.29}]}, {"pressure": 0.545798, "total_adsorption": 1161.29, "species_data": [{"InChIKey": "IJGRMHOSHXDMSA-UHFFFAOYSA-N", "composition": 1, "adsorption": 1161.29}]}, {"pressure": 0.56763, "total_adsorption": 1161.29, "species_data": [{"InChIKey": "IJGRMHOSHXDMSA-UHFFFAOYSA-N", "composition": 1, "adsorption": 1161.29}]}, {"pressure": 0.60911, "total_adsorption": 1172.04, "species_data": [{"InChIKey": "IJGRMHOSHXDMSA-UHFFFAOYSA-N", "composition": 1, "adsorption": 1172.04}]}, {"pressure": 0.637492, "total_adsorption": 1172.04, "species_data": [{"InChIKey": "IJGRMHOSHXDMSA-UHFFFAOYSA-N", "composition": 1, "adsorption": 1172.04}]}, {"pressure": 0.659324, "total_adsorption": 1172.04, "species_data": [{"InChIKey": "IJGRMHOSHXDMSA-UHFFFAOYSA-N", "composition": 1, "adsorption": 1172.04}]}, {"pressure": 0.687705, "total_adsorption": 1172.04, "species_data": [{"InChIKey": "IJGRMHOSHXDMSA-UHFFFAOYSA-N", "composition": 1, "adsorption": 1172.04}]}, {"pressure": 0.709537, "total_adsorption": 1177.42, "species_data": [{"InChIKey": "IJGRMHOSHXDMSA-UHFFFAOYSA-N", "composition": 1, "adsorption": 1177.42}]}, {"pressure": 0.731369, "total_adsorption": 1177.42, "species_data": [{"InChIKey": "IJGRMHOSHXDMSA-UHFFFAOYSA-N", "composition": 1, "adsorption": 1177.42}]}, {"pressure": 0.753201, "total_adsorption": 1177.42, "species_data": [{"InChIKey": "IJGRMHOSHXDMSA-UHFFFAOYSA-N", "composition": 1, "adsorption": 1177.42}]}, {"pressure": 0.775033, "total_adsorption": 1182.8, "species_data": [{"InChIKey": "IJGRMHOSHXDMSA-UHFFFAOYSA-N", "composition": 1, "adsorption": 1182.8}]}, {"pressure": 0.796865, "total_adsorption": 1182.8, "species_data": [{"InChIKey": "IJGRMHOSHXDMSA-UHFFFAOYSA-N", "composition": 1, "adsorption": 1182.8}]}, {"pressure": 0.818697, "total_adsorption": 1182.8, "species_data": [{"InChIKey": "IJGRMHOSHXDMSA-UHFFFAOYSA-N", "composition": 1, "adsorption": 1182.8}]}, {"pressure": 0.838345, "total_adsorption": 1182.8, "species_data": [{"InChIKey": "IJGRMHOSHXDMSA-UHFFFAOYSA-N", "composition": 1, "adsorption": 1182.8}]}, {"pressure": 0.860177, "total_adsorption": 1193.55, "species_data": [{"InChIKey": "IJGRMHOSHXDMSA-UHFFFAOYSA-N", "composition": 1, "adsorption": 1193.55}]}, {"pressure": 0.882009, "total_adsorption": 1193.55, "species_data": [{"InChIKey": "IJGRMHOSHXDMSA-UHFFFAOYSA-N", "composition": 1, "adsorption": 1193.55}]}, {"pressure": 0.903841, "total_adsorption": 1193.55, "species_data": [{"InChIKey": "IJGRMHOSHXDMSA-UHFFFAOYSA-N", "composition": 1, "adsorption": 1193.55}]}, {"pressure": 0.927856, "total_adsorption": 1193.55, "species_data": [{"InChIKey": "IJGRMHOSHXDMSA-UHFFFAOYSA-N", "composition": 1, "adsorption": 1193.55}]}, {"pressure": 0.947505, "total_adsorption": 1198.92, "species_data": [{"InChIKey": "IJGRMHOSHXDMSA-UHFFFAOYSA-N", "composition": 1, "adsorption": 1198.92}]}]}