{"isotherm_data":[{"pressure":1.79707,"total_adsorption":1.06952,"species_data":[{"composition":1,"adsorption":1.06952,"InChIKey":"VNWKTOKETHGBQD-UHFFFAOYSA-N"}]},{"pressure":2.56576,"total_adsorption":1.67112,"species_data":[{"composition":1,"adsorption":1.67112,"InChIKey":"VNWKTOKETHGBQD-UHFFFAOYSA-N"}]},{"pressure":3.33652,"total_adsorption":2.07219,"species_data":[{"composition":1,"adsorption":2.07219,"InChIKey":"VNWKTOKETHGBQD-UHFFFAOYSA-N"}]},{"pressure":4.1066,"total_adsorption":2.54011,"species_data":[{"composition":1,"adsorption":2.54011,"InChIKey":"VNWKTOKETHGBQD-UHFFFAOYSA-N"}]},{"pressure":5.64882,"total_adsorption":3.2754,"species_data":[{"composition":1,"adsorption":3.2754,"InChIKey":"VNWKTOKETHGBQD-UHFFFAOYSA-N"}]},{"pressure":7.96249,"total_adsorption":4.34492,"species_data":[{"composition":1,"adsorption":4.34492,"InChIKey":"VNWKTOKETHGBQD-UHFFFAOYSA-N"}]},{"pressure":10.5358,"total_adsorption":5.28075,"species_data":[{"composition":1,"adsorption":5.28075,"InChIKey":"VNWKTOKETHGBQD-UHFFFAOYSA-N"}]},{"pressure":14.9173,"total_adsorption":6.21658,"species_data":[{"composition":1,"adsorption":6.21658,"InChIKey":"VNWKTOKETHGBQD-UHFFFAOYSA-N"}]},{"pressure":20.5917,"total_adsorption":7.01872,"species_data":[{"composition":1,"adsorption":7.01872,"InChIKey":"VNWKTOKETHGBQD-UHFFFAOYSA-N"}]},{"pressure":25.755,"total_adsorption":7.2861,"species_data":[{"composition":1,"adsorption":7.2861,"InChIKey":"VNWKTOKETHGBQD-UHFFFAOYSA-N"}]},{"pressure":31.178,"total_adsorption":7.41979,"species_data":[{"composition":1,"adsorption":7.41979,"InChIKey":"VNWKTOKETHGBQD-UHFFFAOYSA-N"}]},{"pressure":38.1521,"total_adsorption":7.41979,"species_data":[{"composition":1,"adsorption":7.41979,"InChIKey":"VNWKTOKETHGBQD-UHFFFAOYSA-N"}]},{"pressure":44.6111,"total_adsorption":7.2861,"species_data":[{"composition":1,"adsorption":7.2861,"InChIKey":"VNWKTOKETHGBQD-UHFFFAOYSA-N"}]},{"pressure":51.0721,"total_adsorption":6.95187,"species_data":[{"composition":1,"adsorption":6.95187,"InChIKey":"VNWKTOKETHGBQD-UHFFFAOYSA-N"}]},{"pressure":57.2734,"total_adsorption":6.75134,"species_data":[{"composition":1,"adsorption":6.75134,"InChIKey":"VNWKTOKETHGBQD-UHFFFAOYSA-N"}]},{"pressure":60.3751,"total_adsorption":6.5508,"species_data":[{"composition":1,"adsorption":6.5508,"InChIKey":"VNWKTOKETHGBQD-UHFFFAOYSA-N"}]},{"pressure":61.409,"total_adsorption":6.48396,"species_data":[{"composition":1,"adsorption":6.48396,"InChIKey":"VNWKTOKETHGBQD-UHFFFAOYSA-N"}]},{"pressure":61.9256,"total_adsorption":6.48396,"species_data":[{"composition":1,"adsorption":6.48396,"InChIKey":"VNWKTOKETHGBQD-UHFFFAOYSA-N"}]}],"temperature":270,"articleSource":"UNKNOWN","compositionType":"molefraction","adsorbates":[{"name":"Methane","InChIKey":"VNWKTOKETHGBQD-UHFFFAOYSA-N"}],"adsorptionUnits":"wt%","date":"1000-01-01","category":"","digitizer":"UNKNOWN","pressureUnits":"bar","DOI":"10.1021/Jp074889i","adsorbent":{"name":"ZIF-8","hashkey":"NIST-MATDB-b2dc02871a66ac38e4b195796cf3e00b"},"concentrationUnits":"","filename":"10.1021Jp074889i.Isotherm86","isotherm_type":""}