{"isotherm_data":[{"pressure":2.54717,"total_adsorption":13.9344,"species_data":[{"composition":1,"adsorption":13.9344,"InChIKey":"CURLTUGMZLYLDI-UHFFFAOYSA-N"}]},{"pressure":2.83019,"total_adsorption":13.9344,"species_data":[{"composition":1,"adsorption":13.9344,"InChIKey":"CURLTUGMZLYLDI-UHFFFAOYSA-N"}]},{"pressure":4.90566,"total_adsorption":18.8525,"species_data":[{"composition":1,"adsorption":18.8525,"InChIKey":"CURLTUGMZLYLDI-UHFFFAOYSA-N"}]},{"pressure":7.35849,"total_adsorption":24.5902,"species_data":[{"composition":1,"adsorption":24.5902,"InChIKey":"CURLTUGMZLYLDI-UHFFFAOYSA-N"}]},{"pressure":10.4717,"total_adsorption":27.0492,"species_data":[{"composition":1,"adsorption":27.0492,"InChIKey":"CURLTUGMZLYLDI-UHFFFAOYSA-N"}]},{"pressure":11.6981,"total_adsorption":27.8689,"species_data":[{"composition":1,"adsorption":27.8689,"InChIKey":"CURLTUGMZLYLDI-UHFFFAOYSA-N"}]},{"pressure":13.8679,"total_adsorption":28.6885,"species_data":[{"composition":1,"adsorption":28.6885,"InChIKey":"CURLTUGMZLYLDI-UHFFFAOYSA-N"}]},{"pressure":15.6604,"total_adsorption":29.5082,"species_data":[{"composition":1,"adsorption":29.5082,"InChIKey":"CURLTUGMZLYLDI-UHFFFAOYSA-N"}]},{"pressure":17.7358,"total_adsorption":30.3279,"species_data":[{"composition":1,"adsorption":30.3279,"InChIKey":"CURLTUGMZLYLDI-UHFFFAOYSA-N"}]},{"pressure":19.5283,"total_adsorption":31.1475,"species_data":[{"composition":1,"adsorption":31.1475,"InChIKey":"CURLTUGMZLYLDI-UHFFFAOYSA-N"}]},{"pressure":21.6038,"total_adsorption":31.1475,"species_data":[{"composition":1,"adsorption":31.1475,"InChIKey":"CURLTUGMZLYLDI-UHFFFAOYSA-N"}]},{"pressure":23.9623,"total_adsorption":31.9672,"species_data":[{"composition":1,"adsorption":31.9672,"InChIKey":"CURLTUGMZLYLDI-UHFFFAOYSA-N"}]},{"pressure":25.9434,"total_adsorption":32.7869,"species_data":[{"composition":1,"adsorption":32.7869,"InChIKey":"CURLTUGMZLYLDI-UHFFFAOYSA-N"}]},{"pressure":27.8302,"total_adsorption":32.7869,"species_data":[{"composition":1,"adsorption":32.7869,"InChIKey":"CURLTUGMZLYLDI-UHFFFAOYSA-N"}]},{"pressure":29.5283,"total_adsorption":33.6066,"species_data":[{"composition":1,"adsorption":33.6066,"InChIKey":"CURLTUGMZLYLDI-UHFFFAOYSA-N"}]}],"temperature":298,"articleSource":"UNKNOWN","compositionType":"molefraction","adsorbates":[{"name":"Carbon Dioxide","InChIKey":"CURLTUGMZLYLDI-UHFFFAOYSA-N"}],"adsorptionUnits":"molecules/unitcell","date":"1000-01-01","category":"","digitizer":"UNKNOWN","pressureUnits":"bar","DOI":"10.1021/Jp910522h","adsorbent":{"name":"ZIF-3","hashkey":"NIST-MATDB-b25df43663e8230b191fd77c25a53cee"},"concentrationUnits":"","filename":"10.1021Jp910522h.Isotherm36","isotherm_type":""}