{"isotherm_data":[{"pressure":0.0243344,"total_adsorption":32.4581,"species_data":[{"composition":1,"adsorption":32.4581,"InChIKey":"CURLTUGMZLYLDI-UHFFFAOYSA-N"}]},{"pressure":0.0580281,"total_adsorption":36.7033,"species_data":[{"composition":1,"adsorption":36.7033,"InChIKey":"CURLTUGMZLYLDI-UHFFFAOYSA-N"}]},{"pressure":0.074875,"total_adsorption":41.8173,"species_data":[{"composition":1,"adsorption":41.8173,"InChIKey":"CURLTUGMZLYLDI-UHFFFAOYSA-N"}]},{"pressure":0.101081,"total_adsorption":50.3422,"species_data":[{"composition":1,"adsorption":50.3422,"InChIKey":"CURLTUGMZLYLDI-UHFFFAOYSA-N"}]},{"pressure":0.194675,"total_adsorption":79.3232,"species_data":[{"composition":1,"adsorption":79.3232,"InChIKey":"CURLTUGMZLYLDI-UHFFFAOYSA-N"}]},{"pressure":0.204034,"total_adsorption":80.17,"species_data":[{"composition":1,"adsorption":80.17,"InChIKey":"CURLTUGMZLYLDI-UHFFFAOYSA-N"}]},{"pressure":0.295756,"total_adsorption":117.7,"species_data":[{"composition":1,"adsorption":117.7,"InChIKey":"CURLTUGMZLYLDI-UHFFFAOYSA-N"}]},{"pressure":0.305116,"total_adsorption":118.546,"species_data":[{"composition":1,"adsorption":118.546,"InChIKey":"CURLTUGMZLYLDI-UHFFFAOYSA-N"}]},{"pressure":0.400581,"total_adsorption":143.252,"species_data":[{"composition":1,"adsorption":143.252,"InChIKey":"CURLTUGMZLYLDI-UHFFFAOYSA-N"}]},{"pressure":0.409941,"total_adsorption":145.808,"species_data":[{"composition":1,"adsorption":145.808,"InChIKey":"CURLTUGMZLYLDI-UHFFFAOYSA-N"}]},{"pressure":0.497919,"total_adsorption":169.666,"species_data":[{"composition":1,"adsorption":169.666,"InChIKey":"CURLTUGMZLYLDI-UHFFFAOYSA-N"}]},{"pressure":0.50915,"total_adsorption":173.075,"species_data":[{"composition":1,"adsorption":173.075,"InChIKey":"CURLTUGMZLYLDI-UHFFFAOYSA-N"}]},{"pressure":0.613975,"total_adsorption":183.243,"species_data":[{"composition":1,"adsorption":183.243,"InChIKey":"CURLTUGMZLYLDI-UHFFFAOYSA-N"}]},{"pressure":0.711313,"total_adsorption":188.29,"species_data":[{"composition":1,"adsorption":188.29,"InChIKey":"CURLTUGMZLYLDI-UHFFFAOYSA-N"}]},{"pressure":0.814266,"total_adsorption":192.476,"species_data":[{"composition":1,"adsorption":192.476,"InChIKey":"CURLTUGMZLYLDI-UHFFFAOYSA-N"}]},{"pressure":0.915347,"total_adsorption":197.519,"species_data":[{"composition":1,"adsorption":197.519,"InChIKey":"CURLTUGMZLYLDI-UHFFFAOYSA-N"}]},{"pressure":0.965888,"total_adsorption":198.332,"species_data":[{"composition":1,"adsorption":198.332,"InChIKey":"CURLTUGMZLYLDI-UHFFFAOYSA-N"}]}],"temperature":195,"articleSource":"UNKNOWN","compositionType":"molefraction","adsorbates":[{"name":"Carbon Dioxide","InChIKey":"CURLTUGMZLYLDI-UHFFFAOYSA-N"}],"adsorptionUnits":"ml/g","date":"1000-01-01","category":"","digitizer":"UNKNOWN","pressureUnits":"bar","DOI":"10.1021/Cm101410h","adsorbent":{"name":"C40H22N10Mn","hashkey":"NIST-MATDB-001e64b66b907a2a19fa41a6a68e81ab"},"concentrationUnits":"","filename":"10.1021Cm101410h.Isotherm12","isotherm_type":""}