{"filename": "10.1021Jp305524f.Isotherm130", "DOI": "10.1021/Jp305524f", "articleSource": "UNKNOWN", "date": "1000-01-01", "digitizer": "UNKNOWN", "adsorbent": {"hashkey": "NIST-MATDB-2c9380bddc59f547484ff729eab7d7cb", "name": "IRMOF-1"}, "adsorbates": [{"InChIKey": "UFHFLCQGNIYNRP-UHFFFAOYSA-N", "name": "Hydrogen"}], "category": "", "temperature": 60, "isotherm_type": "", "adsorptionUnits": "mmol/g", "pressureUnits": "bar", "compositionType": "molefraction", "concentrationUnits": "", "isotherm_data": [{"pressure": 0.333615, "total_adsorption": 9.92405, "species_data": [{"InChIKey": "UFHFLCQGNIYNRP-UHFFFAOYSA-N", "composition": 1, "adsorption": 9.92405}]}, {"pressure": 0.344712, "total_adsorption": 6.92776, "species_data": [{"InChIKey": "UFHFLCQGNIYNRP-UHFFFAOYSA-N", "composition": 1, "adsorption": 6.92776}]}, {"pressure": 0.690811, "total_adsorption": 13.481, "species_data": [{"InChIKey": "UFHFLCQGNIYNRP-UHFFFAOYSA-N", "composition": 1, "adsorption": 13.481}]}, {"pressure": 0.86282, "total_adsorption": 17.0385, "species_data": [{"InChIKey": "UFHFLCQGNIYNRP-UHFFFAOYSA-N", "composition": 1, "adsorption": 17.0385}]}, {"pressure": 1.2214, "total_adsorption": 20.2209, "species_data": [{"InChIKey": "UFHFLCQGNIYNRP-UHFFFAOYSA-N", "composition": 1, "adsorption": 20.2209}]}, {"pressure": 1.76656, "total_adsorption": 23.0282, "species_data": [{"InChIKey": "UFHFLCQGNIYNRP-UHFFFAOYSA-N", "composition": 1, "adsorption": 23.0282}]}, {"pressure": 2.12861, "total_adsorption": 25.2743, "species_data": [{"InChIKey": "UFHFLCQGNIYNRP-UHFFFAOYSA-N", "composition": 1, "adsorption": 25.2743}]}, {"pressure": 2.85965, "total_adsorption": 27.8937, "species_data": [{"InChIKey": "UFHFLCQGNIYNRP-UHFFFAOYSA-N", "composition": 1, "adsorption": 27.8937}]}, {"pressure": 3.77935, "total_adsorption": 29.5762, "species_data": [{"InChIKey": "UFHFLCQGNIYNRP-UHFFFAOYSA-N", "composition": 1, "adsorption": 29.5762}]}, {"pressure": 4.88284, "total_adsorption": 31.6327, "species_data": [{"InChIKey": "UFHFLCQGNIYNRP-UHFFFAOYSA-N", "composition": 1, "adsorption": 31.6327}]}, {"pressure": 5.98911, "total_adsorption": 32.9401, "species_data": [{"InChIKey": "UFHFLCQGNIYNRP-UHFFFAOYSA-N", "composition": 1, "adsorption": 32.9401}]}, {"pressure": 7.28057, "total_adsorption": 34.2469, "species_data": [{"InChIKey": "UFHFLCQGNIYNRP-UHFFFAOYSA-N", "composition": 1, "adsorption": 34.2469}]}, {"pressure": 8.7586, "total_adsorption": 35.1787, "species_data": [{"InChIKey": "UFHFLCQGNIYNRP-UHFFFAOYSA-N", "composition": 1, "adsorption": 35.1787}]}, {"pressure": 10.4218, "total_adsorption": 36.1098, "species_data": [{"InChIKey": "UFHFLCQGNIYNRP-UHFFFAOYSA-N", "composition": 1, "adsorption": 36.1098}]}, {"pressure": 12.2716, "total_adsorption": 36.6658, "species_data": [{"InChIKey": "UFHFLCQGNIYNRP-UHFFFAOYSA-N", "composition": 1, "adsorption": 36.6658}]}, {"pressure": 13.9362, "total_adsorption": 37.2224, "species_data": [{"InChIKey": "UFHFLCQGNIYNRP-UHFFFAOYSA-N", "composition": 1, "adsorption": 37.2224}]}, {"pressure": 15.7867, "total_adsorption": 37.5912, "species_data": [{"InChIKey": "UFHFLCQGNIYNRP-UHFFFAOYSA-N", "composition": 1, "adsorption": 37.5912}]}, {"pressure": 17.4527, "total_adsorption": 37.7732, "species_data": [{"InChIKey": "UFHFLCQGNIYNRP-UHFFFAOYSA-N", "composition": 1, "adsorption": 37.7732}]}, {"pressure": 19.3039, "total_adsorption": 37.9547, "species_data": [{"InChIKey": "UFHFLCQGNIYNRP-UHFFFAOYSA-N", "composition": 1, "adsorption": 37.9547}]}, {"pressure": 21.1557, "total_adsorption": 37.949, "species_data": [{"InChIKey": "UFHFLCQGNIYNRP-UHFFFAOYSA-N", "composition": 1, "adsorption": 37.949}]}, {"pressure": 23.0076, "total_adsorption": 37.9432, "species_data": [{"InChIKey": "UFHFLCQGNIYNRP-UHFFFAOYSA-N", "composition": 1, "adsorption": 37.9432}]}, {"pressure": 24.8595, "total_adsorption": 37.9374, "species_data": [{"InChIKey": "UFHFLCQGNIYNRP-UHFFFAOYSA-N", "composition": 1, "adsorption": 37.9374}]}, {"pressure": 26.7121, "total_adsorption": 37.7443, "species_data": [{"InChIKey": "UFHFLCQGNIYNRP-UHFFFAOYSA-N", "composition": 1, "adsorption": 37.7443}]}, {"pressure": 28.5646, "total_adsorption": 37.5513, "species_data": [{"InChIKey": "UFHFLCQGNIYNRP-UHFFFAOYSA-N", "composition": 1, "adsorption": 37.5513}]}, {"pressure": 30.232, "total_adsorption": 37.3588, "species_data": [{"InChIKey": "UFHFLCQGNIYNRP-UHFFFAOYSA-N", "composition": 1, "adsorption": 37.3588}]}, {"pressure": 32.0853, "total_adsorption": 36.9785, "species_data": [{"InChIKey": "UFHFLCQGNIYNRP-UHFFFAOYSA-N", "composition": 1, "adsorption": 36.9785}]}, {"pressure": 33.9378, "total_adsorption": 36.7855, "species_data": [{"InChIKey": "UFHFLCQGNIYNRP-UHFFFAOYSA-N", "composition": 1, "adsorption": 36.7855}]}, {"pressure": 35.6059, "total_adsorption": 36.4057, "species_data": [{"InChIKey": "UFHFLCQGNIYNRP-UHFFFAOYSA-N", "composition": 1, "adsorption": 36.4057}]}, {"pressure": 37.4585, "total_adsorption": 36.2127, "species_data": [{"InChIKey": "UFHFLCQGNIYNRP-UHFFFAOYSA-N", "composition": 1, "adsorption": 36.2127}]}, {"pressure": 39.1265, "total_adsorption": 35.8329, "species_data": [{"InChIKey": "UFHFLCQGNIYNRP-UHFFFAOYSA-N", "composition": 1, "adsorption": 35.8329}]}, {"pressure": 40.9798, "total_adsorption": 35.4526, "species_data": [{"InChIKey": "UFHFLCQGNIYNRP-UHFFFAOYSA-N", "composition": 1, "adsorption": 35.4526}]}, {"pressure": 42.8331, "total_adsorption": 35.0723, "species_data": [{"InChIKey": "UFHFLCQGNIYNRP-UHFFFAOYSA-N", "composition": 1, "adsorption": 35.0723}]}, {"pressure": 44.5011, "total_adsorption": 34.6926, "species_data": [{"InChIKey": "UFHFLCQGNIYNRP-UHFFFAOYSA-N", "composition": 1, "adsorption": 34.6926}]}, {"pressure": 46.3544, "total_adsorption": 34.3123, "species_data": [{"InChIKey": "UFHFLCQGNIYNRP-UHFFFAOYSA-N", "composition": 1, "adsorption": 34.3123}]}, {"pressure": 48.2077, "total_adsorption": 33.9319, "species_data": [{"InChIKey": "UFHFLCQGNIYNRP-UHFFFAOYSA-N", "composition": 1, "adsorption": 33.9319}]}, {"pressure": 49.8757, "total_adsorption": 33.5522, "species_data": [{"InChIKey": "UFHFLCQGNIYNRP-UHFFFAOYSA-N", "composition": 1, "adsorption": 33.5522}]}, {"pressure": 51.729, "total_adsorption": 33.1719, "species_data": [{"InChIKey": "UFHFLCQGNIYNRP-UHFFFAOYSA-N", "composition": 1, "adsorption": 33.1719}]}, {"pressure": 53.5823, "total_adsorption": 32.7916, "species_data": [{"InChIKey": "UFHFLCQGNIYNRP-UHFFFAOYSA-N", "composition": 1, "adsorption": 32.7916}]}, {"pressure": 55.2503, "total_adsorption": 32.4118, "species_data": [{"InChIKey": "UFHFLCQGNIYNRP-UHFFFAOYSA-N", "composition": 1, "adsorption": 32.4118}]}, {"pressure": 57.1036, "total_adsorption": 32.0315, "species_data": [{"InChIKey": "UFHFLCQGNIYNRP-UHFFFAOYSA-N", "composition": 1, "adsorption": 32.0315}]}, {"pressure": 58.7717, "total_adsorption": 31.6518, "species_data": [{"InChIKey": "UFHFLCQGNIYNRP-UHFFFAOYSA-N", "composition": 1, "adsorption": 31.6518}]}, {"pressure": 59.8835, "total_adsorption": 31.461, "species_data": [{"InChIKey": "UFHFLCQGNIYNRP-UHFFFAOYSA-N", "composition": 1, "adsorption": 31.461}]}]}