{"filename": "10.1016j.micromeso.2015.02.035.Isotherm3", "DOI": "10.1016/j.micromeso.2015.02.035", "articleSource": "Figure 2", "date": "2018-07-09", "digitizer": "Soojin Jang", "adsorbent": {"hashkey": "NIST-MATDB-5a38d5365971b7f2db030041c32d46ca", "name": "30 wt% HPWs@UiO-66"}, "adsorbates": [{"InChIKey": "IJGRMHOSHXDMSA-UHFFFAOYSA-N", "name": "Nitrogen"}], "category": "exp", "temperature": 77, "isotherm_type": "", "adsorptionUnits": "cm3(STP)/g", "pressureUnits": "bar", "compositionType": "molefraction", "concentrationUnits": "", "isotherm_data": [{"pressure": 0.000912, "total_adsorption": null, "species_data": [{"InChIKey": "IJGRMHOSHXDMSA-UHFFFAOYSA-N", "composition": 1, "adsorption": 18.157}]}, {"pressure": 0.00379, "total_adsorption": null, "species_data": [{"InChIKey": "IJGRMHOSHXDMSA-UHFFFAOYSA-N", "composition": 1, "adsorption": 50.203}]}, {"pressure": 0.003962, "total_adsorption": null, "species_data": [{"InChIKey": "IJGRMHOSHXDMSA-UHFFFAOYSA-N", "composition": 1, "adsorption": 87.961}]}, {"pressure": 0.0046, "total_adsorption": null, "species_data": [{"InChIKey": "IJGRMHOSHXDMSA-UHFFFAOYSA-N", "composition": 1, "adsorption": 69.119}]}, {"pressure": 0.004924, "total_adsorption": null, "species_data": [{"InChIKey": "IJGRMHOSHXDMSA-UHFFFAOYSA-N", "composition": 1, "adsorption": 100.942}]}, {"pressure": 0.005563, "total_adsorption": null, "species_data": [{"InChIKey": "IJGRMHOSHXDMSA-UHFFFAOYSA-N", "composition": 1, "adsorption": 116.149}]}, {"pressure": 0.006687, "total_adsorption": null, "species_data": [{"InChIKey": "IJGRMHOSHXDMSA-UHFFFAOYSA-N", "composition": 1, "adsorption": 128.166}]}, {"pressure": 0.007488, "total_adsorption": null, "species_data": [{"InChIKey": "IJGRMHOSHXDMSA-UHFFFAOYSA-N", "composition": 1, "adsorption": 138.18}]}, {"pressure": 0.007974, "total_adsorption": null, "species_data": [{"InChIKey": "IJGRMHOSHXDMSA-UHFFFAOYSA-N", "composition": 1, "adsorption": 157.245}]}, {"pressure": 0.010842, "total_adsorption": null, "species_data": [{"InChIKey": "IJGRMHOSHXDMSA-UHFFFAOYSA-N", "composition": 1, "adsorption": 166.888}]}, {"pressure": 0.014824, "total_adsorption": null, "species_data": [{"InChIKey": "IJGRMHOSHXDMSA-UHFFFAOYSA-N", "composition": 1, "adsorption": 177.569}]}, {"pressure": 0.020245, "total_adsorption": null, "species_data": [{"InChIKey": "IJGRMHOSHXDMSA-UHFFFAOYSA-N", "composition": 1, "adsorption": 187.286}]}, {"pressure": 0.023599, "total_adsorption": null, "species_data": [{"InChIKey": "IJGRMHOSHXDMSA-UHFFFAOYSA-N", "composition": 1, "adsorption": 194.259}]}, {"pressure": 0.028543, "total_adsorption": null, "species_data": [{"InChIKey": "IJGRMHOSHXDMSA-UHFFFAOYSA-N", "composition": 1, "adsorption": 203.605}]}, {"pressure": 0.031249, "total_adsorption": null, "species_data": [{"InChIKey": "IJGRMHOSHXDMSA-UHFFFAOYSA-N", "composition": 1, "adsorption": 210.504}]}, {"pressure": 0.04814, "total_adsorption": null, "species_data": [{"InChIKey": "IJGRMHOSHXDMSA-UHFFFAOYSA-N", "composition": 1, "adsorption": 226.896}]}, {"pressure": 0.080016, "total_adsorption": null, "species_data": [{"InChIKey": "IJGRMHOSHXDMSA-UHFFFAOYSA-N", "composition": 1, "adsorption": 240.394}]}, {"pressure": 0.101214, "total_adsorption": null, "species_data": [{"InChIKey": "IJGRMHOSHXDMSA-UHFFFAOYSA-N", "composition": 1, "adsorption": 247.513}]}, {"pressure": 0.112846, "total_adsorption": null, "species_data": [{"InChIKey": "IJGRMHOSHXDMSA-UHFFFAOYSA-N", "composition": 1, "adsorption": 246.325}]}, {"pressure": 0.126069, "total_adsorption": null, "species_data": [{"InChIKey": "IJGRMHOSHXDMSA-UHFFFAOYSA-N", "composition": 1, "adsorption": 250.033}]}, {"pressure": 0.140568, "total_adsorption": null, "species_data": [{"InChIKey": "IJGRMHOSHXDMSA-UHFFFAOYSA-N", "composition": 1, "adsorption": 248.696}]}, {"pressure": 0.151876, "total_adsorption": null, "species_data": [{"InChIKey": "IJGRMHOSHXDMSA-UHFFFAOYSA-N", "composition": 1, "adsorption": 250.362}]}, {"pressure": 0.153477, "total_adsorption": null, "species_data": [{"InChIKey": "IJGRMHOSHXDMSA-UHFFFAOYSA-N", "composition": 1, "adsorption": 250.327}]}, {"pressure": 0.175465, "total_adsorption": null, "species_data": [{"InChIKey": "IJGRMHOSHXDMSA-UHFFFAOYSA-N", "composition": 1, "adsorption": 254.405}]}, {"pressure": 0.182152, "total_adsorption": null, "species_data": [{"InChIKey": "IJGRMHOSHXDMSA-UHFFFAOYSA-N", "composition": 1, "adsorption": 251.66}]}, {"pressure": 0.202711, "total_adsorption": null, "species_data": [{"InChIKey": "IJGRMHOSHXDMSA-UHFFFAOYSA-N", "composition": 1, "adsorption": 253.223}]}, {"pressure": 0.206855, "total_adsorption": null, "species_data": [{"InChIKey": "IJGRMHOSHXDMSA-UHFFFAOYSA-N", "composition": 1, "adsorption": 253.067}]}, {"pressure": 0.252259, "total_adsorption": null, "species_data": [{"InChIKey": "IJGRMHOSHXDMSA-UHFFFAOYSA-N", "composition": 1, "adsorption": 257.143}]}, {"pressure": 0.254974, "total_adsorption": null, "species_data": [{"InChIKey": "IJGRMHOSHXDMSA-UHFFFAOYSA-N", "composition": 1, "adsorption": 254.323}]}, {"pressure": 0.301178, "total_adsorption": null, "species_data": [{"InChIKey": "IJGRMHOSHXDMSA-UHFFFAOYSA-N", "composition": 1, "adsorption": 258.547}]}, {"pressure": 0.304846, "total_adsorption": null, "species_data": [{"InChIKey": "IJGRMHOSHXDMSA-UHFFFAOYSA-N", "composition": 1, "adsorption": 255.431}]}, {"pressure": 0.351375, "total_adsorption": null, "species_data": [{"InChIKey": "IJGRMHOSHXDMSA-UHFFFAOYSA-N", "composition": 1, "adsorption": 259.804}]}, {"pressure": 0.355671, "total_adsorption": null, "species_data": [{"InChIKey": "IJGRMHOSHXDMSA-UHFFFAOYSA-N", "composition": 1, "adsorption": 256.465}]}, {"pressure": 0.401328, "total_adsorption": null, "species_data": [{"InChIKey": "IJGRMHOSHXDMSA-UHFFFAOYSA-N", "composition": 1, "adsorption": 260.517}]}, {"pressure": 0.408411, "total_adsorption": null, "species_data": [{"InChIKey": "IJGRMHOSHXDMSA-UHFFFAOYSA-N", "composition": 1, "adsorption": 256.807}]}, {"pressure": 0.454058, "total_adsorption": null, "species_data": [{"InChIKey": "IJGRMHOSHXDMSA-UHFFFAOYSA-N", "composition": 1, "adsorption": 261.277}]}, {"pressure": 0.457857, "total_adsorption": null, "species_data": [{"InChIKey": "IJGRMHOSHXDMSA-UHFFFAOYSA-N", "composition": 1, "adsorption": 257.156}]}, {"pressure": 0.501863, "total_adsorption": null, "species_data": [{"InChIKey": "IJGRMHOSHXDMSA-UHFFFAOYSA-N", "composition": 1, "adsorption": 262.745}]}, {"pressure": 0.507811, "total_adsorption": null, "species_data": [{"InChIKey": "IJGRMHOSHXDMSA-UHFFFAOYSA-N", "composition": 1, "adsorption": 257.975}]}, {"pressure": 0.556122, "total_adsorption": null, "species_data": [{"InChIKey": "IJGRMHOSHXDMSA-UHFFFAOYSA-N", "composition": 1, "adsorption": 262.975}]}, {"pressure": 0.557885, "total_adsorption": null, "species_data": [{"InChIKey": "IJGRMHOSHXDMSA-UHFFFAOYSA-N", "composition": 1, "adsorption": 258.088}]}, {"pressure": 0.60797, "total_adsorption": null, "species_data": [{"InChIKey": "IJGRMHOSHXDMSA-UHFFFAOYSA-N", "composition": 1, "adsorption": 263.441}]}, {"pressure": 0.608598, "total_adsorption": null, "species_data": [{"InChIKey": "IJGRMHOSHXDMSA-UHFFFAOYSA-N", "composition": 1, "adsorption": 263.442}]}, {"pressure": 0.655269, "total_adsorption": null, "species_data": [{"InChIKey": "IJGRMHOSHXDMSA-UHFFFAOYSA-N", "composition": 1, "adsorption": 264.438}]}, {"pressure": 0.659565, "total_adsorption": null, "species_data": [{"InChIKey": "IJGRMHOSHXDMSA-UHFFFAOYSA-N", "composition": 1, "adsorption": 259.433}]}, {"pressure": 0.706489, "total_adsorption": null, "species_data": [{"InChIKey": "IJGRMHOSHXDMSA-UHFFFAOYSA-N", "composition": 1, "adsorption": 264.727}]}, {"pressure": 0.70965, "total_adsorption": null, "species_data": [{"InChIKey": "IJGRMHOSHXDMSA-UHFFFAOYSA-N", "composition": 1, "adsorption": 264.03}]}, {"pressure": 0.751507, "total_adsorption": null, "species_data": [{"InChIKey": "IJGRMHOSHXDMSA-UHFFFAOYSA-N", "composition": 1, "adsorption": 265.606}]}, {"pressure": 0.759856, "total_adsorption": null, "species_data": [{"InChIKey": "IJGRMHOSHXDMSA-UHFFFAOYSA-N", "composition": 1, "adsorption": 261.838}]}, {"pressure": 0.809212, "total_adsorption": null, "species_data": [{"InChIKey": "IJGRMHOSHXDMSA-UHFFFAOYSA-N", "composition": 1, "adsorption": 266.756}]}, {"pressure": 0.811218, "total_adsorption": null, "species_data": [{"InChIKey": "IJGRMHOSHXDMSA-UHFFFAOYSA-N", "composition": 1, "adsorption": 266.528}]}, {"pressure": 0.859398, "total_adsorption": null, "species_data": [{"InChIKey": "IJGRMHOSHXDMSA-UHFFFAOYSA-N", "composition": 1, "adsorption": 268.948}]}, {"pressure": 0.861404, "total_adsorption": null, "species_data": [{"InChIKey": "IJGRMHOSHXDMSA-UHFFFAOYSA-N", "composition": 1, "adsorption": 268.949}]}, {"pressure": 0.899097, "total_adsorption": null, "species_data": [{"InChIKey": "IJGRMHOSHXDMSA-UHFFFAOYSA-N", "composition": 1, "adsorption": 271.951}]}, {"pressure": 0.910354, "total_adsorption": null, "species_data": [{"InChIKey": "IJGRMHOSHXDMSA-UHFFFAOYSA-N", "composition": 1, "adsorption": 268.889}]}, {"pressure": 0.926536, "total_adsorption": null, "species_data": [{"InChIKey": "IJGRMHOSHXDMSA-UHFFFAOYSA-N", "composition": 1, "adsorption": 275.481}]}, {"pressure": 0.942221, "total_adsorption": null, "species_data": [{"InChIKey": "IJGRMHOSHXDMSA-UHFFFAOYSA-N", "composition": 1, "adsorption": 273.831}]}, {"pressure": 0.952344, "total_adsorption": null, "species_data": [{"InChIKey": "IJGRMHOSHXDMSA-UHFFFAOYSA-N", "composition": 1, "adsorption": 281.897}]}, {"pressure": 0.963347, "total_adsorption": null, "species_data": [{"InChIKey": "IJGRMHOSHXDMSA-UHFFFAOYSA-N", "composition": 1, "adsorption": 279.187}]}, {"pressure": 0.974605, "total_adsorption": null, "species_data": [{"InChIKey": "IJGRMHOSHXDMSA-UHFFFAOYSA-N", "composition": 1, "adsorption": 292.846}]}, {"pressure": 0.98345, "total_adsorption": null, "species_data": [{"InChIKey": "IJGRMHOSHXDMSA-UHFFFAOYSA-N", "composition": 1, "adsorption": 289.901}]}, {"pressure": 0.993208, "total_adsorption": null, "species_data": [{"InChIKey": "IJGRMHOSHXDMSA-UHFFFAOYSA-N", "composition": 1, "adsorption": 312.301}]}, {"pressure": 0.999034, "total_adsorption": null, "species_data": [{"InChIKey": "IJGRMHOSHXDMSA-UHFFFAOYSA-N", "composition": 1, "adsorption": 310.618}]}, {"pressure": 1.00306, "total_adsorption": null, "species_data": [{"InChIKey": "IJGRMHOSHXDMSA-UHFFFAOYSA-N", "composition": 1, "adsorption": 322.581}]}]}