{"filename": "10.1039C001173h.Isotherm13", "DOI": "10.1039/C001173h", "articleSource": "UNKNOWN", "date": "1000-01-01", "digitizer": "UNKNOWN", "adsorbent": {"hashkey": "NIST-MATDB-7cb7f2ebc677a987561f61f34f01f965", "name": "MIL-53(Cr)"}, "adsorbates": [{"InChIKey": "ATUOYWHBWRKTHZ-UHFFFAOYSA-N", "name": "N-propane"}], "category": "", "temperature": 303, "isotherm_type": "", "adsorptionUnits": "molecules/unitcell", "pressureUnits": "bar", "compositionType": "molefraction", "concentrationUnits": "", "isotherm_data": [{"pressure": 0.0808625, "total_adsorption": 0.0808625, "species_data": [{"InChIKey": "ATUOYWHBWRKTHZ-UHFFFAOYSA-N", "composition": 1, "adsorption": 0.0808625}]}, {"pressure": 0.134771, "total_adsorption": 2.77875, "species_data": [{"InChIKey": "ATUOYWHBWRKTHZ-UHFFFAOYSA-N", "composition": 1, "adsorption": 2.77875}]}, {"pressure": 0.188679, "total_adsorption": 3.02787, "species_data": [{"InChIKey": "ATUOYWHBWRKTHZ-UHFFFAOYSA-N", "composition": 1, "adsorption": 3.02787}]}, {"pressure": 0.296496, "total_adsorption": 3.18118, "species_data": [{"InChIKey": "ATUOYWHBWRKTHZ-UHFFFAOYSA-N", "composition": 1, "adsorption": 3.18118}]}, {"pressure": 0.431267, "total_adsorption": 3.4878, "species_data": [{"InChIKey": "ATUOYWHBWRKTHZ-UHFFFAOYSA-N", "composition": 1, "adsorption": 3.4878}]}, {"pressure": 0.512129, "total_adsorption": 3.5453, "species_data": [{"InChIKey": "ATUOYWHBWRKTHZ-UHFFFAOYSA-N", "composition": 1, "adsorption": 3.5453}]}, {"pressure": 0.619946, "total_adsorption": 3.62195, "species_data": [{"InChIKey": "ATUOYWHBWRKTHZ-UHFFFAOYSA-N", "composition": 1, "adsorption": 3.62195}]}, {"pressure": 0.808625, "total_adsorption": 3.7561, "species_data": [{"InChIKey": "ATUOYWHBWRKTHZ-UHFFFAOYSA-N", "composition": 1, "adsorption": 3.7561}]}, {"pressure": 1.02426, "total_adsorption": 3.83275, "species_data": [{"InChIKey": "ATUOYWHBWRKTHZ-UHFFFAOYSA-N", "composition": 1, "adsorption": 3.83275}]}, {"pressure": 1.2938, "total_adsorption": 3.89024, "species_data": [{"InChIKey": "ATUOYWHBWRKTHZ-UHFFFAOYSA-N", "composition": 1, "adsorption": 3.89024}]}, {"pressure": 1.72507, "total_adsorption": 3.98606, "species_data": [{"InChIKey": "ATUOYWHBWRKTHZ-UHFFFAOYSA-N", "composition": 1, "adsorption": 3.98606}]}, {"pressure": 2.10243, "total_adsorption": 4.06272, "species_data": [{"InChIKey": "ATUOYWHBWRKTHZ-UHFFFAOYSA-N", "composition": 1, "adsorption": 4.06272}]}, {"pressure": 2.34501, "total_adsorption": 4.08188, "species_data": [{"InChIKey": "ATUOYWHBWRKTHZ-UHFFFAOYSA-N", "composition": 1, "adsorption": 4.08188}]}, {"pressure": 2.83019, "total_adsorption": 4.15854, "species_data": [{"InChIKey": "ATUOYWHBWRKTHZ-UHFFFAOYSA-N", "composition": 1, "adsorption": 4.15854}]}, {"pressure": 3.20755, "total_adsorption": 4.19686, "species_data": [{"InChIKey": "ATUOYWHBWRKTHZ-UHFFFAOYSA-N", "composition": 1, "adsorption": 4.19686}]}, {"pressure": 3.50404, "total_adsorption": 4.21603, "species_data": [{"InChIKey": "ATUOYWHBWRKTHZ-UHFFFAOYSA-N", "composition": 1, "adsorption": 4.21603}]}, {"pressure": 3.74663, "total_adsorption": 4.25436, "species_data": [{"InChIKey": "ATUOYWHBWRKTHZ-UHFFFAOYSA-N", "composition": 1, "adsorption": 4.25436}]}, {"pressure": 4.31267, "total_adsorption": 4.29268, "species_data": [{"InChIKey": "ATUOYWHBWRKTHZ-UHFFFAOYSA-N", "composition": 1, "adsorption": 4.29268}]}, {"pressure": 4.66307, "total_adsorption": 4.31185, "species_data": [{"InChIKey": "ATUOYWHBWRKTHZ-UHFFFAOYSA-N", "composition": 1, "adsorption": 4.31185}]}, {"pressure": 5.06739, "total_adsorption": 4.33101, "species_data": [{"InChIKey": "ATUOYWHBWRKTHZ-UHFFFAOYSA-N", "composition": 1, "adsorption": 4.33101}]}, {"pressure": 5.41779, "total_adsorption": 4.33101, "species_data": [{"InChIKey": "ATUOYWHBWRKTHZ-UHFFFAOYSA-N", "composition": 1, "adsorption": 4.33101}]}, {"pressure": 5.57951, "total_adsorption": 4.35017, "species_data": [{"InChIKey": "ATUOYWHBWRKTHZ-UHFFFAOYSA-N", "composition": 1, "adsorption": 4.35017}]}, {"pressure": 5.95687, "total_adsorption": 4.3885, "species_data": [{"InChIKey": "ATUOYWHBWRKTHZ-UHFFFAOYSA-N", "composition": 1, "adsorption": 4.3885}]}, {"pressure": 6.49596, "total_adsorption": 4.40767, "species_data": [{"InChIKey": "ATUOYWHBWRKTHZ-UHFFFAOYSA-N", "composition": 1, "adsorption": 4.40767}]}, {"pressure": 6.95418, "total_adsorption": 4.42683, "species_data": [{"InChIKey": "ATUOYWHBWRKTHZ-UHFFFAOYSA-N", "composition": 1, "adsorption": 4.42683}]}, {"pressure": 7.57412, "total_adsorption": 4.46516, "species_data": [{"InChIKey": "ATUOYWHBWRKTHZ-UHFFFAOYSA-N", "composition": 1, "adsorption": 4.46516}]}, {"pressure": 8.14016, "total_adsorption": 4.44599, "species_data": [{"InChIKey": "ATUOYWHBWRKTHZ-UHFFFAOYSA-N", "composition": 1, "adsorption": 4.44599}]}, {"pressure": 8.67925, "total_adsorption": 4.42683, "species_data": [{"InChIKey": "ATUOYWHBWRKTHZ-UHFFFAOYSA-N", "composition": 1, "adsorption": 4.42683}]}]}