{"filename": "10.1021Jp205369t.Isotherm36", "DOI": "10.1021/Jp205369t", "articleSource": "UNKNOWN", "date": "1000-01-01", "digitizer": "UNKNOWN", "adsorbent": {"hashkey": "NIST-MATDB-c2ffee037e058a74e93de7f891e25331", "name": "MIL-53(Fe)-Br"}, "adsorbates": [{"InChIKey": "ATUOYWHBWRKTHZ-UHFFFAOYSA-N", "name": "N-propane"}], "category": "", "temperature": 303, "isotherm_type": "", "adsorptionUnits": "molecules/unitcell", "pressureUnits": "bar", "compositionType": "molefraction", "concentrationUnits": "", "isotherm_data": [{"pressure": 0.0171555, "total_adsorption": 1.86877, "species_data": [{"InChIKey": "ATUOYWHBWRKTHZ-UHFFFAOYSA-N", "composition": 1, "adsorption": 1.86877}]}, {"pressure": 0.0194949, "total_adsorption": 1.50997, "species_data": [{"InChIKey": "ATUOYWHBWRKTHZ-UHFFFAOYSA-N", "composition": 1, "adsorption": 1.50997}]}, {"pressure": 0.023004, "total_adsorption": 0.971761, "species_data": [{"InChIKey": "ATUOYWHBWRKTHZ-UHFFFAOYSA-N", "composition": 1, "adsorption": 0.971761}]}, {"pressure": 0.0746655, "total_adsorption": 2.04817, "species_data": [{"InChIKey": "ATUOYWHBWRKTHZ-UHFFFAOYSA-N", "composition": 1, "adsorption": 2.04817}]}, {"pressure": 0.103226, "total_adsorption": 2.16777, "species_data": [{"InChIKey": "ATUOYWHBWRKTHZ-UHFFFAOYSA-N", "composition": 1, "adsorption": 2.16777}]}, {"pressure": 0.306168, "total_adsorption": 2.54153, "species_data": [{"InChIKey": "ATUOYWHBWRKTHZ-UHFFFAOYSA-N", "composition": 1, "adsorption": 2.54153}]}, {"pressure": 0.510767, "total_adsorption": 2.66113, "species_data": [{"InChIKey": "ATUOYWHBWRKTHZ-UHFFFAOYSA-N", "composition": 1, "adsorption": 2.66113}]}, {"pressure": 0.744901, "total_adsorption": 2.75083, "species_data": [{"InChIKey": "ATUOYWHBWRKTHZ-UHFFFAOYSA-N", "composition": 1, "adsorption": 2.75083}]}, {"pressure": 1.00857, "total_adsorption": 2.81063, "species_data": [{"InChIKey": "ATUOYWHBWRKTHZ-UHFFFAOYSA-N", "composition": 1, "adsorption": 2.81063}]}, {"pressure": 2.03449, "total_adsorption": 2.96013, "species_data": [{"InChIKey": "ATUOYWHBWRKTHZ-UHFFFAOYSA-N", "composition": 1, "adsorption": 2.96013}]}, {"pressure": 2.53307, "total_adsorption": 2.99003, "species_data": [{"InChIKey": "ATUOYWHBWRKTHZ-UHFFFAOYSA-N", "composition": 1, "adsorption": 2.99003}]}, {"pressure": 3.03156, "total_adsorption": 3.03488, "species_data": [{"InChIKey": "ATUOYWHBWRKTHZ-UHFFFAOYSA-N", "composition": 1, "adsorption": 3.03488}]}, {"pressure": 4.02882, "total_adsorption": 3.07973, "species_data": [{"InChIKey": "ATUOYWHBWRKTHZ-UHFFFAOYSA-N", "composition": 1, "adsorption": 3.07973}]}, {"pressure": 5.05552, "total_adsorption": 3.10963, "species_data": [{"InChIKey": "ATUOYWHBWRKTHZ-UHFFFAOYSA-N", "composition": 1, "adsorption": 3.10963}]}, {"pressure": 6.02344, "total_adsorption": 3.15449, "species_data": [{"InChIKey": "ATUOYWHBWRKTHZ-UHFFFAOYSA-N", "composition": 1, "adsorption": 3.15449}]}, {"pressure": 6.99156, "total_adsorption": 3.16944, "species_data": [{"InChIKey": "ATUOYWHBWRKTHZ-UHFFFAOYSA-N", "composition": 1, "adsorption": 3.16944}]}, {"pressure": 8.01826, "total_adsorption": 3.19934, "species_data": [{"InChIKey": "ATUOYWHBWRKTHZ-UHFFFAOYSA-N", "composition": 1, "adsorption": 3.19934}]}, {"pressure": 8.98628, "total_adsorption": 3.22924, "species_data": [{"InChIKey": "ATUOYWHBWRKTHZ-UHFFFAOYSA-N", "composition": 1, "adsorption": 3.22924}]}, {"pressure": 10.0131, "total_adsorption": 3.24419, "species_data": [{"InChIKey": "ATUOYWHBWRKTHZ-UHFFFAOYSA-N", "composition": 1, "adsorption": 3.24419}]}]}