{"filename": "10.1016j.micromeso.2012.01.008.Isotherm9", "DOI": "10.1016/j.micromeso.2012.01.008", "articleSource": "UNKNOWN", "date": "1000-01-01", "digitizer": "UNKNOWN", "adsorbent": {"hashkey": "NIST-MATDB-ec7a61a3cdcf887e5c56f0d182f1049a", "name": "Cu(BF4)2(bpy)2"}, "adsorbates": [{"InChIKey": "IJGRMHOSHXDMSA-UHFFFAOYSA-N", "name": "Nitrogen"}], "category": "", "temperature": 298, "isotherm_type": "", "adsorptionUnits": "cm3(STP)/g", "pressureUnits": "bar", "compositionType": "molefraction", "concentrationUnits": "", "isotherm_data": [{"pressure": 1.94004, "total_adsorption": 1.59505, "species_data": [{"InChIKey": "IJGRMHOSHXDMSA-UHFFFAOYSA-N", "composition": 1, "adsorption": 1.59505}]}, {"pressure": 2.95024, "total_adsorption": 1.84203, "species_data": [{"InChIKey": "IJGRMHOSHXDMSA-UHFFFAOYSA-N", "composition": 1, "adsorption": 1.84203}]}, {"pressure": 4.00095, "total_adsorption": 2.36261, "species_data": [{"InChIKey": "IJGRMHOSHXDMSA-UHFFFAOYSA-N", "composition": 1, "adsorption": 2.36261}]}, {"pressure": 5.01116, "total_adsorption": 2.60958, "species_data": [{"InChIKey": "IJGRMHOSHXDMSA-UHFFFAOYSA-N", "composition": 1, "adsorption": 2.60958}]}, {"pressure": 5.94066, "total_adsorption": 3.1335, "species_data": [{"InChIKey": "IJGRMHOSHXDMSA-UHFFFAOYSA-N", "composition": 1, "adsorption": 3.1335}]}, {"pressure": 6.99126, "total_adsorption": 3.37936, "species_data": [{"InChIKey": "IJGRMHOSHXDMSA-UHFFFAOYSA-N", "composition": 1, "adsorption": 3.37936}]}, {"pressure": 8.00147, "total_adsorption": 3.62633, "species_data": [{"InChIKey": "IJGRMHOSHXDMSA-UHFFFAOYSA-N", "composition": 1, "adsorption": 3.62633}]}, {"pressure": 8.93097, "total_adsorption": 4.15025, "species_data": [{"InChIKey": "IJGRMHOSHXDMSA-UHFFFAOYSA-N", "composition": 1, "adsorption": 4.15025}]}, {"pressure": 9.98169, "total_adsorption": 4.67083, "species_data": [{"InChIKey": "IJGRMHOSHXDMSA-UHFFFAOYSA-N", "composition": 1, "adsorption": 4.67083}]}, {"pressure": 11.0727, "total_adsorption": 4.91559, "species_data": [{"InChIKey": "IJGRMHOSHXDMSA-UHFFFAOYSA-N", "composition": 1, "adsorption": 4.91559}]}, {"pressure": 11.9214, "total_adsorption": 5.44172, "species_data": [{"InChIKey": "IJGRMHOSHXDMSA-UHFFFAOYSA-N", "composition": 1, "adsorption": 5.44172}]}, {"pressure": 12.972, "total_adsorption": 5.68758, "species_data": [{"InChIKey": "IJGRMHOSHXDMSA-UHFFFAOYSA-N", "composition": 1, "adsorption": 5.68758}]}, {"pressure": 13.942, "total_adsorption": 6.48511, "species_data": [{"InChIKey": "IJGRMHOSHXDMSA-UHFFFAOYSA-N", "composition": 1, "adsorption": 6.48511}]}, {"pressure": 15.0329, "total_adsorption": 6.45514, "species_data": [{"InChIKey": "IJGRMHOSHXDMSA-UHFFFAOYSA-N", "composition": 1, "adsorption": 6.45514}]}, {"pressure": 16.0027, "total_adsorption": 6.70322, "species_data": [{"InChIKey": "IJGRMHOSHXDMSA-UHFFFAOYSA-N", "composition": 1, "adsorption": 6.70322}]}, {"pressure": 16.9323, "total_adsorption": 7.50186, "species_data": [{"InChIKey": "IJGRMHOSHXDMSA-UHFFFAOYSA-N", "composition": 1, "adsorption": 7.50186}]}, {"pressure": 17.9828, "total_adsorption": 7.473, "species_data": [{"InChIKey": "IJGRMHOSHXDMSA-UHFFFAOYSA-N", "composition": 1, "adsorption": 7.473}]}]}