{"isotherm_data":[{"pressure":0.16129,"total_adsorption":0.195207,"species_data":[{"composition":1,"adsorption":0.195207,"InChIKey":"VNWKTOKETHGBQD-UHFFFAOYSA-N"}]},{"pressure":0.571848,"total_adsorption":0.454203,"species_data":[{"composition":1,"adsorption":0.454203,"InChIKey":"VNWKTOKETHGBQD-UHFFFAOYSA-N"}]},{"pressure":1.05572,"total_adsorption":0.647299,"species_data":[{"composition":1,"adsorption":0.647299,"InChIKey":"VNWKTOKETHGBQD-UHFFFAOYSA-N"}]},{"pressure":2.03812,"total_adsorption":1.0334,"species_data":[{"composition":1,"adsorption":1.0334,"InChIKey":"VNWKTOKETHGBQD-UHFFFAOYSA-N"}]},{"pressure":3.03519,"total_adsorption":1.45211,"species_data":[{"composition":1,"adsorption":1.45211,"InChIKey":"VNWKTOKETHGBQD-UHFFFAOYSA-N"}]},{"pressure":4.51613,"total_adsorption":1.96578,"species_data":[{"composition":1,"adsorption":1.96578,"InChIKey":"VNWKTOKETHGBQD-UHFFFAOYSA-N"}]}],"temperature":303,"articleSource":"UNKNOWN","compositionType":"molefraction","adsorbates":[{"name":"Methane","InChIKey":"VNWKTOKETHGBQD-UHFFFAOYSA-N"}],"adsorptionUnits":"mmol/g","date":"1000-01-01","category":"","digitizer":"UNKNOWN","pressureUnits":"bar","DOI":"10.1021/Jp077618g","adsorbent":{"name":"MOF-508","hashkey":"NIST-MATDB-a4b3fc60364cef8a9eb12e7bbc908a8b"},"concentrationUnits":"","filename":"10.1021Jp077618g.isotherm1b","isotherm_type":""}