{"isotherm_data":[{"pressure":0.0808625,"total_adsorption":0.0808625,"species_data":[{"composition":1,"adsorption":0.0808625,"InChIKey":"ATUOYWHBWRKTHZ-UHFFFAOYSA-N"}]},{"pressure":0.134771,"total_adsorption":2.77875,"species_data":[{"composition":1,"adsorption":2.77875,"InChIKey":"ATUOYWHBWRKTHZ-UHFFFAOYSA-N"}]},{"pressure":0.188679,"total_adsorption":3.02787,"species_data":[{"composition":1,"adsorption":3.02787,"InChIKey":"ATUOYWHBWRKTHZ-UHFFFAOYSA-N"}]},{"pressure":0.296496,"total_adsorption":3.18118,"species_data":[{"composition":1,"adsorption":3.18118,"InChIKey":"ATUOYWHBWRKTHZ-UHFFFAOYSA-N"}]},{"pressure":0.431267,"total_adsorption":3.4878,"species_data":[{"composition":1,"adsorption":3.4878,"InChIKey":"ATUOYWHBWRKTHZ-UHFFFAOYSA-N"}]},{"pressure":0.512129,"total_adsorption":3.5453,"species_data":[{"composition":1,"adsorption":3.5453,"InChIKey":"ATUOYWHBWRKTHZ-UHFFFAOYSA-N"}]},{"pressure":0.619946,"total_adsorption":3.62195,"species_data":[{"composition":1,"adsorption":3.62195,"InChIKey":"ATUOYWHBWRKTHZ-UHFFFAOYSA-N"}]},{"pressure":0.808625,"total_adsorption":3.7561,"species_data":[{"composition":1,"adsorption":3.7561,"InChIKey":"ATUOYWHBWRKTHZ-UHFFFAOYSA-N"}]},{"pressure":1.02426,"total_adsorption":3.83275,"species_data":[{"composition":1,"adsorption":3.83275,"InChIKey":"ATUOYWHBWRKTHZ-UHFFFAOYSA-N"}]},{"pressure":1.2938,"total_adsorption":3.89024,"species_data":[{"composition":1,"adsorption":3.89024,"InChIKey":"ATUOYWHBWRKTHZ-UHFFFAOYSA-N"}]},{"pressure":1.72507,"total_adsorption":3.98606,"species_data":[{"composition":1,"adsorption":3.98606,"InChIKey":"ATUOYWHBWRKTHZ-UHFFFAOYSA-N"}]},{"pressure":2.10243,"total_adsorption":4.06272,"species_data":[{"composition":1,"adsorption":4.06272,"InChIKey":"ATUOYWHBWRKTHZ-UHFFFAOYSA-N"}]},{"pressure":2.34501,"total_adsorption":4.08188,"species_data":[{"composition":1,"adsorption":4.08188,"InChIKey":"ATUOYWHBWRKTHZ-UHFFFAOYSA-N"}]},{"pressure":2.83019,"total_adsorption":4.15854,"species_data":[{"composition":1,"adsorption":4.15854,"InChIKey":"ATUOYWHBWRKTHZ-UHFFFAOYSA-N"}]},{"pressure":3.20755,"total_adsorption":4.19686,"species_data":[{"composition":1,"adsorption":4.19686,"InChIKey":"ATUOYWHBWRKTHZ-UHFFFAOYSA-N"}]},{"pressure":3.50404,"total_adsorption":4.21603,"species_data":[{"composition":1,"adsorption":4.21603,"InChIKey":"ATUOYWHBWRKTHZ-UHFFFAOYSA-N"}]},{"pressure":3.74663,"total_adsorption":4.25436,"species_data":[{"composition":1,"adsorption":4.25436,"InChIKey":"ATUOYWHBWRKTHZ-UHFFFAOYSA-N"}]},{"pressure":4.31267,"total_adsorption":4.29268,"species_data":[{"composition":1,"adsorption":4.29268,"InChIKey":"ATUOYWHBWRKTHZ-UHFFFAOYSA-N"}]},{"pressure":4.66307,"total_adsorption":4.31185,"species_data":[{"composition":1,"adsorption":4.31185,"InChIKey":"ATUOYWHBWRKTHZ-UHFFFAOYSA-N"}]},{"pressure":5.06739,"total_adsorption":4.33101,"species_data":[{"composition":1,"adsorption":4.33101,"InChIKey":"ATUOYWHBWRKTHZ-UHFFFAOYSA-N"}]},{"pressure":5.41779,"total_adsorption":4.33101,"species_data":[{"composition":1,"adsorption":4.33101,"InChIKey":"ATUOYWHBWRKTHZ-UHFFFAOYSA-N"}]},{"pressure":5.57951,"total_adsorption":4.35017,"species_data":[{"composition":1,"adsorption":4.35017,"InChIKey":"ATUOYWHBWRKTHZ-UHFFFAOYSA-N"}]},{"pressure":5.95687,"total_adsorption":4.3885,"species_data":[{"composition":1,"adsorption":4.3885,"InChIKey":"ATUOYWHBWRKTHZ-UHFFFAOYSA-N"}]},{"pressure":6.49596,"total_adsorption":4.40767,"species_data":[{"composition":1,"adsorption":4.40767,"InChIKey":"ATUOYWHBWRKTHZ-UHFFFAOYSA-N"}]},{"pressure":6.95418,"total_adsorption":4.42683,"species_data":[{"composition":1,"adsorption":4.42683,"InChIKey":"ATUOYWHBWRKTHZ-UHFFFAOYSA-N"}]},{"pressure":7.57412,"total_adsorption":4.46516,"species_data":[{"composition":1,"adsorption":4.46516,"InChIKey":"ATUOYWHBWRKTHZ-UHFFFAOYSA-N"}]},{"pressure":8.14016,"total_adsorption":4.44599,"species_data":[{"composition":1,"adsorption":4.44599,"InChIKey":"ATUOYWHBWRKTHZ-UHFFFAOYSA-N"}]},{"pressure":8.67925,"total_adsorption":4.42683,"species_data":[{"composition":1,"adsorption":4.42683,"InChIKey":"ATUOYWHBWRKTHZ-UHFFFAOYSA-N"}]}],"temperature":303,"articleSource":"UNKNOWN","compositionType":"molefraction","adsorbates":[{"name":"N-propane","InChIKey":"ATUOYWHBWRKTHZ-UHFFFAOYSA-N"}],"adsorptionUnits":"molecules/unitcell","date":"1000-01-01","category":"","digitizer":"UNKNOWN","pressureUnits":"bar","DOI":"10.1039/C001173h","adsorbent":{"name":"MIL-53(Cr)","hashkey":"NIST-MATDB-7cb7f2ebc677a987561f61f34f01f965"},"concentrationUnits":"","filename":"10.1039C001173h.Isotherm13","isotherm_type":""}