{"isotherm_data":[{"pressure":0,"total_adsorption":3.74578,"species_data":[{"composition":1,"adsorption":3.74578,"InChIKey":"IJGRMHOSHXDMSA-UHFFFAOYSA-N"}]},{"pressure":1.0e-6,"total_adsorption":11.0506,"species_data":[{"composition":1,"adsorption":11.0506,"InChIKey":"IJGRMHOSHXDMSA-UHFFFAOYSA-N"}]},{"pressure":1.0e-6,"total_adsorption":13.4924,"species_data":[{"composition":1,"adsorption":13.4924,"InChIKey":"IJGRMHOSHXDMSA-UHFFFAOYSA-N"}]},{"pressure":1.0e-6,"total_adsorption":17.1506,"species_data":[{"composition":1,"adsorption":17.1506,"InChIKey":"IJGRMHOSHXDMSA-UHFFFAOYSA-N"}]},{"pressure":1.0e-6,"total_adsorption":22.0196,"species_data":[{"composition":1,"adsorption":22.0196,"InChIKey":"IJGRMHOSHXDMSA-UHFFFAOYSA-N"}]},{"pressure":1.0e-6,"total_adsorption":26.8943,"species_data":[{"composition":1,"adsorption":26.8943,"InChIKey":"IJGRMHOSHXDMSA-UHFFFAOYSA-N"}]},{"pressure":2.0e-6,"total_adsorption":30.5555,"species_data":[{"composition":1,"adsorption":30.5555,"InChIKey":"IJGRMHOSHXDMSA-UHFFFAOYSA-N"}]},{"pressure":2.0e-6,"total_adsorption":35.4274,"species_data":[{"composition":1,"adsorption":35.4274,"InChIKey":"IJGRMHOSHXDMSA-UHFFFAOYSA-N"}]},{"pressure":3.0e-6,"total_adsorption":37.8749,"species_data":[{"composition":1,"adsorption":37.8749,"InChIKey":"IJGRMHOSHXDMSA-UHFFFAOYSA-N"}]},{"pressure":4.0e-6,"total_adsorption":43.9633,"species_data":[{"composition":1,"adsorption":43.9633,"InChIKey":"IJGRMHOSHXDMSA-UHFFFAOYSA-N"}]},{"pressure":5.0e-6,"total_adsorption":47.6215,"species_data":[{"composition":1,"adsorption":47.6215,"InChIKey":"IJGRMHOSHXDMSA-UHFFFAOYSA-N"}]},{"pressure":6.0e-6,"total_adsorption":52.4905,"species_data":[{"composition":1,"adsorption":52.4905,"InChIKey":"IJGRMHOSHXDMSA-UHFFFAOYSA-N"}]},{"pressure":7.0e-6,"total_adsorption":57.3623,"species_data":[{"composition":1,"adsorption":57.3623,"InChIKey":"IJGRMHOSHXDMSA-UHFFFAOYSA-N"}]},{"pressure":9.0e-6,"total_adsorption":62.2312,"species_data":[{"composition":1,"adsorption":62.2312,"InChIKey":"IJGRMHOSHXDMSA-UHFFFAOYSA-N"}]},{"pressure":1.2e-5,"total_adsorption":68.3196,"species_data":[{"composition":1,"adsorption":68.3196,"InChIKey":"IJGRMHOSHXDMSA-UHFFFAOYSA-N"}]},{"pressure":1.5e-5,"total_adsorption":74.405,"species_data":[{"composition":1,"adsorption":74.405,"InChIKey":"IJGRMHOSHXDMSA-UHFFFAOYSA-N"}]},{"pressure":1.9e-5,"total_adsorption":79.2769,"species_data":[{"composition":1,"adsorption":79.2769,"InChIKey":"IJGRMHOSHXDMSA-UHFFFAOYSA-N"}]},{"pressure":2.3e-5,"total_adsorption":82.9351,"species_data":[{"composition":1,"adsorption":82.9351,"InChIKey":"IJGRMHOSHXDMSA-UHFFFAOYSA-N"}]},{"pressure":2.7e-5,"total_adsorption":86.5876,"species_data":[{"composition":1,"adsorption":86.5876,"InChIKey":"IJGRMHOSHXDMSA-UHFFFAOYSA-N"}]},{"pressure":3.1e-5,"total_adsorption":89.0235,"species_data":[{"composition":1,"adsorption":89.0235,"InChIKey":"IJGRMHOSHXDMSA-UHFFFAOYSA-N"}]},{"pressure":3.4e-5,"total_adsorption":92.673,"species_data":[{"composition":1,"adsorption":92.673,"InChIKey":"IJGRMHOSHXDMSA-UHFFFAOYSA-N"}]},{"pressure":4.4e-5,"total_adsorption":97.5448,"species_data":[{"composition":1,"adsorption":97.5448,"InChIKey":"IJGRMHOSHXDMSA-UHFFFAOYSA-N"}]},{"pressure":4.9e-5,"total_adsorption":101.194,"species_data":[{"composition":1,"adsorption":101.194,"InChIKey":"IJGRMHOSHXDMSA-UHFFFAOYSA-N"}]},{"pressure":5.7e-5,"total_adsorption":106.06,"species_data":[{"composition":1,"adsorption":106.06,"InChIKey":"IJGRMHOSHXDMSA-UHFFFAOYSA-N"}]},{"pressure":6.7e-5,"total_adsorption":109.713,"species_data":[{"composition":1,"adsorption":109.713,"InChIKey":"IJGRMHOSHXDMSA-UHFFFAOYSA-N"}]},{"pressure":7.8e-5,"total_adsorption":113.365,"species_data":[{"composition":1,"adsorption":113.365,"InChIKey":"IJGRMHOSHXDMSA-UHFFFAOYSA-N"}]},{"pressure":9.1e-5,"total_adsorption":119.445,"species_data":[{"composition":1,"adsorption":119.445,"InChIKey":"IJGRMHOSHXDMSA-UHFFFAOYSA-N"}]},{"pressure":0.000102,"total_adsorption":124.308,"species_data":[{"composition":1,"adsorption":124.308,"InChIKey":"IJGRMHOSHXDMSA-UHFFFAOYSA-N"}]},{"pressure":0.000124,"total_adsorption":127.963,"species_data":[{"composition":1,"adsorption":127.963,"InChIKey":"IJGRMHOSHXDMSA-UHFFFAOYSA-N"}]},{"pressure":0.000139,"total_adsorption":130.399,"species_data":[{"composition":1,"adsorption":130.399,"InChIKey":"IJGRMHOSHXDMSA-UHFFFAOYSA-N"}]},{"pressure":0.000162,"total_adsorption":135.265,"species_data":[{"composition":1,"adsorption":135.265,"InChIKey":"IJGRMHOSHXDMSA-UHFFFAOYSA-N"}]},{"pressure":0.000189,"total_adsorption":141.345,"species_data":[{"composition":1,"adsorption":141.345,"InChIKey":"IJGRMHOSHXDMSA-UHFFFAOYSA-N"}]},{"pressure":0.000229,"total_adsorption":145,"species_data":[{"composition":1,"adsorption":145,"InChIKey":"IJGRMHOSHXDMSA-UHFFFAOYSA-N"}]},{"pressure":0.000313,"total_adsorption":151.091,"species_data":[{"composition":1,"adsorption":151.091,"InChIKey":"IJGRMHOSHXDMSA-UHFFFAOYSA-N"}]},{"pressure":0.00041,"total_adsorption":158.393,"species_data":[{"composition":1,"adsorption":158.393,"InChIKey":"IJGRMHOSHXDMSA-UHFFFAOYSA-N"}]},{"pressure":0.00079,"total_adsorption":176.647,"species_data":[{"composition":1,"adsorption":176.647,"InChIKey":"IJGRMHOSHXDMSA-UHFFFAOYSA-N"}]},{"pressure":0.001359,"total_adsorption":187.61,"species_data":[{"composition":1,"adsorption":187.61,"InChIKey":"IJGRMHOSHXDMSA-UHFFFAOYSA-N"}]},{"pressure":0.005261,"total_adsorption":216.838,"species_data":[{"composition":1,"adsorption":216.838,"InChIKey":"IJGRMHOSHXDMSA-UHFFFAOYSA-N"}]},{"pressure":0.006636,"total_adsorption":220.496,"species_data":[{"composition":1,"adsorption":220.496,"InChIKey":"IJGRMHOSHXDMSA-UHFFFAOYSA-N"}]},{"pressure":0.008699,"total_adsorption":226.585,"species_data":[{"composition":1,"adsorption":226.585,"InChIKey":"IJGRMHOSHXDMSA-UHFFFAOYSA-N"}]},{"pressure":0.010972,"total_adsorption":231.456,"species_data":[{"composition":1,"adsorption":231.456,"InChIKey":"IJGRMHOSHXDMSA-UHFFFAOYSA-N"}]},{"pressure":0.013313,"total_adsorption":236.325,"species_data":[{"composition":1,"adsorption":236.325,"InChIKey":"IJGRMHOSHXDMSA-UHFFFAOYSA-N"}]},{"pressure":0.015537,"total_adsorption":242.405,"species_data":[{"composition":1,"adsorption":242.405,"InChIKey":"IJGRMHOSHXDMSA-UHFFFAOYSA-N"}]},{"pressure":0.018851,"total_adsorption":247.274,"species_data":[{"composition":1,"adsorption":247.274,"InChIKey":"IJGRMHOSHXDMSA-UHFFFAOYSA-N"}]},{"pressure":0.02471,"total_adsorption":254.576,"species_data":[{"composition":1,"adsorption":254.576,"InChIKey":"IJGRMHOSHXDMSA-UHFFFAOYSA-N"}]},{"pressure":0.029978,"total_adsorption":260.658,"species_data":[{"composition":1,"adsorption":260.658,"InChIKey":"IJGRMHOSHXDMSA-UHFFFAOYSA-N"}]},{"pressure":0.036373,"total_adsorption":265.527,"species_data":[{"composition":1,"adsorption":265.527,"InChIKey":"IJGRMHOSHXDMSA-UHFFFAOYSA-N"}]},{"pressure":0.040837,"total_adsorption":271.604,"species_data":[{"composition":1,"adsorption":271.604,"InChIKey":"IJGRMHOSHXDMSA-UHFFFAOYSA-N"}]},{"pressure":0.045857,"total_adsorption":275.253,"species_data":[{"composition":1,"adsorption":275.253,"InChIKey":"IJGRMHOSHXDMSA-UHFFFAOYSA-N"}]},{"pressure":0.04766,"total_adsorption":277.683,"species_data":[{"composition":1,"adsorption":277.683,"InChIKey":"IJGRMHOSHXDMSA-UHFFFAOYSA-N"}]},{"pressure":0.049529,"total_adsorption":281.327,"species_data":[{"composition":1,"adsorption":281.327,"InChIKey":"IJGRMHOSHXDMSA-UHFFFAOYSA-N"}]},{"pressure":0.060088,"total_adsorption":287.41,"species_data":[{"composition":1,"adsorption":287.41,"InChIKey":"IJGRMHOSHXDMSA-UHFFFAOYSA-N"}]},{"pressure":0.067464,"total_adsorption":293.486,"species_data":[{"composition":1,"adsorption":293.486,"InChIKey":"IJGRMHOSHXDMSA-UHFFFAOYSA-N"}]},{"pressure":0.081837,"total_adsorption":300.782,"species_data":[{"composition":1,"adsorption":300.782,"InChIKey":"IJGRMHOSHXDMSA-UHFFFAOYSA-N"}]},{"pressure":0.088398,"total_adsorption":305.643,"species_data":[{"composition":1,"adsorption":305.643,"InChIKey":"IJGRMHOSHXDMSA-UHFFFAOYSA-N"}]},{"pressure":0.103178,"total_adsorption":310.509,"species_data":[{"composition":1,"adsorption":310.509,"InChIKey":"IJGRMHOSHXDMSA-UHFFFAOYSA-N"}]},{"pressure":0.12514,"total_adsorption":320.232,"species_data":[{"composition":1,"adsorption":320.232,"InChIKey":"IJGRMHOSHXDMSA-UHFFFAOYSA-N"}]},{"pressure":0.151805,"total_adsorption":327.528,"species_data":[{"composition":1,"adsorption":327.528,"InChIKey":"IJGRMHOSHXDMSA-UHFFFAOYSA-N"}]},{"pressure":0.170452,"total_adsorption":332.391,"species_data":[{"composition":1,"adsorption":332.391,"InChIKey":"IJGRMHOSHXDMSA-UHFFFAOYSA-N"}]},{"pressure":0.206752,"total_adsorption":340.901,"species_data":[{"composition":1,"adsorption":340.901,"InChIKey":"IJGRMHOSHXDMSA-UHFFFAOYSA-N"}]},{"pressure":0.23215,"total_adsorption":345.764,"species_data":[{"composition":1,"adsorption":345.764,"InChIKey":"IJGRMHOSHXDMSA-UHFFFAOYSA-N"}]},{"pressure":0.260715,"total_adsorption":348.2,"species_data":[{"composition":1,"adsorption":348.2,"InChIKey":"IJGRMHOSHXDMSA-UHFFFAOYSA-N"}]},{"pressure":0.304277,"total_adsorption":354.279,"species_data":[{"composition":1,"adsorption":354.279,"InChIKey":"IJGRMHOSHXDMSA-UHFFFAOYSA-N"}]},{"pressure":0.328701,"total_adsorption":357.926,"species_data":[{"composition":1,"adsorption":357.926,"InChIKey":"IJGRMHOSHXDMSA-UHFFFAOYSA-N"}]},{"pressure":0.383659,"total_adsorption":362.792,"species_data":[{"composition":1,"adsorption":362.792,"InChIKey":"IJGRMHOSHXDMSA-UHFFFAOYSA-N"}]},{"pressure":0.430907,"total_adsorption":364.014,"species_data":[{"composition":1,"adsorption":364.014,"InChIKey":"IJGRMHOSHXDMSA-UHFFFAOYSA-N"}]},{"pressure":0.465495,"total_adsorption":367.661,"species_data":[{"composition":1,"adsorption":367.661,"InChIKey":"IJGRMHOSHXDMSA-UHFFFAOYSA-N"}]},{"pressure":0.502906,"total_adsorption":370.094,"species_data":[{"composition":1,"adsorption":370.094,"InChIKey":"IJGRMHOSHXDMSA-UHFFFAOYSA-N"}]},{"pressure":0.564735,"total_adsorption":373.743,"species_data":[{"composition":1,"adsorption":373.743,"InChIKey":"IJGRMHOSHXDMSA-UHFFFAOYSA-N"}]},{"pressure":0.610122,"total_adsorption":376.176,"species_data":[{"composition":1,"adsorption":376.176,"InChIKey":"IJGRMHOSHXDMSA-UHFFFAOYSA-N"}]},{"pressure":0.685069,"total_adsorption":381.039,"species_data":[{"composition":1,"adsorption":381.039,"InChIKey":"IJGRMHOSHXDMSA-UHFFFAOYSA-N"}]},{"pressure":0.711998,"total_adsorption":383.47,"species_data":[{"composition":1,"adsorption":383.47,"InChIKey":"IJGRMHOSHXDMSA-UHFFFAOYSA-N"}]},{"pressure":0.79946,"total_adsorption":388.333,"species_data":[{"composition":1,"adsorption":388.333,"InChIKey":"IJGRMHOSHXDMSA-UHFFFAOYSA-N"}]},{"pressure":0.863467,"total_adsorption":394.406,"species_data":[{"composition":1,"adsorption":394.406,"InChIKey":"IJGRMHOSHXDMSA-UHFFFAOYSA-N"}]},{"pressure":0.897157,"total_adsorption":400.477,"species_data":[{"composition":1,"adsorption":400.477,"InChIKey":"IJGRMHOSHXDMSA-UHFFFAOYSA-N"}]},{"pressure":0.932249,"total_adsorption":405.335,"species_data":[{"composition":1,"adsorption":405.335,"InChIKey":"IJGRMHOSHXDMSA-UHFFFAOYSA-N"}]},{"pressure":0.968805,"total_adsorption":408.978,"species_data":[{"composition":1,"adsorption":408.978,"InChIKey":"IJGRMHOSHXDMSA-UHFFFAOYSA-N"}]},{"pressure":1.005,"total_adsorption":435.68,"species_data":[{"composition":1,"adsorption":435.68,"InChIKey":"IJGRMHOSHXDMSA-UHFFFAOYSA-N"}]},{"pressure":1.00547,"total_adsorption":429.612,"species_data":[{"composition":1,"adsorption":429.612,"InChIKey":"IJGRMHOSHXDMSA-UHFFFAOYSA-N"}]},{"pressure":1.00585,"total_adsorption":424.758,"species_data":[{"composition":1,"adsorption":424.758,"InChIKey":"IJGRMHOSHXDMSA-UHFFFAOYSA-N"}]},{"pressure":1.00623,"total_adsorption":419.903,"species_data":[{"composition":1,"adsorption":419.903,"InChIKey":"IJGRMHOSHXDMSA-UHFFFAOYSA-N"}]},{"pressure":1.00651,"total_adsorption":416.263,"species_data":[{"composition":1,"adsorption":416.263,"InChIKey":"IJGRMHOSHXDMSA-UHFFFAOYSA-N"}]}],"temperature":77,"articleSource":"Figure 2","compositionType":"molefraction","adsorbates":[{"name":"Nitrogen","InChIKey":"IJGRMHOSHXDMSA-UHFFFAOYSA-N"}],"adsorptionUnits":"cm3(STP)/g","date":"2016-06-30","category":"exp","digitizer":"David A. Anderegg","pressureUnits":"bar","DOI":"10.1016/s0040-6031(99)00375-5","adsorbent":{"name":"Carbon WD","hashkey":"NIST-MATDB-137710359815d5828426f0602f8467b8"},"concentrationUnits":"","filename":"10.1016s0040-6031(99)00375-5.Isotherm6","isotherm_type":""}