{"isotherm_data":[{"pressure":0.32565,"total_adsorption":0.682927,"species_data":[{"composition":1,"adsorption":0.682927,"InChIKey":"CURLTUGMZLYLDI-UHFFFAOYSA-N"}]},{"pressure":0.652161,"total_adsorption":1.21951,"species_data":[{"composition":1,"adsorption":1.21951,"InChIKey":"CURLTUGMZLYLDI-UHFFFAOYSA-N"}]},{"pressure":0.732856,"total_adsorption":1.5122,"species_data":[{"composition":1,"adsorption":1.5122,"InChIKey":"CURLTUGMZLYLDI-UHFFFAOYSA-N"}]},{"pressure":1.22277,"total_adsorption":2.29268,"species_data":[{"composition":1,"adsorption":2.29268,"InChIKey":"CURLTUGMZLYLDI-UHFFFAOYSA-N"}]},{"pressure":1.71325,"total_adsorption":2.97561,"species_data":[{"composition":1,"adsorption":2.97561,"InChIKey":"CURLTUGMZLYLDI-UHFFFAOYSA-N"}]},{"pressure":2.28644,"total_adsorption":3.60976,"species_data":[{"composition":1,"adsorption":3.60976,"InChIKey":"CURLTUGMZLYLDI-UHFFFAOYSA-N"}]},{"pressure":2.6141,"total_adsorption":3.95122,"species_data":[{"composition":1,"adsorption":3.95122,"InChIKey":"CURLTUGMZLYLDI-UHFFFAOYSA-N"}]},{"pressure":3.76393,"total_adsorption":4.63415,"species_data":[{"composition":1,"adsorption":4.63415,"InChIKey":"CURLTUGMZLYLDI-UHFFFAOYSA-N"}]},{"pressure":3.9279,"total_adsorption":4.78049,"species_data":[{"composition":1,"adsorption":4.78049,"InChIKey":"CURLTUGMZLYLDI-UHFFFAOYSA-N"}]},{"pressure":4.91433,"total_adsorption":5.21951,"species_data":[{"composition":1,"adsorption":5.21951,"InChIKey":"CURLTUGMZLYLDI-UHFFFAOYSA-N"}]},{"pressure":6.47739,"total_adsorption":5.70732,"species_data":[{"composition":1,"adsorption":5.70732,"InChIKey":"CURLTUGMZLYLDI-UHFFFAOYSA-N"}]},{"pressure":7.95832,"total_adsorption":6.14634,"species_data":[{"composition":1,"adsorption":6.14634,"InChIKey":"CURLTUGMZLYLDI-UHFFFAOYSA-N"}]},{"pressure":9.60524,"total_adsorption":6.39024,"species_data":[{"composition":1,"adsorption":6.39024,"InChIKey":"CURLTUGMZLYLDI-UHFFFAOYSA-N"}]},{"pressure":16.1958,"total_adsorption":6.87805,"species_data":[{"composition":1,"adsorption":6.87805,"InChIKey":"CURLTUGMZLYLDI-UHFFFAOYSA-N"}]},{"pressure":20.6452,"total_adsorption":7.07317,"species_data":[{"composition":1,"adsorption":7.07317,"InChIKey":"CURLTUGMZLYLDI-UHFFFAOYSA-N"}]},{"pressure":25.9188,"total_adsorption":7.26829,"species_data":[{"composition":1,"adsorption":7.26829,"InChIKey":"CURLTUGMZLYLDI-UHFFFAOYSA-N"}]}],"temperature":298,"articleSource":"UNKNOWN","compositionType":"molefraction","adsorbates":[{"name":"Carbon Dioxide","InChIKey":"CURLTUGMZLYLDI-UHFFFAOYSA-N"}],"adsorptionUnits":"mmol/g","date":"1000-01-01","category":"","digitizer":"UNKNOWN","pressureUnits":"bar","DOI":"10.1016/j.micromeso.2009.06.014","adsorbent":{"name":"Soc-MOF","hashkey":"NIST-MATDB-1b4fff6cb48e3c544cb81776c1f1ac76"},"concentrationUnits":"","filename":"10.1016j.micromeso.2009.06.014.Isotherm25","isotherm_type":""}