{"isotherm_data":[{"pressure":1.30193,"total_adsorption":0.0908272,"species_data":[{"composition":1,"adsorption":0.0908272,"InChIKey":"CURLTUGMZLYLDI-UHFFFAOYSA-N"}]},{"pressure":3.54143,"total_adsorption":0.176037,"species_data":[{"composition":1,"adsorption":0.176037,"InChIKey":"CURLTUGMZLYLDI-UHFFFAOYSA-N"}]},{"pressure":6.92798,"total_adsorption":0.313684,"species_data":[{"composition":1,"adsorption":0.313684,"InChIKey":"CURLTUGMZLYLDI-UHFFFAOYSA-N"}]},{"pressure":8.94899,"total_adsorption":0.418558,"species_data":[{"composition":1,"adsorption":0.418558,"InChIKey":"CURLTUGMZLYLDI-UHFFFAOYSA-N"}]},{"pressure":11.1885,"total_adsorption":0.661079,"species_data":[{"composition":1,"adsorption":0.661079,"InChIKey":"CURLTUGMZLYLDI-UHFFFAOYSA-N"}]},{"pressure":12.9364,"total_adsorption":1.14612,"species_data":[{"composition":1,"adsorption":1.14612,"InChIKey":"CURLTUGMZLYLDI-UHFFFAOYSA-N"}]},{"pressure":15.1213,"total_adsorption":1.72293,"species_data":[{"composition":1,"adsorption":1.72293,"InChIKey":"CURLTUGMZLYLDI-UHFFFAOYSA-N"}]},{"pressure":15.7767,"total_adsorption":1.91957,"species_data":[{"composition":1,"adsorption":1.91957,"InChIKey":"CURLTUGMZLYLDI-UHFFFAOYSA-N"}]},{"pressure":17.6339,"total_adsorption":2.19486,"species_data":[{"composition":1,"adsorption":2.19486,"InChIKey":"CURLTUGMZLYLDI-UHFFFAOYSA-N"}]},{"pressure":19.2725,"total_adsorption":2.35217,"species_data":[{"composition":1,"adsorption":2.35217,"InChIKey":"CURLTUGMZLYLDI-UHFFFAOYSA-N"}]},{"pressure":23.8061,"total_adsorption":2.50948,"species_data":[{"composition":1,"adsorption":2.50948,"InChIKey":"CURLTUGMZLYLDI-UHFFFAOYSA-N"}]}],"temperature":313,"articleSource":"UNKNOWN","compositionType":"molefraction","adsorbates":[{"name":"Carbon Dioxide","InChIKey":"CURLTUGMZLYLDI-UHFFFAOYSA-N"}],"adsorptionUnits":"mg/g","date":"1000-01-01","category":"","digitizer":"UNKNOWN","pressureUnits":"bar","DOI":"10.1021/Ja802474b","adsorbent":{"name":"NiBpeneNiCN","hashkey":"NIST-MATDB-2d66f217cfb755bb09f32b72eec35b0f"},"concentrationUnits":"","filename":"10.1021Ja802474b.isotherm4","isotherm_type":""}