{"isotherm_data":[{"pressure":0.0027,"total_adsorption":null,"species_data":[{"composition":1,"adsorption":0.0311,"InChIKey":"CURLTUGMZLYLDI-UHFFFAOYSA-N"}]},{"pressure":0.01512,"total_adsorption":null,"species_data":[{"composition":1,"adsorption":0.877,"InChIKey":"CURLTUGMZLYLDI-UHFFFAOYSA-N"}]},{"pressure":0.0208,"total_adsorption":null,"species_data":[{"composition":1,"adsorption":3.2485,"InChIKey":"CURLTUGMZLYLDI-UHFFFAOYSA-N"}]},{"pressure":0.04432,"total_adsorption":null,"species_data":[{"composition":1,"adsorption":2.7843,"InChIKey":"CURLTUGMZLYLDI-UHFFFAOYSA-N"}]},{"pressure":0.05869,"total_adsorption":null,"species_data":[{"composition":1,"adsorption":3.3482,"InChIKey":"CURLTUGMZLYLDI-UHFFFAOYSA-N"}]},{"pressure":0.06618,"total_adsorption":null,"species_data":[{"composition":1,"adsorption":4.1692,"InChIKey":"CURLTUGMZLYLDI-UHFFFAOYSA-N"}]},{"pressure":0.09119,"total_adsorption":null,"species_data":[{"composition":1,"adsorption":4.0947,"InChIKey":"CURLTUGMZLYLDI-UHFFFAOYSA-N"}]},{"pressure":0.09658,"total_adsorption":null,"species_data":[{"composition":1,"adsorption":4.7539,"InChIKey":"CURLTUGMZLYLDI-UHFFFAOYSA-N"}]},{"pressure":0.1159,"total_adsorption":null,"species_data":[{"composition":1,"adsorption":5.1189,"InChIKey":"CURLTUGMZLYLDI-UHFFFAOYSA-N"}]},{"pressure":0.13957,"total_adsorption":null,"species_data":[{"composition":1,"adsorption":4.6796,"InChIKey":"CURLTUGMZLYLDI-UHFFFAOYSA-N"}]},{"pressure":0.15883,"total_adsorption":null,"species_data":[{"composition":1,"adsorption":5.5168,"InChIKey":"CURLTUGMZLYLDI-UHFFFAOYSA-N"}]},{"pressure":0.18007,"total_adsorption":null,"species_data":[{"composition":1,"adsorption":5.0442,"InChIKey":"CURLTUGMZLYLDI-UHFFFAOYSA-N"}]},{"pressure":0.21365,"total_adsorption":null,"species_data":[{"composition":1,"adsorption":6.0421,"InChIKey":"CURLTUGMZLYLDI-UHFFFAOYSA-N"}]},{"pressure":0.22385,"total_adsorption":null,"species_data":[{"composition":1,"adsorption":5.4519,"InChIKey":"CURLTUGMZLYLDI-UHFFFAOYSA-N"}]},{"pressure":0.25593,"total_adsorption":null,"species_data":[{"composition":1,"adsorption":5.789,"InChIKey":"CURLTUGMZLYLDI-UHFFFAOYSA-N"}]},{"pressure":0.26545,"total_adsorption":null,"species_data":[{"composition":1,"adsorption":6.6719,"InChIKey":"CURLTUGMZLYLDI-UHFFFAOYSA-N"}]},{"pressure":0.30688,"total_adsorption":null,"species_data":[{"composition":1,"adsorption":6.2543,"InChIKey":"CURLTUGMZLYLDI-UHFFFAOYSA-N"}]},{"pressure":0.31546,"total_adsorption":null,"species_data":[{"composition":1,"adsorption":7.5289,"InChIKey":"CURLTUGMZLYLDI-UHFFFAOYSA-N"}]},{"pressure":0.35877,"total_adsorption":null,"species_data":[{"composition":1,"adsorption":6.8683,"InChIKey":"CURLTUGMZLYLDI-UHFFFAOYSA-N"}]},{"pressure":0.36452,"total_adsorption":null,"species_data":[{"composition":1,"adsorption":8.5686,"InChIKey":"CURLTUGMZLYLDI-UHFFFAOYSA-N"}]},{"pressure":0.39293,"total_adsorption":null,"species_data":[{"composition":1,"adsorption":7.8375,"InChIKey":"CURLTUGMZLYLDI-UHFFFAOYSA-N"}]},{"pressure":0.39897,"total_adsorption":null,"species_data":[{"composition":1,"adsorption":7.673,"InChIKey":"CURLTUGMZLYLDI-UHFFFAOYSA-N"}]},{"pressure":0.46862,"total_adsorption":null,"species_data":[{"composition":1,"adsorption":10.1377,"InChIKey":"CURLTUGMZLYLDI-UHFFFAOYSA-N"}]},{"pressure":0.52718,"total_adsorption":null,"species_data":[{"composition":1,"adsorption":10.3953,"InChIKey":"CURLTUGMZLYLDI-UHFFFAOYSA-N"}]},{"pressure":0.56049,"total_adsorption":null,"species_data":[{"composition":1,"adsorption":10.9074,"InChIKey":"CURLTUGMZLYLDI-UHFFFAOYSA-N"}]},{"pressure":0.62252,"total_adsorption":null,"species_data":[{"composition":1,"adsorption":11.1911,"InChIKey":"CURLTUGMZLYLDI-UHFFFAOYSA-N"}]},{"pressure":0.6652,"total_adsorption":null,"species_data":[{"composition":1,"adsorption":11.5929,"InChIKey":"CURLTUGMZLYLDI-UHFFFAOYSA-N"}]},{"pressure":0.73119,"total_adsorption":null,"species_data":[{"composition":1,"adsorption":11.8806,"InChIKey":"CURLTUGMZLYLDI-UHFFFAOYSA-N"}]},{"pressure":0.76863,"total_adsorption":null,"species_data":[{"composition":1,"adsorption":12.142,"InChIKey":"CURLTUGMZLYLDI-UHFFFAOYSA-N"}]},{"pressure":0.8278,"total_adsorption":null,"species_data":[{"composition":1,"adsorption":12.3704,"InChIKey":"CURLTUGMZLYLDI-UHFFFAOYSA-N"}]},{"pressure":0.91176,"total_adsorption":null,"species_data":[{"composition":1,"adsorption":12.7428,"InChIKey":"CURLTUGMZLYLDI-UHFFFAOYSA-N"}]},{"pressure":0.97418,"total_adsorption":null,"species_data":[{"composition":1,"adsorption":12.9571,"InChIKey":"CURLTUGMZLYLDI-UHFFFAOYSA-N"}]},{"pressure":1.03405,"total_adsorption":null,"species_data":[{"composition":1,"adsorption":13.1677,"InChIKey":"CURLTUGMZLYLDI-UHFFFAOYSA-N"}]}],"temperature":273,"articleSource":"Figure 2","compositionType":"molefraction","adsorbates":[{"name":"Carbon Dioxide","InChIKey":"CURLTUGMZLYLDI-UHFFFAOYSA-N"}],"adsorptionUnits":"wt%","date":"2018-08-09","category":"exp","digitizer":"Soojin Jang","pressureUnits":"bar","DOI":"10.1021/acs.jpcc.5b02359","adsorbent":{"name":"[Zn3(btca)2(OH)2] MeOH","hashkey":"NIST-MATDB-21bd304f964b828142eecce0f718d41f"},"concentrationUnits":"","filename":"10.1021acs.jpcc.5b02359.Isotherm5","isotherm_type":""}