{"isotherm_data":[{"pressure":0.152672,"total_adsorption":0.761488,"species_data":[{"composition":1,"adsorption":0.761488,"InChIKey":"CURLTUGMZLYLDI-UHFFFAOYSA-N"}]},{"pressure":0.519084,"total_adsorption":2.67834,"species_data":[{"composition":1,"adsorption":2.67834,"InChIKey":"CURLTUGMZLYLDI-UHFFFAOYSA-N"}]},{"pressure":1.03817,"total_adsorption":4.75274,"species_data":[{"composition":1,"adsorption":4.75274,"InChIKey":"CURLTUGMZLYLDI-UHFFFAOYSA-N"}]},{"pressure":1.52672,"total_adsorption":6.14442,"species_data":[{"composition":1,"adsorption":6.14442,"InChIKey":"CURLTUGMZLYLDI-UHFFFAOYSA-N"}]},{"pressure":3.05344,"total_adsorption":9.00656,"species_data":[{"composition":1,"adsorption":9.00656,"InChIKey":"CURLTUGMZLYLDI-UHFFFAOYSA-N"}]},{"pressure":4,"total_adsorption":9.87309,"species_data":[{"composition":1,"adsorption":9.87309,"InChIKey":"CURLTUGMZLYLDI-UHFFFAOYSA-N"}]},{"pressure":5.12977,"total_adsorption":10.5295,"species_data":[{"composition":1,"adsorption":10.5295,"InChIKey":"CURLTUGMZLYLDI-UHFFFAOYSA-N"}]},{"pressure":7.20611,"total_adsorption":11.4486,"species_data":[{"composition":1,"adsorption":11.4486,"InChIKey":"CURLTUGMZLYLDI-UHFFFAOYSA-N"}]},{"pressure":9.25191,"total_adsorption":12,"species_data":[{"composition":1,"adsorption":12,"InChIKey":"CURLTUGMZLYLDI-UHFFFAOYSA-N"}]},{"pressure":11.2672,"total_adsorption":12.3676,"species_data":[{"composition":1,"adsorption":12.3676,"InChIKey":"CURLTUGMZLYLDI-UHFFFAOYSA-N"}]},{"pressure":13.313,"total_adsorption":12.5514,"species_data":[{"composition":1,"adsorption":12.5514,"InChIKey":"CURLTUGMZLYLDI-UHFFFAOYSA-N"}]},{"pressure":15.4504,"total_adsorption":12.7877,"species_data":[{"composition":1,"adsorption":12.7877,"InChIKey":"CURLTUGMZLYLDI-UHFFFAOYSA-N"}]}],"temperature":298,"articleSource":"UNKNOWN","compositionType":"molefraction","adsorbates":[{"name":"Carbon Dioxide","InChIKey":"CURLTUGMZLYLDI-UHFFFAOYSA-N"}],"adsorptionUnits":"mmol/g","date":"1000-01-01","category":"","digitizer":"UNKNOWN","pressureUnits":"bar","DOI":"10.1021/Ef800938e","adsorbent":{"name":"CuBTC","hashkey":"NIST-MATDB-991daf7313251e7e607e2bab2da57e33"},"concentrationUnits":"","filename":"10.1021Ef800938e.isotherm19","isotherm_type":""}