{"filename": "10.1039B406051b.Isotherm10", "DOI": "10.1039/B406051b", "articleSource": "UNKNOWN", "date": "1000-01-01", "digitizer": "UNKNOWN", "adsorbent": {"hashkey": "NIST-MATDB-5d0728ebc1e0053aa120288307a704c8", "name": "Silicalite MFI"}, "adsorbates": [{"InChIKey": "UHOVQNZJYSORNB-UHFFFAOYSA-N", "name": "Benzene"}], "category": "", "temperature": 415, "isotherm_type": "", "adsorptionUnits": "mmol/g", "pressureUnits": "bar", "compositionType": "molefraction", "concentrationUnits": "", "isotherm_data": [{"pressure": 0.00376277, "total_adsorption": 0.0978057, "species_data": [{"InChIKey": "UHOVQNZJYSORNB-UHFFFAOYSA-N", "composition": 1, "adsorption": 0.0978057}]}, {"pressure": 0.00543238, "total_adsorption": 0.149027, "species_data": [{"InChIKey": "UHOVQNZJYSORNB-UHFFFAOYSA-N", "composition": 1, "adsorption": 0.149027}]}, {"pressure": 0.00668501, "total_adsorption": 0.18628, "species_data": [{"InChIKey": "UHOVQNZJYSORNB-UHFFFAOYSA-N", "composition": 1, "adsorption": 0.18628}]}, {"pressure": 0.00878143, "total_adsorption": 0.223562, "species_data": [{"InChIKey": "UHOVQNZJYSORNB-UHFFFAOYSA-N", "composition": 1, "adsorption": 0.223562}]}, {"pressure": 0.0121403, "total_adsorption": 0.270191, "species_data": [{"InChIKey": "UHOVQNZJYSORNB-UHFFFAOYSA-N", "composition": 1, "adsorption": 0.270191}]}, {"pressure": 0.0155008, "total_adsorption": 0.312169, "species_data": [{"InChIKey": "UHOVQNZJYSORNB-UHFFFAOYSA-N", "composition": 1, "adsorption": 0.312169}]}, {"pressure": 0.0201253, "total_adsorption": 0.358842, "species_data": [{"InChIKey": "UHOVQNZJYSORNB-UHFFFAOYSA-N", "composition": 1, "adsorption": 0.358842}]}, {"pressure": 0.0251734, "total_adsorption": 0.400878, "species_data": [{"InChIKey": "UHOVQNZJYSORNB-UHFFFAOYSA-N", "composition": 1, "adsorption": 0.400878}]}, {"pressure": 0.0302232, "total_adsorption": 0.438264, "species_data": [{"InChIKey": "UHOVQNZJYSORNB-UHFFFAOYSA-N", "composition": 1, "adsorption": 0.438264}]}, {"pressure": 0.0348575, "total_adsorption": 0.45703, "species_data": [{"InChIKey": "UHOVQNZJYSORNB-UHFFFAOYSA-N", "composition": 1, "adsorption": 0.45703}]}, {"pressure": 0.0403357, "total_adsorption": 0.475826, "species_data": [{"InChIKey": "UHOVQNZJYSORNB-UHFFFAOYSA-N", "composition": 1, "adsorption": 0.475826}]}, {"pressure": 0.0462341, "total_adsorption": 0.499287, "species_data": [{"InChIKey": "UHOVQNZJYSORNB-UHFFFAOYSA-N", "composition": 1, "adsorption": 0.499287}]}, {"pressure": 0.0533983, "total_adsorption": 0.522793, "species_data": [{"InChIKey": "UHOVQNZJYSORNB-UHFFFAOYSA-N", "composition": 1, "adsorption": 0.522793}]}, {"pressure": 0.0597235, "total_adsorption": 0.532316, "species_data": [{"InChIKey": "UHOVQNZJYSORNB-UHFFFAOYSA-N", "composition": 1, "adsorption": 0.532316}]}, {"pressure": 0.0668909, "total_adsorption": 0.54652, "species_data": [{"InChIKey": "UHOVQNZJYSORNB-UHFFFAOYSA-N", "composition": 1, "adsorption": 0.54652}]}, {"pressure": 0.0732146, "total_adsorption": 0.560694, "species_data": [{"InChIKey": "UHOVQNZJYSORNB-UHFFFAOYSA-N", "composition": 1, "adsorption": 0.560694}]}, {"pressure": 0.0803836, "total_adsorption": 0.570246, "species_data": [{"InChIKey": "UHOVQNZJYSORNB-UHFFFAOYSA-N", "composition": 1, "adsorption": 0.570246}]}, {"pressure": 0.0871291, "total_adsorption": 0.584435, "species_data": [{"InChIKey": "UHOVQNZJYSORNB-UHFFFAOYSA-N", "composition": 1, "adsorption": 0.584435}]}, {"pressure": 0.0938779, "total_adsorption": 0.589322, "species_data": [{"InChIKey": "UHOVQNZJYSORNB-UHFFFAOYSA-N", "composition": 1, "adsorption": 0.589322}]}, {"pressure": 0.10147, "total_adsorption": 0.594238, "species_data": [{"InChIKey": "UHOVQNZJYSORNB-UHFFFAOYSA-N", "composition": 1, "adsorption": 0.594238}]}, {"pressure": 0.107797, "total_adsorption": 0.59911, "species_data": [{"InChIKey": "UHOVQNZJYSORNB-UHFFFAOYSA-N", "composition": 1, "adsorption": 0.59911}]}]}