{"isotherm_data":[{"pressure":0.462363,"total_adsorption":0.345376,"species_data":[{"composition":1,"adsorption":0.345376,"InChIKey":"VNWKTOKETHGBQD-UHFFFAOYSA-N"}]},{"pressure":0.87549,"total_adsorption":0.491245,"species_data":[{"composition":1,"adsorption":0.491245,"InChIKey":"VNWKTOKETHGBQD-UHFFFAOYSA-N"}]},{"pressure":1.96925,"total_adsorption":0.930308,"species_data":[{"composition":1,"adsorption":0.930308,"InChIKey":"VNWKTOKETHGBQD-UHFFFAOYSA-N"}]},{"pressure":3.063,"total_adsorption":1.36937,"species_data":[{"composition":1,"adsorption":1.36937,"InChIKey":"VNWKTOKETHGBQD-UHFFFAOYSA-N"}]},{"pressure":4.71551,"total_adsorption":1.95284,"species_data":[{"composition":1,"adsorption":1.95284,"InChIKey":"VNWKTOKETHGBQD-UHFFFAOYSA-N"}]}],"temperature":323,"articleSource":"UNKNOWN","compositionType":"molefraction","adsorbates":[{"name":"Methane","InChIKey":"VNWKTOKETHGBQD-UHFFFAOYSA-N"}],"adsorptionUnits":"mmol/g","date":"1000-01-01","category":"","digitizer":"UNKNOWN","pressureUnits":"bar","DOI":"10.1080/01496390802282347","adsorbent":{"name":"MOF-508","hashkey":"NIST-MATDB-a4b3fc60364cef8a9eb12e7bbc908a8b"},"concentrationUnits":"","filename":"10.108001496390802282347.isotherm2b","isotherm_type":""}