{"isotherm_data":[{"pressure":0.00745683,"total_adsorption":0.386598,"species_data":[{"composition":1,"adsorption":0.386598,"InChIKey":"VGGSQFUCUMXWEO-UHFFFAOYSA-N"}]},{"pressure":0.00770982,"total_adsorption":1.41753,"species_data":[{"composition":1,"adsorption":1.41753,"InChIKey":"VGGSQFUCUMXWEO-UHFFFAOYSA-N"}]},{"pressure":0.0127,"total_adsorption":1.75258,"species_data":[{"composition":1,"adsorption":1.75258,"InChIKey":"VGGSQFUCUMXWEO-UHFFFAOYSA-N"}]},{"pressure":0.0127949,"total_adsorption":2.13918,"species_data":[{"composition":1,"adsorption":2.13918,"InChIKey":"VGGSQFUCUMXWEO-UHFFFAOYSA-N"}]},{"pressure":0.0202644,"total_adsorption":2.57732,"species_data":[{"composition":1,"adsorption":2.57732,"InChIKey":"VGGSQFUCUMXWEO-UHFFFAOYSA-N"}]},{"pressure":0.025204,"total_adsorption":2.70619,"species_data":[{"composition":1,"adsorption":2.70619,"InChIKey":"VGGSQFUCUMXWEO-UHFFFAOYSA-N"}]},{"pressure":0.0301625,"total_adsorption":2.91237,"species_data":[{"composition":1,"adsorption":2.91237,"InChIKey":"VGGSQFUCUMXWEO-UHFFFAOYSA-N"}]},{"pressure":0.0745177,"total_adsorption":3.65979,"species_data":[{"composition":1,"adsorption":3.65979,"InChIKey":"VGGSQFUCUMXWEO-UHFFFAOYSA-N"}]},{"pressure":0.0966416,"total_adsorption":3.81443,"species_data":[{"composition":1,"adsorption":3.81443,"InChIKey":"VGGSQFUCUMXWEO-UHFFFAOYSA-N"}]},{"pressure":0.133508,"total_adsorption":4.04639,"species_data":[{"composition":1,"adsorption":4.04639,"InChIKey":"VGGSQFUCUMXWEO-UHFFFAOYSA-N"}]},{"pressure":0.170381,"total_adsorption":4.30412,"species_data":[{"composition":1,"adsorption":4.30412,"InChIKey":"VGGSQFUCUMXWEO-UHFFFAOYSA-N"}]},{"pressure":0.204763,"total_adsorption":4.40722,"species_data":[{"composition":1,"adsorption":4.40722,"InChIKey":"VGGSQFUCUMXWEO-UHFFFAOYSA-N"}]},{"pressure":0.234255,"total_adsorption":4.58763,"species_data":[{"composition":1,"adsorption":4.58763,"InChIKey":"VGGSQFUCUMXWEO-UHFFFAOYSA-N"}]},{"pressure":0.268636,"total_adsorption":4.69072,"species_data":[{"composition":1,"adsorption":4.69072,"InChIKey":"VGGSQFUCUMXWEO-UHFFFAOYSA-N"}]},{"pressure":0.300569,"total_adsorption":4.81959,"species_data":[{"composition":1,"adsorption":4.81959,"InChIKey":"VGGSQFUCUMXWEO-UHFFFAOYSA-N"}]},{"pressure":0.334944,"total_adsorption":4.89691,"species_data":[{"composition":1,"adsorption":4.89691,"InChIKey":"VGGSQFUCUMXWEO-UHFFFAOYSA-N"}]},{"pressure":0.369325,"total_adsorption":5,"species_data":[{"composition":1,"adsorption":5,"InChIKey":"VGGSQFUCUMXWEO-UHFFFAOYSA-N"}]},{"pressure":0.403706,"total_adsorption":5.10309,"species_data":[{"composition":1,"adsorption":5.10309,"InChIKey":"VGGSQFUCUMXWEO-UHFFFAOYSA-N"}]},{"pressure":0.467554,"total_adsorption":5.28351,"species_data":[{"composition":1,"adsorption":5.28351,"InChIKey":"VGGSQFUCUMXWEO-UHFFFAOYSA-N"}]},{"pressure":0.536291,"total_adsorption":5.3866,"species_data":[{"composition":1,"adsorption":5.3866,"InChIKey":"VGGSQFUCUMXWEO-UHFFFAOYSA-N"}]},{"pressure":0.60258,"total_adsorption":5.51546,"species_data":[{"composition":1,"adsorption":5.51546,"InChIKey":"VGGSQFUCUMXWEO-UHFFFAOYSA-N"}]},{"pressure":0.668876,"total_adsorption":5.6701,"species_data":[{"composition":1,"adsorption":5.6701,"InChIKey":"VGGSQFUCUMXWEO-UHFFFAOYSA-N"}]},{"pressure":0.735153,"total_adsorption":5.74742,"species_data":[{"composition":1,"adsorption":5.74742,"InChIKey":"VGGSQFUCUMXWEO-UHFFFAOYSA-N"}]},{"pressure":0.801436,"total_adsorption":5.85052,"species_data":[{"composition":1,"adsorption":5.85052,"InChIKey":"VGGSQFUCUMXWEO-UHFFFAOYSA-N"}]},{"pressure":0.870179,"total_adsorption":5.97938,"species_data":[{"composition":1,"adsorption":5.97938,"InChIKey":"VGGSQFUCUMXWEO-UHFFFAOYSA-N"}]},{"pressure":0.936468,"total_adsorption":6.10825,"species_data":[{"composition":1,"adsorption":6.10825,"InChIKey":"VGGSQFUCUMXWEO-UHFFFAOYSA-N"}]},{"pressure":1.01748,"total_adsorption":6.21134,"species_data":[{"composition":1,"adsorption":6.21134,"InChIKey":"VGGSQFUCUMXWEO-UHFFFAOYSA-N"}]},{"pressure":1.06903,"total_adsorption":6.28866,"species_data":[{"composition":1,"adsorption":6.28866,"InChIKey":"VGGSQFUCUMXWEO-UHFFFAOYSA-N"}]}],"temperature":298,"articleSource":"UNKNOWN","compositionType":"molefraction","adsorbates":[{"name":"Ethene","InChIKey":"VGGSQFUCUMXWEO-UHFFFAOYSA-N"}],"adsorptionUnits":"mmol/g","date":"1000-01-01","category":"","digitizer":"UNKNOWN","pressureUnits":"bar","DOI":"10.1016/j.micromeso.2013.06.023","adsorbent":{"name":"Ni-MOF-74 (2)","hashkey":"NIST-MATDB-2d9160505b3f649ff3c6a4c594f5fec1"},"concentrationUnits":"","filename":"10.1016j.micromeso.2013.06.023.Isotherm14","isotherm_type":""}