{"isotherm_data":[{"pressure":0.005279,"total_adsorption":null,"species_data":[{"composition":1,"adsorption":1.3716,"InChIKey":"IJGRMHOSHXDMSA-UHFFFAOYSA-N"}]},{"pressure":0.012625,"total_adsorption":null,"species_data":[{"composition":1,"adsorption":1.7226,"InChIKey":"IJGRMHOSHXDMSA-UHFFFAOYSA-N"}]},{"pressure":0.031218,"total_adsorption":null,"species_data":[{"composition":1,"adsorption":2.3953,"InChIKey":"IJGRMHOSHXDMSA-UHFFFAOYSA-N"}]},{"pressure":0.048108,"total_adsorption":null,"species_data":[{"composition":1,"adsorption":3.0583,"InChIKey":"IJGRMHOSHXDMSA-UHFFFAOYSA-N"}]},{"pressure":0.06891,"total_adsorption":null,"species_data":[{"composition":1,"adsorption":2.9221,"InChIKey":"IJGRMHOSHXDMSA-UHFFFAOYSA-N"}]},{"pressure":0.082122,"total_adsorption":null,"species_data":[{"composition":1,"adsorption":3.0002,"InChIKey":"IJGRMHOSHXDMSA-UHFFFAOYSA-N"}]},{"pressure":0.085061,"total_adsorption":null,"species_data":[{"composition":1,"adsorption":3.4096,"InChIKey":"IJGRMHOSHXDMSA-UHFFFAOYSA-N"}]},{"pressure":0.104879,"total_adsorption":null,"species_data":[{"composition":1,"adsorption":3.1467,"InChIKey":"IJGRMHOSHXDMSA-UHFFFAOYSA-N"}]},{"pressure":0.120544,"total_adsorption":null,"species_data":[{"composition":1,"adsorption":3.2834,"InChIKey":"IJGRMHOSHXDMSA-UHFFFAOYSA-N"}]},{"pressure":0.125195,"total_adsorption":null,"species_data":[{"composition":1,"adsorption":3.8,"InChIKey":"IJGRMHOSHXDMSA-UHFFFAOYSA-N"}]},{"pressure":0.143301,"total_adsorption":null,"species_data":[{"composition":1,"adsorption":3.3519,"InChIKey":"IJGRMHOSHXDMSA-UHFFFAOYSA-N"}]},{"pressure":0.158469,"total_adsorption":null,"species_data":[{"composition":1,"adsorption":3.5567,"InChIKey":"IJGRMHOSHXDMSA-UHFFFAOYSA-N"}]},{"pressure":0.161408,"total_adsorption":null,"species_data":[{"composition":1,"adsorption":3.9564,"InChIKey":"IJGRMHOSHXDMSA-UHFFFAOYSA-N"}]},{"pressure":0.181966,"total_adsorption":null,"species_data":[{"composition":1,"adsorption":3.4693,"InChIKey":"IJGRMHOSHXDMSA-UHFFFAOYSA-N"}]},{"pressure":0.182209,"total_adsorption":null,"species_data":[{"composition":1,"adsorption":4.0639,"InChIKey":"IJGRMHOSHXDMSA-UHFFFAOYSA-N"}]},{"pressure":0.201045,"total_adsorption":null,"species_data":[{"composition":1,"adsorption":4.0056,"InChIKey":"IJGRMHOSHXDMSA-UHFFFAOYSA-N"}]},{"pressure":0.203011,"total_adsorption":null,"species_data":[{"composition":1,"adsorption":3.723,"InChIKey":"IJGRMHOSHXDMSA-UHFFFAOYSA-N"}]},{"pressure":0.252193,"total_adsorption":null,"species_data":[{"composition":1,"adsorption":4.2499,"InChIKey":"IJGRMHOSHXDMSA-UHFFFAOYSA-N"}]},{"pressure":0.253176,"total_adsorption":null,"species_data":[{"composition":1,"adsorption":3.8211,"InChIKey":"IJGRMHOSHXDMSA-UHFFFAOYSA-N"}]},{"pressure":0.285224,"total_adsorption":null,"species_data":[{"composition":1,"adsorption":4.338,"InChIKey":"IJGRMHOSHXDMSA-UHFFFAOYSA-N"}]},{"pressure":0.305296,"total_adsorption":null,"species_data":[{"composition":1,"adsorption":3.8704,"InChIKey":"IJGRMHOSHXDMSA-UHFFFAOYSA-N"}]},{"pressure":0.33466,"total_adsorption":null,"species_data":[{"composition":1,"adsorption":4.3386,"InChIKey":"IJGRMHOSHXDMSA-UHFFFAOYSA-N"}]},{"pressure":0.351155,"total_adsorption":null,"species_data":[{"composition":1,"adsorption":4.1199,"InChIKey":"IJGRMHOSHXDMSA-UHFFFAOYSA-N"}]},{"pressure":0.402435,"total_adsorption":null,"species_data":[{"composition":1,"adsorption":4.1514,"InChIKey":"IJGRMHOSHXDMSA-UHFFFAOYSA-N"}]},{"pressure":0.403985,"total_adsorption":null,"species_data":[{"composition":1,"adsorption":4.5847,"InChIKey":"IJGRMHOSHXDMSA-UHFFFAOYSA-N"}]},{"pressure":0.45643,"total_adsorption":null,"species_data":[{"composition":1,"adsorption":4.2604,"InChIKey":"IJGRMHOSHXDMSA-UHFFFAOYSA-N"}]},{"pressure":0.45876,"total_adsorption":null,"species_data":[{"composition":1,"adsorption":4.8638,"InChIKey":"IJGRMHOSHXDMSA-UHFFFAOYSA-N"}]},{"pressure":0.507699,"total_adsorption":null,"species_data":[{"composition":1,"adsorption":7.9124,"InChIKey":"IJGRMHOSHXDMSA-UHFFFAOYSA-N"}]},{"pressure":0.50926,"total_adsorption":null,"species_data":[{"composition":1,"adsorption":4.6169,"InChIKey":"IJGRMHOSHXDMSA-UHFFFAOYSA-N"}]},{"pressure":0.553538,"total_adsorption":null,"species_data":[{"composition":1,"adsorption":4.7103,"InChIKey":"IJGRMHOSHXDMSA-UHFFFAOYSA-N"}]},{"pressure":0.560914,"total_adsorption":null,"species_data":[{"composition":1,"adsorption":8.7795,"InChIKey":"IJGRMHOSHXDMSA-UHFFFAOYSA-N"}]},{"pressure":0.601707,"total_adsorption":null,"species_data":[{"composition":1,"adsorption":4.943,"InChIKey":"IJGRMHOSHXDMSA-UHFFFAOYSA-N"}]},{"pressure":0.607148,"total_adsorption":null,"species_data":[{"composition":1,"adsorption":9.1359,"InChIKey":"IJGRMHOSHXDMSA-UHFFFAOYSA-N"}]},{"pressure":0.653756,"total_adsorption":null,"species_data":[{"composition":1,"adsorption":5.3923,"InChIKey":"IJGRMHOSHXDMSA-UHFFFAOYSA-N"}]},{"pressure":0.656087,"total_adsorption":null,"species_data":[{"composition":1,"adsorption":9.5697,"InChIKey":"IJGRMHOSHXDMSA-UHFFFAOYSA-N"}]},{"pressure":0.704641,"total_adsorption":null,"species_data":[{"composition":1,"adsorption":5.9499,"InChIKey":"IJGRMHOSHXDMSA-UHFFFAOYSA-N"}]},{"pressure":0.711196,"total_adsorption":null,"species_data":[{"composition":1,"adsorption":10.3775,"InChIKey":"IJGRMHOSHXDMSA-UHFFFAOYSA-N"}]},{"pressure":0.756832,"total_adsorption":null,"species_data":[{"composition":1,"adsorption":6.5221,"InChIKey":"IJGRMHOSHXDMSA-UHFFFAOYSA-N"}]},{"pressure":0.76053,"total_adsorption":null,"species_data":[{"composition":1,"adsorption":10.7219,"InChIKey":"IJGRMHOSHXDMSA-UHFFFAOYSA-N"}]},{"pressure":0.812945,"total_adsorption":null,"species_data":[{"composition":1,"adsorption":11.9015,"InChIKey":"IJGRMHOSHXDMSA-UHFFFAOYSA-N"}]},{"pressure":0.816025,"total_adsorption":null,"species_data":[{"composition":1,"adsorption":7.3579,"InChIKey":"IJGRMHOSHXDMSA-UHFFFAOYSA-N"}]},{"pressure":0.827738,"total_adsorption":null,"species_data":[{"composition":1,"adsorption":8.1194,"InChIKey":"IJGRMHOSHXDMSA-UHFFFAOYSA-N"}]},{"pressure":0.841923,"total_adsorption":null,"species_data":[{"composition":1,"adsorption":12.5158,"InChIKey":"IJGRMHOSHXDMSA-UHFFFAOYSA-N"}]},{"pressure":0.856108,"total_adsorption":null,"species_data":[{"composition":1,"adsorption":8.8811,"InChIKey":"IJGRMHOSHXDMSA-UHFFFAOYSA-N"}]},{"pressure":0.863505,"total_adsorption":null,"species_data":[{"composition":1,"adsorption":13.2775,"InChIKey":"IJGRMHOSHXDMSA-UHFFFAOYSA-N"}]},{"pressure":0.886931,"total_adsorption":null,"species_data":[{"composition":1,"adsorption":9.913,"InChIKey":"IJGRMHOSHXDMSA-UHFFFAOYSA-N"}]},{"pressure":0.892483,"total_adsorption":null,"species_data":[{"composition":1,"adsorption":14.1374,"InChIKey":"IJGRMHOSHXDMSA-UHFFFAOYSA-N"}]},{"pressure":0.910367,"total_adsorption":null,"species_data":[{"composition":1,"adsorption":11.5588,"InChIKey":"IJGRMHOSHXDMSA-UHFFFAOYSA-N"}]},{"pressure":0.929487,"total_adsorption":null,"species_data":[{"composition":1,"adsorption":15.1203,"InChIKey":"IJGRMHOSHXDMSA-UHFFFAOYSA-N"}]},{"pressure":0.942425,"total_adsorption":null,"species_data":[{"composition":1,"adsorption":13.303,"InChIKey":"IJGRMHOSHXDMSA-UHFFFAOYSA-N"}]},{"pressure":0.94736,"total_adsorption":null,"species_data":[{"composition":1,"adsorption":16.6187,"InChIKey":"IJGRMHOSHXDMSA-UHFFFAOYSA-N"}]},{"pressure":0.962163,"total_adsorption":null,"species_data":[{"composition":1,"adsorption":15.4154,"InChIKey":"IJGRMHOSHXDMSA-UHFFFAOYSA-N"}]},{"pressure":0.976561,"total_adsorption":null,"species_data":[{"composition":1,"adsorption":18.8723,"InChIKey":"IJGRMHOSHXDMSA-UHFFFAOYSA-N"}]},{"pressure":0.984323,"total_adsorption":null,"species_data":[{"composition":1,"adsorption":18.8569,"InChIKey":"IJGRMHOSHXDMSA-UHFFFAOYSA-N"}]},{"pressure":0.992479,"total_adsorption":null,"species_data":[{"composition":1,"adsorption":21.5646,"InChIKey":"IJGRMHOSHXDMSA-UHFFFAOYSA-N"}]},{"pressure":0.994809,"total_adsorption":null,"species_data":[{"composition":1,"adsorption":20.2495,"InChIKey":"IJGRMHOSHXDMSA-UHFFFAOYSA-N"}]},{"pressure":1.00298,"total_adsorption":null,"species_data":[{"composition":1,"adsorption":23.1583,"InChIKey":"IJGRMHOSHXDMSA-UHFFFAOYSA-N"}]},{"pressure":1.00686,"total_adsorption":null,"species_data":[{"composition":1,"adsorption":26.098,"InChIKey":"IJGRMHOSHXDMSA-UHFFFAOYSA-N"}]}],"temperature":77,"articleSource":"Figure 3","compositionType":"molefraction","adsorbates":[{"name":"Nitrogen","InChIKey":"IJGRMHOSHXDMSA-UHFFFAOYSA-N"}],"adsorptionUnits":"cm3(STP)/g","date":"2019-07-29","category":"exp","digitizer":"Gabrielle Magid","pressureUnits":"bar","DOI":"10.1016/j.jece.2017.01.004","adsorbent":{"name":"shuttle-like aragonite mesocrystals","hashkey":"NIST-MATDB-7fb65787250b9107c3f8c4af29145af1"},"concentrationUnits":"","filename":"10.1016j.jece.2017.01.004.Isotherm1","isotherm_type":""}