{"isotherm_data":[{"pressure":0.194337,"total_adsorption":0.261095,"species_data":[{"composition":1,"adsorption":0.261095,"InChIKey":"CURLTUGMZLYLDI-UHFFFAOYSA-N"}]},{"pressure":0.948291,"total_adsorption":4.28218,"species_data":[{"composition":1,"adsorption":4.28218,"InChIKey":"CURLTUGMZLYLDI-UHFFFAOYSA-N"}]},{"pressure":2.59328,"total_adsorption":8.02911,"species_data":[{"composition":1,"adsorption":8.02911,"InChIKey":"CURLTUGMZLYLDI-UHFFFAOYSA-N"}]},{"pressure":4.7866,"total_adsorption":11.9588,"species_data":[{"composition":1,"adsorption":11.9588,"InChIKey":"CURLTUGMZLYLDI-UHFFFAOYSA-N"}]},{"pressure":7.25409,"total_adsorption":14.6091,"species_data":[{"composition":1,"adsorption":14.6091,"InChIKey":"CURLTUGMZLYLDI-UHFFFAOYSA-N"}]},{"pressure":10.8182,"total_adsorption":17.5335,"species_data":[{"composition":1,"adsorption":17.5335,"InChIKey":"CURLTUGMZLYLDI-UHFFFAOYSA-N"}]},{"pressure":14.3824,"total_adsorption":19.4527,"species_data":[{"composition":1,"adsorption":19.4527,"InChIKey":"CURLTUGMZLYLDI-UHFFFAOYSA-N"}]},{"pressure":19.4544,"total_adsorption":21.646,"species_data":[{"composition":1,"adsorption":21.646,"InChIKey":"CURLTUGMZLYLDI-UHFFFAOYSA-N"}]},{"pressure":25.8973,"total_adsorption":23.0168,"species_data":[{"composition":1,"adsorption":23.0168,"InChIKey":"CURLTUGMZLYLDI-UHFFFAOYSA-N"}]},{"pressure":29.8042,"total_adsorption":23.5651,"species_data":[{"composition":1,"adsorption":23.5651,"InChIKey":"CURLTUGMZLYLDI-UHFFFAOYSA-N"}]},{"pressure":30.9694,"total_adsorption":23.6565,"species_data":[{"composition":1,"adsorption":23.6565,"InChIKey":"CURLTUGMZLYLDI-UHFFFAOYSA-N"}]}],"temperature":298,"articleSource":"UNKNOWN","compositionType":"molefraction","adsorbates":[{"name":"Carbon Dioxide","InChIKey":"CURLTUGMZLYLDI-UHFFFAOYSA-N"}],"adsorptionUnits":"mmol/g","date":"1000-01-01","category":"","digitizer":"UNKNOWN","pressureUnits":"bar","DOI":"10.1039/C3ee24506c","adsorbent":{"name":"NU-125","hashkey":"NIST-MATDB-b970cc46b139824b51520d18a9b63146"},"concentrationUnits":"","filename":"10.1039C3ee24506c.isotherm46","isotherm_type":""}