{"isotherm_data":[{"pressure":1.00939,"total_adsorption":2.1673,"species_data":[{"composition":1,"adsorption":2.1673,"InChIKey":"CURLTUGMZLYLDI-UHFFFAOYSA-N"}]},{"pressure":2.29389,"total_adsorption":3.76426,"species_data":[{"composition":1,"adsorption":3.76426,"InChIKey":"CURLTUGMZLYLDI-UHFFFAOYSA-N"}]},{"pressure":4.12882,"total_adsorption":5.58935,"species_data":[{"composition":1,"adsorption":5.58935,"InChIKey":"CURLTUGMZLYLDI-UHFFFAOYSA-N"}]},{"pressure":4.95453,"total_adsorption":6.38783,"species_data":[{"composition":1,"adsorption":6.38783,"InChIKey":"CURLTUGMZLYLDI-UHFFFAOYSA-N"}]},{"pressure":6.51412,"total_adsorption":7.30038,"species_data":[{"composition":1,"adsorption":7.30038,"InChIKey":"CURLTUGMZLYLDI-UHFFFAOYSA-N"}]},{"pressure":7.98197,"total_adsorption":8.21293,"species_data":[{"composition":1,"adsorption":8.21293,"InChIKey":"CURLTUGMZLYLDI-UHFFFAOYSA-N"}]},{"pressure":8.89942,"total_adsorption":9.01141,"species_data":[{"composition":1,"adsorption":9.01141,"InChIKey":"CURLTUGMZLYLDI-UHFFFAOYSA-N"}]},{"pressure":11.2847,"total_adsorption":10.3802,"species_data":[{"composition":1,"adsorption":10.3802,"InChIKey":"CURLTUGMZLYLDI-UHFFFAOYSA-N"}]},{"pressure":12.569,"total_adsorption":10.8365,"species_data":[{"composition":1,"adsorption":10.8365,"InChIKey":"CURLTUGMZLYLDI-UHFFFAOYSA-N"}]},{"pressure":13.4864,"total_adsorption":11.5209,"species_data":[{"composition":1,"adsorption":11.5209,"InChIKey":"CURLTUGMZLYLDI-UHFFFAOYSA-N"}]},{"pressure":15.8716,"total_adsorption":12.3194,"species_data":[{"composition":1,"adsorption":12.3194,"InChIKey":"CURLTUGMZLYLDI-UHFFFAOYSA-N"}]},{"pressure":16.6973,"total_adsorption":12.8897,"species_data":[{"composition":1,"adsorption":12.8897,"InChIKey":"CURLTUGMZLYLDI-UHFFFAOYSA-N"}]},{"pressure":19.0825,"total_adsorption":13.8023,"species_data":[{"composition":1,"adsorption":13.8023,"InChIKey":"CURLTUGMZLYLDI-UHFFFAOYSA-N"}]},{"pressure":20.642,"total_adsorption":14.4867,"species_data":[{"composition":1,"adsorption":14.4867,"InChIKey":"CURLTUGMZLYLDI-UHFFFAOYSA-N"}]},{"pressure":21.7429,"total_adsorption":14.943,"species_data":[{"composition":1,"adsorption":14.943,"InChIKey":"CURLTUGMZLYLDI-UHFFFAOYSA-N"}]},{"pressure":23.5777,"total_adsorption":15.8555,"species_data":[{"composition":1,"adsorption":15.8555,"InChIKey":"CURLTUGMZLYLDI-UHFFFAOYSA-N"}]},{"pressure":24.6785,"total_adsorption":16.1977,"species_data":[{"composition":1,"adsorption":16.1977,"InChIKey":"CURLTUGMZLYLDI-UHFFFAOYSA-N"}]},{"pressure":26.1463,"total_adsorption":16.7681,"species_data":[{"composition":1,"adsorption":16.7681,"InChIKey":"CURLTUGMZLYLDI-UHFFFAOYSA-N"}]},{"pressure":27.1554,"total_adsorption":17.1103,"species_data":[{"composition":1,"adsorption":17.1103,"InChIKey":"CURLTUGMZLYLDI-UHFFFAOYSA-N"}]},{"pressure":28.6232,"total_adsorption":17.5665,"species_data":[{"composition":1,"adsorption":17.5665,"InChIKey":"CURLTUGMZLYLDI-UHFFFAOYSA-N"}]},{"pressure":30.091,"total_adsorption":18.251,"species_data":[{"composition":1,"adsorption":18.251,"InChIKey":"CURLTUGMZLYLDI-UHFFFAOYSA-N"}]},{"pressure":31.7424,"total_adsorption":19.1635,"species_data":[{"composition":1,"adsorption":19.1635,"InChIKey":"CURLTUGMZLYLDI-UHFFFAOYSA-N"}]},{"pressure":33.5771,"total_adsorption":19.5057,"species_data":[{"composition":1,"adsorption":19.5057,"InChIKey":"CURLTUGMZLYLDI-UHFFFAOYSA-N"}]},{"pressure":35.0449,"total_adsorption":20.1901,"species_data":[{"composition":1,"adsorption":20.1901,"InChIKey":"CURLTUGMZLYLDI-UHFFFAOYSA-N"}]},{"pressure":36.7879,"total_adsorption":20.5323,"species_data":[{"composition":1,"adsorption":20.5323,"InChIKey":"CURLTUGMZLYLDI-UHFFFAOYSA-N"}]},{"pressure":38.1639,"total_adsorption":21.2167,"species_data":[{"composition":1,"adsorption":21.2167,"InChIKey":"CURLTUGMZLYLDI-UHFFFAOYSA-N"}]},{"pressure":39.9986,"total_adsorption":21.4449,"species_data":[{"composition":1,"adsorption":21.4449,"InChIKey":"CURLTUGMZLYLDI-UHFFFAOYSA-N"}]},{"pressure":41.4665,"total_adsorption":22.3574,"species_data":[{"composition":1,"adsorption":22.3574,"InChIKey":"CURLTUGMZLYLDI-UHFFFAOYSA-N"}]},{"pressure":43.3012,"total_adsorption":22.4715,"species_data":[{"composition":1,"adsorption":22.4715,"InChIKey":"CURLTUGMZLYLDI-UHFFFAOYSA-N"}]},{"pressure":44.2186,"total_adsorption":23.384,"species_data":[{"composition":1,"adsorption":23.384,"InChIKey":"CURLTUGMZLYLDI-UHFFFAOYSA-N"}]},{"pressure":46.4203,"total_adsorption":23.6122,"species_data":[{"composition":1,"adsorption":23.6122,"InChIKey":"CURLTUGMZLYLDI-UHFFFAOYSA-N"}]},{"pressure":48.1633,"total_adsorption":24.4106,"species_data":[{"composition":1,"adsorption":24.4106,"InChIKey":"CURLTUGMZLYLDI-UHFFFAOYSA-N"}]},{"pressure":49.4476,"total_adsorption":24.4106,"species_data":[{"composition":1,"adsorption":24.4106,"InChIKey":"CURLTUGMZLYLDI-UHFFFAOYSA-N"}]},{"pressure":51.1906,"total_adsorption":25.2091,"species_data":[{"composition":1,"adsorption":25.2091,"InChIKey":"CURLTUGMZLYLDI-UHFFFAOYSA-N"}]},{"pressure":52.9335,"total_adsorption":25.3232,"species_data":[{"composition":1,"adsorption":25.3232,"InChIKey":"CURLTUGMZLYLDI-UHFFFAOYSA-N"}]},{"pressure":54.2179,"total_adsorption":26.0076,"species_data":[{"composition":1,"adsorption":26.0076,"InChIKey":"CURLTUGMZLYLDI-UHFFFAOYSA-N"}]},{"pressure":56.0526,"total_adsorption":26.4639,"species_data":[{"composition":1,"adsorption":26.4639,"InChIKey":"CURLTUGMZLYLDI-UHFFFAOYSA-N"}]},{"pressure":57.9791,"total_adsorption":27.1483,"species_data":[{"composition":1,"adsorption":27.1483,"InChIKey":"CURLTUGMZLYLDI-UHFFFAOYSA-N"}]},{"pressure":59.5385,"total_adsorption":27.2624,"species_data":[{"composition":1,"adsorption":27.2624,"InChIKey":"CURLTUGMZLYLDI-UHFFFAOYSA-N"}]},{"pressure":61.5567,"total_adsorption":27.9468,"species_data":[{"composition":1,"adsorption":27.9468,"InChIKey":"CURLTUGMZLYLDI-UHFFFAOYSA-N"}]},{"pressure":62.6576,"total_adsorption":28.0608,"species_data":[{"composition":1,"adsorption":28.0608,"InChIKey":"CURLTUGMZLYLDI-UHFFFAOYSA-N"}]},{"pressure":65.3181,"total_adsorption":28.7452,"species_data":[{"composition":1,"adsorption":28.7452,"InChIKey":"CURLTUGMZLYLDI-UHFFFAOYSA-N"}]}],"temperature":298,"articleSource":"Figure 5b","compositionType":"molefraction","adsorbates":[{"name":"Carbon Dioxide","InChIKey":"CURLTUGMZLYLDI-UHFFFAOYSA-N"}],"adsorptionUnits":"mg/g","date":"2016-06-14","category":"exp","digitizer":"Kailey M. Stracka","pressureUnits":"bar","DOI":"10.1016/j.jcis.2010.08.048","adsorbent":{"name":"Graphite Nanofibers etched at 1273K - water washed","hashkey":"NIST-MATDB-6668272f50a49a496961de7266c57bae"},"concentrationUnits":"","filename":"10.1016j.jcis.2010.08.048.Isotherm14","isotherm_type":""}