{"filename": "10.1021La401471g.isotherm17", "DOI": "10.1021/La401471g", "articleSource": "UNKNOWN", "date": "1000-01-01", "digitizer": "UNKNOWN", "adsorbent": {"hashkey": "NIST-MATDB-b2dc02871a66ac38e4b195796cf3e00b", "name": "ZIF-8"}, "adsorbates": [{"InChIKey": "OTMSDBZUPAUEDD-UHFFFAOYSA-N", "name": "Ethane"}], "category": "", "temperature": 293, "isotherm_type": "", "adsorptionUnits": "mmol/g", "pressureUnits": "bar", "compositionType": "molefraction", "concentrationUnits": "", "isotherm_data": [{"pressure": 0.0126608, "total_adsorption": 0.0225962, "species_data": [{"InChIKey": "OTMSDBZUPAUEDD-UHFFFAOYSA-N", "composition": 1, "adsorption": 0.0225962}]}, {"pressure": 0.0520974, "total_adsorption": 0.135272, "species_data": [{"InChIKey": "OTMSDBZUPAUEDD-UHFFFAOYSA-N", "composition": 1, "adsorption": 0.135272}]}, {"pressure": 0.112661, "total_adsorption": 0.298653, "species_data": [{"InChIKey": "OTMSDBZUPAUEDD-UHFFFAOYSA-N", "composition": 1, "adsorption": 0.298653}]}, {"pressure": 0.150689, "total_adsorption": 0.405695, "species_data": [{"InChIKey": "OTMSDBZUPAUEDD-UHFFFAOYSA-N", "composition": 1, "adsorption": 0.405695}]}, {"pressure": 0.205619, "total_adsorption": 0.552174, "species_data": [{"InChIKey": "OTMSDBZUPAUEDD-UHFFFAOYSA-N", "composition": 1, "adsorption": 0.552174}]}, {"pressure": 0.254914, "total_adsorption": 0.698653, "species_data": [{"InChIKey": "OTMSDBZUPAUEDD-UHFFFAOYSA-N", "composition": 1, "adsorption": 0.698653}]}, {"pressure": 0.30421, "total_adsorption": 0.856399, "species_data": [{"InChIKey": "OTMSDBZUPAUEDD-UHFFFAOYSA-N", "composition": 1, "adsorption": 0.856399}]}, {"pressure": 0.357731, "total_adsorption": 1.00288, "species_data": [{"InChIKey": "OTMSDBZUPAUEDD-UHFFFAOYSA-N", "composition": 1, "adsorption": 1.00288}]}, {"pressure": 0.478858, "total_adsorption": 1.34091, "species_data": [{"InChIKey": "OTMSDBZUPAUEDD-UHFFFAOYSA-N", "composition": 1, "adsorption": 1.34091}]}, {"pressure": 0.549281, "total_adsorption": 1.53809, "species_data": [{"InChIKey": "OTMSDBZUPAUEDD-UHFFFAOYSA-N", "composition": 1, "adsorption": 1.53809}]}, {"pressure": 0.619703, "total_adsorption": 1.724, "species_data": [{"InChIKey": "OTMSDBZUPAUEDD-UHFFFAOYSA-N", "composition": 1, "adsorption": 1.724}]}, {"pressure": 0.690126, "total_adsorption": 1.89865, "species_data": [{"InChIKey": "OTMSDBZUPAUEDD-UHFFFAOYSA-N", "composition": 1, "adsorption": 1.89865}]}, {"pressure": 0.760548, "total_adsorption": 2.0564, "species_data": [{"InChIKey": "OTMSDBZUPAUEDD-UHFFFAOYSA-N", "composition": 1, "adsorption": 2.0564}]}, {"pressure": 0.832379, "total_adsorption": 2.21415, "species_data": [{"InChIKey": "OTMSDBZUPAUEDD-UHFFFAOYSA-N", "composition": 1, "adsorption": 2.21415}]}, {"pressure": 0.884492, "total_adsorption": 2.31555, "species_data": [{"InChIKey": "OTMSDBZUPAUEDD-UHFFFAOYSA-N", "composition": 1, "adsorption": 2.31555}]}, {"pressure": 0.932379, "total_adsorption": 2.40569, "species_data": [{"InChIKey": "OTMSDBZUPAUEDD-UHFFFAOYSA-N", "composition": 1, "adsorption": 2.40569}]}]}