{"isotherm_data":[{"pressure":0.474,"total_adsorption":0.1236,"species_data":[{"composition":1,"adsorption":0.1236,"InChIKey":"IJGRMHOSHXDMSA-UHFFFAOYSA-N"}]},{"pressure":2.747,"total_adsorption":0.3626,"species_data":[{"composition":1,"adsorption":0.3626,"InChIKey":"IJGRMHOSHXDMSA-UHFFFAOYSA-N"}]},{"pressure":5.071,"total_adsorption":0.6923,"species_data":[{"composition":1,"adsorption":0.6923,"InChIKey":"IJGRMHOSHXDMSA-UHFFFAOYSA-N"}]},{"pressure":9.776,"total_adsorption":1.0962,"species_data":[{"composition":1,"adsorption":1.0962,"InChIKey":"IJGRMHOSHXDMSA-UHFFFAOYSA-N"}]},{"pressure":29.985,"total_adsorption":2.1264,"species_data":[{"composition":1,"adsorption":2.1264,"InChIKey":"IJGRMHOSHXDMSA-UHFFFAOYSA-N"}]}],"temperature":318,"articleSource":"Figure 7b","compositionType":"molefraction","adsorbates":[{"name":"Nitrogen","InChIKey":"IJGRMHOSHXDMSA-UHFFFAOYSA-N"}],"adsorptionUnits":"mmol/g","date":"2017-06-29","category":"exp","digitizer":"Julia Chotoo","pressureUnits":"bar","DOI":"10.1021/la4004998","adsorbent":{"name":"AC AP3-60","hashkey":"NIST-MATDB-1201974f149c6afd96c47007dd9f0916"},"concentrationUnits":"","filename":"10.1021la4004998.Isotherm91","isotherm_type":""}