{"isotherm_data":[{"pressure":0.000217,"total_adsorption":1.05e-7,"species_data":[{"composition":1,"adsorption":1.05e-7,"InChIKey":"UHOVQNZJYSORNB-UHFFFAOYSA-N"}]},{"pressure":0.000429,"total_adsorption":1.98e-7,"species_data":[{"composition":1,"adsorption":1.98e-7,"InChIKey":"UHOVQNZJYSORNB-UHFFFAOYSA-N"}]},{"pressure":0.000592,"total_adsorption":2.93e-7,"species_data":[{"composition":1,"adsorption":2.93e-7,"InChIKey":"UHOVQNZJYSORNB-UHFFFAOYSA-N"}]},{"pressure":0.000834,"total_adsorption":4.13e-7,"species_data":[{"composition":1,"adsorption":4.13e-7,"InChIKey":"UHOVQNZJYSORNB-UHFFFAOYSA-N"}]},{"pressure":0.00115102,"total_adsorption":5.64e-7,"species_data":[{"composition":1,"adsorption":5.64e-7,"InChIKey":"UHOVQNZJYSORNB-UHFFFAOYSA-N"}]},{"pressure":0.00262664,"total_adsorption":1.05e-6,"species_data":[{"composition":1,"adsorption":1.05e-6,"InChIKey":"UHOVQNZJYSORNB-UHFFFAOYSA-N"}]},{"pressure":0.00490146,"total_adsorption":1.64e-6,"species_data":[{"composition":1,"adsorption":1.64e-6,"InChIKey":"UHOVQNZJYSORNB-UHFFFAOYSA-N"}]},{"pressure":0.00933232,"total_adsorption":2.52e-6,"species_data":[{"composition":1,"adsorption":2.52e-6,"InChIKey":"UHOVQNZJYSORNB-UHFFFAOYSA-N"}]},{"pressure":0.0170677,"total_adsorption":3.28e-6,"species_data":[{"composition":1,"adsorption":3.28e-6,"InChIKey":"UHOVQNZJYSORNB-UHFFFAOYSA-N"}]},{"pressure":0.0374123,"total_adsorption":4.09e-6,"species_data":[{"composition":1,"adsorption":4.09e-6,"InChIKey":"UHOVQNZJYSORNB-UHFFFAOYSA-N"}]},{"pressure":0.0820078,"total_adsorption":4.85e-6,"species_data":[{"composition":1,"adsorption":4.85e-6,"InChIKey":"UHOVQNZJYSORNB-UHFFFAOYSA-N"}]}],"temperature":323,"articleSource":"UNKNOWN","compositionType":"molefraction","adsorbates":[{"name":"Benzene","InChIKey":"UHOVQNZJYSORNB-UHFFFAOYSA-N"}],"adsorptionUnits":"mol/m2","date":"1000-01-01","category":"","digitizer":"UNKNOWN","pressureUnits":"bar","DOI":"10.1021/la052545i","adsorbent":{"name":"Carbon","hashkey":"NIST-MATDB-453276ee992ed07dc207ed08b2b221ce"},"concentrationUnits":"","filename":"10.1021la052545i.isotherm18","isotherm_type":""}