{"isotherm_data":[{"pressure":0.0022457,"total_adsorption":1.58197,"species_data":[{"composition":1,"adsorption":1.58197,"InChIKey":"CURLTUGMZLYLDI-UHFFFAOYSA-N"}]},{"pressure":0.0177264,"total_adsorption":47.2095,"species_data":[{"composition":1,"adsorption":47.2095,"InChIKey":"CURLTUGMZLYLDI-UHFFFAOYSA-N"}]},{"pressure":0.0598332,"total_adsorption":61.8714,"species_data":[{"composition":1,"adsorption":61.8714,"InChIKey":"CURLTUGMZLYLDI-UHFFFAOYSA-N"}]},{"pressure":0.114697,"total_adsorption":69.6864,"species_data":[{"composition":1,"adsorption":69.6864,"InChIKey":"CURLTUGMZLYLDI-UHFFFAOYSA-N"}]},{"pressure":0.217219,"total_adsorption":77.741,"species_data":[{"composition":1,"adsorption":77.741,"InChIKey":"CURLTUGMZLYLDI-UHFFFAOYSA-N"}]},{"pressure":0.335212,"total_adsorption":83.3602,"species_data":[{"composition":1,"adsorption":83.3602,"InChIKey":"CURLTUGMZLYLDI-UHFFFAOYSA-N"}]},{"pressure":0.439148,"total_adsorption":87.9664,"species_data":[{"composition":1,"adsorption":87.9664,"InChIKey":"CURLTUGMZLYLDI-UHFFFAOYSA-N"}]},{"pressure":0.539061,"total_adsorption":92.2382,"species_data":[{"composition":1,"adsorption":92.2382,"InChIKey":"CURLTUGMZLYLDI-UHFFFAOYSA-N"}]},{"pressure":0.642997,"total_adsorption":96.8444,"species_data":[{"composition":1,"adsorption":96.8444,"InChIKey":"CURLTUGMZLYLDI-UHFFFAOYSA-N"}]},{"pressure":0.791036,"total_adsorption":104.185,"species_data":[{"composition":1,"adsorption":104.185,"InChIKey":"CURLTUGMZLYLDI-UHFFFAOYSA-N"}]},{"pressure":1.01087,"total_adsorption":113.772,"species_data":[{"composition":1,"adsorption":113.772,"InChIKey":"CURLTUGMZLYLDI-UHFFFAOYSA-N"}]}],"temperature":195,"articleSource":"UNKNOWN","compositionType":"molefraction","adsorbates":[{"name":"Carbon Dioxide","InChIKey":"CURLTUGMZLYLDI-UHFFFAOYSA-N"}],"adsorptionUnits":"cm3(STP)/g","date":"1000-01-01","category":"","digitizer":"UNKNOWN","pressureUnits":"bar","DOI":"10.1039/C2dt12198k","adsorbent":{"name":"C18H16N2NiO6.5","hashkey":"NIST-MATDB-a90af2f6523476761c9c35a6bd39896b"},"concentrationUnits":"","filename":"10.1039C2dt12198k.isotherm1","isotherm_type":""}