{"isotherm_data":[{"pressure":0.306087,"total_adsorption":0.00274864,"species_data":[{"composition":1,"adsorption":0.00274864,"InChIKey":"VNWKTOKETHGBQD-UHFFFAOYSA-N"}]},{"pressure":2.5361,"total_adsorption":0.00274864,"species_data":[{"composition":1,"adsorption":0.00274864,"InChIKey":"VNWKTOKETHGBQD-UHFFFAOYSA-N"}]},{"pressure":12.3853,"total_adsorption":0.0350334,"species_data":[{"composition":1,"adsorption":0.0350334,"InChIKey":"VNWKTOKETHGBQD-UHFFFAOYSA-N"}]},{"pressure":32.074,"total_adsorption":0.0888414,"species_data":[{"composition":1,"adsorption":0.0888414,"InChIKey":"VNWKTOKETHGBQD-UHFFFAOYSA-N"}]},{"pressure":108.19,"total_adsorption":0.298692,"species_data":[{"composition":1,"adsorption":0.298692,"InChIKey":"VNWKTOKETHGBQD-UHFFFAOYSA-N"}]},{"pressure":193.521,"total_adsorption":0.476259,"species_data":[{"composition":1,"adsorption":0.476259,"InChIKey":"VNWKTOKETHGBQD-UHFFFAOYSA-N"}]},{"pressure":328.328,"total_adsorption":0.653825,"species_data":[{"composition":1,"adsorption":0.653825,"InChIKey":"VNWKTOKETHGBQD-UHFFFAOYSA-N"}]},{"pressure":688.209,"total_adsorption":0.863676,"species_data":[{"composition":1,"adsorption":0.863676,"InChIKey":"VNWKTOKETHGBQD-UHFFFAOYSA-N"}]},{"pressure":996.385,"total_adsorption":1.03586,"species_data":[{"composition":1,"adsorption":1.03586,"InChIKey":"VNWKTOKETHGBQD-UHFFFAOYSA-N"}]},{"pressure":1980.99,"total_adsorption":1.22419,"species_data":[{"composition":1,"adsorption":1.22419,"InChIKey":"VNWKTOKETHGBQD-UHFFFAOYSA-N"}]},{"pressure":3543.4,"total_adsorption":1.39637,"species_data":[{"composition":1,"adsorption":1.39637,"InChIKey":"VNWKTOKETHGBQD-UHFFFAOYSA-N"}]},{"pressure":10199.6,"total_adsorption":1.52551,"species_data":[{"composition":1,"adsorption":1.52551,"InChIKey":"VNWKTOKETHGBQD-UHFFFAOYSA-N"}]},{"pressure":36272.3,"total_adsorption":1.61699,"species_data":[{"composition":1,"adsorption":1.61699,"InChIKey":"VNWKTOKETHGBQD-UHFFFAOYSA-N"}]},{"pressure":80157.8,"total_adsorption":1.66541,"species_data":[{"composition":1,"adsorption":1.66541,"InChIKey":"VNWKTOKETHGBQD-UHFFFAOYSA-N"}]},{"pressure":168019,"total_adsorption":1.74613,"species_data":[{"composition":1,"adsorption":1.74613,"InChIKey":"VNWKTOKETHGBQD-UHFFFAOYSA-N"}]},{"pressure":352185,"total_adsorption":1.8645,"species_data":[{"composition":1,"adsorption":1.8645,"InChIKey":"VNWKTOKETHGBQD-UHFFFAOYSA-N"}]},{"pressure":629956,"total_adsorption":2.07974,"species_data":[{"composition":1,"adsorption":2.07974,"InChIKey":"VNWKTOKETHGBQD-UHFFFAOYSA-N"}]},{"pressure":1187970,"total_adsorption":2.20887,"species_data":[{"composition":1,"adsorption":2.20887,"InChIKey":"VNWKTOKETHGBQD-UHFFFAOYSA-N"}]},{"pressure":1813310,"total_adsorption":2.34339,"species_data":[{"composition":1,"adsorption":2.34339,"InChIKey":"VNWKTOKETHGBQD-UHFFFAOYSA-N"}]},{"pressure":2767810,"total_adsorption":2.52096,"species_data":[{"composition":1,"adsorption":2.52096,"InChIKey":"VNWKTOKETHGBQD-UHFFFAOYSA-N"}]},{"pressure":5801610,"total_adsorption":2.70929,"species_data":[{"composition":1,"adsorption":2.70929,"InChIKey":"VNWKTOKETHGBQD-UHFFFAOYSA-N"}]},{"pressure":9336220,"total_adsorption":2.85995,"species_data":[{"composition":1,"adsorption":2.85995,"InChIKey":"VNWKTOKETHGBQD-UHFFFAOYSA-N"}]},{"pressure":15000000,"total_adsorption":2.99447,"species_data":[{"composition":1,"adsorption":2.99447,"InChIKey":"VNWKTOKETHGBQD-UHFFFAOYSA-N"}]},{"pressure":48100000,"total_adsorption":3.08594,"species_data":[{"composition":1,"adsorption":3.08594,"InChIKey":"VNWKTOKETHGBQD-UHFFFAOYSA-N"}]},{"pressure":235000000,"total_adsorption":3.14513,"species_data":[{"composition":1,"adsorption":3.14513,"InChIKey":"VNWKTOKETHGBQD-UHFFFAOYSA-N"}]},{"pressure":978000000,"total_adsorption":3.1828,"species_data":[{"composition":1,"adsorption":3.1828,"InChIKey":"VNWKTOKETHGBQD-UHFFFAOYSA-N"}]},{"pressure":5040000000,"total_adsorption":3.19356,"species_data":[{"composition":1,"adsorption":3.19356,"InChIKey":"VNWKTOKETHGBQD-UHFFFAOYSA-N"}]},{"pressure":11700000000,"total_adsorption":3.19894,"species_data":[{"composition":1,"adsorption":3.19894,"InChIKey":"VNWKTOKETHGBQD-UHFFFAOYSA-N"}]}],"temperature":673,"articleSource":"UNKNOWN","compositionType":"molefraction","adsorbates":[{"name":"Methane","InChIKey":"VNWKTOKETHGBQD-UHFFFAOYSA-N"}],"adsorptionUnits":"mmol/g","date":"1000-01-01","category":"","digitizer":"UNKNOWN","pressureUnits":"bar","DOI":"10.1016/j.theochem.2006.09.032","adsorbent":{"name":"AlPO4-11","hashkey":"NIST-MATDB-bced70f89913edeb386358a6134f2a0c"},"concentrationUnits":"","filename":"10.1016j.theochem.2006.09.032.Isotherm10","isotherm_type":""}