{"filename": "10.1016j.jcat.2014.07.010.Isotherm5", "DOI": "10.1016/j.jcat.2014.07.010", "articleSource": "UNKNOWN", "date": "1000-01-01", "digitizer": "UNKNOWN", "adsorbent": {"hashkey": "NIST-MATDB-4144e097d2fa7a491cec2a7a4322f2bc", "name": "AC"}, "adsorbates": [{"InChIKey": "IJGRMHOSHXDMSA-UHFFFAOYSA-N", "name": "Nitrogen"}], "category": "", "temperature": 77, "isotherm_type": "", "adsorptionUnits": "cm3(STP)/g", "pressureUnits": "bar", "compositionType": "molefraction", "concentrationUnits": "", "isotherm_data": [{"pressure": 1.41408e-06, "total_adsorption": 2.96759, "species_data": [{"InChIKey": "IJGRMHOSHXDMSA-UHFFFAOYSA-N", "composition": 1, "adsorption": 2.96759}]}, {"pressure": 2.20725e-06, "total_adsorption": 29.3887, "species_data": [{"InChIKey": "IJGRMHOSHXDMSA-UHFFFAOYSA-N", "composition": 1, "adsorption": 29.3887}]}, {"pressure": 4.20196e-06, "total_adsorption": 51.2559, "species_data": [{"InChIKey": "IJGRMHOSHXDMSA-UHFFFAOYSA-N", "composition": 1, "adsorption": 51.2559}]}, {"pressure": 8.83531e-06, "total_adsorption": 68.6238, "species_data": [{"InChIKey": "IJGRMHOSHXDMSA-UHFFFAOYSA-N", "composition": 1, "adsorption": 68.6238}]}, {"pressure": 1.52346e-05, "total_adsorption": 86.1011, "species_data": [{"InChIKey": "IJGRMHOSHXDMSA-UHFFFAOYSA-N", "composition": 1, "adsorption": 86.1011}]}, {"pressure": 2.89922e-05, "total_adsorption": 116.857, "species_data": [{"InChIKey": "IJGRMHOSHXDMSA-UHFFFAOYSA-N", "composition": 1, "adsorption": 116.857}]}, {"pressure": 5.51622e-05, "total_adsorption": 152.058, "species_data": [{"InChIKey": "IJGRMHOSHXDMSA-UHFFFAOYSA-N", "composition": 1, "adsorption": 152.058}]}, {"pressure": 9.98781e-05, "total_adsorption": 187.286, "species_data": [{"InChIKey": "IJGRMHOSHXDMSA-UHFFFAOYSA-N", "composition": 1, "adsorption": 187.286}]}, {"pressure": 0.000155787, "total_adsorption": 231.486, "species_data": [{"InChIKey": "IJGRMHOSHXDMSA-UHFFFAOYSA-N", "composition": 1, "adsorption": 231.486}]}, {"pressure": 0.000231314, "total_adsorption": 266.823, "species_data": [{"InChIKey": "IJGRMHOSHXDMSA-UHFFFAOYSA-N", "composition": 1, "adsorption": 266.823}]}, {"pressure": 0.000379133, "total_adsorption": 310.995, "species_data": [{"InChIKey": "IJGRMHOSHXDMSA-UHFFFAOYSA-N", "composition": 1, "adsorption": 310.995}]}, {"pressure": 0.000621758, "total_adsorption": 341.833, "species_data": [{"InChIKey": "IJGRMHOSHXDMSA-UHFFFAOYSA-N", "composition": 1, "adsorption": 341.833}]}, {"pressure": 0.000970134, "total_adsorption": 377.144, "species_data": [{"InChIKey": "IJGRMHOSHXDMSA-UHFFFAOYSA-N", "composition": 1, "adsorption": 377.144}]}, {"pressure": 0.00193902, "total_adsorption": 421.206, "species_data": [{"InChIKey": "IJGRMHOSHXDMSA-UHFFFAOYSA-N", "composition": 1, "adsorption": 421.206}]}, {"pressure": 0.00288019, "total_adsorption": 447.655, "species_data": [{"InChIKey": "IJGRMHOSHXDMSA-UHFFFAOYSA-N", "composition": 1, "adsorption": 447.655}]}, {"pressure": 0.00449481, "total_adsorption": 478.52, "species_data": [{"InChIKey": "IJGRMHOSHXDMSA-UHFFFAOYSA-N", "composition": 1, "adsorption": 478.52}]}, {"pressure": 0.00737533, "total_adsorption": 496.025, "species_data": [{"InChIKey": "IJGRMHOSHXDMSA-UHFFFAOYSA-N", "composition": 1, "adsorption": 496.025}]}, {"pressure": 0.014033, "total_adsorption": 531.226, "species_data": [{"InChIKey": "IJGRMHOSHXDMSA-UHFFFAOYSA-N", "composition": 1, "adsorption": 531.226}]}, {"pressure": 0.0188791, "total_adsorption": 553.284, "species_data": [{"InChIKey": "IJGRMHOSHXDMSA-UHFFFAOYSA-N", "composition": 1, "adsorption": 553.284}]}, {"pressure": 0.030938, "total_adsorption": 601.901, "species_data": [{"InChIKey": "IJGRMHOSHXDMSA-UHFFFAOYSA-N", "composition": 1, "adsorption": 601.901}]}, {"pressure": 0.0459295, "total_adsorption": 641.683, "species_data": [{"InChIKey": "IJGRMHOSHXDMSA-UHFFFAOYSA-N", "composition": 1, "adsorption": 641.683}]}, {"pressure": 0.0915634, "total_adsorption": 747.969, "species_data": [{"InChIKey": "IJGRMHOSHXDMSA-UHFFFAOYSA-N", "composition": 1, "adsorption": 747.969}]}, {"pressure": 0.142447, "total_adsorption": 854.392, "species_data": [{"InChIKey": "IJGRMHOSHXDMSA-UHFFFAOYSA-N", "composition": 1, "adsorption": 854.392}]}, {"pressure": 0.191185, "total_adsorption": 934.23, "species_data": [{"InChIKey": "IJGRMHOSHXDMSA-UHFFFAOYSA-N", "composition": 1, "adsorption": 934.23}]}, {"pressure": 0.282989, "total_adsorption": 1045.12, "species_data": [{"InChIKey": "IJGRMHOSHXDMSA-UHFFFAOYSA-N", "composition": 1, "adsorption": 1045.12}]}, {"pressure": 0.399563, "total_adsorption": 1098.27, "species_data": [{"InChIKey": "IJGRMHOSHXDMSA-UHFFFAOYSA-N", "composition": 1, "adsorption": 1098.27}]}, {"pressure": 0.511542, "total_adsorption": 1120.35, "species_data": [{"InChIKey": "IJGRMHOSHXDMSA-UHFFFAOYSA-N", "composition": 1, "adsorption": 1120.35}]}, {"pressure": 0.723327, "total_adsorption": 1137.94, "species_data": [{"InChIKey": "IJGRMHOSHXDMSA-UHFFFAOYSA-N", "composition": 1, "adsorption": 1137.94}]}, {"pressure": 0.83875, "total_adsorption": 1155.64, "species_data": [{"InChIKey": "IJGRMHOSHXDMSA-UHFFFAOYSA-N", "composition": 1, "adsorption": 1155.64}]}, {"pressure": 0.881073, "total_adsorption": 1164.5, "species_data": [{"InChIKey": "IJGRMHOSHXDMSA-UHFFFAOYSA-N", "composition": 1, "adsorption": 1164.5}]}]}