{"filename": "10.1002chem.201002341.Isotherm7", "DOI": "10.1002/chem.201002341", "articleSource": "UNKNOWN", "date": "1000-01-01", "digitizer": "UNKNOWN", "adsorbent": {"hashkey": "NIST-MATDB-2bf5d97e26cd9ff653858848144966dc", "name": "[Zn4O(L4)3]n"}, "adsorbates": [{"InChIKey": "CURLTUGMZLYLDI-UHFFFAOYSA-N", "name": "Carbon Dioxide"}], "category": "", "temperature": 195, "isotherm_type": "", "adsorptionUnits": "cm3(STP)/g", "pressureUnits": "bar", "compositionType": "molefraction", "concentrationUnits": "", "isotherm_data": [{"pressure": 0.0534759, "total_adsorption": 131.449, "species_data": [{"InChIKey": "CURLTUGMZLYLDI-UHFFFAOYSA-N", "composition": 1, "adsorption": 131.449}]}, {"pressure": 0.0721925, "total_adsorption": 195.053, "species_data": [{"InChIKey": "CURLTUGMZLYLDI-UHFFFAOYSA-N", "composition": 1, "adsorption": 195.053}]}, {"pressure": 0.0989305, "total_adsorption": 277.739, "species_data": [{"InChIKey": "CURLTUGMZLYLDI-UHFFFAOYSA-N", "composition": 1, "adsorption": 277.739}]}, {"pressure": 0.125668, "total_adsorption": 309.541, "species_data": [{"InChIKey": "CURLTUGMZLYLDI-UHFFFAOYSA-N", "composition": 1, "adsorption": 309.541}]}, {"pressure": 0.147059, "total_adsorption": 324.382, "species_data": [{"InChIKey": "CURLTUGMZLYLDI-UHFFFAOYSA-N", "composition": 1, "adsorption": 324.382}]}, {"pressure": 0.176471, "total_adsorption": 332.862, "species_data": [{"InChIKey": "CURLTUGMZLYLDI-UHFFFAOYSA-N", "composition": 1, "adsorption": 332.862}]}, {"pressure": 0.205882, "total_adsorption": 339.223, "species_data": [{"InChIKey": "CURLTUGMZLYLDI-UHFFFAOYSA-N", "composition": 1, "adsorption": 339.223}]}, {"pressure": 0.23262, "total_adsorption": 341.343, "species_data": [{"InChIKey": "CURLTUGMZLYLDI-UHFFFAOYSA-N", "composition": 1, "adsorption": 341.343}]}, {"pressure": 0.259358, "total_adsorption": 347.703, "species_data": [{"InChIKey": "CURLTUGMZLYLDI-UHFFFAOYSA-N", "composition": 1, "adsorption": 347.703}]}, {"pressure": 0.283422, "total_adsorption": 349.823, "species_data": [{"InChIKey": "CURLTUGMZLYLDI-UHFFFAOYSA-N", "composition": 1, "adsorption": 349.823}]}, {"pressure": 0.307487, "total_adsorption": 351.943, "species_data": [{"InChIKey": "CURLTUGMZLYLDI-UHFFFAOYSA-N", "composition": 1, "adsorption": 351.943}]}, {"pressure": 0.336898, "total_adsorption": 354.064, "species_data": [{"InChIKey": "CURLTUGMZLYLDI-UHFFFAOYSA-N", "composition": 1, "adsorption": 354.064}]}, {"pressure": 0.358289, "total_adsorption": 358.304, "species_data": [{"InChIKey": "CURLTUGMZLYLDI-UHFFFAOYSA-N", "composition": 1, "adsorption": 358.304}]}, {"pressure": 0.385027, "total_adsorption": 358.304, "species_data": [{"InChIKey": "CURLTUGMZLYLDI-UHFFFAOYSA-N", "composition": 1, "adsorption": 358.304}]}, {"pressure": 0.411765, "total_adsorption": 360.424, "species_data": [{"InChIKey": "CURLTUGMZLYLDI-UHFFFAOYSA-N", "composition": 1, "adsorption": 360.424}]}, {"pressure": 0.435829, "total_adsorption": 362.544, "species_data": [{"InChIKey": "CURLTUGMZLYLDI-UHFFFAOYSA-N", "composition": 1, "adsorption": 362.544}]}, {"pressure": 0.457219, "total_adsorption": 364.664, "species_data": [{"InChIKey": "CURLTUGMZLYLDI-UHFFFAOYSA-N", "composition": 1, "adsorption": 364.664}]}, {"pressure": 0.489305, "total_adsorption": 364.664, "species_data": [{"InChIKey": "CURLTUGMZLYLDI-UHFFFAOYSA-N", "composition": 1, "adsorption": 364.664}]}, {"pressure": 0.510695, "total_adsorption": 366.784, "species_data": [{"InChIKey": "CURLTUGMZLYLDI-UHFFFAOYSA-N", "composition": 1, "adsorption": 366.784}]}, {"pressure": 0.537433, "total_adsorption": 366.784, "species_data": [{"InChIKey": "CURLTUGMZLYLDI-UHFFFAOYSA-N", "composition": 1, "adsorption": 366.784}]}, {"pressure": 0.561497, "total_adsorption": 368.905, "species_data": [{"InChIKey": "CURLTUGMZLYLDI-UHFFFAOYSA-N", "composition": 1, "adsorption": 368.905}]}, {"pressure": 0.585561, "total_adsorption": 368.905, "species_data": [{"InChIKey": "CURLTUGMZLYLDI-UHFFFAOYSA-N", "composition": 1, "adsorption": 368.905}]}, {"pressure": 0.612299, "total_adsorption": 368.905, "species_data": [{"InChIKey": "CURLTUGMZLYLDI-UHFFFAOYSA-N", "composition": 1, "adsorption": 368.905}]}, {"pressure": 0.63369, "total_adsorption": 371.025, "species_data": [{"InChIKey": "CURLTUGMZLYLDI-UHFFFAOYSA-N", "composition": 1, "adsorption": 371.025}]}, {"pressure": 0.663102, "total_adsorption": 371.025, "species_data": [{"InChIKey": "CURLTUGMZLYLDI-UHFFFAOYSA-N", "composition": 1, "adsorption": 371.025}]}, {"pressure": 0.687166, "total_adsorption": 373.145, "species_data": [{"InChIKey": "CURLTUGMZLYLDI-UHFFFAOYSA-N", "composition": 1, "adsorption": 373.145}]}, {"pressure": 0.71123, "total_adsorption": 373.145, "species_data": [{"InChIKey": "CURLTUGMZLYLDI-UHFFFAOYSA-N", "composition": 1, "adsorption": 373.145}]}, {"pressure": 0.737968, "total_adsorption": 373.145, "species_data": [{"InChIKey": "CURLTUGMZLYLDI-UHFFFAOYSA-N", "composition": 1, "adsorption": 373.145}]}, {"pressure": 0.762032, "total_adsorption": 375.265, "species_data": [{"InChIKey": "CURLTUGMZLYLDI-UHFFFAOYSA-N", "composition": 1, "adsorption": 375.265}]}, {"pressure": 0.786096, "total_adsorption": 373.145, "species_data": [{"InChIKey": "CURLTUGMZLYLDI-UHFFFAOYSA-N", "composition": 1, "adsorption": 373.145}]}, {"pressure": 0.812834, "total_adsorption": 375.265, "species_data": [{"InChIKey": "CURLTUGMZLYLDI-UHFFFAOYSA-N", "composition": 1, "adsorption": 375.265}]}, {"pressure": 0.839572, "total_adsorption": 377.385, "species_data": [{"InChIKey": "CURLTUGMZLYLDI-UHFFFAOYSA-N", "composition": 1, "adsorption": 377.385}]}, {"pressure": 0.858289, "total_adsorption": 377.385, "species_data": [{"InChIKey": "CURLTUGMZLYLDI-UHFFFAOYSA-N", "composition": 1, "adsorption": 377.385}]}, {"pressure": 0.887701, "total_adsorption": 377.385, "species_data": [{"InChIKey": "CURLTUGMZLYLDI-UHFFFAOYSA-N", "composition": 1, "adsorption": 377.385}]}, {"pressure": 0.911765, "total_adsorption": 379.505, "species_data": [{"InChIKey": "CURLTUGMZLYLDI-UHFFFAOYSA-N", "composition": 1, "adsorption": 379.505}]}, {"pressure": 0.935829, "total_adsorption": 381.625, "species_data": [{"InChIKey": "CURLTUGMZLYLDI-UHFFFAOYSA-N", "composition": 1, "adsorption": 381.625}]}, {"pressure": 0.962567, "total_adsorption": 381.625, "species_data": [{"InChIKey": "CURLTUGMZLYLDI-UHFFFAOYSA-N", "composition": 1, "adsorption": 381.625}]}, {"pressure": 0.989305, "total_adsorption": 381.625, "species_data": [{"InChIKey": "CURLTUGMZLYLDI-UHFFFAOYSA-N", "composition": 1, "adsorption": 381.625}]}, {"pressure": 1.00267, "total_adsorption": 383.746, "species_data": [{"InChIKey": "CURLTUGMZLYLDI-UHFFFAOYSA-N", "composition": 1, "adsorption": 383.746}]}]}