{"isotherm_data":[{"pressure":2.88e-5,"total_adsorption":0.0823321,"species_data":[{"composition":1,"adsorption":0.0823321,"InChIKey":"IJGRMHOSHXDMSA-UHFFFAOYSA-N"}]},{"pressure":0.000126,"total_adsorption":0.337478,"species_data":[{"composition":1,"adsorption":0.337478,"InChIKey":"IJGRMHOSHXDMSA-UHFFFAOYSA-N"}]},{"pressure":0.000254,"total_adsorption":0.711523,"species_data":[{"composition":1,"adsorption":0.711523,"InChIKey":"IJGRMHOSHXDMSA-UHFFFAOYSA-N"}]},{"pressure":0.000526,"total_adsorption":1.65343,"species_data":[{"composition":1,"adsorption":1.65343,"InChIKey":"IJGRMHOSHXDMSA-UHFFFAOYSA-N"}]},{"pressure":0.00116437,"total_adsorption":4.23484,"species_data":[{"composition":1,"adsorption":4.23484,"InChIKey":"IJGRMHOSHXDMSA-UHFFFAOYSA-N"}]},{"pressure":0.00246288,"total_adsorption":6.14906,"species_data":[{"composition":1,"adsorption":6.14906,"InChIKey":"IJGRMHOSHXDMSA-UHFFFAOYSA-N"}]},{"pressure":0.00983674,"total_adsorption":9.0745,"species_data":[{"composition":1,"adsorption":9.0745,"InChIKey":"IJGRMHOSHXDMSA-UHFFFAOYSA-N"}]},{"pressure":0.0952284,"total_adsorption":11.0238,"species_data":[{"composition":1,"adsorption":11.0238,"InChIKey":"IJGRMHOSHXDMSA-UHFFFAOYSA-N"}]},{"pressure":0.371806,"total_adsorption":11.7625,"species_data":[{"composition":1,"adsorption":11.7625,"InChIKey":"IJGRMHOSHXDMSA-UHFFFAOYSA-N"}]}],"temperature":77,"articleSource":"UNKNOWN","compositionType":"molefraction","adsorbates":[{"name":"Nitrogen","InChIKey":"IJGRMHOSHXDMSA-UHFFFAOYSA-N"}],"adsorptionUnits":"micromoles/m2","date":"1000-01-01","category":"","digitizer":"UNKNOWN","pressureUnits":"bar","DOI":"10.1016/j.jcis.2007.12.023","adsorbent":{"name":"Carbon","hashkey":"NIST-MATDB-453276ee992ed07dc207ed08b2b221ce"},"concentrationUnits":"","filename":"10.1016j.jcis.2007.12.023.isotherm19","isotherm_type":""}