{"filename": "10.1039C2jm15734a.Isotherm21", "DOI": "10.1039/C2jm15734a", "articleSource": "UNKNOWN", "date": "1000-01-01", "digitizer": "UNKNOWN", "adsorbent": {"hashkey": "NIST-MATDB-1b85b1862d4e9cc2e0f46d0e2698ab79", "name": "MIL-53(Al)"}, "adsorbates": [{"InChIKey": "VNWKTOKETHGBQD-UHFFFAOYSA-N", "name": "Methane"}], "category": "", "temperature": 273, "isotherm_type": "", "adsorptionUnits": "mmol/g", "pressureUnits": "bar", "compositionType": "molefraction", "concentrationUnits": "", "isotherm_data": [{"pressure": 1.56695, "total_adsorption": 1.61172, "species_data": [{"InChIKey": "VNWKTOKETHGBQD-UHFFFAOYSA-N", "composition": 1, "adsorption": 1.61172}]}, {"pressure": 1.9943, "total_adsorption": 1.94139, "species_data": [{"InChIKey": "VNWKTOKETHGBQD-UHFFFAOYSA-N", "composition": 1, "adsorption": 1.94139}]}, {"pressure": 3.1339, "total_adsorption": 2.5641, "species_data": [{"InChIKey": "VNWKTOKETHGBQD-UHFFFAOYSA-N", "composition": 1, "adsorption": 2.5641}]}, {"pressure": 4.98575, "total_adsorption": 3.33333, "species_data": [{"InChIKey": "VNWKTOKETHGBQD-UHFFFAOYSA-N", "composition": 1, "adsorption": 3.33333}]}, {"pressure": 5.98291, "total_adsorption": 3.47985, "species_data": [{"InChIKey": "VNWKTOKETHGBQD-UHFFFAOYSA-N", "composition": 1, "adsorption": 3.47985}]}, {"pressure": 6.83761, "total_adsorption": 3.73626, "species_data": [{"InChIKey": "VNWKTOKETHGBQD-UHFFFAOYSA-N", "composition": 1, "adsorption": 3.73626}]}, {"pressure": 7.97721, "total_adsorption": 3.95604, "species_data": [{"InChIKey": "VNWKTOKETHGBQD-UHFFFAOYSA-N", "composition": 1, "adsorption": 3.95604}]}, {"pressure": 9.11681, "total_adsorption": 4.17582, "species_data": [{"InChIKey": "VNWKTOKETHGBQD-UHFFFAOYSA-N", "composition": 1, "adsorption": 4.17582}]}, {"pressure": 10.2564, "total_adsorption": 4.35897, "species_data": [{"InChIKey": "VNWKTOKETHGBQD-UHFFFAOYSA-N", "composition": 1, "adsorption": 4.35897}]}, {"pressure": 11.396, "total_adsorption": 4.50549, "species_data": [{"InChIKey": "VNWKTOKETHGBQD-UHFFFAOYSA-N", "composition": 1, "adsorption": 4.50549}]}, {"pressure": 12.6781, "total_adsorption": 4.65201, "species_data": [{"InChIKey": "VNWKTOKETHGBQD-UHFFFAOYSA-N", "composition": 1, "adsorption": 4.65201}]}, {"pressure": 13.9601, "total_adsorption": 4.79853, "species_data": [{"InChIKey": "VNWKTOKETHGBQD-UHFFFAOYSA-N", "composition": 1, "adsorption": 4.79853}]}, {"pressure": 15.3846, "total_adsorption": 4.87179, "species_data": [{"InChIKey": "VNWKTOKETHGBQD-UHFFFAOYSA-N", "composition": 1, "adsorption": 4.87179}]}, {"pressure": 16.6667, "total_adsorption": 5.01832, "species_data": [{"InChIKey": "VNWKTOKETHGBQD-UHFFFAOYSA-N", "composition": 1, "adsorption": 5.01832}]}, {"pressure": 17.8063, "total_adsorption": 5.09158, "species_data": [{"InChIKey": "VNWKTOKETHGBQD-UHFFFAOYSA-N", "composition": 1, "adsorption": 5.09158}]}, {"pressure": 19.0883, "total_adsorption": 5.20147, "species_data": [{"InChIKey": "VNWKTOKETHGBQD-UHFFFAOYSA-N", "composition": 1, "adsorption": 5.20147}]}, {"pressure": 20.3704, "total_adsorption": 5.27473, "species_data": [{"InChIKey": "VNWKTOKETHGBQD-UHFFFAOYSA-N", "composition": 1, "adsorption": 5.27473}]}, {"pressure": 21.6524, "total_adsorption": 5.34799, "species_data": [{"InChIKey": "VNWKTOKETHGBQD-UHFFFAOYSA-N", "composition": 1, "adsorption": 5.34799}]}, {"pressure": 23.0769, "total_adsorption": 5.42125, "species_data": [{"InChIKey": "VNWKTOKETHGBQD-UHFFFAOYSA-N", "composition": 1, "adsorption": 5.42125}]}, {"pressure": 24.5014, "total_adsorption": 5.49451, "species_data": [{"InChIKey": "VNWKTOKETHGBQD-UHFFFAOYSA-N", "composition": 1, "adsorption": 5.49451}]}, {"pressure": 25.7835, "total_adsorption": 5.56777, "species_data": [{"InChIKey": "VNWKTOKETHGBQD-UHFFFAOYSA-N", "composition": 1, "adsorption": 5.56777}]}, {"pressure": 27.208, "total_adsorption": 5.64103, "species_data": [{"InChIKey": "VNWKTOKETHGBQD-UHFFFAOYSA-N", "composition": 1, "adsorption": 5.64103}]}, {"pressure": 28.49, "total_adsorption": 5.71429, "species_data": [{"InChIKey": "VNWKTOKETHGBQD-UHFFFAOYSA-N", "composition": 1, "adsorption": 5.71429}]}, {"pressure": 29.6296, "total_adsorption": 5.75092, "species_data": [{"InChIKey": "VNWKTOKETHGBQD-UHFFFAOYSA-N", "composition": 1, "adsorption": 5.75092}]}, {"pressure": 31.0541, "total_adsorption": 5.78755, "species_data": [{"InChIKey": "VNWKTOKETHGBQD-UHFFFAOYSA-N", "composition": 1, "adsorption": 5.78755}]}, {"pressure": 32.3362, "total_adsorption": 5.82418, "species_data": [{"InChIKey": "VNWKTOKETHGBQD-UHFFFAOYSA-N", "composition": 1, "adsorption": 5.82418}]}, {"pressure": 33.7607, "total_adsorption": 5.89744, "species_data": [{"InChIKey": "VNWKTOKETHGBQD-UHFFFAOYSA-N", "composition": 1, "adsorption": 5.89744}]}, {"pressure": 34.9003, "total_adsorption": 5.93407, "species_data": [{"InChIKey": "VNWKTOKETHGBQD-UHFFFAOYSA-N", "composition": 1, "adsorption": 5.93407}]}, {"pressure": 36.1823, "total_adsorption": 5.93407, "species_data": [{"InChIKey": "VNWKTOKETHGBQD-UHFFFAOYSA-N", "composition": 1, "adsorption": 5.93407}]}, {"pressure": 37.6068, "total_adsorption": 6.00733, "species_data": [{"InChIKey": "VNWKTOKETHGBQD-UHFFFAOYSA-N", "composition": 1, "adsorption": 6.00733}]}, {"pressure": 38.8889, "total_adsorption": 6.04396, "species_data": [{"InChIKey": "VNWKTOKETHGBQD-UHFFFAOYSA-N", "composition": 1, "adsorption": 6.04396}]}, {"pressure": 40.7407, "total_adsorption": 6.11722, "species_data": [{"InChIKey": "VNWKTOKETHGBQD-UHFFFAOYSA-N", "composition": 1, "adsorption": 6.11722}]}, {"pressure": 43.8746, "total_adsorption": 6.19048, "species_data": [{"InChIKey": "VNWKTOKETHGBQD-UHFFFAOYSA-N", "composition": 1, "adsorption": 6.19048}]}, {"pressure": 47.151, "total_adsorption": 6.22711, "species_data": [{"InChIKey": "VNWKTOKETHGBQD-UHFFFAOYSA-N", "composition": 1, "adsorption": 6.22711}]}, {"pressure": 49.8575, "total_adsorption": 6.30037, "species_data": [{"InChIKey": "VNWKTOKETHGBQD-UHFFFAOYSA-N", "composition": 1, "adsorption": 6.30037}]}]}