{"filename": "10.1016j.fuel.2003.11.005.Isotherm3", "DOI": "10.1016/j.fuel.2003.11.005", "articleSource": "Figure 5", "date": "2016-07-15", "digitizer": "Kailey M. Stracka", "adsorbent": {"hashkey": "NIST-MATDB-5fb40edcac1639cd6ab6afde82b67ad7", "name": "Upper Freeport Coal"}, "adsorbates": [{"InChIKey": "CURLTUGMZLYLDI-UHFFFAOYSA-N", "name": "Carbon Dioxide"}], "category": "exp", "temperature": 295, "isotherm_type": "excess", "adsorptionUnits": "mmol/g", "pressureUnits": "bar", "compositionType": "molefraction", "concentrationUnits": "", "isotherm_data": [{"pressure": 2.23859, "total_adsorption": 0.51694, "species_data": [{"InChIKey": "CURLTUGMZLYLDI-UHFFFAOYSA-N", "composition": 1, "adsorption": 0.51694}]}, {"pressure": 5.36082, "total_adsorption": 0.807468, "species_data": [{"InChIKey": "CURLTUGMZLYLDI-UHFFFAOYSA-N", "composition": 1, "adsorption": 0.807468}]}, {"pressure": 6.71576, "total_adsorption": 0.920432, "species_data": [{"InChIKey": "CURLTUGMZLYLDI-UHFFFAOYSA-N", "composition": 1, "adsorption": 0.920432}]}, {"pressure": 10.8984, "total_adsorption": 1.07612, "species_data": [{"InChIKey": "CURLTUGMZLYLDI-UHFFFAOYSA-N", "composition": 1, "adsorption": 1.07612}]}, {"pressure": 11.7231, "total_adsorption": 1.0329, "species_data": [{"InChIKey": "CURLTUGMZLYLDI-UHFFFAOYSA-N", "composition": 1, "adsorption": 1.0329}]}, {"pressure": 16.9072, "total_adsorption": 1.15613, "species_data": [{"InChIKey": "CURLTUGMZLYLDI-UHFFFAOYSA-N", "composition": 1, "adsorption": 1.15613}]}, {"pressure": 20.7953, "total_adsorption": 1.17177, "species_data": [{"InChIKey": "CURLTUGMZLYLDI-UHFFFAOYSA-N", "composition": 1, "adsorption": 1.17177}]}, {"pressure": 23.5052, "total_adsorption": 1.23067, "species_data": [{"InChIKey": "CURLTUGMZLYLDI-UHFFFAOYSA-N", "composition": 1, "adsorption": 1.23067}]}, {"pressure": 29.6907, "total_adsorption": 1.26755, "species_data": [{"InChIKey": "CURLTUGMZLYLDI-UHFFFAOYSA-N", "composition": 1, "adsorption": 1.26755}]}, {"pressure": 30.81, "total_adsorption": 1.29434, "species_data": [{"InChIKey": "CURLTUGMZLYLDI-UHFFFAOYSA-N", "composition": 1, "adsorption": 1.29434}]}, {"pressure": 35.6406, "total_adsorption": 1.32602, "species_data": [{"InChIKey": "CURLTUGMZLYLDI-UHFFFAOYSA-N", "composition": 1, "adsorption": 1.32602}]}]}