{"filename": "10.1039C4ta01798f.Isotherm6", "DOI": "10.1039/C4ta01798f", "articleSource": "UNKNOWN", "date": "1000-01-01", "digitizer": "UNKNOWN", "adsorbent": {"hashkey": "NIST-MATDB-99723c0194e8cf989d93bc5e2da6aeea", "name": "[Zn(BPEB)]"}, "adsorbates": [{"InChIKey": "CURLTUGMZLYLDI-UHFFFAOYSA-N", "name": "Carbon Dioxide"}], "category": "", "temperature": 195, "isotherm_type": "", "adsorptionUnits": "cm3(STP)/g", "pressureUnits": "bar", "compositionType": "molefraction", "concentrationUnits": "", "isotherm_data": [{"pressure": 3.41863e-05, "total_adsorption": -1.36714, "species_data": [{"InChIKey": "CURLTUGMZLYLDI-UHFFFAOYSA-N", "composition": 1, "adsorption": -1.36714}]}, {"pressure": 0.00545841, "total_adsorption": 15.0463, "species_data": [{"InChIKey": "CURLTUGMZLYLDI-UHFFFAOYSA-N", "composition": 1, "adsorption": 15.0463}]}, {"pressure": 0.013834, "total_adsorption": 30.0964, "species_data": [{"InChIKey": "CURLTUGMZLYLDI-UHFFFAOYSA-N", "composition": 1, "adsorption": 30.0964}]}, {"pressure": 0.0250928, "total_adsorption": 46.5175, "species_data": [{"InChIKey": "CURLTUGMZLYLDI-UHFFFAOYSA-N", "composition": 1, "adsorption": 46.5175}]}, {"pressure": 0.0304486, "total_adsorption": 65.6652, "species_data": [{"InChIKey": "CURLTUGMZLYLDI-UHFFFAOYSA-N", "composition": 1, "adsorption": 65.6652}]}, {"pressure": 0.0359071, "total_adsorption": 80.7115, "species_data": [{"InChIKey": "CURLTUGMZLYLDI-UHFFFAOYSA-N", "composition": 1, "adsorption": 80.7115}]}, {"pressure": 0.0500488, "total_adsorption": 98.5036, "species_data": [{"InChIKey": "CURLTUGMZLYLDI-UHFFFAOYSA-N", "composition": 1, "adsorption": 98.5036}]}, {"pressure": 0.0526241, "total_adsorption": 112.179, "species_data": [{"InChIKey": "CURLTUGMZLYLDI-UHFFFAOYSA-N", "composition": 1, "adsorption": 112.179}]}, {"pressure": 0.0639853, "total_adsorption": 124.499, "species_data": [{"InChIKey": "CURLTUGMZLYLDI-UHFFFAOYSA-N", "composition": 1, "adsorption": 124.499}]}, {"pressure": 0.0751757, "total_adsorption": 143.654, "species_data": [{"InChIKey": "CURLTUGMZLYLDI-UHFFFAOYSA-N", "composition": 1, "adsorption": 143.654}]}, {"pressure": 0.0982742, "total_adsorption": 153.255, "species_data": [{"InChIKey": "CURLTUGMZLYLDI-UHFFFAOYSA-N", "composition": 1, "adsorption": 153.255}]}, {"pressure": 0.135925, "total_adsorption": 164.242, "species_data": [{"InChIKey": "CURLTUGMZLYLDI-UHFFFAOYSA-N", "composition": 1, "adsorption": 164.242}]}, {"pressure": 0.167844, "total_adsorption": 171.12, "species_data": [{"InChIKey": "CURLTUGMZLYLDI-UHFFFAOYSA-N", "composition": 1, "adsorption": 171.12}]}, {"pressure": 0.205631, "total_adsorption": 176.639, "species_data": [{"InChIKey": "CURLTUGMZLYLDI-UHFFFAOYSA-N", "composition": 1, "adsorption": 176.639}]}, {"pressure": 0.231783, "total_adsorption": 180.775, "species_data": [{"InChIKey": "CURLTUGMZLYLDI-UHFFFAOYSA-N", "composition": 1, "adsorption": 180.775}]}, {"pressure": 0.257935, "total_adsorption": 184.911, "species_data": [{"InChIKey": "CURLTUGMZLYLDI-UHFFFAOYSA-N", "composition": 1, "adsorption": 184.911}]}, {"pressure": 0.281205, "total_adsorption": 187.676, "species_data": [{"InChIKey": "CURLTUGMZLYLDI-UHFFFAOYSA-N", "composition": 1, "adsorption": 187.676}]}, {"pressure": 0.307323, "total_adsorption": 193.179, "species_data": [{"InChIKey": "CURLTUGMZLYLDI-UHFFFAOYSA-N", "composition": 1, "adsorption": 193.179}]}, {"pressure": 0.336461, "total_adsorption": 194.585, "species_data": [{"InChIKey": "CURLTUGMZLYLDI-UHFFFAOYSA-N", "composition": 1, "adsorption": 194.585}]}, {"pressure": 0.359731, "total_adsorption": 197.35, "species_data": [{"InChIKey": "CURLTUGMZLYLDI-UHFFFAOYSA-N", "composition": 1, "adsorption": 197.35}]}, {"pressure": 0.385884, "total_adsorption": 201.486, "species_data": [{"InChIKey": "CURLTUGMZLYLDI-UHFFFAOYSA-N", "composition": 1, "adsorption": 201.486}]}, {"pressure": 0.412104, "total_adsorption": 202.888, "species_data": [{"InChIKey": "CURLTUGMZLYLDI-UHFFFAOYSA-N", "composition": 1, "adsorption": 202.888}]}, {"pressure": 0.438257, "total_adsorption": 207.024, "species_data": [{"InChIKey": "CURLTUGMZLYLDI-UHFFFAOYSA-N", "composition": 1, "adsorption": 207.024}]}, {"pressure": 0.455658, "total_adsorption": 211.148, "species_data": [{"InChIKey": "CURLTUGMZLYLDI-UHFFFAOYSA-N", "composition": 1, "adsorption": 211.148}]}, {"pressure": 0.490596, "total_adsorption": 213.929, "species_data": [{"InChIKey": "CURLTUGMZLYLDI-UHFFFAOYSA-N", "composition": 1, "adsorption": 213.929}]}, {"pressure": 0.528417, "total_adsorption": 218.08, "species_data": [{"InChIKey": "CURLTUGMZLYLDI-UHFFFAOYSA-N", "composition": 1, "adsorption": 218.08}]}, {"pressure": 0.563322, "total_adsorption": 222.228, "species_data": [{"InChIKey": "CURLTUGMZLYLDI-UHFFFAOYSA-N", "composition": 1, "adsorption": 222.228}]}, {"pressure": 0.598226, "total_adsorption": 226.376, "species_data": [{"InChIKey": "CURLTUGMZLYLDI-UHFFFAOYSA-N", "composition": 1, "adsorption": 226.376}]}, {"pressure": 0.63313, "total_adsorption": 230.523, "species_data": [{"InChIKey": "CURLTUGMZLYLDI-UHFFFAOYSA-N", "composition": 1, "adsorption": 230.523}]}, {"pressure": 0.665151, "total_adsorption": 233.3, "species_data": [{"InChIKey": "CURLTUGMZLYLDI-UHFFFAOYSA-N", "composition": 1, "adsorption": 233.3}]}, {"pressure": 0.700056, "total_adsorption": 237.448, "species_data": [{"InChIKey": "CURLTUGMZLYLDI-UHFFFAOYSA-N", "composition": 1, "adsorption": 237.448}]}, {"pressure": 0.734995, "total_adsorption": 240.228, "species_data": [{"InChIKey": "CURLTUGMZLYLDI-UHFFFAOYSA-N", "composition": 1, "adsorption": 240.228}]}, {"pressure": 0.775699, "total_adsorption": 245.751, "species_data": [{"InChIKey": "CURLTUGMZLYLDI-UHFFFAOYSA-N", "composition": 1, "adsorption": 245.751}]}, {"pressure": 0.81352, "total_adsorption": 249.902, "species_data": [{"InChIKey": "CURLTUGMZLYLDI-UHFFFAOYSA-N", "composition": 1, "adsorption": 249.902}]}, {"pressure": 0.851273, "total_adsorption": 256.788, "species_data": [{"InChIKey": "CURLTUGMZLYLDI-UHFFFAOYSA-N", "composition": 1, "adsorption": 256.788}]}]}