{"filename": "10.1021Jp211280m.isotherm5", "DOI": "10.1021/Jp211280m", "articleSource": "UNKNOWN", "date": "1000-01-01", "digitizer": "UNKNOWN", "adsorbent": {"hashkey": "NIST-MATDB-cf456ceb20be181c82372f598ccd6566", "name": "COF-102"}, "adsorbates": [{"InChIKey": "CURLTUGMZLYLDI-UHFFFAOYSA-N", "name": "Carbon Dioxide"}], "category": "", "temperature": 298, "isotherm_type": "", "adsorptionUnits": "mg/g", "pressureUnits": "bar", "compositionType": "molefraction", "concentrationUnits": "", "isotherm_data": [{"pressure": 1.04486, "total_adsorption": 47.9026, "species_data": [{"InChIKey": "CURLTUGMZLYLDI-UHFFFAOYSA-N", "composition": 1, "adsorption": 47.9026}]}, {"pressure": 1.97162, "total_adsorption": 98.6068, "species_data": [{"InChIKey": "CURLTUGMZLYLDI-UHFFFAOYSA-N", "composition": 1, "adsorption": 98.6068}]}, {"pressure": 3.01669, "total_adsorption": 163.396, "species_data": [{"InChIKey": "CURLTUGMZLYLDI-UHFFFAOYSA-N", "composition": 1, "adsorption": 163.396}]}, {"pressure": 4.02232, "total_adsorption": 238.043, "species_data": [{"InChIKey": "CURLTUGMZLYLDI-UHFFFAOYSA-N", "composition": 1, "adsorption": 238.043}]}, {"pressure": 5.04767, "total_adsorption": 321.142, "species_data": [{"InChIKey": "CURLTUGMZLYLDI-UHFFFAOYSA-N", "composition": 1, "adsorption": 321.142}]}, {"pressure": 6.01387, "total_adsorption": 425.367, "species_data": [{"InChIKey": "CURLTUGMZLYLDI-UHFFFAOYSA-N", "composition": 1, "adsorption": 425.367}]}, {"pressure": 6.99979, "total_adsorption": 546.494, "species_data": [{"InChIKey": "CURLTUGMZLYLDI-UHFFFAOYSA-N", "composition": 1, "adsorption": 546.494}]}, {"pressure": 7.96598, "total_adsorption": 663.396, "species_data": [{"InChIKey": "CURLTUGMZLYLDI-UHFFFAOYSA-N", "composition": 1, "adsorption": 663.396}]}, {"pressure": 9.03077, "total_adsorption": 764.804, "species_data": [{"InChIKey": "CURLTUGMZLYLDI-UHFFFAOYSA-N", "composition": 1, "adsorption": 764.804}]}, {"pressure": 10.0561, "total_adsorption": 866.212, "species_data": [{"InChIKey": "CURLTUGMZLYLDI-UHFFFAOYSA-N", "composition": 1, "adsorption": 866.212}]}]}