{"isotherm_data":[{"pressure":2.08768,"total_adsorption":1.65882,"species_data":[{"composition":1,"adsorption":1.65882,"InChIKey":"VNWKTOKETHGBQD-UHFFFAOYSA-N"}]},{"pressure":3.34029,"total_adsorption":2.32941,"species_data":[{"composition":1,"adsorption":2.32941,"InChIKey":"VNWKTOKETHGBQD-UHFFFAOYSA-N"}]},{"pressure":5.21921,"total_adsorption":3.24706,"species_data":[{"composition":1,"adsorption":3.24706,"InChIKey":"VNWKTOKETHGBQD-UHFFFAOYSA-N"}]},{"pressure":8.14196,"total_adsorption":4.23529,"species_data":[{"composition":1,"adsorption":4.23529,"InChIKey":"VNWKTOKETHGBQD-UHFFFAOYSA-N"}]},{"pressure":10.2296,"total_adsorption":4.87059,"species_data":[{"composition":1,"adsorption":4.87059,"InChIKey":"VNWKTOKETHGBQD-UHFFFAOYSA-N"}]},{"pressure":17.3278,"total_adsorption":6.21176,"species_data":[{"composition":1,"adsorption":6.21176,"InChIKey":"VNWKTOKETHGBQD-UHFFFAOYSA-N"}]},{"pressure":23.382,"total_adsorption":6.98824,"species_data":[{"composition":1,"adsorption":6.98824,"InChIKey":"VNWKTOKETHGBQD-UHFFFAOYSA-N"}]},{"pressure":30.4802,"total_adsorption":7.76471,"species_data":[{"composition":1,"adsorption":7.76471,"InChIKey":"VNWKTOKETHGBQD-UHFFFAOYSA-N"}]},{"pressure":42.1712,"total_adsorption":8.68235,"species_data":[{"composition":1,"adsorption":8.68235,"InChIKey":"VNWKTOKETHGBQD-UHFFFAOYSA-N"}]},{"pressure":44.4676,"total_adsorption":8.82353,"species_data":[{"composition":1,"adsorption":8.82353,"InChIKey":"VNWKTOKETHGBQD-UHFFFAOYSA-N"}]},{"pressure":49.8956,"total_adsorption":9.14118,"species_data":[{"composition":1,"adsorption":9.14118,"InChIKey":"VNWKTOKETHGBQD-UHFFFAOYSA-N"}]},{"pressure":59.2902,"total_adsorption":9.6,"species_data":[{"composition":1,"adsorption":9.6,"InChIKey":"VNWKTOKETHGBQD-UHFFFAOYSA-N"}]},{"pressure":65.5532,"total_adsorption":9.84706,"species_data":[{"composition":1,"adsorption":9.84706,"InChIKey":"VNWKTOKETHGBQD-UHFFFAOYSA-N"}]},{"pressure":68.6848,"total_adsorption":9.98824,"species_data":[{"composition":1,"adsorption":9.98824,"InChIKey":"VNWKTOKETHGBQD-UHFFFAOYSA-N"}]},{"pressure":74.1127,"total_adsorption":10.1294,"species_data":[{"composition":1,"adsorption":10.1294,"InChIKey":"VNWKTOKETHGBQD-UHFFFAOYSA-N"}]},{"pressure":80.5846,"total_adsorption":10.3412,"species_data":[{"composition":1,"adsorption":10.3412,"InChIKey":"VNWKTOKETHGBQD-UHFFFAOYSA-N"}]},{"pressure":86.4301,"total_adsorption":10.4824,"species_data":[{"composition":1,"adsorption":10.4824,"InChIKey":"VNWKTOKETHGBQD-UHFFFAOYSA-N"}]},{"pressure":91.6493,"total_adsorption":10.5529,"species_data":[{"composition":1,"adsorption":10.5529,"InChIKey":"VNWKTOKETHGBQD-UHFFFAOYSA-N"}]}],"temperature":298,"articleSource":"UNKNOWN","compositionType":"molefraction","adsorbates":[{"name":"Methane","InChIKey":"VNWKTOKETHGBQD-UHFFFAOYSA-N"}],"adsorptionUnits":"mmol/g","date":"1000-01-01","category":"","digitizer":"UNKNOWN","pressureUnits":"bar","DOI":"10.1007/s10450-013-9579-3","adsorbent":{"name":"Carbon","hashkey":"NIST-MATDB-453276ee992ed07dc207ed08b2b221ce"},"concentrationUnits":"","filename":"10.1007s10450-013-9579-3.Isotherm8","isotherm_type":""}