{"isotherm_data":[{"pressure":11.3622,"total_adsorption":24.9088,"species_data":[{"composition":1,"adsorption":24.9088,"InChIKey":"CURLTUGMZLYLDI-UHFFFAOYSA-N"}]},{"pressure":12.9949,"total_adsorption":27.1692,"species_data":[{"composition":1,"adsorption":27.1692,"InChIKey":"CURLTUGMZLYLDI-UHFFFAOYSA-N"}]},{"pressure":14.9241,"total_adsorption":29.4277,"species_data":[{"composition":1,"adsorption":29.4277,"InChIKey":"CURLTUGMZLYLDI-UHFFFAOYSA-N"}]},{"pressure":16.781,"total_adsorption":33.816,"species_data":[{"composition":1,"adsorption":33.816,"InChIKey":"CURLTUGMZLYLDI-UHFFFAOYSA-N"}]},{"pressure":19.3774,"total_adsorption":36.212,"species_data":[{"composition":1,"adsorption":36.212,"InChIKey":"CURLTUGMZLYLDI-UHFFFAOYSA-N"}]},{"pressure":25.5356,"total_adsorption":42.843,"species_data":[{"composition":1,"adsorption":42.843,"InChIKey":"CURLTUGMZLYLDI-UHFFFAOYSA-N"}]},{"pressure":32.0646,"total_adsorption":49.7555,"species_data":[{"composition":1,"adsorption":49.7555,"InChIKey":"CURLTUGMZLYLDI-UHFFFAOYSA-N"}]},{"pressure":38.7415,"total_adsorption":56.2411,"species_data":[{"composition":1,"adsorption":56.2411,"InChIKey":"CURLTUGMZLYLDI-UHFFFAOYSA-N"}]},{"pressure":44.9732,"total_adsorption":62.1619,"species_data":[{"composition":1,"adsorption":62.1619,"InChIKey":"CURLTUGMZLYLDI-UHFFFAOYSA-N"}]},{"pressure":51.278,"total_adsorption":66.8045,"species_data":[{"composition":1,"adsorption":66.8045,"InChIKey":"CURLTUGMZLYLDI-UHFFFAOYSA-N"}]},{"pressure":58.0285,"total_adsorption":72.5799,"species_data":[{"composition":1,"adsorption":72.5799,"InChIKey":"CURLTUGMZLYLDI-UHFFFAOYSA-N"}]},{"pressure":63.7401,"total_adsorption":77.0846,"species_data":[{"composition":1,"adsorption":77.0846,"InChIKey":"CURLTUGMZLYLDI-UHFFFAOYSA-N"}]}],"temperature":293,"articleSource":"UNKNOWN","compositionType":"molefraction","adsorbates":[{"name":"Carbon Dioxide","InChIKey":"CURLTUGMZLYLDI-UHFFFAOYSA-N"}],"adsorptionUnits":"cm3(STP)/g","date":"1000-01-01","category":"","digitizer":"UNKNOWN","pressureUnits":"bar","DOI":"10.1039/C2dt30950e","adsorbent":{"name":"UiO-66-NH2","hashkey":"NIST-MATDB-b425ac967ceb23a458c5e6f13f9dee6b"},"concentrationUnits":"","filename":"10.1039C2dt30950e.Isotherm2","isotherm_type":""}