{"isotherm_data":[{"pressure":0,"total_adsorption":260.531,"species_data":[{"composition":1,"adsorption":260.531,"InChIKey":"IJGRMHOSHXDMSA-UHFFFAOYSA-N"}]},{"pressure":0.0154701,"total_adsorption":270.442,"species_data":[{"composition":1,"adsorption":270.442,"InChIKey":"IJGRMHOSHXDMSA-UHFFFAOYSA-N"}]},{"pressure":0.0340341,"total_adsorption":276.814,"species_data":[{"composition":1,"adsorption":276.814,"InChIKey":"IJGRMHOSHXDMSA-UHFFFAOYSA-N"}]},{"pressure":0.0587862,"total_adsorption":281.77,"species_data":[{"composition":1,"adsorption":281.77,"InChIKey":"IJGRMHOSHXDMSA-UHFFFAOYSA-N"}]},{"pressure":0.129949,"total_adsorption":285.31,"species_data":[{"composition":1,"adsorption":285.31,"InChIKey":"IJGRMHOSHXDMSA-UHFFFAOYSA-N"}]},{"pressure":0.156248,"total_adsorption":288.142,"species_data":[{"composition":1,"adsorption":288.142,"InChIKey":"IJGRMHOSHXDMSA-UHFFFAOYSA-N"}]},{"pressure":0.247521,"total_adsorption":293.097,"species_data":[{"composition":1,"adsorption":293.097,"InChIKey":"IJGRMHOSHXDMSA-UHFFFAOYSA-N"}]},{"pressure":0.27382,"total_adsorption":293.805,"species_data":[{"composition":1,"adsorption":293.805,"InChIKey":"IJGRMHOSHXDMSA-UHFFFAOYSA-N"}]},{"pressure":0.363546,"total_adsorption":295.221,"species_data":[{"composition":1,"adsorption":295.221,"InChIKey":"IJGRMHOSHXDMSA-UHFFFAOYSA-N"}]},{"pressure":0.391393,"total_adsorption":295.221,"species_data":[{"composition":1,"adsorption":295.221,"InChIKey":"IJGRMHOSHXDMSA-UHFFFAOYSA-N"}]},{"pressure":0.422333,"total_adsorption":297.345,"species_data":[{"composition":1,"adsorption":297.345,"InChIKey":"IJGRMHOSHXDMSA-UHFFFAOYSA-N"}]},{"pressure":0.584768,"total_adsorption":298.761,"species_data":[{"composition":1,"adsorption":298.761,"InChIKey":"IJGRMHOSHXDMSA-UHFFFAOYSA-N"}]},{"pressure":0.663666,"total_adsorption":301.593,"species_data":[{"composition":1,"adsorption":301.593,"InChIKey":"IJGRMHOSHXDMSA-UHFFFAOYSA-N"}]},{"pressure":0.785879,"total_adsorption":303.009,"species_data":[{"composition":1,"adsorption":303.009,"InChIKey":"IJGRMHOSHXDMSA-UHFFFAOYSA-N"}]},{"pressure":0.841571,"total_adsorption":304.425,"species_data":[{"composition":1,"adsorption":304.425,"InChIKey":"IJGRMHOSHXDMSA-UHFFFAOYSA-N"}]},{"pressure":0.904999,"total_adsorption":305.841,"species_data":[{"composition":1,"adsorption":305.841,"InChIKey":"IJGRMHOSHXDMSA-UHFFFAOYSA-N"}]},{"pressure":0.931298,"total_adsorption":309.381,"species_data":[{"composition":1,"adsorption":309.381,"InChIKey":"IJGRMHOSHXDMSA-UHFFFAOYSA-N"}]},{"pressure":0.959144,"total_adsorption":317.168,"species_data":[{"composition":1,"adsorption":317.168,"InChIKey":"IJGRMHOSHXDMSA-UHFFFAOYSA-N"}]}],"temperature":77,"articleSource":"UNKNOWN","compositionType":"molefraction","adsorbates":[{"name":"Nitrogen","InChIKey":"IJGRMHOSHXDMSA-UHFFFAOYSA-N"}],"adsorptionUnits":"cm3(STP)/g","date":"1000-01-01","category":"","digitizer":"UNKNOWN","pressureUnits":"bar","DOI":"10.1021/La2017424","adsorbent":{"name":"MGr","hashkey":"NIST-MATDB-bb38d5574f76473340c988525adeac58"},"concentrationUnits":"","filename":"10.1021La2017424.Isotherm4","isotherm_type":""}