{"filename": "10.1360cjcp2006.19(5).457.6.isotherm7", "DOI": "10.1360/cjcp2006.19(5).457.6", "articleSource": "UNKNOWN", "date": "1000-01-01", "digitizer": "UNKNOWN", "adsorbent": {"hashkey": "NIST-MATDB-0d52b4312e8dd98a53fcfaba14cd0e82", "name": "ZSM-5"}, "adsorbates": [{"InChIKey": "UFHFLCQGNIYNRP-UHFFFAOYSA-N", "name": "Hydrogen"}], "category": "", "temperature": 195, "isotherm_type": "", "adsorptionUnits": "mmol/g", "pressureUnits": "bar", "compositionType": "molefraction", "concentrationUnits": "", "isotherm_data": [{"pressure": 7.29471, "total_adsorption": 0.345147, "species_data": [{"InChIKey": "UFHFLCQGNIYNRP-UHFFFAOYSA-N", "composition": 1, "adsorption": 0.345147}]}, {"pressure": 14.4919, "total_adsorption": 0.767682, "species_data": [{"InChIKey": "UFHFLCQGNIYNRP-UHFFFAOYSA-N", "composition": 1, "adsorption": 0.767682}]}, {"pressure": 16.8581, "total_adsorption": 0.866273, "species_data": [{"InChIKey": "UFHFLCQGNIYNRP-UHFFFAOYSA-N", "composition": 1, "adsorption": 0.866273}]}, {"pressure": 18.337, "total_adsorption": 0.8874, "species_data": [{"InChIKey": "UFHFLCQGNIYNRP-UHFFFAOYSA-N", "composition": 1, "adsorption": 0.8874}]}, {"pressure": 29.7736, "total_adsorption": 1.67613, "species_data": [{"InChIKey": "UFHFLCQGNIYNRP-UHFFFAOYSA-N", "composition": 1, "adsorption": 1.67613}]}, {"pressure": 32.4356, "total_adsorption": 1.78881, "species_data": [{"InChIKey": "UFHFLCQGNIYNRP-UHFFFAOYSA-N", "composition": 1, "adsorption": 1.78881}]}, {"pressure": 37.5623, "total_adsorption": 1.99303, "species_data": [{"InChIKey": "UFHFLCQGNIYNRP-UHFFFAOYSA-N", "composition": 1, "adsorption": 1.99303}]}, {"pressure": 40.2243, "total_adsorption": 2.12684, "species_data": [{"InChIKey": "UFHFLCQGNIYNRP-UHFFFAOYSA-N", "composition": 1, "adsorption": 2.12684}]}, {"pressure": 43.7736, "total_adsorption": 2.27472, "species_data": [{"InChIKey": "UFHFLCQGNIYNRP-UHFFFAOYSA-N", "composition": 1, "adsorption": 2.27472}]}, {"pressure": 47.7172, "total_adsorption": 2.40853, "species_data": [{"InChIKey": "UFHFLCQGNIYNRP-UHFFFAOYSA-N", "composition": 1, "adsorption": 2.40853}]}, {"pressure": 52.0553, "total_adsorption": 2.52825, "species_data": [{"InChIKey": "UFHFLCQGNIYNRP-UHFFFAOYSA-N", "composition": 1, "adsorption": 2.52825}]}, {"pressure": 54.6187, "total_adsorption": 2.69726, "species_data": [{"InChIKey": "UFHFLCQGNIYNRP-UHFFFAOYSA-N", "composition": 1, "adsorption": 2.69726}]}, {"pressure": 58.3651, "total_adsorption": 2.92261, "species_data": [{"InChIKey": "UFHFLCQGNIYNRP-UHFFFAOYSA-N", "composition": 1, "adsorption": 2.92261}]}, {"pressure": 67.2384, "total_adsorption": 3.28881, "species_data": [{"InChIKey": "UFHFLCQGNIYNRP-UHFFFAOYSA-N", "composition": 1, "adsorption": 3.28881}]}]}