{"filename": "10.1039C2nj20587d.isotherm1", "DOI": "10.1039/C2nj20587d", "articleSource": "UNKNOWN", "date": "1000-01-01", "digitizer": "UNKNOWN", "adsorbent": {"hashkey": "NIST-MATDB-979e667be7fe222f20d8bad36617dc66", "name": "MIL-100"}, "adsorbates": [{"InChIKey": "IJGRMHOSHXDMSA-UHFFFAOYSA-N", "name": "Nitrogen"}], "category": "", "temperature": 77, "isotherm_type": "", "adsorptionUnits": "cm3(STP)/g", "pressureUnits": "bar", "compositionType": "molefraction", "concentrationUnits": "", "isotherm_data": [{"pressure": 0.00710587, "total_adsorption": 269.144, "species_data": [{"InChIKey": "IJGRMHOSHXDMSA-UHFFFAOYSA-N", "composition": 1, "adsorption": 269.144}]}, {"pressure": 0.0270216, "total_adsorption": 313.261, "species_data": [{"InChIKey": "IJGRMHOSHXDMSA-UHFFFAOYSA-N", "composition": 1, "adsorption": 313.261}]}, {"pressure": 0.071777, "total_adsorption": 382.559, "species_data": [{"InChIKey": "IJGRMHOSHXDMSA-UHFFFAOYSA-N", "composition": 1, "adsorption": 382.559}]}, {"pressure": 0.124762, "total_adsorption": 432.915, "species_data": [{"InChIKey": "IJGRMHOSHXDMSA-UHFFFAOYSA-N", "composition": 1, "adsorption": 432.915}]}, {"pressure": 0.260357, "total_adsorption": 464.172, "species_data": [{"InChIKey": "IJGRMHOSHXDMSA-UHFFFAOYSA-N", "composition": 1, "adsorption": 464.172}]}, {"pressure": 0.490143, "total_adsorption": 482.614, "species_data": [{"InChIKey": "IJGRMHOSHXDMSA-UHFFFAOYSA-N", "composition": 1, "adsorption": 482.614}]}, {"pressure": 0.690169, "total_adsorption": 496.913, "species_data": [{"InChIKey": "IJGRMHOSHXDMSA-UHFFFAOYSA-N", "composition": 1, "adsorption": 496.913}]}, {"pressure": 0.853832, "total_adsorption": 511.289, "species_data": [{"InChIKey": "IJGRMHOSHXDMSA-UHFFFAOYSA-N", "composition": 1, "adsorption": 511.289}]}, {"pressure": 0.931571, "total_adsorption": 540.564, "species_data": [{"InChIKey": "IJGRMHOSHXDMSA-UHFFFAOYSA-N", "composition": 1, "adsorption": 540.564}]}, {"pressure": 0.96802, "total_adsorption": 586.749, "species_data": [{"InChIKey": "IJGRMHOSHXDMSA-UHFFFAOYSA-N", "composition": 1, "adsorption": 586.749}]}, {"pressure": 0.991492, "total_adsorption": 767.541, "species_data": [{"InChIKey": "IJGRMHOSHXDMSA-UHFFFAOYSA-N", "composition": 1, "adsorption": 767.541}]}]}