{"filename": "10.1039C1cc11054c.Isotherm5", "DOI": "10.1039/C1cc11054c", "articleSource": "UNKNOWN", "date": "1000-01-01", "digitizer": "UNKNOWN", "adsorbent": {"hashkey": "NIST-MATDB-35093292dad40d845a2b74a2194d3d75", "name": "CH3-IRMOF-1"}, "adsorbates": [{"InChIKey": "UFHFLCQGNIYNRP-UHFFFAOYSA-N", "name": "Hydrogen"}], "category": "", "temperature": 77, "isotherm_type": "", "adsorptionUnits": "wt%", "pressureUnits": "bar", "compositionType": "molefraction", "concentrationUnits": "", "isotherm_data": [{"pressure": 0.0282686, "total_adsorption": 0.044496, "species_data": [{"InChIKey": "UFHFLCQGNIYNRP-UHFFFAOYSA-N", "composition": 1, "adsorption": 0.044496}]}, {"pressure": 0.0918728, "total_adsorption": 0.139835, "species_data": [{"InChIKey": "UFHFLCQGNIYNRP-UHFFFAOYSA-N", "composition": 1, "adsorption": 0.139835}]}, {"pressure": 0.141343, "total_adsorption": 0.209741, "species_data": [{"InChIKey": "UFHFLCQGNIYNRP-UHFFFAOYSA-N", "composition": 1, "adsorption": 0.209741}]}, {"pressure": 0.204947, "total_adsorption": 0.29871, "species_data": [{"InChIKey": "UFHFLCQGNIYNRP-UHFFFAOYSA-N", "composition": 1, "adsorption": 0.29871}]}, {"pressure": 0.233216, "total_adsorption": 0.343206, "species_data": [{"InChIKey": "UFHFLCQGNIYNRP-UHFFFAOYSA-N", "composition": 1, "adsorption": 0.343206}]}, {"pressure": 0.240283, "total_adsorption": 0.406878, "species_data": [{"InChIKey": "UFHFLCQGNIYNRP-UHFFFAOYSA-N", "composition": 1, "adsorption": 0.406878}]}, {"pressure": 0.303887, "total_adsorption": 0.425784, "species_data": [{"InChIKey": "UFHFLCQGNIYNRP-UHFFFAOYSA-N", "composition": 1, "adsorption": 0.425784}]}, {"pressure": 0.353357, "total_adsorption": 0.470212, "species_data": [{"InChIKey": "UFHFLCQGNIYNRP-UHFFFAOYSA-N", "composition": 1, "adsorption": 0.470212}]}, {"pressure": 0.39576, "total_adsorption": 0.514663, "species_data": [{"InChIKey": "UFHFLCQGNIYNRP-UHFFFAOYSA-N", "composition": 1, "adsorption": 0.514663}]}, {"pressure": 0.508834, "total_adsorption": 0.597106, "species_data": [{"InChIKey": "UFHFLCQGNIYNRP-UHFFFAOYSA-N", "composition": 1, "adsorption": 0.597106}]}, {"pressure": 0.54417, "total_adsorption": 0.647949, "species_data": [{"InChIKey": "UFHFLCQGNIYNRP-UHFFFAOYSA-N", "composition": 1, "adsorption": 0.647949}]}, {"pressure": 0.59364, "total_adsorption": 0.686008, "species_data": [{"InChIKey": "UFHFLCQGNIYNRP-UHFFFAOYSA-N", "composition": 1, "adsorption": 0.686008}]}, {"pressure": 0.650177, "total_adsorption": 0.724044, "species_data": [{"InChIKey": "UFHFLCQGNIYNRP-UHFFFAOYSA-N", "composition": 1, "adsorption": 0.724044}]}, {"pressure": 0.734982, "total_adsorption": 0.787468, "species_data": [{"InChIKey": "UFHFLCQGNIYNRP-UHFFFAOYSA-N", "composition": 1, "adsorption": 0.787468}]}, {"pressure": 0.791519, "total_adsorption": 0.825505, "species_data": [{"InChIKey": "UFHFLCQGNIYNRP-UHFFFAOYSA-N", "composition": 1, "adsorption": 0.825505}]}, {"pressure": 0.848057, "total_adsorption": 0.844433, "species_data": [{"InChIKey": "UFHFLCQGNIYNRP-UHFFFAOYSA-N", "composition": 1, "adsorption": 0.844433}]}, {"pressure": 0.890459, "total_adsorption": 0.888884, "species_data": [{"InChIKey": "UFHFLCQGNIYNRP-UHFFFAOYSA-N", "composition": 1, "adsorption": 0.888884}]}, {"pressure": 0.954064, "total_adsorption": 0.926898, "species_data": [{"InChIKey": "UFHFLCQGNIYNRP-UHFFFAOYSA-N", "composition": 1, "adsorption": 0.926898}]}, {"pressure": 1.09541, "total_adsorption": 1.00288, "species_data": [{"InChIKey": "UFHFLCQGNIYNRP-UHFFFAOYSA-N", "composition": 1, "adsorption": 1.00288}]}, {"pressure": 1.15901, "total_adsorption": 1.03453, "species_data": [{"InChIKey": "UFHFLCQGNIYNRP-UHFFFAOYSA-N", "composition": 1, "adsorption": 1.03453}]}, {"pressure": 1.25088, "total_adsorption": 1.08519, "species_data": [{"InChIKey": "UFHFLCQGNIYNRP-UHFFFAOYSA-N", "composition": 1, "adsorption": 1.08519}]}, {"pressure": 1.29329, "total_adsorption": 1.10416, "species_data": [{"InChIKey": "UFHFLCQGNIYNRP-UHFFFAOYSA-N", "composition": 1, "adsorption": 1.10416}]}, {"pressure": 1.35689, "total_adsorption": 1.13581, "species_data": [{"InChIKey": "UFHFLCQGNIYNRP-UHFFFAOYSA-N", "composition": 1, "adsorption": 1.13581}]}, {"pressure": 1.42049, "total_adsorption": 1.16108, "species_data": [{"InChIKey": "UFHFLCQGNIYNRP-UHFFFAOYSA-N", "composition": 1, "adsorption": 1.16108}]}, {"pressure": 1.51237, "total_adsorption": 1.20537, "species_data": [{"InChIKey": "UFHFLCQGNIYNRP-UHFFFAOYSA-N", "composition": 1, "adsorption": 1.20537}]}, {"pressure": 1.57597, "total_adsorption": 1.23065, "species_data": [{"InChIKey": "UFHFLCQGNIYNRP-UHFFFAOYSA-N", "composition": 1, "adsorption": 1.23065}]}, {"pressure": 1.62544, "total_adsorption": 1.26871, "species_data": [{"InChIKey": "UFHFLCQGNIYNRP-UHFFFAOYSA-N", "composition": 1, "adsorption": 1.26871}]}, {"pressure": 1.71025, "total_adsorption": 1.28755, "species_data": [{"InChIKey": "UFHFLCQGNIYNRP-UHFFFAOYSA-N", "composition": 1, "adsorption": 1.28755}]}, {"pressure": 1.77385, "total_adsorption": 1.31282, "species_data": [{"InChIKey": "UFHFLCQGNIYNRP-UHFFFAOYSA-N", "composition": 1, "adsorption": 1.31282}]}, {"pressure": 1.84452, "total_adsorption": 1.33807, "species_data": [{"InChIKey": "UFHFLCQGNIYNRP-UHFFFAOYSA-N", "composition": 1, "adsorption": 1.33807}]}, {"pressure": 1.90106, "total_adsorption": 1.36337, "species_data": [{"InChIKey": "UFHFLCQGNIYNRP-UHFFFAOYSA-N", "composition": 1, "adsorption": 1.36337}]}, {"pressure": 1.96466, "total_adsorption": 1.38865, "species_data": [{"InChIKey": "UFHFLCQGNIYNRP-UHFFFAOYSA-N", "composition": 1, "adsorption": 1.38865}]}]}