{"isotherm_data":[{"pressure":0.006886,"total_adsorption":null,"species_data":[{"composition":1,"adsorption":0.04792,"InChIKey":"OTMSDBZUPAUEDD-UHFFFAOYSA-N"}]},{"pressure":0.014663,"total_adsorption":null,"species_data":[{"composition":1,"adsorption":0.06813,"InChIKey":"OTMSDBZUPAUEDD-UHFFFAOYSA-N"}]},{"pressure":0.017367,"total_adsorption":null,"species_data":[{"composition":1,"adsorption":0.09032,"InChIKey":"OTMSDBZUPAUEDD-UHFFFAOYSA-N"}]},{"pressure":0.025463,"total_adsorption":null,"species_data":[{"composition":1,"adsorption":0.10673,"InChIKey":"OTMSDBZUPAUEDD-UHFFFAOYSA-N"}]},{"pressure":0.030993,"total_adsorption":null,"species_data":[{"composition":1,"adsorption":0.1318,"InChIKey":"OTMSDBZUPAUEDD-UHFFFAOYSA-N"}]},{"pressure":0.039541,"total_adsorption":null,"species_data":[{"composition":1,"adsorption":0.15316,"InChIKey":"OTMSDBZUPAUEDD-UHFFFAOYSA-N"}]},{"pressure":0.050079,"total_adsorption":null,"species_data":[{"composition":1,"adsorption":0.17485,"InChIKey":"OTMSDBZUPAUEDD-UHFFFAOYSA-N"}]},{"pressure":0.061902,"total_adsorption":null,"species_data":[{"composition":1,"adsorption":0.19885,"InChIKey":"OTMSDBZUPAUEDD-UHFFFAOYSA-N"}]},{"pressure":0.076999,"total_adsorption":null,"species_data":[{"composition":1,"adsorption":0.22235,"InChIKey":"OTMSDBZUPAUEDD-UHFFFAOYSA-N"}]},{"pressure":0.098004,"total_adsorption":null,"species_data":[{"composition":1,"adsorption":0.24659,"InChIKey":"OTMSDBZUPAUEDD-UHFFFAOYSA-N"}]},{"pressure":0.122733,"total_adsorption":null,"species_data":[{"composition":1,"adsorption":0.26769,"InChIKey":"OTMSDBZUPAUEDD-UHFFFAOYSA-N"}]},{"pressure":0.154141,"total_adsorption":null,"species_data":[{"composition":1,"adsorption":0.29159,"InChIKey":"OTMSDBZUPAUEDD-UHFFFAOYSA-N"}]},{"pressure":0.192034,"total_adsorption":null,"species_data":[{"composition":1,"adsorption":0.31294,"InChIKey":"OTMSDBZUPAUEDD-UHFFFAOYSA-N"}]},{"pressure":0.235318,"total_adsorption":null,"species_data":[{"composition":1,"adsorption":0.32974,"InChIKey":"OTMSDBZUPAUEDD-UHFFFAOYSA-N"}]},{"pressure":0.294401,"total_adsorption":null,"species_data":[{"composition":1,"adsorption":0.35164,"InChIKey":"OTMSDBZUPAUEDD-UHFFFAOYSA-N"}]},{"pressure":0.362921,"total_adsorption":null,"species_data":[{"composition":1,"adsorption":0.36364,"InChIKey":"OTMSDBZUPAUEDD-UHFFFAOYSA-N"}]},{"pressure":0.442162,"total_adsorption":null,"species_data":[{"composition":1,"adsorption":0.37432,"InChIKey":"OTMSDBZUPAUEDD-UHFFFAOYSA-N"}]},{"pressure":0.549851,"total_adsorption":null,"species_data":[{"composition":1,"adsorption":0.38316,"InChIKey":"OTMSDBZUPAUEDD-UHFFFAOYSA-N"}]}],"temperature":333,"articleSource":"Figure 1- experiment at 333","compositionType":"molefraction","adsorbates":[{"name":"Ethane","InChIKey":"OTMSDBZUPAUEDD-UHFFFAOYSA-N"}],"adsorptionUnits":"mmol/g","date":"2018-07-17","category":"exp","digitizer":"Julie Yagodich","pressureUnits":"bar","DOI":"10.1007/s10450-015-9658-8","adsorbent":{"name":"ZNT","hashkey":"NIST-MATDB-d972efac2be9eeffd8056ce5efa0521d"},"concentrationUnits":"","filename":"10.1007s1045001596588.Isotherm3","isotherm_type":""}