{"isotherm_data":[{"pressure":0.0027933,"total_adsorption":0.0027933,"species_data":[{"composition":1,"adsorption":0.0027933,"InChIKey":"IJGRMHOSHXDMSA-UHFFFAOYSA-N"}]},{"pressure":0.00558659,"total_adsorption":91.9769,"species_data":[{"composition":1,"adsorption":91.9769,"InChIKey":"IJGRMHOSHXDMSA-UHFFFAOYSA-N"}]},{"pressure":0.00837989,"total_adsorption":118.257,"species_data":[{"composition":1,"adsorption":118.257,"InChIKey":"IJGRMHOSHXDMSA-UHFFFAOYSA-N"}]},{"pressure":0.0111732,"total_adsorption":123.735,"species_data":[{"composition":1,"adsorption":123.735,"InChIKey":"IJGRMHOSHXDMSA-UHFFFAOYSA-N"}]},{"pressure":0.0307263,"total_adsorption":145.654,"species_data":[{"composition":1,"adsorption":145.654,"InChIKey":"IJGRMHOSHXDMSA-UHFFFAOYSA-N"}]},{"pressure":0.0614525,"total_adsorption":166.491,"species_data":[{"composition":1,"adsorption":166.491,"InChIKey":"IJGRMHOSHXDMSA-UHFFFAOYSA-N"}]},{"pressure":0.0782123,"total_adsorption":174.173,"species_data":[{"composition":1,"adsorption":174.173,"InChIKey":"IJGRMHOSHXDMSA-UHFFFAOYSA-N"}]},{"pressure":0.100559,"total_adsorption":190.621,"species_data":[{"composition":1,"adsorption":190.621,"InChIKey":"IJGRMHOSHXDMSA-UHFFFAOYSA-N"}]},{"pressure":0.114525,"total_adsorption":216.914,"species_data":[{"composition":1,"adsorption":216.914,"InChIKey":"IJGRMHOSHXDMSA-UHFFFAOYSA-N"}]},{"pressure":0.128492,"total_adsorption":242.111,"species_data":[{"composition":1,"adsorption":242.111,"InChIKey":"IJGRMHOSHXDMSA-UHFFFAOYSA-N"}]},{"pressure":0.153631,"total_adsorption":248.708,"species_data":[{"composition":1,"adsorption":248.708,"InChIKey":"IJGRMHOSHXDMSA-UHFFFAOYSA-N"}]},{"pressure":0.184358,"total_adsorption":252.027,"species_data":[{"composition":1,"adsorption":252.027,"InChIKey":"IJGRMHOSHXDMSA-UHFFFAOYSA-N"}]},{"pressure":0.203911,"total_adsorption":253.143,"species_data":[{"composition":1,"adsorption":253.143,"InChIKey":"IJGRMHOSHXDMSA-UHFFFAOYSA-N"}]},{"pressure":0.251397,"total_adsorption":259.764,"species_data":[{"composition":1,"adsorption":259.764,"InChIKey":"IJGRMHOSHXDMSA-UHFFFAOYSA-N"}]},{"pressure":0.304469,"total_adsorption":263.107,"species_data":[{"composition":1,"adsorption":263.107,"InChIKey":"IJGRMHOSHXDMSA-UHFFFAOYSA-N"}]},{"pressure":0.351955,"total_adsorption":267.539,"species_data":[{"composition":1,"adsorption":267.539,"InChIKey":"IJGRMHOSHXDMSA-UHFFFAOYSA-N"}]},{"pressure":0.399441,"total_adsorption":268.686,"species_data":[{"composition":1,"adsorption":268.686,"InChIKey":"IJGRMHOSHXDMSA-UHFFFAOYSA-N"}]},{"pressure":0.452514,"total_adsorption":273.123,"species_data":[{"composition":1,"adsorption":273.123,"InChIKey":"IJGRMHOSHXDMSA-UHFFFAOYSA-N"}]},{"pressure":0.502793,"total_adsorption":275.368,"species_data":[{"composition":1,"adsorption":275.368,"InChIKey":"IJGRMHOSHXDMSA-UHFFFAOYSA-N"}]},{"pressure":0.553073,"total_adsorption":278.708,"species_data":[{"composition":1,"adsorption":278.708,"InChIKey":"IJGRMHOSHXDMSA-UHFFFAOYSA-N"}]},{"pressure":0.600559,"total_adsorption":280.95,"species_data":[{"composition":1,"adsorption":280.95,"InChIKey":"IJGRMHOSHXDMSA-UHFFFAOYSA-N"}]},{"pressure":0.653631,"total_adsorption":284.292,"species_data":[{"composition":1,"adsorption":284.292,"InChIKey":"IJGRMHOSHXDMSA-UHFFFAOYSA-N"}]},{"pressure":0.698324,"total_adsorption":285.436,"species_data":[{"composition":1,"adsorption":285.436,"InChIKey":"IJGRMHOSHXDMSA-UHFFFAOYSA-N"}]},{"pressure":0.75419,"total_adsorption":288.782,"species_data":[{"composition":1,"adsorption":288.782,"InChIKey":"IJGRMHOSHXDMSA-UHFFFAOYSA-N"}]},{"pressure":0.804469,"total_adsorption":288.837,"species_data":[{"composition":1,"adsorption":288.837,"InChIKey":"IJGRMHOSHXDMSA-UHFFFAOYSA-N"}]},{"pressure":0.821229,"total_adsorption":289.95,"species_data":[{"composition":1,"adsorption":289.95,"InChIKey":"IJGRMHOSHXDMSA-UHFFFAOYSA-N"}]},{"pressure":0.851955,"total_adsorption":293.269,"species_data":[{"composition":1,"adsorption":293.269,"InChIKey":"IJGRMHOSHXDMSA-UHFFFAOYSA-N"}]},{"pressure":0.877095,"total_adsorption":295.486,"species_data":[{"composition":1,"adsorption":295.486,"InChIKey":"IJGRMHOSHXDMSA-UHFFFAOYSA-N"}]},{"pressure":0.902235,"total_adsorption":297.703,"species_data":[{"composition":1,"adsorption":297.703,"InChIKey":"IJGRMHOSHXDMSA-UHFFFAOYSA-N"}]},{"pressure":0.930168,"total_adsorption":298.829,"species_data":[{"composition":1,"adsorption":298.829,"InChIKey":"IJGRMHOSHXDMSA-UHFFFAOYSA-N"}]},{"pressure":0.949721,"total_adsorption":299.945,"species_data":[{"composition":1,"adsorption":299.945,"InChIKey":"IJGRMHOSHXDMSA-UHFFFAOYSA-N"}]},{"pressure":0.963687,"total_adsorption":303.245,"species_data":[{"composition":1,"adsorption":303.245,"InChIKey":"IJGRMHOSHXDMSA-UHFFFAOYSA-N"}]}],"temperature":77,"articleSource":"UNKNOWN","compositionType":"molefraction","adsorbates":[{"name":"Nitrogen","InChIKey":"IJGRMHOSHXDMSA-UHFFFAOYSA-N"}],"adsorptionUnits":"cm3(STP)/g","date":"1000-01-01","category":"","digitizer":"UNKNOWN","pressureUnits":"bar","DOI":"10.1021/Cg3013574","adsorbent":{"name":"FIR-5-ht","hashkey":"NIST-MATDB-a90295045d5dd3840bf5873caf5c4d06"},"concentrationUnits":"","filename":"10.1021Cg3013574.Isotherm1","isotherm_type":""}