{"filename": "10.1007s1045001596588.Isotherm4", "DOI": "10.1007/s10450-015-9658-8", "articleSource": "Figure 1- experiment at 373", "date": "2018-07-17", "digitizer": "Julie Yagodich", "adsorbent": {"hashkey": "NIST-MATDB-d972efac2be9eeffd8056ce5efa0521d", "name": "ZNT"}, "adsorbates": [{"InChIKey": "OTMSDBZUPAUEDD-UHFFFAOYSA-N", "name": "Ethane"}], "category": "exp", "temperature": 373, "isotherm_type": "", "adsorptionUnits": "mmol/g", "pressureUnits": "bar", "compositionType": "molefraction", "concentrationUnits": "", "isotherm_data": [{"pressure": 6.4e-05, "total_adsorption": null, "species_data": [{"InChIKey": "OTMSDBZUPAUEDD-UHFFFAOYSA-N", "composition": 1, "adsorption": 0.00017}]}, {"pressure": 0.009694, "total_adsorption": null, "species_data": [{"InChIKey": "OTMSDBZUPAUEDD-UHFFFAOYSA-N", "composition": 1, "adsorption": 0.01675}]}, {"pressure": 0.017461, "total_adsorption": null, "species_data": [{"InChIKey": "OTMSDBZUPAUEDD-UHFFFAOYSA-N", "composition": 1, "adsorption": 0.03135}]}, {"pressure": 0.026448, "total_adsorption": null, "species_data": [{"InChIKey": "OTMSDBZUPAUEDD-UHFFFAOYSA-N", "composition": 1, "adsorption": 0.04232}]}, {"pressure": 0.036401, "total_adsorption": null, "species_data": [{"InChIKey": "OTMSDBZUPAUEDD-UHFFFAOYSA-N", "composition": 1, "adsorption": 0.05239}]}, {"pressure": 0.04648, "total_adsorption": null, "species_data": [{"InChIKey": "OTMSDBZUPAUEDD-UHFFFAOYSA-N", "composition": 1, "adsorption": 0.06295}]}, {"pressure": 0.057909, "total_adsorption": null, "species_data": [{"InChIKey": "OTMSDBZUPAUEDD-UHFFFAOYSA-N", "composition": 1, "adsorption": 0.0735}]}, {"pressure": 0.071841, "total_adsorption": null, "species_data": [{"InChIKey": "OTMSDBZUPAUEDD-UHFFFAOYSA-N", "composition": 1, "adsorption": 0.08712}]}, {"pressure": 0.086352, "total_adsorption": null, "species_data": [{"InChIKey": "OTMSDBZUPAUEDD-UHFFFAOYSA-N", "composition": 1, "adsorption": 0.09751}]}, {"pressure": 0.107668, "total_adsorption": null, "species_data": [{"InChIKey": "OTMSDBZUPAUEDD-UHFFFAOYSA-N", "composition": 1, "adsorption": 0.10806}]}, {"pressure": 0.128279, "total_adsorption": null, "species_data": [{"InChIKey": "OTMSDBZUPAUEDD-UHFFFAOYSA-N", "composition": 1, "adsorption": 0.11804}]}, {"pressure": 0.15743, "total_adsorption": null, "species_data": [{"InChIKey": "OTMSDBZUPAUEDD-UHFFFAOYSA-N", "composition": 1, "adsorption": 0.12942}]}, {"pressure": 0.188828, "total_adsorption": null, "species_data": [{"InChIKey": "OTMSDBZUPAUEDD-UHFFFAOYSA-N", "composition": 1, "adsorption": 0.13791}]}, {"pressure": 0.232042, "total_adsorption": null, "species_data": [{"InChIKey": "OTMSDBZUPAUEDD-UHFFFAOYSA-N", "composition": 1, "adsorption": 0.14549}]}, {"pressure": 0.294777, "total_adsorption": null, "species_data": [{"InChIKey": "OTMSDBZUPAUEDD-UHFFFAOYSA-N", "composition": 1, "adsorption": 0.15306}]}, {"pressure": 0.363549, "total_adsorption": null, "species_data": [{"InChIKey": "OTMSDBZUPAUEDD-UHFFFAOYSA-N", "composition": 1, "adsorption": 0.16121}]}, {"pressure": 0.440604, "total_adsorption": null, "species_data": [{"InChIKey": "OTMSDBZUPAUEDD-UHFFFAOYSA-N", "composition": 1, "adsorption": 0.16407}]}, {"pressure": 0.547068, "total_adsorption": null, "species_data": [{"InChIKey": "OTMSDBZUPAUEDD-UHFFFAOYSA-N", "composition": 1, "adsorption": 0.16684}]}]}