{"isotherm_data":[{"pressure":0.00304327,"total_adsorption":0.206886,"species_data":[{"composition":1,"adsorption":0.206886,"InChIKey":"BDERNNFJNOPAEC-UHFFFAOYSA-N"}]},{"pressure":0.00355023,"total_adsorption":0.301973,"species_data":[{"composition":1,"adsorption":0.301973,"InChIKey":"BDERNNFJNOPAEC-UHFFFAOYSA-N"}]},{"pressure":0.0041576,"total_adsorption":0.645744,"species_data":[{"composition":1,"adsorption":0.645744,"InChIKey":"BDERNNFJNOPAEC-UHFFFAOYSA-N"}]},{"pressure":0.00466238,"total_adsorption":1.25758,"species_data":[{"composition":1,"adsorption":1.25758,"InChIKey":"BDERNNFJNOPAEC-UHFFFAOYSA-N"}]},{"pressure":0.00523504,"total_adsorption":1.81192,"species_data":[{"composition":1,"adsorption":1.81192,"InChIKey":"BDERNNFJNOPAEC-UHFFFAOYSA-N"}]},{"pressure":0.0058433,"total_adsorption":1.94516,"species_data":[{"composition":1,"adsorption":1.94516,"InChIKey":"BDERNNFJNOPAEC-UHFFFAOYSA-N"}]},{"pressure":0.00631635,"total_adsorption":2.05943,"species_data":[{"composition":1,"adsorption":2.05943,"InChIKey":"BDERNNFJNOPAEC-UHFFFAOYSA-N"}]},{"pressure":0.00692478,"total_adsorption":2.1544,"species_data":[{"composition":1,"adsorption":2.1544,"InChIKey":"BDERNNFJNOPAEC-UHFFFAOYSA-N"}]},{"pressure":0.00746491,"total_adsorption":2.40255,"species_data":[{"composition":1,"adsorption":2.40255,"InChIKey":"BDERNNFJNOPAEC-UHFFFAOYSA-N"}]},{"pressure":0.00803806,"total_adsorption":2.84206,"species_data":[{"composition":1,"adsorption":2.84206,"InChIKey":"BDERNNFJNOPAEC-UHFFFAOYSA-N"}]},{"pressure":0.00854243,"total_adsorption":3.54959,"species_data":[{"composition":1,"adsorption":3.54959,"InChIKey":"BDERNNFJNOPAEC-UHFFFAOYSA-N"}]},{"pressure":0.00914778,"total_adsorption":4.37183,"species_data":[{"composition":1,"adsorption":4.37183,"InChIKey":"BDERNNFJNOPAEC-UHFFFAOYSA-N"}]},{"pressure":0.00965158,"total_adsorption":5.21333,"species_data":[{"composition":1,"adsorption":5.21333,"InChIKey":"BDERNNFJNOPAEC-UHFFFAOYSA-N"}]},{"pressure":0.0101559,"total_adsorption":5.92087,"species_data":[{"composition":1,"adsorption":5.92087,"InChIKey":"BDERNNFJNOPAEC-UHFFFAOYSA-N"}]},{"pressure":0.0107631,"total_adsorption":6.32205,"species_data":[{"composition":1,"adsorption":6.32205,"InChIKey":"BDERNNFJNOPAEC-UHFFFAOYSA-N"}]},{"pressure":0.0113031,"total_adsorption":6.58935,"species_data":[{"composition":1,"adsorption":6.58935,"InChIKey":"BDERNNFJNOPAEC-UHFFFAOYSA-N"}]},{"pressure":0.0118096,"total_adsorption":6.79927,"species_data":[{"composition":1,"adsorption":6.79927,"InChIKey":"BDERNNFJNOPAEC-UHFFFAOYSA-N"}]},{"pressure":0.0124178,"total_adsorption":6.95165,"species_data":[{"composition":1,"adsorption":6.95165,"InChIKey":"BDERNNFJNOPAEC-UHFFFAOYSA-N"}]},{"pressure":0.0129923,"total_adsorption":7.0658,"species_data":[{"composition":1,"adsorption":7.0658,"InChIKey":"BDERNNFJNOPAEC-UHFFFAOYSA-N"}]},{"pressure":0.0135329,"total_adsorption":7.19912,"species_data":[{"composition":1,"adsorption":7.19912,"InChIKey":"BDERNNFJNOPAEC-UHFFFAOYSA-N"}]},{"pressure":0.0139723,"total_adsorption":7.27515,"species_data":[{"composition":1,"adsorption":7.27515,"InChIKey":"BDERNNFJNOPAEC-UHFFFAOYSA-N"}]},{"pressure":0.014547,"total_adsorption":7.35102,"species_data":[{"composition":1,"adsorption":7.35102,"InChIKey":"BDERNNFJNOPAEC-UHFFFAOYSA-N"}]},{"pressure":0.0151895,"total_adsorption":7.38853,"species_data":[{"composition":1,"adsorption":7.38853,"InChIKey":"BDERNNFJNOPAEC-UHFFFAOYSA-N"}]},{"pressure":0.0157644,"total_adsorption":7.40698,"species_data":[{"composition":1,"adsorption":7.40698,"InChIKey":"BDERNNFJNOPAEC-UHFFFAOYSA-N"}]}],"temperature":338,"articleSource":"UNKNOWN","compositionType":"molefraction","adsorbates":[{"name":"1-Propanol","InChIKey":"BDERNNFJNOPAEC-UHFFFAOYSA-N"}],"adsorptionUnits":"molecules/unitcell","date":"1000-01-01","category":"","digitizer":"UNKNOWN","pressureUnits":"bar","DOI":"10.1007/s10450-010-9260-z","adsorbent":{"name":"Zn-bpdc-bpee","hashkey":"NIST-MATDB-3c8af6a58fe07139d90dae8ac30485e7"},"concentrationUnits":"","filename":"10.1007s10450-010-9260-z.Isotherm9","isotherm_type":""}