{"isotherm_data":[{"pressure":1.07e-7,"total_adsorption":6.24214,"species_data":[{"composition":1,"adsorption":6.24214,"InChIKey":"XKRFYHLGVUSROY-UHFFFAOYSA-N"}]},{"pressure":3.72e-7,"total_adsorption":8.42701,"species_data":[{"composition":1,"adsorption":8.42701,"InChIKey":"XKRFYHLGVUSROY-UHFFFAOYSA-N"}]},{"pressure":2.9e-6,"total_adsorption":28.0909,"species_data":[{"composition":1,"adsorption":28.0909,"InChIKey":"XKRFYHLGVUSROY-UHFFFAOYSA-N"}]},{"pressure":2.0e-5,"total_adsorption":63.0489,"species_data":[{"composition":1,"adsorption":63.0489,"InChIKey":"XKRFYHLGVUSROY-UHFFFAOYSA-N"}]},{"pressure":0.0001,"total_adsorption":130.78,"species_data":[{"composition":1,"adsorption":130.78,"InChIKey":"XKRFYHLGVUSROY-UHFFFAOYSA-N"}]},{"pressure":0.000409,"total_adsorption":152.629,"species_data":[{"composition":1,"adsorption":152.629,"InChIKey":"XKRFYHLGVUSROY-UHFFFAOYSA-N"}]},{"pressure":0.000718,"total_adsorption":200.696,"species_data":[{"composition":1,"adsorption":200.696,"InChIKey":"XKRFYHLGVUSROY-UHFFFAOYSA-N"}]},{"pressure":0.000991,"total_adsorption":336.158,"species_data":[{"composition":1,"adsorption":336.158,"InChIKey":"XKRFYHLGVUSROY-UHFFFAOYSA-N"}]},{"pressure":0.00537317,"total_adsorption":790.612,"species_data":[{"composition":1,"adsorption":790.612,"InChIKey":"XKRFYHLGVUSROY-UHFFFAOYSA-N"}]},{"pressure":0.00906688,"total_adsorption":884.561,"species_data":[{"composition":1,"adsorption":884.561,"InChIKey":"XKRFYHLGVUSROY-UHFFFAOYSA-N"}]},{"pressure":0.0796752,"total_adsorption":1002.54,"species_data":[{"composition":1,"adsorption":1002.54,"InChIKey":"XKRFYHLGVUSROY-UHFFFAOYSA-N"}]}],"temperature":273,"articleSource":"UNKNOWN","compositionType":"molefraction","adsorbates":[{"name":"Argon","InChIKey":"XKRFYHLGVUSROY-UHFFFAOYSA-N"}],"adsorptionUnits":"cm3(STP)/g","date":"1000-01-01","category":"","digitizer":"UNKNOWN","pressureUnits":"bar","DOI":"10.1021/Jp050948l","adsorbent":{"name":"CuBTC","hashkey":"NIST-MATDB-991daf7313251e7e607e2bab2da57e33"},"concentrationUnits":"","filename":"10.1021Jp050948l.isotherm7","isotherm_type":""}