{"filename": "10.1103PhysRevE.62.4611.Isotherm2", "DOI": "10.1103/PhysRevE.62.4611", "articleSource": "UNKNOWN", "date": "1000-01-01", "digitizer": "UNKNOWN", "adsorbent": {"hashkey": "NIST-MATDB-2f391b46b4e3f7747db4ad7bba0ccbfd", "name": "MCM-41"}, "adsorbates": [{"InChIKey": "IJGRMHOSHXDMSA-UHFFFAOYSA-N", "name": "Nitrogen"}], "category": "", "temperature": 77, "isotherm_type": "", "adsorptionUnits": "mmol/m2", "pressureUnits": "bar", "compositionType": "molefraction", "concentrationUnits": "", "isotherm_data": [{"pressure": 0.00232978, "total_adsorption": 0.00524345, "species_data": [{"InChIKey": "IJGRMHOSHXDMSA-UHFFFAOYSA-N", "composition": 1, "adsorption": 0.00524345}]}, {"pressure": 0.00465957, "total_adsorption": 0.00674157, "species_data": [{"InChIKey": "IJGRMHOSHXDMSA-UHFFFAOYSA-N", "composition": 1, "adsorption": 0.00674157}]}, {"pressure": 0.0139787, "total_adsorption": 0.00741573, "species_data": [{"InChIKey": "IJGRMHOSHXDMSA-UHFFFAOYSA-N", "composition": 1, "adsorption": 0.00741573}]}, {"pressure": 0.0256276, "total_adsorption": 0.00786517, "species_data": [{"InChIKey": "IJGRMHOSHXDMSA-UHFFFAOYSA-N", "composition": 1, "adsorption": 0.00786517}]}, {"pressure": 0.0442659, "total_adsorption": 0.00831461, "species_data": [{"InChIKey": "IJGRMHOSHXDMSA-UHFFFAOYSA-N", "composition": 1, "adsorption": 0.00831461}]}, {"pressure": 0.0629042, "total_adsorption": 0.00861423, "species_data": [{"InChIKey": "IJGRMHOSHXDMSA-UHFFFAOYSA-N", "composition": 1, "adsorption": 0.00861423}]}, {"pressure": 0.086202, "total_adsorption": 0.00883895, "species_data": [{"InChIKey": "IJGRMHOSHXDMSA-UHFFFAOYSA-N", "composition": 1, "adsorption": 0.00883895}]}, {"pressure": 0.10717, "total_adsorption": 0.00906367, "species_data": [{"InChIKey": "IJGRMHOSHXDMSA-UHFFFAOYSA-N", "composition": 1, "adsorption": 0.00906367}]}, {"pressure": 0.128138, "total_adsorption": 0.0094382, "species_data": [{"InChIKey": "IJGRMHOSHXDMSA-UHFFFAOYSA-N", "composition": 1, "adsorption": 0.0094382}]}, {"pressure": 0.146776, "total_adsorption": 0.00981273, "species_data": [{"InChIKey": "IJGRMHOSHXDMSA-UHFFFAOYSA-N", "composition": 1, "adsorption": 0.00981273}]}, {"pressure": 0.165415, "total_adsorption": 0.0101873, "species_data": [{"InChIKey": "IJGRMHOSHXDMSA-UHFFFAOYSA-N", "composition": 1, "adsorption": 0.0101873}]}, {"pressure": 0.181723, "total_adsorption": 0.0106367, "species_data": [{"InChIKey": "IJGRMHOSHXDMSA-UHFFFAOYSA-N", "composition": 1, "adsorption": 0.0106367}]}, {"pressure": 0.195702, "total_adsorption": 0.0113109, "species_data": [{"InChIKey": "IJGRMHOSHXDMSA-UHFFFAOYSA-N", "composition": 1, "adsorption": 0.0113109}]}, {"pressure": 0.205021, "total_adsorption": 0.011985, "species_data": [{"InChIKey": "IJGRMHOSHXDMSA-UHFFFAOYSA-N", "composition": 1, "adsorption": 0.011985}]}, {"pressure": 0.21667, "total_adsorption": 0.0125843, "species_data": [{"InChIKey": "IJGRMHOSHXDMSA-UHFFFAOYSA-N", "composition": 1, "adsorption": 0.0125843}]}, {"pressure": 0.221329, "total_adsorption": 0.0129588, "species_data": [{"InChIKey": "IJGRMHOSHXDMSA-UHFFFAOYSA-N", "composition": 1, "adsorption": 0.0129588}]}, {"pressure": 0.230649, "total_adsorption": 0.013633, "species_data": [{"InChIKey": "IJGRMHOSHXDMSA-UHFFFAOYSA-N", "composition": 1, "adsorption": 0.013633}]}, {"pressure": 0.232978, "total_adsorption": 0.014382, "species_data": [{"InChIKey": "IJGRMHOSHXDMSA-UHFFFAOYSA-N", "composition": 1, "adsorption": 0.014382}]}, {"pressure": 0.235308, "total_adsorption": 0.0158801, "species_data": [{"InChIKey": "IJGRMHOSHXDMSA-UHFFFAOYSA-N", "composition": 1, "adsorption": 0.0158801}]}, {"pressure": 0.242298, "total_adsorption": 0.0219476, "species_data": [{"InChIKey": "IJGRMHOSHXDMSA-UHFFFAOYSA-N", "composition": 1, "adsorption": 0.0219476}]}, {"pressure": 0.263266, "total_adsorption": 0.0220225, "species_data": [{"InChIKey": "IJGRMHOSHXDMSA-UHFFFAOYSA-N", "composition": 1, "adsorption": 0.0220225}]}, {"pressure": 0.302872, "total_adsorption": 0.0219476, "species_data": [{"InChIKey": "IJGRMHOSHXDMSA-UHFFFAOYSA-N", "composition": 1, "adsorption": 0.0219476}]}, {"pressure": 0.32151, "total_adsorption": 0.0221723, "species_data": [{"InChIKey": "IJGRMHOSHXDMSA-UHFFFAOYSA-N", "composition": 1, "adsorption": 0.0221723}]}, {"pressure": 0.337819, "total_adsorption": 0.0221723, "species_data": [{"InChIKey": "IJGRMHOSHXDMSA-UHFFFAOYSA-N", "composition": 1, "adsorption": 0.0221723}]}, {"pressure": 0.356457, "total_adsorption": 0.0221723, "species_data": [{"InChIKey": "IJGRMHOSHXDMSA-UHFFFAOYSA-N", "composition": 1, "adsorption": 0.0221723}]}, {"pressure": 0.442659, "total_adsorption": 0.0225468, "species_data": [{"InChIKey": "IJGRMHOSHXDMSA-UHFFFAOYSA-N", "composition": 1, "adsorption": 0.0225468}]}, {"pressure": 0.461297, "total_adsorption": 0.0226966, "species_data": [{"InChIKey": "IJGRMHOSHXDMSA-UHFFFAOYSA-N", "composition": 1, "adsorption": 0.0226966}]}, {"pressure": 0.491584, "total_adsorption": 0.0226217, "species_data": [{"InChIKey": "IJGRMHOSHXDMSA-UHFFFAOYSA-N", "composition": 1, "adsorption": 0.0226217}]}, {"pressure": 0.512553, "total_adsorption": 0.0228464, "species_data": [{"InChIKey": "IJGRMHOSHXDMSA-UHFFFAOYSA-N", "composition": 1, "adsorption": 0.0228464}]}, {"pressure": 0.53818, "total_adsorption": 0.0228464, "species_data": [{"InChIKey": "IJGRMHOSHXDMSA-UHFFFAOYSA-N", "composition": 1, "adsorption": 0.0228464}]}, {"pressure": 0.559148, "total_adsorption": 0.0229213, "species_data": [{"InChIKey": "IJGRMHOSHXDMSA-UHFFFAOYSA-N", "composition": 1, "adsorption": 0.0229213}]}, {"pressure": 0.582446, "total_adsorption": 0.0229213, "species_data": [{"InChIKey": "IJGRMHOSHXDMSA-UHFFFAOYSA-N", "composition": 1, "adsorption": 0.0229213}]}, {"pressure": 0.605744, "total_adsorption": 0.0229963, "species_data": [{"InChIKey": "IJGRMHOSHXDMSA-UHFFFAOYSA-N", "composition": 1, "adsorption": 0.0229963}]}]}