{"filename": "10.1039B406051b.Isotherm16", "DOI": "10.1039/B406051b", "articleSource": "UNKNOWN", "date": "1000-01-01", "digitizer": "UNKNOWN", "adsorbent": {"hashkey": "NIST-MATDB-5d0728ebc1e0053aa120288307a704c8", "name": "Silicalite MFI"}, "adsorbates": [{"InChIKey": "UHOVQNZJYSORNB-UHFFFAOYSA-N", "name": "Benzene"}], "category": "", "temperature": 348, "isotherm_type": "", "adsorptionUnits": "mmol/g", "pressureUnits": "bar", "compositionType": "molefraction", "concentrationUnits": "", "isotherm_data": [{"pressure": 0.00196893, "total_adsorption": 0.270199, "species_data": [{"InChIKey": "UHOVQNZJYSORNB-UHFFFAOYSA-N", "composition": 1, "adsorption": 0.270199}]}, {"pressure": 0.00274843, "total_adsorption": 0.344371, "species_data": [{"InChIKey": "UHOVQNZJYSORNB-UHFFFAOYSA-N", "composition": 1, "adsorption": 0.344371}]}, {"pressure": 0.00352541, "total_adsorption": 0.407947, "species_data": [{"InChIKey": "UHOVQNZJYSORNB-UHFFFAOYSA-N", "composition": 1, "adsorption": 0.407947}]}, {"pressure": 0.00621709, "total_adsorption": 0.513907, "species_data": [{"InChIKey": "UHOVQNZJYSORNB-UHFFFAOYSA-N", "composition": 1, "adsorption": 0.513907}]}, {"pressure": 0.00813683, "total_adsorption": 0.577483, "species_data": [{"InChIKey": "UHOVQNZJYSORNB-UHFFFAOYSA-N", "composition": 1, "adsorption": 0.577483}]}, {"pressure": 0.0100553, "total_adsorption": 0.635762, "species_data": [{"InChIKey": "UHOVQNZJYSORNB-UHFFFAOYSA-N", "composition": 1, "adsorption": 0.635762}]}, {"pressure": 0.0146491, "total_adsorption": 0.731126, "species_data": [{"InChIKey": "UHOVQNZJYSORNB-UHFFFAOYSA-N", "composition": 1, "adsorption": 0.731126}]}, {"pressure": 0.017704, "total_adsorption": 0.762914, "species_data": [{"InChIKey": "UHOVQNZJYSORNB-UHFFFAOYSA-N", "composition": 1, "adsorption": 0.762914}]}, {"pressure": 0.021903, "total_adsorption": 0.8, "species_data": [{"InChIKey": "UHOVQNZJYSORNB-UHFFFAOYSA-N", "composition": 1, "adsorption": 0.8}]}, {"pressure": 0.0245745, "total_adsorption": 0.821192, "species_data": [{"InChIKey": "UHOVQNZJYSORNB-UHFFFAOYSA-N", "composition": 1, "adsorption": 0.821192}]}, {"pressure": 0.0287684, "total_adsorption": 0.837086, "species_data": [{"InChIKey": "UHOVQNZJYSORNB-UHFFFAOYSA-N", "composition": 1, "adsorption": 0.837086}]}, {"pressure": 0.0325814, "total_adsorption": 0.85298, "species_data": [{"InChIKey": "UHOVQNZJYSORNB-UHFFFAOYSA-N", "composition": 1, "adsorption": 0.85298}]}, {"pressure": 0.0367765, "total_adsorption": 0.874172, "species_data": [{"InChIKey": "UHOVQNZJYSORNB-UHFFFAOYSA-N", "composition": 1, "adsorption": 0.874172}]}, {"pressure": 0.0428763, "total_adsorption": 0.895364, "species_data": [{"InChIKey": "UHOVQNZJYSORNB-UHFFFAOYSA-N", "composition": 1, "adsorption": 0.895364}]}, {"pressure": 0.0485914, "total_adsorption": 0.900662, "species_data": [{"InChIKey": "UHOVQNZJYSORNB-UHFFFAOYSA-N", "composition": 1, "adsorption": 0.900662}]}, {"pressure": 0.0558327, "total_adsorption": 0.916556, "species_data": [{"InChIKey": "UHOVQNZJYSORNB-UHFFFAOYSA-N", "composition": 1, "adsorption": 0.916556}]}, {"pressure": 0.0607872, "total_adsorption": 0.927152, "species_data": [{"InChIKey": "UHOVQNZJYSORNB-UHFFFAOYSA-N", "composition": 1, "adsorption": 0.927152}]}, {"pressure": 0.0668819, "total_adsorption": 0.927152, "species_data": [{"InChIKey": "UHOVQNZJYSORNB-UHFFFAOYSA-N", "composition": 1, "adsorption": 0.927152}]}, {"pressure": 0.0710733, "total_adsorption": 0.93245, "species_data": [{"InChIKey": "UHOVQNZJYSORNB-UHFFFAOYSA-N", "composition": 1, "adsorption": 0.93245}]}, {"pressure": 0.0767896, "total_adsorption": 0.943046, "species_data": [{"InChIKey": "UHOVQNZJYSORNB-UHFFFAOYSA-N", "composition": 1, "adsorption": 0.943046}]}, {"pressure": 0.0844081, "total_adsorption": 0.943046, "species_data": [{"InChIKey": "UHOVQNZJYSORNB-UHFFFAOYSA-N", "composition": 1, "adsorption": 0.943046}]}, {"pressure": 0.0905041, "total_adsorption": 0.948344, "species_data": [{"InChIKey": "UHOVQNZJYSORNB-UHFFFAOYSA-N", "composition": 1, "adsorption": 0.948344}]}, {"pressure": 0.0943145, "total_adsorption": 0.953642, "species_data": [{"InChIKey": "UHOVQNZJYSORNB-UHFFFAOYSA-N", "composition": 1, "adsorption": 0.953642}]}]}