{"filename": "10.1016j.fluid.2013.11.029.Isotherm30", "DOI": "10.1016/j.fluid.2013.11.029", "articleSource": "UNKNOWN", "date": "1000-01-01", "digitizer": "UNKNOWN", "adsorbent": {"hashkey": "NIST-MATDB-2c9380bddc59f547484ff729eab7d7cb", "name": "IRMOF-1"}, "adsorbates": [{"InChIKey": "UFHFLCQGNIYNRP-UHFFFAOYSA-N", "name": "Hydrogen"}], "category": "", "temperature": 50, "isotherm_type": "", "adsorptionUnits": "mmol/g", "pressureUnits": "bar", "compositionType": "molefraction", "concentrationUnits": "", "isotherm_data": [{"pressure": 1.92058, "total_adsorption": 30.4051, "species_data": [{"InChIKey": "UFHFLCQGNIYNRP-UHFFFAOYSA-N", "composition": 1, "adsorption": 30.4051}]}, {"pressure": 2.28923, "total_adsorption": 34.2269, "species_data": [{"InChIKey": "UFHFLCQGNIYNRP-UHFFFAOYSA-N", "composition": 1, "adsorption": 34.2269}]}, {"pressure": 4.36682, "total_adsorption": 37.556, "species_data": [{"InChIKey": "UFHFLCQGNIYNRP-UHFFFAOYSA-N", "composition": 1, "adsorption": 37.556}]}, {"pressure": 7.1214, "total_adsorption": 39.7247, "species_data": [{"InChIKey": "UFHFLCQGNIYNRP-UHFFFAOYSA-N", "composition": 1, "adsorption": 39.7247}]}, {"pressure": 13.6352, "total_adsorption": 40.743, "species_data": [{"InChIKey": "UFHFLCQGNIYNRP-UHFFFAOYSA-N", "composition": 1, "adsorption": 40.743}]}, {"pressure": 19.1114, "total_adsorption": 40.2628, "species_data": [{"InChIKey": "UFHFLCQGNIYNRP-UHFFFAOYSA-N", "composition": 1, "adsorption": 40.2628}]}, {"pressure": 24.9278, "total_adsorption": 39.4516, "species_data": [{"InChIKey": "UFHFLCQGNIYNRP-UHFFFAOYSA-N", "composition": 1, "adsorption": 39.4516}]}, {"pressure": 29.0329, "total_adsorption": 38.8008, "species_data": [{"InChIKey": "UFHFLCQGNIYNRP-UHFFFAOYSA-N", "composition": 1, "adsorption": 38.8008}]}, {"pressure": 31.4222, "total_adsorption": 37.6459, "species_data": [{"InChIKey": "UFHFLCQGNIYNRP-UHFFFAOYSA-N", "composition": 1, "adsorption": 37.6459}]}, {"pressure": 34.4988, "total_adsorption": 36.8256, "species_data": [{"InChIKey": "UFHFLCQGNIYNRP-UHFFFAOYSA-N", "composition": 1, "adsorption": 36.8256}]}, {"pressure": 37.2329, "total_adsorption": 36.0041, "species_data": [{"InChIKey": "UFHFLCQGNIYNRP-UHFFFAOYSA-N", "composition": 1, "adsorption": 36.0041}]}, {"pressure": 41.3346, "total_adsorption": 34.8549, "species_data": [{"InChIKey": "UFHFLCQGNIYNRP-UHFFFAOYSA-N", "composition": 1, "adsorption": 34.8549}]}, {"pressure": 46.804, "total_adsorption": 33.3781, "species_data": [{"InChIKey": "UFHFLCQGNIYNRP-UHFFFAOYSA-N", "composition": 1, "adsorption": 33.3781}]}, {"pressure": 53.2984, "total_adsorption": 31.5724, "species_data": [{"InChIKey": "UFHFLCQGNIYNRP-UHFFFAOYSA-N", "composition": 1, "adsorption": 31.5724}]}, {"pressure": 56.3762, "total_adsorption": 30.9182, "species_data": [{"InChIKey": "UFHFLCQGNIYNRP-UHFFFAOYSA-N", "composition": 1, "adsorption": 30.9182}]}, {"pressure": 59.4527, "total_adsorption": 30.0978, "species_data": [{"InChIKey": "UFHFLCQGNIYNRP-UHFFFAOYSA-N", "composition": 1, "adsorption": 30.0978}]}, {"pressure": 62.5304, "total_adsorption": 29.4436, "species_data": [{"InChIKey": "UFHFLCQGNIYNRP-UHFFFAOYSA-N", "composition": 1, "adsorption": 29.4436}]}, {"pressure": 65.6093, "total_adsorption": 28.9555, "species_data": [{"InChIKey": "UFHFLCQGNIYNRP-UHFFFAOYSA-N", "composition": 1, "adsorption": 28.9555}]}, {"pressure": 69.0306, "total_adsorption": 28.4685, "species_data": [{"InChIKey": "UFHFLCQGNIYNRP-UHFFFAOYSA-N", "composition": 1, "adsorption": 28.4685}]}, {"pressure": 74.847, "total_adsorption": 27.6573, "species_data": [{"InChIKey": "UFHFLCQGNIYNRP-UHFFFAOYSA-N", "composition": 1, "adsorption": 27.6573}]}, {"pressure": 78.951, "total_adsorption": 26.8404, "species_data": [{"InChIKey": "UFHFLCQGNIYNRP-UHFFFAOYSA-N", "composition": 1, "adsorption": 26.8404}]}, {"pressure": 81.346, "total_adsorption": 26.5161, "species_data": [{"InChIKey": "UFHFLCQGNIYNRP-UHFFFAOYSA-N", "composition": 1, "adsorption": 26.5161}]}, {"pressure": 87.1635, "total_adsorption": 25.871, "species_data": [{"InChIKey": "UFHFLCQGNIYNRP-UHFFFAOYSA-N", "composition": 1, "adsorption": 25.871}]}, {"pressure": 91.9547, "total_adsorption": 25.3886, "species_data": [{"InChIKey": "UFHFLCQGNIYNRP-UHFFFAOYSA-N", "composition": 1, "adsorption": 25.3886}]}, {"pressure": 95.0347, "total_adsorption": 25.0666, "species_data": [{"InChIKey": "UFHFLCQGNIYNRP-UHFFFAOYSA-N", "composition": 1, "adsorption": 25.0666}]}, {"pressure": 100.168, "total_adsorption": 24.5853, "species_data": [{"InChIKey": "UFHFLCQGNIYNRP-UHFFFAOYSA-N", "composition": 1, "adsorption": 24.5853}]}]}