{"isotherm_data":[{"pressure":1.41408e-6,"total_adsorption":2.96759,"species_data":[{"composition":1,"adsorption":2.96759,"InChIKey":"IJGRMHOSHXDMSA-UHFFFAOYSA-N"}]},{"pressure":2.20725e-6,"total_adsorption":29.3887,"species_data":[{"composition":1,"adsorption":29.3887,"InChIKey":"IJGRMHOSHXDMSA-UHFFFAOYSA-N"}]},{"pressure":4.20196e-6,"total_adsorption":51.2559,"species_data":[{"composition":1,"adsorption":51.2559,"InChIKey":"IJGRMHOSHXDMSA-UHFFFAOYSA-N"}]},{"pressure":8.83531e-6,"total_adsorption":68.6238,"species_data":[{"composition":1,"adsorption":68.6238,"InChIKey":"IJGRMHOSHXDMSA-UHFFFAOYSA-N"}]},{"pressure":1.52346e-5,"total_adsorption":86.1011,"species_data":[{"composition":1,"adsorption":86.1011,"InChIKey":"IJGRMHOSHXDMSA-UHFFFAOYSA-N"}]},{"pressure":2.89922e-5,"total_adsorption":116.857,"species_data":[{"composition":1,"adsorption":116.857,"InChIKey":"IJGRMHOSHXDMSA-UHFFFAOYSA-N"}]},{"pressure":5.51622e-5,"total_adsorption":152.058,"species_data":[{"composition":1,"adsorption":152.058,"InChIKey":"IJGRMHOSHXDMSA-UHFFFAOYSA-N"}]},{"pressure":9.98781e-5,"total_adsorption":187.286,"species_data":[{"composition":1,"adsorption":187.286,"InChIKey":"IJGRMHOSHXDMSA-UHFFFAOYSA-N"}]},{"pressure":0.000155787,"total_adsorption":231.486,"species_data":[{"composition":1,"adsorption":231.486,"InChIKey":"IJGRMHOSHXDMSA-UHFFFAOYSA-N"}]},{"pressure":0.000231314,"total_adsorption":266.823,"species_data":[{"composition":1,"adsorption":266.823,"InChIKey":"IJGRMHOSHXDMSA-UHFFFAOYSA-N"}]},{"pressure":0.000379133,"total_adsorption":310.995,"species_data":[{"composition":1,"adsorption":310.995,"InChIKey":"IJGRMHOSHXDMSA-UHFFFAOYSA-N"}]},{"pressure":0.000621758,"total_adsorption":341.833,"species_data":[{"composition":1,"adsorption":341.833,"InChIKey":"IJGRMHOSHXDMSA-UHFFFAOYSA-N"}]},{"pressure":0.000970134,"total_adsorption":377.144,"species_data":[{"composition":1,"adsorption":377.144,"InChIKey":"IJGRMHOSHXDMSA-UHFFFAOYSA-N"}]},{"pressure":0.00193902,"total_adsorption":421.206,"species_data":[{"composition":1,"adsorption":421.206,"InChIKey":"IJGRMHOSHXDMSA-UHFFFAOYSA-N"}]},{"pressure":0.00288019,"total_adsorption":447.655,"species_data":[{"composition":1,"adsorption":447.655,"InChIKey":"IJGRMHOSHXDMSA-UHFFFAOYSA-N"}]},{"pressure":0.00449481,"total_adsorption":478.52,"species_data":[{"composition":1,"adsorption":478.52,"InChIKey":"IJGRMHOSHXDMSA-UHFFFAOYSA-N"}]},{"pressure":0.00737533,"total_adsorption":496.025,"species_data":[{"composition":1,"adsorption":496.025,"InChIKey":"IJGRMHOSHXDMSA-UHFFFAOYSA-N"}]},{"pressure":0.014033,"total_adsorption":531.226,"species_data":[{"composition":1,"adsorption":531.226,"InChIKey":"IJGRMHOSHXDMSA-UHFFFAOYSA-N"}]},{"pressure":0.0188791,"total_adsorption":553.284,"species_data":[{"composition":1,"adsorption":553.284,"InChIKey":"IJGRMHOSHXDMSA-UHFFFAOYSA-N"}]},{"pressure":0.030938,"total_adsorption":601.901,"species_data":[{"composition":1,"adsorption":601.901,"InChIKey":"IJGRMHOSHXDMSA-UHFFFAOYSA-N"}]},{"pressure":0.0459295,"total_adsorption":641.683,"species_data":[{"composition":1,"adsorption":641.683,"InChIKey":"IJGRMHOSHXDMSA-UHFFFAOYSA-N"}]},{"pressure":0.0915634,"total_adsorption":747.969,"species_data":[{"composition":1,"adsorption":747.969,"InChIKey":"IJGRMHOSHXDMSA-UHFFFAOYSA-N"}]},{"pressure":0.142447,"total_adsorption":854.392,"species_data":[{"composition":1,"adsorption":854.392,"InChIKey":"IJGRMHOSHXDMSA-UHFFFAOYSA-N"}]},{"pressure":0.191185,"total_adsorption":934.23,"species_data":[{"composition":1,"adsorption":934.23,"InChIKey":"IJGRMHOSHXDMSA-UHFFFAOYSA-N"}]},{"pressure":0.282989,"total_adsorption":1045.12,"species_data":[{"composition":1,"adsorption":1045.12,"InChIKey":"IJGRMHOSHXDMSA-UHFFFAOYSA-N"}]},{"pressure":0.399563,"total_adsorption":1098.27,"species_data":[{"composition":1,"adsorption":1098.27,"InChIKey":"IJGRMHOSHXDMSA-UHFFFAOYSA-N"}]},{"pressure":0.511542,"total_adsorption":1120.35,"species_data":[{"composition":1,"adsorption":1120.35,"InChIKey":"IJGRMHOSHXDMSA-UHFFFAOYSA-N"}]},{"pressure":0.723327,"total_adsorption":1137.94,"species_data":[{"composition":1,"adsorption":1137.94,"InChIKey":"IJGRMHOSHXDMSA-UHFFFAOYSA-N"}]},{"pressure":0.83875,"total_adsorption":1155.64,"species_data":[{"composition":1,"adsorption":1155.64,"InChIKey":"IJGRMHOSHXDMSA-UHFFFAOYSA-N"}]},{"pressure":0.881073,"total_adsorption":1164.5,"species_data":[{"composition":1,"adsorption":1164.5,"InChIKey":"IJGRMHOSHXDMSA-UHFFFAOYSA-N"}]}],"temperature":77,"articleSource":"UNKNOWN","compositionType":"molefraction","adsorbates":[{"name":"Nitrogen","InChIKey":"IJGRMHOSHXDMSA-UHFFFAOYSA-N"}],"adsorptionUnits":"cm3(STP)/g","date":"1000-01-01","category":"","digitizer":"UNKNOWN","pressureUnits":"bar","DOI":"10.1016/j.jcat.2014.07.010","adsorbent":{"name":"AC","hashkey":"NIST-MATDB-4144e097d2fa7a491cec2a7a4322f2bc"},"concentrationUnits":"","filename":"10.1016j.jcat.2014.07.010.Isotherm5","isotherm_type":""}