{"isotherm_data":[{"pressure":0.00353357,"total_adsorption":0.0398406,"species_data":[{"composition":1,"adsorption":0.0398406,"InChIKey":"CURLTUGMZLYLDI-UHFFFAOYSA-N"}]},{"pressure":0.04947,"total_adsorption":0.796813,"species_data":[{"composition":1,"adsorption":0.796813,"InChIKey":"CURLTUGMZLYLDI-UHFFFAOYSA-N"}]},{"pressure":0.0989399,"total_adsorption":1.75299,"species_data":[{"composition":1,"adsorption":1.75299,"InChIKey":"CURLTUGMZLYLDI-UHFFFAOYSA-N"}]},{"pressure":0.151943,"total_adsorption":2.94821,"species_data":[{"composition":1,"adsorption":2.94821,"InChIKey":"CURLTUGMZLYLDI-UHFFFAOYSA-N"}]},{"pressure":0.201413,"total_adsorption":4.22311,"species_data":[{"composition":1,"adsorption":4.22311,"InChIKey":"CURLTUGMZLYLDI-UHFFFAOYSA-N"}]},{"pressure":0.250883,"total_adsorption":5.25896,"species_data":[{"composition":1,"adsorption":5.25896,"InChIKey":"CURLTUGMZLYLDI-UHFFFAOYSA-N"}]},{"pressure":0.300353,"total_adsorption":6.05578,"species_data":[{"composition":1,"adsorption":6.05578,"InChIKey":"CURLTUGMZLYLDI-UHFFFAOYSA-N"}]},{"pressure":0.349823,"total_adsorption":6.69323,"species_data":[{"composition":1,"adsorption":6.69323,"InChIKey":"CURLTUGMZLYLDI-UHFFFAOYSA-N"}]},{"pressure":0.399293,"total_adsorption":7.09163,"species_data":[{"composition":1,"adsorption":7.09163,"InChIKey":"CURLTUGMZLYLDI-UHFFFAOYSA-N"}]},{"pressure":0.448763,"total_adsorption":7.4502,"species_data":[{"composition":1,"adsorption":7.4502,"InChIKey":"CURLTUGMZLYLDI-UHFFFAOYSA-N"}]},{"pressure":0.498233,"total_adsorption":7.72908,"species_data":[{"composition":1,"adsorption":7.72908,"InChIKey":"CURLTUGMZLYLDI-UHFFFAOYSA-N"}]},{"pressure":0.55477,"total_adsorption":7.92829,"species_data":[{"composition":1,"adsorption":7.92829,"InChIKey":"CURLTUGMZLYLDI-UHFFFAOYSA-N"}]},{"pressure":0.600707,"total_adsorption":8.08765,"species_data":[{"composition":1,"adsorption":8.08765,"InChIKey":"CURLTUGMZLYLDI-UHFFFAOYSA-N"}]},{"pressure":0.650177,"total_adsorption":8.28685,"species_data":[{"composition":1,"adsorption":8.28685,"InChIKey":"CURLTUGMZLYLDI-UHFFFAOYSA-N"}]},{"pressure":0.699647,"total_adsorption":8.48606,"species_data":[{"composition":1,"adsorption":8.48606,"InChIKey":"CURLTUGMZLYLDI-UHFFFAOYSA-N"}]},{"pressure":0.749117,"total_adsorption":8.60558,"species_data":[{"composition":1,"adsorption":8.60558,"InChIKey":"CURLTUGMZLYLDI-UHFFFAOYSA-N"}]},{"pressure":0.996466,"total_adsorption":8.7251,"species_data":[{"composition":1,"adsorption":8.7251,"InChIKey":"CURLTUGMZLYLDI-UHFFFAOYSA-N"}]}],"temperature":230,"articleSource":"UNKNOWN","compositionType":"molefraction","adsorbates":[{"name":"Carbon Dioxide","InChIKey":"CURLTUGMZLYLDI-UHFFFAOYSA-N"}],"adsorptionUnits":"molecules/unitcell","date":"1000-01-01","category":"","digitizer":"UNKNOWN","pressureUnits":"bar","DOI":"10.1021/Nn901132k","adsorbent":{"name":"MIL-47(V)","hashkey":"NIST-MATDB-88982b60a6735e027ce761e7a7181713"},"concentrationUnits":"","filename":"10.1021Nn901132k.Isotherm2","isotherm_type":""}