{"filename": "10.1021Jp903735m.Isotherm20", "DOI": "10.1021/Jp903735m", "articleSource": "UNKNOWN", "date": "1000-01-01", "digitizer": "UNKNOWN", "adsorbent": {"hashkey": "NIST-MATDB-360f2ab072a135afc123f12de4ac3cae", "name": "ZIF-70"}, "adsorbates": [{"InChIKey": "CURLTUGMZLYLDI-UHFFFAOYSA-N", "name": "Carbon Dioxide"}], "category": "", "temperature": 273, "isotherm_type": "", "adsorptionUnits": "wt%", "pressureUnits": "bar", "compositionType": "molefraction", "concentrationUnits": "", "isotherm_data": [{"pressure": 0.549808, "total_adsorption": 18.4273, "species_data": [{"InChIKey": "CURLTUGMZLYLDI-UHFFFAOYSA-N", "composition": 1, "adsorption": 18.4273}]}, {"pressure": 0.557332, "total_adsorption": 15.3952, "species_data": [{"InChIKey": "CURLTUGMZLYLDI-UHFFFAOYSA-N", "composition": 1, "adsorption": 15.3952}]}, {"pressure": 0.840628, "total_adsorption": 21.2269, "species_data": [{"InChIKey": "CURLTUGMZLYLDI-UHFFFAOYSA-N", "composition": 1, "adsorption": 21.2269}]}, {"pressure": 0.934095, "total_adsorption": 23.5596, "species_data": [{"InChIKey": "CURLTUGMZLYLDI-UHFFFAOYSA-N", "composition": 1, "adsorption": 23.5596}]}, {"pressure": 1.03046, "total_adsorption": 24.726, "species_data": [{"InChIKey": "CURLTUGMZLYLDI-UHFFFAOYSA-N", "composition": 1, "adsorption": 24.726}]}, {"pressure": 1.12682, "total_adsorption": 25.8925, "species_data": [{"InChIKey": "CURLTUGMZLYLDI-UHFFFAOYSA-N", "composition": 1, "adsorption": 25.8925}]}, {"pressure": 1.22318, "total_adsorption": 27.059, "species_data": [{"InChIKey": "CURLTUGMZLYLDI-UHFFFAOYSA-N", "composition": 1, "adsorption": 27.059}]}, {"pressure": 1.31954, "total_adsorption": 28.2254, "species_data": [{"InChIKey": "CURLTUGMZLYLDI-UHFFFAOYSA-N", "composition": 1, "adsorption": 28.2254}]}, {"pressure": 1.51516, "total_adsorption": 29.3922, "species_data": [{"InChIKey": "CURLTUGMZLYLDI-UHFFFAOYSA-N", "composition": 1, "adsorption": 29.3922}]}, {"pressure": 1.71106, "total_adsorption": 30.4423, "species_data": [{"InChIKey": "CURLTUGMZLYLDI-UHFFFAOYSA-N", "composition": 1, "adsorption": 30.4423}]}, {"pressure": 1.80742, "total_adsorption": 31.6088, "species_data": [{"InChIKey": "CURLTUGMZLYLDI-UHFFFAOYSA-N", "composition": 1, "adsorption": 31.6088}]}, {"pressure": 2.00304, "total_adsorption": 32.7755, "species_data": [{"InChIKey": "CURLTUGMZLYLDI-UHFFFAOYSA-N", "composition": 1, "adsorption": 32.7755}]}, {"pressure": 2.29791, "total_adsorption": 33.9426, "species_data": [{"InChIKey": "CURLTUGMZLYLDI-UHFFFAOYSA-N", "composition": 1, "adsorption": 33.9426}]}, {"pressure": 2.49353, "total_adsorption": 35.1093, "species_data": [{"InChIKey": "CURLTUGMZLYLDI-UHFFFAOYSA-N", "composition": 1, "adsorption": 35.1093}]}, {"pressure": 2.98748, "total_adsorption": 36.0437, "species_data": [{"InChIKey": "CURLTUGMZLYLDI-UHFFFAOYSA-N", "composition": 1, "adsorption": 36.0437}]}, {"pressure": 3.5807, "total_adsorption": 36.9784, "species_data": [{"InChIKey": "CURLTUGMZLYLDI-UHFFFAOYSA-N", "composition": 1, "adsorption": 36.9784}]}, {"pressure": 4.373, "total_adsorption": 37.6804, "species_data": [{"InChIKey": "CURLTUGMZLYLDI-UHFFFAOYSA-N", "composition": 1, "adsorption": 37.6804}]}, {"pressure": 5.16559, "total_adsorption": 38.2658, "species_data": [{"InChIKey": "CURLTUGMZLYLDI-UHFFFAOYSA-N", "composition": 1, "adsorption": 38.2658}]}, {"pressure": 6.15727, "total_adsorption": 38.6185, "species_data": [{"InChIKey": "CURLTUGMZLYLDI-UHFFFAOYSA-N", "composition": 1, "adsorption": 38.6185}]}, {"pressure": 7.0497, "total_adsorption": 38.971, "species_data": [{"InChIKey": "CURLTUGMZLYLDI-UHFFFAOYSA-N", "composition": 1, "adsorption": 38.971}]}, {"pressure": 8.04138, "total_adsorption": 39.3237, "species_data": [{"InChIKey": "CURLTUGMZLYLDI-UHFFFAOYSA-N", "composition": 1, "adsorption": 39.3237}]}, {"pressure": 9.03364, "total_adsorption": 39.4432, "species_data": [{"InChIKey": "CURLTUGMZLYLDI-UHFFFAOYSA-N", "composition": 1, "adsorption": 39.4432}]}, {"pressure": 9.82768, "total_adsorption": 39.4456, "species_data": [{"InChIKey": "CURLTUGMZLYLDI-UHFFFAOYSA-N", "composition": 1, "adsorption": 39.4456}]}, {"pressure": 10.8199, "total_adsorption": 39.5651, "species_data": [{"InChIKey": "CURLTUGMZLYLDI-UHFFFAOYSA-N", "composition": 1, "adsorption": 39.5651}]}, {"pressure": 11.8122, "total_adsorption": 39.6846, "species_data": [{"InChIKey": "CURLTUGMZLYLDI-UHFFFAOYSA-N", "composition": 1, "adsorption": 39.6846}]}, {"pressure": 12.8047, "total_adsorption": 39.6875, "species_data": [{"InChIKey": "CURLTUGMZLYLDI-UHFFFAOYSA-N", "composition": 1, "adsorption": 39.6875}]}, {"pressure": 13.7973, "total_adsorption": 39.6904, "species_data": [{"InChIKey": "CURLTUGMZLYLDI-UHFFFAOYSA-N", "composition": 1, "adsorption": 39.6904}]}, {"pressure": 14.7898, "total_adsorption": 39.6933, "species_data": [{"InChIKey": "CURLTUGMZLYLDI-UHFFFAOYSA-N", "composition": 1, "adsorption": 39.6933}]}, {"pressure": 15.7824, "total_adsorption": 39.6962, "species_data": [{"InChIKey": "CURLTUGMZLYLDI-UHFFFAOYSA-N", "composition": 1, "adsorption": 39.6962}]}, {"pressure": 16.7747, "total_adsorption": 39.8157, "species_data": [{"InChIKey": "CURLTUGMZLYLDI-UHFFFAOYSA-N", "composition": 1, "adsorption": 39.8157}]}, {"pressure": 17.7672, "total_adsorption": 39.8186, "species_data": [{"InChIKey": "CURLTUGMZLYLDI-UHFFFAOYSA-N", "composition": 1, "adsorption": 39.8186}]}, {"pressure": 18.7597, "total_adsorption": 39.8215, "species_data": [{"InChIKey": "CURLTUGMZLYLDI-UHFFFAOYSA-N", "composition": 1, "adsorption": 39.8215}]}, {"pressure": 19.7523, "total_adsorption": 39.8244, "species_data": [{"InChIKey": "CURLTUGMZLYLDI-UHFFFAOYSA-N", "composition": 1, "adsorption": 39.8244}]}, {"pressure": 20.7448, "total_adsorption": 39.8272, "species_data": [{"InChIKey": "CURLTUGMZLYLDI-UHFFFAOYSA-N", "composition": 1, "adsorption": 39.8272}]}, {"pressure": 21.7374, "total_adsorption": 39.8301, "species_data": [{"InChIKey": "CURLTUGMZLYLDI-UHFFFAOYSA-N", "composition": 1, "adsorption": 39.8301}]}, {"pressure": 22.7299, "total_adsorption": 39.833, "species_data": [{"InChIKey": "CURLTUGMZLYLDI-UHFFFAOYSA-N", "composition": 1, "adsorption": 39.833}]}, {"pressure": 23.7225, "total_adsorption": 39.8359, "species_data": [{"InChIKey": "CURLTUGMZLYLDI-UHFFFAOYSA-N", "composition": 1, "adsorption": 39.8359}]}, {"pressure": 24.715, "total_adsorption": 39.8388, "species_data": [{"InChIKey": "CURLTUGMZLYLDI-UHFFFAOYSA-N", "composition": 1, "adsorption": 39.8388}]}, {"pressure": 25.6086, "total_adsorption": 39.7248, "species_data": [{"InChIKey": "CURLTUGMZLYLDI-UHFFFAOYSA-N", "composition": 1, "adsorption": 39.7248}]}, {"pressure": 26.6012, "total_adsorption": 39.7277, "species_data": [{"InChIKey": "CURLTUGMZLYLDI-UHFFFAOYSA-N", "composition": 1, "adsorption": 39.7277}]}, {"pressure": 27.5937, "total_adsorption": 39.7306, "species_data": [{"InChIKey": "CURLTUGMZLYLDI-UHFFFAOYSA-N", "composition": 1, "adsorption": 39.7306}]}, {"pressure": 28.5863, "total_adsorption": 39.7335, "species_data": [{"InChIKey": "CURLTUGMZLYLDI-UHFFFAOYSA-N", "composition": 1, "adsorption": 39.7335}]}, {"pressure": 29.5788, "total_adsorption": 39.7364, "species_data": [{"InChIKey": "CURLTUGMZLYLDI-UHFFFAOYSA-N", "composition": 1, "adsorption": 39.7364}]}, {"pressure": 30.5717, "total_adsorption": 39.6227, "species_data": [{"InChIKey": "CURLTUGMZLYLDI-UHFFFAOYSA-N", "composition": 1, "adsorption": 39.6227}]}, {"pressure": 31.5639, "total_adsorption": 39.7422, "species_data": [{"InChIKey": "CURLTUGMZLYLDI-UHFFFAOYSA-N", "composition": 1, "adsorption": 39.7422}]}]}