{"isotherm_data":[{"pressure":0.0915059,"total_adsorption":137.524,"species_data":[{"composition":1,"adsorption":137.524,"InChIKey":"IJGRMHOSHXDMSA-UHFFFAOYSA-N"}]},{"pressure":0.105134,"total_adsorption":228.564,"species_data":[{"composition":1,"adsorption":228.564,"InChIKey":"IJGRMHOSHXDMSA-UHFFFAOYSA-N"}]},{"pressure":0.132392,"total_adsorption":237.95,"species_data":[{"composition":1,"adsorption":237.95,"InChIKey":"IJGRMHOSHXDMSA-UHFFFAOYSA-N"}]},{"pressure":0.173277,"total_adsorption":243.614,"species_data":[{"composition":1,"adsorption":243.614,"InChIKey":"IJGRMHOSHXDMSA-UHFFFAOYSA-N"}]},{"pressure":0.196641,"total_adsorption":244.891,"species_data":[{"composition":1,"adsorption":244.891,"InChIKey":"IJGRMHOSHXDMSA-UHFFFAOYSA-N"}]},{"pressure":0.225844,"total_adsorption":246.799,"species_data":[{"composition":1,"adsorption":246.799,"InChIKey":"IJGRMHOSHXDMSA-UHFFFAOYSA-N"}]},{"pressure":0.255048,"total_adsorption":248.083,"species_data":[{"composition":1,"adsorption":248.083,"InChIKey":"IJGRMHOSHXDMSA-UHFFFAOYSA-N"}]},{"pressure":0.274518,"total_adsorption":248.731,"species_data":[{"composition":1,"adsorption":248.731,"InChIKey":"IJGRMHOSHXDMSA-UHFFFAOYSA-N"}]},{"pressure":0.286199,"total_adsorption":249.37,"species_data":[{"composition":1,"adsorption":249.37,"InChIKey":"IJGRMHOSHXDMSA-UHFFFAOYSA-N"}]},{"pressure":0.293987,"total_adsorption":249.38,"species_data":[{"composition":1,"adsorption":249.38,"InChIKey":"IJGRMHOSHXDMSA-UHFFFAOYSA-N"}]},{"pressure":0.301775,"total_adsorption":249.39,"species_data":[{"composition":1,"adsorption":249.39,"InChIKey":"IJGRMHOSHXDMSA-UHFFFAOYSA-N"}]},{"pressure":0.315403,"total_adsorption":250.031,"species_data":[{"composition":1,"adsorption":250.031,"InChIKey":"IJGRMHOSHXDMSA-UHFFFAOYSA-N"}]},{"pressure":0.338766,"total_adsorption":251.308,"species_data":[{"composition":1,"adsorption":251.308,"InChIKey":"IJGRMHOSHXDMSA-UHFFFAOYSA-N"}]},{"pressure":0.346554,"total_adsorption":251.318,"species_data":[{"composition":1,"adsorption":251.318,"InChIKey":"IJGRMHOSHXDMSA-UHFFFAOYSA-N"}]},{"pressure":0.360182,"total_adsorption":250.088,"species_data":[{"composition":1,"adsorption":250.088,"InChIKey":"IJGRMHOSHXDMSA-UHFFFAOYSA-N"}]},{"pressure":0.379653,"total_adsorption":250.113,"species_data":[{"composition":1,"adsorption":250.113,"InChIKey":"IJGRMHOSHXDMSA-UHFFFAOYSA-N"}]},{"pressure":0.395228,"total_adsorption":250.133,"species_data":[{"composition":1,"adsorption":250.133,"InChIKey":"IJGRMHOSHXDMSA-UHFFFAOYSA-N"}]},{"pressure":0.428326,"total_adsorption":250.799,"species_data":[{"composition":1,"adsorption":250.799,"InChIKey":"IJGRMHOSHXDMSA-UHFFFAOYSA-N"}]},{"pressure":0.461423,"total_adsorption":251.465,"species_data":[{"composition":1,"adsorption":251.465,"InChIKey":"IJGRMHOSHXDMSA-UHFFFAOYSA-N"}]},{"pressure":0.490627,"total_adsorption":250.879,"species_data":[{"composition":1,"adsorption":250.879,"InChIKey":"IJGRMHOSHXDMSA-UHFFFAOYSA-N"}]},{"pressure":0.519831,"total_adsorption":249.67,"species_data":[{"composition":1,"adsorption":249.67,"InChIKey":"IJGRMHOSHXDMSA-UHFFFAOYSA-N"}]},{"pressure":0.550982,"total_adsorption":249.71,"species_data":[{"composition":1,"adsorption":249.71,"InChIKey":"IJGRMHOSHXDMSA-UHFFFAOYSA-N"}]},{"pressure":0.580186,"total_adsorption":249.747,"species_data":[{"composition":1,"adsorption":249.747,"InChIKey":"IJGRMHOSHXDMSA-UHFFFAOYSA-N"}]},{"pressure":0.611338,"total_adsorption":249.164,"species_data":[{"composition":1,"adsorption":249.164,"InChIKey":"IJGRMHOSHXDMSA-UHFFFAOYSA-N"}]},{"pressure":0.642489,"total_adsorption":248.58,"species_data":[{"composition":1,"adsorption":248.58,"InChIKey":"IJGRMHOSHXDMSA-UHFFFAOYSA-N"}]},{"pressure":0.673639,"total_adsorption":249.244,"species_data":[{"composition":1,"adsorption":249.244,"InChIKey":"IJGRMHOSHXDMSA-UHFFFAOYSA-N"}]},{"pressure":0.70479,"total_adsorption":248.66,"species_data":[{"composition":1,"adsorption":248.66,"InChIKey":"IJGRMHOSHXDMSA-UHFFFAOYSA-N"}]},{"pressure":0.735941,"total_adsorption":247.453,"species_data":[{"composition":1,"adsorption":247.453,"InChIKey":"IJGRMHOSHXDMSA-UHFFFAOYSA-N"}]},{"pressure":0.767092,"total_adsorption":248.117,"species_data":[{"composition":1,"adsorption":248.117,"InChIKey":"IJGRMHOSHXDMSA-UHFFFAOYSA-N"}]},{"pressure":0.80019,"total_adsorption":246.912,"species_data":[{"composition":1,"adsorption":246.912,"InChIKey":"IJGRMHOSHXDMSA-UHFFFAOYSA-N"}]},{"pressure":0.829393,"total_adsorption":246.95,"species_data":[{"composition":1,"adsorption":246.95,"InChIKey":"IJGRMHOSHXDMSA-UHFFFAOYSA-N"}]},{"pressure":0.854704,"total_adsorption":247.606,"species_data":[{"composition":1,"adsorption":247.606,"InChIKey":"IJGRMHOSHXDMSA-UHFFFAOYSA-N"}]},{"pressure":0.876121,"total_adsorption":248.257,"species_data":[{"composition":1,"adsorption":248.257,"InChIKey":"IJGRMHOSHXDMSA-UHFFFAOYSA-N"}]},{"pressure":0.905325,"total_adsorption":249.541,"species_data":[{"composition":1,"adsorption":249.541,"InChIKey":"IJGRMHOSHXDMSA-UHFFFAOYSA-N"}]},{"pressure":0.936475,"total_adsorption":252.075,"species_data":[{"composition":1,"adsorption":252.075,"InChIKey":"IJGRMHOSHXDMSA-UHFFFAOYSA-N"}]},{"pressure":0.957892,"total_adsorption":265.194,"species_data":[{"composition":1,"adsorption":265.194,"InChIKey":"IJGRMHOSHXDMSA-UHFFFAOYSA-N"}]},{"pressure":0.967626,"total_adsorption":279.546,"species_data":[{"composition":1,"adsorption":279.546,"InChIKey":"IJGRMHOSHXDMSA-UHFFFAOYSA-N"}]}],"temperature":77,"articleSource":"UNKNOWN","compositionType":"molefraction","adsorbates":[{"name":"Nitrogen","InChIKey":"IJGRMHOSHXDMSA-UHFFFAOYSA-N"}],"adsorptionUnits":"cm3(STP)/g","date":"1000-01-01","category":"","digitizer":"UNKNOWN","pressureUnits":"bar","DOI":"10.1039/C4ra06515h","adsorbent":{"name":"DBT adsorbed Fe3O4@PAA@MOF-99(L)","hashkey":"NIST-MATDB-004c3a5b22f2c1b242dbe774e49561c5"},"concentrationUnits":"","filename":"10.1039C4ra06515h.Isotherm2","isotherm_type":""}