{"filename": "10.1039C2ta00616b.isotherm2", "DOI": "10.1039/C2ta00616b", "articleSource": "UNKNOWN", "date": "1000-01-01", "digitizer": "UNKNOWN", "adsorbent": {"hashkey": "NIST-MATDB-a6a1d67052c81cececda752f2b2d6255", "name": "PAF-18-OLi"}, "adsorbates": [{"InChIKey": "IJGRMHOSHXDMSA-UHFFFAOYSA-N", "name": "Nitrogen"}], "category": "", "temperature": 77, "isotherm_type": "", "adsorptionUnits": "cm3(STP)/g", "pressureUnits": "bar", "compositionType": "molefraction", "concentrationUnits": "", "isotherm_data": [{"pressure": 0.00837971, "total_adsorption": 53.5604, "species_data": [{"InChIKey": "IJGRMHOSHXDMSA-UHFFFAOYSA-N", "composition": 1, "adsorption": 53.5604}]}, {"pressure": 0.0127495, "total_adsorption": 167.611, "species_data": [{"InChIKey": "IJGRMHOSHXDMSA-UHFFFAOYSA-N", "composition": 1, "adsorption": 167.611}]}, {"pressure": 0.0193041, "total_adsorption": 196.451, "species_data": [{"InChIKey": "IJGRMHOSHXDMSA-UHFFFAOYSA-N", "composition": 1, "adsorption": 196.451}]}, {"pressure": 0.0345982, "total_adsorption": 217.426, "species_data": [{"InChIKey": "IJGRMHOSHXDMSA-UHFFFAOYSA-N", "composition": 1, "adsorption": 217.426}]}, {"pressure": 0.0608167, "total_adsorption": 230.535, "species_data": [{"InChIKey": "IJGRMHOSHXDMSA-UHFFFAOYSA-N", "composition": 1, "adsorption": 230.535}]}, {"pressure": 0.154766, "total_adsorption": 264.619, "species_data": [{"InChIKey": "IJGRMHOSHXDMSA-UHFFFAOYSA-N", "composition": 1, "adsorption": 264.619}]}, {"pressure": 0.314262, "total_adsorption": 293.46, "species_data": [{"InChIKey": "IJGRMHOSHXDMSA-UHFFFAOYSA-N", "composition": 1, "adsorption": 293.46}]}, {"pressure": 0.454094, "total_adsorption": 318.367, "species_data": [{"InChIKey": "IJGRMHOSHXDMSA-UHFFFAOYSA-N", "composition": 1, "adsorption": 318.367}]}, {"pressure": 0.659472, "total_adsorption": 348.518, "species_data": [{"InChIKey": "IJGRMHOSHXDMSA-UHFFFAOYSA-N", "composition": 1, "adsorption": 348.518}]}, {"pressure": 0.810228, "total_adsorption": 369.493, "species_data": [{"InChIKey": "IJGRMHOSHXDMSA-UHFFFAOYSA-N", "composition": 1, "adsorption": 369.493}]}, {"pressure": 0.858296, "total_adsorption": 377.359, "species_data": [{"InChIKey": "IJGRMHOSHXDMSA-UHFFFAOYSA-N", "composition": 1, "adsorption": 377.359}]}, {"pressure": 0.908548, "total_adsorption": 378.67, "species_data": [{"InChIKey": "IJGRMHOSHXDMSA-UHFFFAOYSA-N", "composition": 1, "adsorption": 378.67}]}, {"pressure": 0.956615, "total_adsorption": 387.846, "species_data": [{"InChIKey": "IJGRMHOSHXDMSA-UHFFFAOYSA-N", "composition": 1, "adsorption": 387.846}]}]}