{"filename": "10.1021Jp305524f.Isotherm187", "DOI": "10.1021/Jp305524f", "articleSource": "UNKNOWN", "date": "1000-01-01", "digitizer": "UNKNOWN", "adsorbent": {"hashkey": "NIST-MATDB-2c9380bddc59f547484ff729eab7d7cb", "name": "IRMOF-1"}, "adsorbates": [{"InChIKey": "UFHFLCQGNIYNRP-UHFFFAOYSA-N", "name": "Hydrogen"}], "category": "", "temperature": 77, "isotherm_type": "", "adsorptionUnits": "mmol/g", "pressureUnits": "bar", "compositionType": "molefraction", "concentrationUnits": "", "isotherm_data": [{"pressure": 0.564972, "total_adsorption": 4.26877, "species_data": [{"InChIKey": "UFHFLCQGNIYNRP-UHFFFAOYSA-N", "composition": 1, "adsorption": 4.26877}]}, {"pressure": 1.12994, "total_adsorption": 7.11462, "species_data": [{"InChIKey": "UFHFLCQGNIYNRP-UHFFFAOYSA-N", "composition": 1, "adsorption": 7.11462}]}, {"pressure": 1.69492, "total_adsorption": 8.65613, "species_data": [{"InChIKey": "UFHFLCQGNIYNRP-UHFFFAOYSA-N", "composition": 1, "adsorption": 8.65613}]}, {"pressure": 1.9774, "total_adsorption": 10.1976, "species_data": [{"InChIKey": "UFHFLCQGNIYNRP-UHFFFAOYSA-N", "composition": 1, "adsorption": 10.1976}]}, {"pressure": 3.67232, "total_adsorption": 12.9249, "species_data": [{"InChIKey": "UFHFLCQGNIYNRP-UHFFFAOYSA-N", "composition": 1, "adsorption": 12.9249}]}, {"pressure": 4.51977, "total_adsorption": 14.4664, "species_data": [{"InChIKey": "UFHFLCQGNIYNRP-UHFFFAOYSA-N", "composition": 1, "adsorption": 14.4664}]}, {"pressure": 5.9322, "total_adsorption": 15.5336, "species_data": [{"InChIKey": "UFHFLCQGNIYNRP-UHFFFAOYSA-N", "composition": 1, "adsorption": 15.5336}]}, {"pressure": 7.34463, "total_adsorption": 16.8379, "species_data": [{"InChIKey": "UFHFLCQGNIYNRP-UHFFFAOYSA-N", "composition": 1, "adsorption": 16.8379}]}, {"pressure": 8.75706, "total_adsorption": 17.9051, "species_data": [{"InChIKey": "UFHFLCQGNIYNRP-UHFFFAOYSA-N", "composition": 1, "adsorption": 17.9051}]}, {"pressure": 11.0169, "total_adsorption": 19.3281, "species_data": [{"InChIKey": "UFHFLCQGNIYNRP-UHFFFAOYSA-N", "composition": 1, "adsorption": 19.3281}]}, {"pressure": 13.5593, "total_adsorption": 20.5138, "species_data": [{"InChIKey": "UFHFLCQGNIYNRP-UHFFFAOYSA-N", "composition": 1, "adsorption": 20.5138}]}, {"pressure": 17.2316, "total_adsorption": 21.8182, "species_data": [{"InChIKey": "UFHFLCQGNIYNRP-UHFFFAOYSA-N", "composition": 1, "adsorption": 21.8182}]}, {"pressure": 20.0565, "total_adsorption": 22.4111, "species_data": [{"InChIKey": "UFHFLCQGNIYNRP-UHFFFAOYSA-N", "composition": 1, "adsorption": 22.4111}]}, {"pressure": 22.0339, "total_adsorption": 22.7668, "species_data": [{"InChIKey": "UFHFLCQGNIYNRP-UHFFFAOYSA-N", "composition": 1, "adsorption": 22.7668}]}, {"pressure": 24.5763, "total_adsorption": 23.3597, "species_data": [{"InChIKey": "UFHFLCQGNIYNRP-UHFFFAOYSA-N", "composition": 1, "adsorption": 23.3597}]}, {"pressure": 27.4011, "total_adsorption": 23.5968, "species_data": [{"InChIKey": "UFHFLCQGNIYNRP-UHFFFAOYSA-N", "composition": 1, "adsorption": 23.5968}]}, {"pressure": 31.9209, "total_adsorption": 24.0711, "species_data": [{"InChIKey": "UFHFLCQGNIYNRP-UHFFFAOYSA-N", "composition": 1, "adsorption": 24.0711}]}, {"pressure": 35.3107, "total_adsorption": 24.1897, "species_data": [{"InChIKey": "UFHFLCQGNIYNRP-UHFFFAOYSA-N", "composition": 1, "adsorption": 24.1897}]}, {"pressure": 37.8531, "total_adsorption": 24.3083, "species_data": [{"InChIKey": "UFHFLCQGNIYNRP-UHFFFAOYSA-N", "composition": 1, "adsorption": 24.3083}]}, {"pressure": 43.2203, "total_adsorption": 24.3083, "species_data": [{"InChIKey": "UFHFLCQGNIYNRP-UHFFFAOYSA-N", "composition": 1, "adsorption": 24.3083}]}, {"pressure": 46.0452, "total_adsorption": 24.1897, "species_data": [{"InChIKey": "UFHFLCQGNIYNRP-UHFFFAOYSA-N", "composition": 1, "adsorption": 24.1897}]}, {"pressure": 48.3051, "total_adsorption": 24.1897, "species_data": [{"InChIKey": "UFHFLCQGNIYNRP-UHFFFAOYSA-N", "composition": 1, "adsorption": 24.1897}]}, {"pressure": 51.1299, "total_adsorption": 24.1897, "species_data": [{"InChIKey": "UFHFLCQGNIYNRP-UHFFFAOYSA-N", "composition": 1, "adsorption": 24.1897}]}, {"pressure": 54.5198, "total_adsorption": 23.9526, "species_data": [{"InChIKey": "UFHFLCQGNIYNRP-UHFFFAOYSA-N", "composition": 1, "adsorption": 23.9526}]}, {"pressure": 59.0395, "total_adsorption": 23.9526, "species_data": [{"InChIKey": "UFHFLCQGNIYNRP-UHFFFAOYSA-N", "composition": 1, "adsorption": 23.9526}]}, {"pressure": 62.7119, "total_adsorption": 23.4783, "species_data": [{"InChIKey": "UFHFLCQGNIYNRP-UHFFFAOYSA-N", "composition": 1, "adsorption": 23.4783}]}, {"pressure": 66.1017, "total_adsorption": 23.3597, "species_data": [{"InChIKey": "UFHFLCQGNIYNRP-UHFFFAOYSA-N", "composition": 1, "adsorption": 23.3597}]}, {"pressure": 70.339, "total_adsorption": 23.1225, "species_data": [{"InChIKey": "UFHFLCQGNIYNRP-UHFFFAOYSA-N", "composition": 1, "adsorption": 23.1225}]}, {"pressure": 74.2938, "total_adsorption": 22.7668, "species_data": [{"InChIKey": "UFHFLCQGNIYNRP-UHFFFAOYSA-N", "composition": 1, "adsorption": 22.7668}]}, {"pressure": 80.226, "total_adsorption": 22.4111, "species_data": [{"InChIKey": "UFHFLCQGNIYNRP-UHFFFAOYSA-N", "composition": 1, "adsorption": 22.4111}]}, {"pressure": 82.7684, "total_adsorption": 22.0553, "species_data": [{"InChIKey": "UFHFLCQGNIYNRP-UHFFFAOYSA-N", "composition": 1, "adsorption": 22.0553}]}, {"pressure": 87.2881, "total_adsorption": 21.8182, "species_data": [{"InChIKey": "UFHFLCQGNIYNRP-UHFFFAOYSA-N", "composition": 1, "adsorption": 21.8182}]}, {"pressure": 92.0904, "total_adsorption": 21.8182, "species_data": [{"InChIKey": "UFHFLCQGNIYNRP-UHFFFAOYSA-N", "composition": 1, "adsorption": 21.8182}]}, {"pressure": 99.1525, "total_adsorption": 20.9881, "species_data": [{"InChIKey": "UFHFLCQGNIYNRP-UHFFFAOYSA-N", "composition": 1, "adsorption": 20.9881}]}]}