{"filename": "10.1016j.colsurfa.2006.10.008.isotherm4", "DOI": "10.1016/j.colsurfa.2006.10.008", "articleSource": "UNKNOWN", "date": "1000-01-01", "digitizer": "UNKNOWN", "adsorbent": {"hashkey": "NIST-MATDB-453276ee992ed07dc207ed08b2b221ce", "name": "Carbon"}, "adsorbates": [{"InChIKey": "VZGDMQKNWNREIO-UHFFFAOYSA-N", "name": "Carbon Tetrachloride"}], "category": "", "temperature": 323, "isotherm_type": "", "adsorptionUnits": "micromoles/m2", "pressureUnits": "bar", "compositionType": "molefraction", "concentrationUnits": "", "isotherm_data": [{"pressure": 0.000155, "total_adsorption": 0.0202863, "species_data": [{"InChIKey": "VZGDMQKNWNREIO-UHFFFAOYSA-N", "composition": 1, "adsorption": 0.0202863}]}, {"pressure": 0.00124731, "total_adsorption": 0.184152, "species_data": [{"InChIKey": "VZGDMQKNWNREIO-UHFFFAOYSA-N", "composition": 1, "adsorption": 0.184152}]}, {"pressure": 0.00261285, "total_adsorption": 0.435412, "species_data": [{"InChIKey": "VZGDMQKNWNREIO-UHFFFAOYSA-N", "composition": 1, "adsorption": 0.435412}]}, {"pressure": 0.00337756, "total_adsorption": 0.741295, "species_data": [{"InChIKey": "VZGDMQKNWNREIO-UHFFFAOYSA-N", "composition": 1, "adsorption": 0.741295}]}, {"pressure": 0.00496159, "total_adsorption": 1.39676, "species_data": [{"InChIKey": "VZGDMQKNWNREIO-UHFFFAOYSA-N", "composition": 1, "adsorption": 1.39676}]}, {"pressure": 0.00599941, "total_adsorption": 1.97575, "species_data": [{"InChIKey": "VZGDMQKNWNREIO-UHFFFAOYSA-N", "composition": 1, "adsorption": 1.97575}]}, {"pressure": 0.00709185, "total_adsorption": 2.55474, "species_data": [{"InChIKey": "VZGDMQKNWNREIO-UHFFFAOYSA-N", "composition": 1, "adsorption": 2.55474}]}, {"pressure": 0.00780193, "total_adsorption": 2.8934, "species_data": [{"InChIKey": "VZGDMQKNWNREIO-UHFFFAOYSA-N", "composition": 1, "adsorption": 2.8934}]}, {"pressure": 0.00916748, "total_adsorption": 3.23205, "species_data": [{"InChIKey": "VZGDMQKNWNREIO-UHFFFAOYSA-N", "composition": 1, "adsorption": 3.23205}]}, {"pressure": 0.0099868, "total_adsorption": 3.48331, "species_data": [{"InChIKey": "VZGDMQKNWNREIO-UHFFFAOYSA-N", "composition": 1, "adsorption": 3.48331}]}, {"pressure": 0.0120624, "total_adsorption": 3.7018, "species_data": [{"InChIKey": "VZGDMQKNWNREIO-UHFFFAOYSA-N", "composition": 1, "adsorption": 3.7018}]}, {"pressure": 0.0143566, "total_adsorption": 3.85474, "species_data": [{"InChIKey": "VZGDMQKNWNREIO-UHFFFAOYSA-N", "composition": 1, "adsorption": 3.85474}]}, {"pressure": 0.0165414, "total_adsorption": 4.00768, "species_data": [{"InChIKey": "VZGDMQKNWNREIO-UHFFFAOYSA-N", "composition": 1, "adsorption": 4.00768}]}, {"pressure": 0.0198187, "total_adsorption": 4.18247, "species_data": [{"InChIKey": "VZGDMQKNWNREIO-UHFFFAOYSA-N", "composition": 1, "adsorption": 4.18247}]}, {"pressure": 0.0216213, "total_adsorption": 4.23709, "species_data": [{"InChIKey": "VZGDMQKNWNREIO-UHFFFAOYSA-N", "composition": 1, "adsorption": 4.23709}]}, {"pressure": 0.0246255, "total_adsorption": 4.31356, "species_data": [{"InChIKey": "VZGDMQKNWNREIO-UHFFFAOYSA-N", "composition": 1, "adsorption": 4.31356}]}]}