{"filename": "10.1002chem.201301212.isotherm5", "DOI": "10.1002/chem.201301212", "articleSource": "UNKNOWN", "date": "1000-01-01", "digitizer": "UNKNOWN", "adsorbent": {"hashkey": "NIST-MATDB-fb65f0f64c80608cc22691330104b229", "name": "BIF-24"}, "adsorbates": [{"InChIKey": "CURLTUGMZLYLDI-UHFFFAOYSA-N", "name": "Carbon Dioxide"}], "category": "", "temperature": 298, "isotherm_type": "", "adsorptionUnits": "cm3(STP)/g", "pressureUnits": "bar", "compositionType": "molefraction", "concentrationUnits": "", "isotherm_data": [{"pressure": 0.0149343, "total_adsorption": 3.18357, "species_data": [{"InChIKey": "CURLTUGMZLYLDI-UHFFFAOYSA-N", "composition": 1, "adsorption": 3.18357}]}, {"pressure": 0.117623, "total_adsorption": 13.671, "species_data": [{"InChIKey": "CURLTUGMZLYLDI-UHFFFAOYSA-N", "composition": 1, "adsorption": 13.671}]}, {"pressure": 0.248716, "total_adsorption": 24.8138, "species_data": [{"InChIKey": "CURLTUGMZLYLDI-UHFFFAOYSA-N", "composition": 1, "adsorption": 24.8138}]}, {"pressure": 0.425691, "total_adsorption": 39.234, "species_data": [{"InChIKey": "CURLTUGMZLYLDI-UHFFFAOYSA-N", "composition": 1, "adsorption": 39.234}]}, {"pressure": 0.484682, "total_adsorption": 44.4777, "species_data": [{"InChIKey": "CURLTUGMZLYLDI-UHFFFAOYSA-N", "composition": 1, "adsorption": 44.4777}]}, {"pressure": 0.661657, "total_adsorption": 54.3096, "species_data": [{"InChIKey": "CURLTUGMZLYLDI-UHFFFAOYSA-N", "composition": 1, "adsorption": 54.3096}]}, {"pressure": 0.790565, "total_adsorption": 62.1752, "species_data": [{"InChIKey": "CURLTUGMZLYLDI-UHFFFAOYSA-N", "composition": 1, "adsorption": 62.1752}]}, {"pressure": 0.919472, "total_adsorption": 66.7634, "species_data": [{"InChIKey": "CURLTUGMZLYLDI-UHFFFAOYSA-N", "composition": 1, "adsorption": 66.7634}]}]}