{"filename": "10.1021jp205497s.isotherm1", "DOI": "10.1021/jp205497s", "articleSource": "UNKNOWN", "date": "1000-01-01", "digitizer": "UNKNOWN", "adsorbent": {"hashkey": "NIST-MATDB-453276ee992ed07dc207ed08b2b221ce", "name": "Carbon"}, "adsorbates": [{"InChIKey": "XKRFYHLGVUSROY-UHFFFAOYSA-N", "name": "Argon"}], "category": "", "temperature": 87, "isotherm_type": "", "adsorptionUnits": "micromoles/m2", "pressureUnits": "bar", "compositionType": "molefraction", "concentrationUnits": "", "isotherm_data": [{"pressure": 9.90209e-05, "total_adsorption": 0.144363, "species_data": [{"InChIKey": "XKRFYHLGVUSROY-UHFFFAOYSA-N", "composition": 1, "adsorption": 0.144363}]}, {"pressure": 0.000152352, "total_adsorption": 0.236407, "species_data": [{"InChIKey": "XKRFYHLGVUSROY-UHFFFAOYSA-N", "composition": 1, "adsorption": 0.236407}]}, {"pressure": 0.000256663, "total_adsorption": 0.41439, "species_data": [{"InChIKey": "XKRFYHLGVUSROY-UHFFFAOYSA-N", "composition": 1, "adsorption": 0.41439}]}, {"pressure": 0.000403955, "total_adsorption": 0.714123, "species_data": [{"InChIKey": "XKRFYHLGVUSROY-UHFFFAOYSA-N", "composition": 1, "adsorption": 0.714123}]}, {"pressure": 0.000712106, "total_adsorption": 1.61554, "species_data": [{"InChIKey": "XKRFYHLGVUSROY-UHFFFAOYSA-N", "composition": 1, "adsorption": 1.61554}]}, {"pressure": 0.00122718, "total_adsorption": 4.33239, "species_data": [{"InChIKey": "XKRFYHLGVUSROY-UHFFFAOYSA-N", "composition": 1, "adsorption": 4.33239}]}, {"pressure": 0.00197573, "total_adsorption": 8.12874, "species_data": [{"InChIKey": "XKRFYHLGVUSROY-UHFFFAOYSA-N", "composition": 1, "adsorption": 8.12874}]}, {"pressure": 0.00586751, "total_adsorption": 10.1402, "species_data": [{"InChIKey": "XKRFYHLGVUSROY-UHFFFAOYSA-N", "composition": 1, "adsorption": 10.1402}]}, {"pressure": 0.0250471, "total_adsorption": 11.4222, "species_data": [{"InChIKey": "XKRFYHLGVUSROY-UHFFFAOYSA-N", "composition": 1, "adsorption": 11.4222}]}, {"pressure": 0.125314, "total_adsorption": 13.3115, "species_data": [{"InChIKey": "XKRFYHLGVUSROY-UHFFFAOYSA-N", "composition": 1, "adsorption": 13.3115}]}, {"pressure": 0.355656, "total_adsorption": 22.553, "species_data": [{"InChIKey": "XKRFYHLGVUSROY-UHFFFAOYSA-N", "composition": 1, "adsorption": 22.553}]}, {"pressure": 0.641343, "total_adsorption": 36.3097, "species_data": [{"InChIKey": "XKRFYHLGVUSROY-UHFFFAOYSA-N", "composition": 1, "adsorption": 36.3097}]}, {"pressure": 0.98676, "total_adsorption": 87.9253, "species_data": [{"InChIKey": "XKRFYHLGVUSROY-UHFFFAOYSA-N", "composition": 1, "adsorption": 87.9253}]}]}