{"isotherm_data":[{"pressure":0.0842021,"total_adsorption":0.02823,"species_data":[{"composition":1,"adsorption":0.02823,"InChIKey":"UFHFLCQGNIYNRP-UHFFFAOYSA-N"}]},{"pressure":0.14054,"total_adsorption":0.484568,"species_data":[{"composition":1,"adsorption":0.484568,"InChIKey":"UFHFLCQGNIYNRP-UHFFFAOYSA-N"}]},{"pressure":0.14054,"total_adsorption":0.749357,"species_data":[{"composition":1,"adsorption":0.749357,"InChIKey":"UFHFLCQGNIYNRP-UHFFFAOYSA-N"}]},{"pressure":0.253216,"total_adsorption":1.10992,"species_data":[{"composition":1,"adsorption":1.10992,"InChIKey":"UFHFLCQGNIYNRP-UHFFFAOYSA-N"}]},{"pressure":0.365892,"total_adsorption":1.44795,"species_data":[{"composition":1,"adsorption":1.44795,"InChIKey":"UFHFLCQGNIYNRP-UHFFFAOYSA-N"}]},{"pressure":0.563075,"total_adsorption":1.69584,"species_data":[{"composition":1,"adsorption":1.69584,"InChIKey":"UFHFLCQGNIYNRP-UHFFFAOYSA-N"}]},{"pressure":0.844766,"total_adsorption":1.92119,"species_data":[{"composition":1,"adsorption":1.92119,"InChIKey":"UFHFLCQGNIYNRP-UHFFFAOYSA-N"}]},{"pressure":1.07012,"total_adsorption":2.05077,"species_data":[{"composition":1,"adsorption":2.05077,"InChIKey":"UFHFLCQGNIYNRP-UHFFFAOYSA-N"}]},{"pressure":1.49265,"total_adsorption":2.23668,"species_data":[{"composition":1,"adsorption":2.23668,"InChIKey":"UFHFLCQGNIYNRP-UHFFFAOYSA-N"}]},{"pressure":2.95744,"total_adsorption":2.524,"species_data":[{"composition":1,"adsorption":2.524,"InChIKey":"UFHFLCQGNIYNRP-UHFFFAOYSA-N"}]},{"pressure":5.04195,"total_adsorption":2.74372,"species_data":[{"composition":1,"adsorption":2.74372,"InChIKey":"UFHFLCQGNIYNRP-UHFFFAOYSA-N"}]},{"pressure":6.98561,"total_adsorption":2.88457,"species_data":[{"composition":1,"adsorption":2.88457,"InChIKey":"UFHFLCQGNIYNRP-UHFFFAOYSA-N"}]},{"pressure":8.98561,"total_adsorption":3.00851,"species_data":[{"composition":1,"adsorption":3.00851,"InChIKey":"UFHFLCQGNIYNRP-UHFFFAOYSA-N"}]},{"pressure":11.0419,"total_adsorption":3.10992,"species_data":[{"composition":1,"adsorption":3.10992,"InChIKey":"UFHFLCQGNIYNRP-UHFFFAOYSA-N"}]},{"pressure":13.0138,"total_adsorption":3.20006,"species_data":[{"composition":1,"adsorption":3.20006,"InChIKey":"UFHFLCQGNIYNRP-UHFFFAOYSA-N"}]},{"pressure":14.9011,"total_adsorption":3.2733,"species_data":[{"composition":1,"adsorption":3.2733,"InChIKey":"UFHFLCQGNIYNRP-UHFFFAOYSA-N"}]},{"pressure":16.8729,"total_adsorption":3.33527,"species_data":[{"composition":1,"adsorption":3.33527,"InChIKey":"UFHFLCQGNIYNRP-UHFFFAOYSA-N"}]},{"pressure":18.0279,"total_adsorption":3.36344,"species_data":[{"composition":1,"adsorption":3.36344,"InChIKey":"UFHFLCQGNIYNRP-UHFFFAOYSA-N"}]},{"pressure":18.9856,"total_adsorption":3.40288,"species_data":[{"composition":1,"adsorption":3.40288,"InChIKey":"UFHFLCQGNIYNRP-UHFFFAOYSA-N"}]},{"pressure":19.8589,"total_adsorption":3.41978,"species_data":[{"composition":1,"adsorption":3.41978,"InChIKey":"UFHFLCQGNIYNRP-UHFFFAOYSA-N"}]}],"temperature":77,"articleSource":"UNKNOWN","compositionType":"molefraction","adsorbates":[{"name":"Hydrogen","InChIKey":"UFHFLCQGNIYNRP-UHFFFAOYSA-N"}],"adsorptionUnits":"wt%","date":"1000-01-01","category":"","digitizer":"UNKNOWN","pressureUnits":"bar","DOI":"10.1039/C3nj00700f","adsorbent":{"name":"NPC-5","hashkey":"NIST-MATDB-b8c4e18463117dee9f5f15647d05d70d"},"concentrationUnits":"","filename":"10.1039C3nj00700f.isotherm3","isotherm_type":""}