{"filename": "10.1016j.mssp.2015.03.025.Isotherm1", "DOI": "10.1016/j.mssp.2015.03.025", "articleSource": "Figure 3", "date": "2018-07-09", "digitizer": "Soojin Jang", "adsorbent": {"hashkey": "NIST-MATDB-54c17a19ed9593a692dced7ce5d9d4e4", "name": "N-K2Ti4O9"}, "adsorbates": [{"InChIKey": "IJGRMHOSHXDMSA-UHFFFAOYSA-N", "name": "Nitrogen"}], "category": "exp", "temperature": 77, "isotherm_type": "", "adsorptionUnits": "cm3(STP)/g", "pressureUnits": "bar", "compositionType": "molefraction", "concentrationUnits": "", "isotherm_data": [{"pressure": 0.004225, "total_adsorption": null, "species_data": [{"InChIKey": "IJGRMHOSHXDMSA-UHFFFAOYSA-N", "composition": 1, "adsorption": 1.0892}]}, {"pressure": 0.011369, "total_adsorption": null, "species_data": [{"InChIKey": "IJGRMHOSHXDMSA-UHFFFAOYSA-N", "composition": 1, "adsorption": 1.1914}]}, {"pressure": 0.035443, "total_adsorption": null, "species_data": [{"InChIKey": "IJGRMHOSHXDMSA-UHFFFAOYSA-N", "composition": 1, "adsorption": 1.3195}]}, {"pressure": 0.047065, "total_adsorption": null, "species_data": [{"InChIKey": "IJGRMHOSHXDMSA-UHFFFAOYSA-N", "composition": 1, "adsorption": 1.7929}]}, {"pressure": 0.0719, "total_adsorption": null, "species_data": [{"InChIKey": "IJGRMHOSHXDMSA-UHFFFAOYSA-N", "composition": 1, "adsorption": 1.3771}]}, {"pressure": 0.081445, "total_adsorption": null, "species_data": [{"InChIKey": "IJGRMHOSHXDMSA-UHFFFAOYSA-N", "composition": 1, "adsorption": 1.8418}]}, {"pressure": 0.095479, "total_adsorption": null, "species_data": [{"InChIKey": "IJGRMHOSHXDMSA-UHFFFAOYSA-N", "composition": 1, "adsorption": 1.4045}]}, {"pressure": 0.108428, "total_adsorption": null, "species_data": [{"InChIKey": "IJGRMHOSHXDMSA-UHFFFAOYSA-N", "composition": 1, "adsorption": 1.8433}]}, {"pressure": 0.118571, "total_adsorption": null, "species_data": [{"InChIKey": "IJGRMHOSHXDMSA-UHFFFAOYSA-N", "composition": 1, "adsorption": 1.4405}]}, {"pressure": 0.141814, "total_adsorption": null, "species_data": [{"InChIKey": "IJGRMHOSHXDMSA-UHFFFAOYSA-N", "composition": 1, "adsorption": 1.8156}]}, {"pressure": 0.144216, "total_adsorption": null, "species_data": [{"InChIKey": "IJGRMHOSHXDMSA-UHFFFAOYSA-N", "composition": 1, "adsorption": 1.8578}]}, {"pressure": 0.182334, "total_adsorption": null, "species_data": [{"InChIKey": "IJGRMHOSHXDMSA-UHFFFAOYSA-N", "composition": 1, "adsorption": 1.8477}]}, {"pressure": 0.183084, "total_adsorption": null, "species_data": [{"InChIKey": "IJGRMHOSHXDMSA-UHFFFAOYSA-N", "composition": 1, "adsorption": 1.8335}]}, {"pressure": 0.223938, "total_adsorption": null, "species_data": [{"InChIKey": "IJGRMHOSHXDMSA-UHFFFAOYSA-N", "composition": 1, "adsorption": 1.5068}]}, {"pressure": 0.233159, "total_adsorption": null, "species_data": [{"InChIKey": "IJGRMHOSHXDMSA-UHFFFAOYSA-N", "composition": 1, "adsorption": 1.832}]}, {"pressure": 0.273355, "total_adsorption": null, "species_data": [{"InChIKey": "IJGRMHOSHXDMSA-UHFFFAOYSA-N", "composition": 1, "adsorption": 1.5126}]}, {"pressure": 0.283315, "total_adsorption": null, "species_data": [{"InChIKey": "IJGRMHOSHXDMSA-UHFFFAOYSA-N", "composition": 1, "adsorption": 1.7946}]}, {"pressure": 0.323338, "total_adsorption": null, "species_data": [{"InChIKey": "IJGRMHOSHXDMSA-UHFFFAOYSA-N", "composition": 1, "adsorption": 1.5357}]}, {"pressure": 0.333633, "total_adsorption": null, "species_data": [{"InChIKey": "IJGRMHOSHXDMSA-UHFFFAOYSA-N", "composition": 1, "adsorption": 1.7731}]}, {"pressure": 0.373666, "total_adsorption": null, "species_data": [{"InChIKey": "IJGRMHOSHXDMSA-UHFFFAOYSA-N", "composition": 1, "adsorption": 1.5444}]}, {"pressure": 0.384954, "total_adsorption": null, "species_data": [{"InChIKey": "IJGRMHOSHXDMSA-UHFFFAOYSA-N", "composition": 1, "adsorption": 1.7372}]}, {"pressure": 0.423903, "total_adsorption": null, "species_data": [{"InChIKey": "IJGRMHOSHXDMSA-UHFFFAOYSA-N", "composition": 1, "adsorption": 1.5502}]}, {"pressure": 0.435444, "total_adsorption": null, "species_data": [{"InChIKey": "IJGRMHOSHXDMSA-UHFFFAOYSA-N", "composition": 1, "adsorption": 1.7057}]}, {"pressure": 0.474718, "total_adsorption": null, "species_data": [{"InChIKey": "IJGRMHOSHXDMSA-UHFFFAOYSA-N", "composition": 1, "adsorption": 1.5805}]}, {"pressure": 0.487343, "total_adsorption": null, "species_data": [{"InChIKey": "IJGRMHOSHXDMSA-UHFFFAOYSA-N", "composition": 1, "adsorption": 1.7216}]}, {"pressure": 0.525289, "total_adsorption": null, "species_data": [{"InChIKey": "IJGRMHOSHXDMSA-UHFFFAOYSA-N", "composition": 1, "adsorption": 1.6195}]}, {"pressure": 0.53758, "total_adsorption": null, "species_data": [{"InChIKey": "IJGRMHOSHXDMSA-UHFFFAOYSA-N", "composition": 1, "adsorption": 1.7475}]}, {"pressure": 0.575779, "total_adsorption": null, "species_data": [{"InChIKey": "IJGRMHOSHXDMSA-UHFFFAOYSA-N", "composition": 1, "adsorption": 1.6598}]}, {"pressure": 0.58807, "total_adsorption": null, "species_data": [{"InChIKey": "IJGRMHOSHXDMSA-UHFFFAOYSA-N", "composition": 1, "adsorption": 1.7476}]}, {"pressure": 0.626097, "total_adsorption": null, "species_data": [{"InChIKey": "IJGRMHOSHXDMSA-UHFFFAOYSA-N", "composition": 1, "adsorption": 1.7117}]}, {"pressure": 0.6393, "total_adsorption": null, "species_data": [{"InChIKey": "IJGRMHOSHXDMSA-UHFFFAOYSA-N", "composition": 1, "adsorption": 1.7851}]}, {"pressure": 0.67675, "total_adsorption": null, "species_data": [{"InChIKey": "IJGRMHOSHXDMSA-UHFFFAOYSA-N", "composition": 1, "adsorption": 1.801}]}, {"pressure": 0.690206, "total_adsorption": null, "species_data": [{"InChIKey": "IJGRMHOSHXDMSA-UHFFFAOYSA-N", "composition": 1, "adsorption": 1.86}]}, {"pressure": 0.727412, "total_adsorption": null, "species_data": [{"InChIKey": "IJGRMHOSHXDMSA-UHFFFAOYSA-N", "composition": 1, "adsorption": 1.9363}]}, {"pressure": 0.740696, "total_adsorption": null, "species_data": [{"InChIKey": "IJGRMHOSHXDMSA-UHFFFAOYSA-N", "composition": 1, "adsorption": 1.9953}]}, {"pressure": 0.776899, "total_adsorption": null, "species_data": [{"InChIKey": "IJGRMHOSHXDMSA-UHFFFAOYSA-N", "composition": 1, "adsorption": 2.1364}]}, {"pressure": 0.790842, "total_adsorption": null, "species_data": [{"InChIKey": "IJGRMHOSHXDMSA-UHFFFAOYSA-N", "composition": 1, "adsorption": 2.2371}]}, {"pressure": 0.816588, "total_adsorption": null, "species_data": [{"InChIKey": "IJGRMHOSHXDMSA-UHFFFAOYSA-N", "composition": 1, "adsorption": 2.4012}]}, {"pressure": 0.827633, "total_adsorption": null, "species_data": [{"InChIKey": "IJGRMHOSHXDMSA-UHFFFAOYSA-N", "composition": 1, "adsorption": 2.4746}]}, {"pressure": 0.842406, "total_adsorption": null, "species_data": [{"InChIKey": "IJGRMHOSHXDMSA-UHFFFAOYSA-N", "composition": 1, "adsorption": 2.6314}]}, {"pressure": 0.847888, "total_adsorption": null, "species_data": [{"InChIKey": "IJGRMHOSHXDMSA-UHFFFAOYSA-N", "composition": 1, "adsorption": 2.6688}]}, {"pressure": 0.859925, "total_adsorption": null, "species_data": [{"InChIKey": "IJGRMHOSHXDMSA-UHFFFAOYSA-N", "composition": 1, "adsorption": 2.7911}]}, {"pressure": 0.867403, "total_adsorption": null, "species_data": [{"InChIKey": "IJGRMHOSHXDMSA-UHFFFAOYSA-N", "composition": 1, "adsorption": 2.9192}]}, {"pressure": 0.884091, "total_adsorption": null, "species_data": [{"InChIKey": "IJGRMHOSHXDMSA-UHFFFAOYSA-N", "composition": 1, "adsorption": 3.1308}]}, {"pressure": 0.893636, "total_adsorption": null, "species_data": [{"InChIKey": "IJGRMHOSHXDMSA-UHFFFAOYSA-N", "composition": 1, "adsorption": 3.3077}]}, {"pressure": 0.909493, "total_adsorption": null, "species_data": [{"InChIKey": "IJGRMHOSHXDMSA-UHFFFAOYSA-N", "composition": 1, "adsorption": 3.5811}]}, {"pressure": 0.920284, "total_adsorption": null, "species_data": [{"InChIKey": "IJGRMHOSHXDMSA-UHFFFAOYSA-N", "composition": 1, "adsorption": 3.9337}]}, {"pressure": 0.934652, "total_adsorption": null, "species_data": [{"InChIKey": "IJGRMHOSHXDMSA-UHFFFAOYSA-N", "composition": 1, "adsorption": 4.1567}]}, {"pressure": 0.948513, "total_adsorption": null, "species_data": [{"InChIKey": "IJGRMHOSHXDMSA-UHFFFAOYSA-N", "composition": 1, "adsorption": 5.0733}]}, {"pressure": 0.958808, "total_adsorption": null, "species_data": [{"InChIKey": "IJGRMHOSHXDMSA-UHFFFAOYSA-N", "composition": 1, "adsorption": 5.256}]}, {"pressure": 0.975557, "total_adsorption": null, "species_data": [{"InChIKey": "IJGRMHOSHXDMSA-UHFFFAOYSA-N", "composition": 1, "adsorption": 7.5812}]}, {"pressure": 0.982194, "total_adsorption": null, "species_data": [{"InChIKey": "IJGRMHOSHXDMSA-UHFFFAOYSA-N", "composition": 1, "adsorption": 7.528}]}, {"pressure": 0.991151, "total_adsorption": null, "species_data": [{"InChIKey": "IJGRMHOSHXDMSA-UHFFFAOYSA-N", "composition": 1, "adsorption": 9.0877}]}, {"pressure": 0.991384, "total_adsorption": null, "species_data": [{"InChIKey": "IJGRMHOSHXDMSA-UHFFFAOYSA-N", "composition": 1, "adsorption": 9.241}]}, {"pressure": 1.00092, "total_adsorption": null, "species_data": [{"InChIKey": "IJGRMHOSHXDMSA-UHFFFAOYSA-N", "composition": 1, "adsorption": 11.8503}]}, {"pressure": 1.00728, "total_adsorption": null, "species_data": [{"InChIKey": "IJGRMHOSHXDMSA-UHFFFAOYSA-N", "composition": 1, "adsorption": 14.6892}]}]}