{"filename": "10.1021ja511878b.Isotherm1", "DOI": "10.1021/ja511878b", "articleSource": "Figure 5a", "date": "2016-07-28", "digitizer": "Yamuna E. Satsangi", "adsorbent": {"hashkey": "NIST-MATDB-bbcac700aa70a474a0e175f62e1368a4", "name": "CD-MOF-2"}, "adsorbates": [{"InChIKey": "CTQNGGLPUBDAKN-UHFFFAOYSA-N", "name": "O-Xylene"}], "category": "exp", "temperature": 333, "isotherm_type": "", "adsorptionUnits": "mmol/g", "pressureUnits": "bar", "compositionType": "molefraction", "concentrationUnits": "", "isotherm_data": [{"pressure": 0, "total_adsorption": 0, "species_data": [{"InChIKey": "CTQNGGLPUBDAKN-UHFFFAOYSA-N", "composition": 1, "adsorption": 0}]}, {"pressure": 5.1e-05, "total_adsorption": 0.393103, "species_data": [{"InChIKey": "CTQNGGLPUBDAKN-UHFFFAOYSA-N", "composition": 1, "adsorption": 0.393103}]}, {"pressure": 0.000102, "total_adsorption": 0.475862, "species_data": [{"InChIKey": "CTQNGGLPUBDAKN-UHFFFAOYSA-N", "composition": 1, "adsorption": 0.475862}]}, {"pressure": 0.000153, "total_adsorption": 0.548276, "species_data": [{"InChIKey": "CTQNGGLPUBDAKN-UHFFFAOYSA-N", "composition": 1, "adsorption": 0.548276}]}, {"pressure": 0.000204, "total_adsorption": 0.6, "species_data": [{"InChIKey": "CTQNGGLPUBDAKN-UHFFFAOYSA-N", "composition": 1, "adsorption": 0.6}]}, {"pressure": 0.000305, "total_adsorption": 0.724138, "species_data": [{"InChIKey": "CTQNGGLPUBDAKN-UHFFFAOYSA-N", "composition": 1, "adsorption": 0.724138}]}, {"pressure": 0.000397, "total_adsorption": 0.837931, "species_data": [{"InChIKey": "CTQNGGLPUBDAKN-UHFFFAOYSA-N", "composition": 1, "adsorption": 0.837931}]}, {"pressure": 0.000499, "total_adsorption": 0.931034, "species_data": [{"InChIKey": "CTQNGGLPUBDAKN-UHFFFAOYSA-N", "composition": 1, "adsorption": 0.931034}]}, {"pressure": 0.000611, "total_adsorption": 1.01379, "species_data": [{"InChIKey": "CTQNGGLPUBDAKN-UHFFFAOYSA-N", "composition": 1, "adsorption": 1.01379}]}, {"pressure": 0.000702, "total_adsorption": 1.07586, "species_data": [{"InChIKey": "CTQNGGLPUBDAKN-UHFFFAOYSA-N", "composition": 1, "adsorption": 1.07586}]}, {"pressure": 0.000804, "total_adsorption": 1.12759, "species_data": [{"InChIKey": "CTQNGGLPUBDAKN-UHFFFAOYSA-N", "composition": 1, "adsorption": 1.12759}]}, {"pressure": 0.000997, "total_adsorption": 1.22069, "species_data": [{"InChIKey": "CTQNGGLPUBDAKN-UHFFFAOYSA-N", "composition": 1, "adsorption": 1.22069}]}, {"pressure": 0.001496, "total_adsorption": 1.42759, "species_data": [{"InChIKey": "CTQNGGLPUBDAKN-UHFFFAOYSA-N", "composition": 1, "adsorption": 1.42759}]}, {"pressure": 0.001995, "total_adsorption": 2.48276, "species_data": [{"InChIKey": "CTQNGGLPUBDAKN-UHFFFAOYSA-N", "composition": 1, "adsorption": 2.48276}]}, {"pressure": 0.002494, "total_adsorption": 2.6069, "species_data": [{"InChIKey": "CTQNGGLPUBDAKN-UHFFFAOYSA-N", "composition": 1, "adsorption": 2.6069}]}, {"pressure": 0.002992, "total_adsorption": 2.63793, "species_data": [{"InChIKey": "CTQNGGLPUBDAKN-UHFFFAOYSA-N", "composition": 1, "adsorption": 2.63793}]}, {"pressure": 0.003501, "total_adsorption": 2.66897, "species_data": [{"InChIKey": "CTQNGGLPUBDAKN-UHFFFAOYSA-N", "composition": 1, "adsorption": 2.66897}]}, {"pressure": 0.004, "total_adsorption": 2.71034, "species_data": [{"InChIKey": "CTQNGGLPUBDAKN-UHFFFAOYSA-N", "composition": 1, "adsorption": 2.71034}]}]}