{"isotherm_data":[{"pressure":0.0773904,"total_adsorption":231.928,"species_data":[{"composition":1,"adsorption":231.928,"InChIKey":"XKRFYHLGVUSROY-UHFFFAOYSA-N"}]},{"pressure":0.104332,"total_adsorption":337.349,"species_data":[{"composition":1,"adsorption":337.349,"InChIKey":"XKRFYHLGVUSROY-UHFFFAOYSA-N"}]},{"pressure":0.13461,"total_adsorption":421.687,"species_data":[{"composition":1,"adsorption":421.687,"InChIKey":"XKRFYHLGVUSROY-UHFFFAOYSA-N"}]},{"pressure":0.161531,"total_adsorption":506.024,"species_data":[{"composition":1,"adsorption":506.024,"InChIKey":"XKRFYHLGVUSROY-UHFFFAOYSA-N"}]},{"pressure":0.188433,"total_adsorption":569.277,"species_data":[{"composition":1,"adsorption":569.277,"InChIKey":"XKRFYHLGVUSROY-UHFFFAOYSA-N"}]},{"pressure":0.21871,"total_adsorption":653.614,"species_data":[{"composition":1,"adsorption":653.614,"InChIKey":"XKRFYHLGVUSROY-UHFFFAOYSA-N"}]},{"pressure":0.255799,"total_adsorption":843.373,"species_data":[{"composition":1,"adsorption":843.373,"InChIKey":"XKRFYHLGVUSROY-UHFFFAOYSA-N"}]},{"pressure":0.333169,"total_adsorption":1054.22,"species_data":[{"composition":1,"adsorption":1054.22,"InChIKey":"XKRFYHLGVUSROY-UHFFFAOYSA-N"}]},{"pressure":0.48797,"total_adsorption":1539.16,"species_data":[{"composition":1,"adsorption":1539.16,"InChIKey":"XKRFYHLGVUSROY-UHFFFAOYSA-N"}]},{"pressure":0.504826,"total_adsorption":1623.49,"species_data":[{"composition":1,"adsorption":1623.49,"InChIKey":"XKRFYHLGVUSROY-UHFFFAOYSA-N"}]},{"pressure":0.562025,"total_adsorption":1792.17,"species_data":[{"composition":1,"adsorption":1792.17,"InChIKey":"XKRFYHLGVUSROY-UHFFFAOYSA-N"}]},{"pressure":0.612514,"total_adsorption":1960.84,"species_data":[{"composition":1,"adsorption":1960.84,"InChIKey":"XKRFYHLGVUSROY-UHFFFAOYSA-N"}]},{"pressure":0.639395,"total_adsorption":2003.01,"species_data":[{"composition":1,"adsorption":2003.01,"InChIKey":"XKRFYHLGVUSROY-UHFFFAOYSA-N"}]},{"pressure":0.666337,"total_adsorption":2108.43,"species_data":[{"composition":1,"adsorption":2108.43,"InChIKey":"XKRFYHLGVUSROY-UHFFFAOYSA-N"}]},{"pressure":0.693259,"total_adsorption":2192.77,"species_data":[{"composition":1,"adsorption":2192.77,"InChIKey":"XKRFYHLGVUSROY-UHFFFAOYSA-N"}]},{"pressure":0.716806,"total_adsorption":2256.02,"species_data":[{"composition":1,"adsorption":2256.02,"InChIKey":"XKRFYHLGVUSROY-UHFFFAOYSA-N"}]},{"pressure":0.740373,"total_adsorption":2340.36,"species_data":[{"composition":1,"adsorption":2340.36,"InChIKey":"XKRFYHLGVUSROY-UHFFFAOYSA-N"}]},{"pressure":0.763899,"total_adsorption":2382.53,"species_data":[{"composition":1,"adsorption":2382.53,"InChIKey":"XKRFYHLGVUSROY-UHFFFAOYSA-N"}]},{"pressure":0.787486,"total_adsorption":2487.95,"species_data":[{"composition":1,"adsorption":2487.95,"InChIKey":"XKRFYHLGVUSROY-UHFFFAOYSA-N"}]},{"pressure":0.814408,"total_adsorption":2572.29,"species_data":[{"composition":1,"adsorption":2572.29,"InChIKey":"XKRFYHLGVUSROY-UHFFFAOYSA-N"}]},{"pressure":0.84133,"total_adsorption":2656.63,"species_data":[{"composition":1,"adsorption":2656.63,"InChIKey":"XKRFYHLGVUSROY-UHFFFAOYSA-N"}]},{"pressure":0.871607,"total_adsorption":2740.96,"species_data":[{"composition":1,"adsorption":2740.96,"InChIKey":"XKRFYHLGVUSROY-UHFFFAOYSA-N"}]},{"pressure":0.901884,"total_adsorption":2825.3,"species_data":[{"composition":1,"adsorption":2825.3,"InChIKey":"XKRFYHLGVUSROY-UHFFFAOYSA-N"}]},{"pressure":0.925471,"total_adsorption":2930.72,"species_data":[{"composition":1,"adsorption":2930.72,"InChIKey":"XKRFYHLGVUSROY-UHFFFAOYSA-N"}]},{"pressure":0.955748,"total_adsorption":3015.06,"species_data":[{"composition":1,"adsorption":3015.06,"InChIKey":"XKRFYHLGVUSROY-UHFFFAOYSA-N"}]},{"pressure":0.98269,"total_adsorption":3120.48,"species_data":[{"composition":1,"adsorption":3120.48,"InChIKey":"XKRFYHLGVUSROY-UHFFFAOYSA-N"}]},{"pressure":1.01295,"total_adsorption":3183.73,"species_data":[{"composition":1,"adsorption":3183.73,"InChIKey":"XKRFYHLGVUSROY-UHFFFAOYSA-N"}]}],"temperature":292,"articleSource":"UNKNOWN","compositionType":"molefraction","adsorbates":[{"name":"Argon","InChIKey":"XKRFYHLGVUSROY-UHFFFAOYSA-N"}],"adsorptionUnits":"cm3(STP)/mol","date":"1000-01-01","category":"","digitizer":"UNKNOWN","pressureUnits":"bar","DOI":"10.1021/Jp303274m","adsorbent":{"name":"IRMOF-2-Cl","hashkey":"NIST-MATDB-e7af3c345990fcd8b4bb199f45ae180c"},"concentrationUnits":"","filename":"10.1021Jp303274m.Isotherm83","isotherm_type":""}