{"isotherm_data":[{"pressure":0.0031746,"total_adsorption":4.827,"species_data":[{"composition":1,"adsorption":4.827,"InChIKey":"XKRFYHLGVUSROY-UHFFFAOYSA-N"}]},{"pressure":0.00634921,"total_adsorption":8.51835,"species_data":[{"composition":1,"adsorption":8.51835,"InChIKey":"XKRFYHLGVUSROY-UHFFFAOYSA-N"}]},{"pressure":0.0206349,"total_adsorption":10.2241,"species_data":[{"composition":1,"adsorption":10.2241,"InChIKey":"XKRFYHLGVUSROY-UHFFFAOYSA-N"}]},{"pressure":0.0492063,"total_adsorption":11.0803,"species_data":[{"composition":1,"adsorption":11.0803,"InChIKey":"XKRFYHLGVUSROY-UHFFFAOYSA-N"}]},{"pressure":0.0920635,"total_adsorption":11.5603,"species_data":[{"composition":1,"adsorption":11.5603,"InChIKey":"XKRFYHLGVUSROY-UHFFFAOYSA-N"}]},{"pressure":0.128571,"total_adsorption":12.1338,"species_data":[{"composition":1,"adsorption":12.1338,"InChIKey":"XKRFYHLGVUSROY-UHFFFAOYSA-N"}]},{"pressure":0.157143,"total_adsorption":12.4223,"species_data":[{"composition":1,"adsorption":12.4223,"InChIKey":"XKRFYHLGVUSROY-UHFFFAOYSA-N"}]},{"pressure":0.185714,"total_adsorption":12.7107,"species_data":[{"composition":1,"adsorption":12.7107,"InChIKey":"XKRFYHLGVUSROY-UHFFFAOYSA-N"}]},{"pressure":0.244444,"total_adsorption":13.2878,"species_data":[{"composition":1,"adsorption":13.2878,"InChIKey":"XKRFYHLGVUSROY-UHFFFAOYSA-N"}]},{"pressure":0.27619,"total_adsorption":13.6713,"species_data":[{"composition":1,"adsorption":13.6713,"InChIKey":"XKRFYHLGVUSROY-UHFFFAOYSA-N"}]},{"pressure":0.301587,"total_adsorption":14.2432,"species_data":[{"composition":1,"adsorption":14.2432,"InChIKey":"XKRFYHLGVUSROY-UHFFFAOYSA-N"}]},{"pressure":0.32381,"total_adsorption":14.6252,"species_data":[{"composition":1,"adsorption":14.6252,"InChIKey":"XKRFYHLGVUSROY-UHFFFAOYSA-N"}]},{"pressure":0.346032,"total_adsorption":15.1019,"species_data":[{"composition":1,"adsorption":15.1019,"InChIKey":"XKRFYHLGVUSROY-UHFFFAOYSA-N"}]},{"pressure":0.368254,"total_adsorption":15.7679,"species_data":[{"composition":1,"adsorption":15.7679,"InChIKey":"XKRFYHLGVUSROY-UHFFFAOYSA-N"}]},{"pressure":0.384127,"total_adsorption":16.3382,"species_data":[{"composition":1,"adsorption":16.3382,"InChIKey":"XKRFYHLGVUSROY-UHFFFAOYSA-N"}]},{"pressure":0.404762,"total_adsorption":17.0039,"species_data":[{"composition":1,"adsorption":17.0039,"InChIKey":"XKRFYHLGVUSROY-UHFFFAOYSA-N"}]},{"pressure":0.425397,"total_adsorption":17.2911,"species_data":[{"composition":1,"adsorption":17.2911,"InChIKey":"XKRFYHLGVUSROY-UHFFFAOYSA-N"}]},{"pressure":0.457143,"total_adsorption":17.8639,"species_data":[{"composition":1,"adsorption":17.8639,"InChIKey":"XKRFYHLGVUSROY-UHFFFAOYSA-N"}]},{"pressure":0.48254,"total_adsorption":19.0036,"species_data":[{"composition":1,"adsorption":19.0036,"InChIKey":"XKRFYHLGVUSROY-UHFFFAOYSA-N"}]},{"pressure":0.511111,"total_adsorption":19.8598,"species_data":[{"composition":1,"adsorption":19.8598,"InChIKey":"XKRFYHLGVUSROY-UHFFFAOYSA-N"}]},{"pressure":0.544444,"total_adsorption":20.6222,"species_data":[{"composition":1,"adsorption":20.6222,"InChIKey":"XKRFYHLGVUSROY-UHFFFAOYSA-N"}]},{"pressure":0.571429,"total_adsorption":21.2889,"species_data":[{"composition":1,"adsorption":21.2889,"InChIKey":"XKRFYHLGVUSROY-UHFFFAOYSA-N"}]},{"pressure":0.603175,"total_adsorption":22.051,"species_data":[{"composition":1,"adsorption":22.051,"InChIKey":"XKRFYHLGVUSROY-UHFFFAOYSA-N"}]},{"pressure":0.630159,"total_adsorption":23.0016,"species_data":[{"composition":1,"adsorption":23.0016,"InChIKey":"XKRFYHLGVUSROY-UHFFFAOYSA-N"}]},{"pressure":0.655556,"total_adsorption":23.6681,"species_data":[{"composition":1,"adsorption":23.6681,"InChIKey":"XKRFYHLGVUSROY-UHFFFAOYSA-N"}]},{"pressure":0.684127,"total_adsorption":24.5243,"species_data":[{"composition":1,"adsorption":24.5243,"InChIKey":"XKRFYHLGVUSROY-UHFFFAOYSA-N"}]},{"pressure":0.701587,"total_adsorption":24.5271,"species_data":[{"composition":1,"adsorption":24.5271,"InChIKey":"XKRFYHLGVUSROY-UHFFFAOYSA-N"}]}],"temperature":90,"articleSource":"UNKNOWN","compositionType":"molefraction","adsorbates":[{"name":"Argon","InChIKey":"XKRFYHLGVUSROY-UHFFFAOYSA-N"}],"adsorptionUnits":"micromoles/m2","date":"1000-01-01","category":"","digitizer":"UNKNOWN","pressureUnits":"bar","DOI":"10.1016/j.jcis.2009.10.018","adsorbent":{"name":"Graphite","hashkey":"NIST-MATDB-9e23f5f57a219d77d81a9193c8cc2e2c"},"concentrationUnits":"","filename":"10.1016j.jcis.2009.10.018.Isotherm10","isotherm_type":""}