{"filename": "10.1007s109040140131z.Isotherm2", "DOI": "10.1007/s10904-014-0131-z", "articleSource": "Figure 4", "date": "2016-07-08", "digitizer": "Adithya Varadan", "adsorbent": {"hashkey": "NIST-MATDB-449dc37c8359ad97e595b3d924af4fed", "name": "ZIF-8-90 30%"}, "adsorbates": [{"InChIKey": "IJGRMHOSHXDMSA-UHFFFAOYSA-N", "name": "Nitrogen"}], "category": "exp", "temperature": 77, "isotherm_type": "", "adsorptionUnits": "cm3(STP)/g", "pressureUnits": "bar", "compositionType": "molefraction", "concentrationUnits": "", "isotherm_data": [{"pressure": 0.000259, "total_adsorption": 20.4921, "species_data": [{"InChIKey": "IJGRMHOSHXDMSA-UHFFFAOYSA-N", "composition": 1, "adsorption": 20.4921}]}, {"pressure": 0.004671, "total_adsorption": 202.874, "species_data": [{"InChIKey": "IJGRMHOSHXDMSA-UHFFFAOYSA-N", "composition": 1, "adsorption": 202.874}]}, {"pressure": 0.014301, "total_adsorption": 298.17, "species_data": [{"InChIKey": "IJGRMHOSHXDMSA-UHFFFAOYSA-N", "composition": 1, "adsorption": 298.17}]}, {"pressure": 0.024847, "total_adsorption": 299.205, "species_data": [{"InChIKey": "IJGRMHOSHXDMSA-UHFFFAOYSA-N", "composition": 1, "adsorption": 299.205}]}, {"pressure": 0.056524, "total_adsorption": 305.385, "species_data": [{"InChIKey": "IJGRMHOSHXDMSA-UHFFFAOYSA-N", "composition": 1, "adsorption": 305.385}]}, {"pressure": 0.090436, "total_adsorption": 321.813, "species_data": [{"InChIKey": "IJGRMHOSHXDMSA-UHFFFAOYSA-N", "composition": 1, "adsorption": 321.813}]}, {"pressure": 0.101047, "total_adsorption": 327.971, "species_data": [{"InChIKey": "IJGRMHOSHXDMSA-UHFFFAOYSA-N", "composition": 1, "adsorption": 327.971}]}, {"pressure": 0.139147, "total_adsorption": 342.354, "species_data": [{"InChIKey": "IJGRMHOSHXDMSA-UHFFFAOYSA-N", "composition": 1, "adsorption": 342.354}]}, {"pressure": 0.181369, "total_adsorption": 349.569, "species_data": [{"InChIKey": "IJGRMHOSHXDMSA-UHFFFAOYSA-N", "composition": 1, "adsorption": 349.569}]}, {"pressure": 0.227764, "total_adsorption": 353.714, "species_data": [{"InChIKey": "IJGRMHOSHXDMSA-UHFFFAOYSA-N", "composition": 1, "adsorption": 353.714}]}, {"pressure": 0.265722, "total_adsorption": 356.826, "species_data": [{"InChIKey": "IJGRMHOSHXDMSA-UHFFFAOYSA-N", "composition": 1, "adsorption": 356.826}]}, {"pressure": 0.303641, "total_adsorption": 356.864, "species_data": [{"InChIKey": "IJGRMHOSHXDMSA-UHFFFAOYSA-N", "composition": 1, "adsorption": 356.864}]}, {"pressure": 0.347918, "total_adsorption": 359.983, "species_data": [{"InChIKey": "IJGRMHOSHXDMSA-UHFFFAOYSA-N", "composition": 1, "adsorption": 359.983}]}, {"pressure": 0.390049, "total_adsorption": 360.026, "species_data": [{"InChIKey": "IJGRMHOSHXDMSA-UHFFFAOYSA-N", "composition": 1, "adsorption": 360.026}]}, {"pressure": 0.425874, "total_adsorption": 361.086, "species_data": [{"InChIKey": "IJGRMHOSHXDMSA-UHFFFAOYSA-N", "composition": 1, "adsorption": 361.086}]}, {"pressure": 0.474299, "total_adsorption": 359.086, "species_data": [{"InChIKey": "IJGRMHOSHXDMSA-UHFFFAOYSA-N", "composition": 1, "adsorption": 359.086}]}, {"pressure": 0.510162, "total_adsorption": 363.221, "species_data": [{"InChIKey": "IJGRMHOSHXDMSA-UHFFFAOYSA-N", "composition": 1, "adsorption": 363.221}]}, {"pressure": 0.558614, "total_adsorption": 363.27, "species_data": [{"InChIKey": "IJGRMHOSHXDMSA-UHFFFAOYSA-N", "composition": 1, "adsorption": 363.27}]}, {"pressure": 0.596545, "total_adsorption": 364.333, "species_data": [{"InChIKey": "IJGRMHOSHXDMSA-UHFFFAOYSA-N", "composition": 1, "adsorption": 364.333}]}, {"pressure": 0.63657, "total_adsorption": 364.373, "species_data": [{"InChIKey": "IJGRMHOSHXDMSA-UHFFFAOYSA-N", "composition": 1, "adsorption": 364.373}]}, {"pressure": 0.678714, "total_adsorption": 365.44, "species_data": [{"InChIKey": "IJGRMHOSHXDMSA-UHFFFAOYSA-N", "composition": 1, "adsorption": 365.44}]}, {"pressure": 0.720872, "total_adsorption": 367.532, "species_data": [{"InChIKey": "IJGRMHOSHXDMSA-UHFFFAOYSA-N", "composition": 1, "adsorption": 367.532}]}, {"pressure": 0.763029, "total_adsorption": 369.624, "species_data": [{"InChIKey": "IJGRMHOSHXDMSA-UHFFFAOYSA-N", "composition": 1, "adsorption": 369.624}]}, {"pressure": 0.82412, "total_adsorption": 369.686, "species_data": [{"InChIKey": "IJGRMHOSHXDMSA-UHFFFAOYSA-N", "composition": 1, "adsorption": 369.686}]}, {"pressure": 0.845212, "total_adsorption": 371.756, "species_data": [{"InChIKey": "IJGRMHOSHXDMSA-UHFFFAOYSA-N", "composition": 1, "adsorption": 371.756}]}, {"pressure": 0.878956, "total_adsorption": 374.864, "species_data": [{"InChIKey": "IJGRMHOSHXDMSA-UHFFFAOYSA-N", "composition": 1, "adsorption": 374.864}]}, {"pressure": 0.914742, "total_adsorption": 372.851, "species_data": [{"InChIKey": "IJGRMHOSHXDMSA-UHFFFAOYSA-N", "composition": 1, "adsorption": 372.851}]}, {"pressure": 0.931594, "total_adsorption": 372.868, "species_data": [{"InChIKey": "IJGRMHOSHXDMSA-UHFFFAOYSA-N", "composition": 1, "adsorption": 372.868}]}, {"pressure": 0.954806, "total_adsorption": 375.965, "species_data": [{"InChIKey": "IJGRMHOSHXDMSA-UHFFFAOYSA-N", "composition": 1, "adsorption": 375.965}]}, {"pressure": 0.967432, "total_adsorption": 374.954, "species_data": [{"InChIKey": "IJGRMHOSHXDMSA-UHFFFAOYSA-N", "composition": 1, "adsorption": 374.954}]}, {"pressure": 1.01386, "total_adsorption": 381.148, "species_data": [{"InChIKey": "IJGRMHOSHXDMSA-UHFFFAOYSA-N", "composition": 1, "adsorption": 381.148}]}]}