{"isotherm_data":[{"pressure":18.2292,"total_adsorption":96.1789,"species_data":[{"composition":1,"adsorption":96.1789,"InChIKey":"XKRFYHLGVUSROY-UHFFFAOYSA-N"}]},{"pressure":23.4375,"total_adsorption":111.296,"species_data":[{"composition":1,"adsorption":111.296,"InChIKey":"XKRFYHLGVUSROY-UHFFFAOYSA-N"}]},{"pressure":31.25,"total_adsorption":123.669,"species_data":[{"composition":1,"adsorption":123.669,"InChIKey":"XKRFYHLGVUSROY-UHFFFAOYSA-N"}]},{"pressure":70.3125,"total_adsorption":141.58,"species_data":[{"composition":1,"adsorption":141.58,"InChIKey":"XKRFYHLGVUSROY-UHFFFAOYSA-N"}]},{"pressure":91.1458,"total_adsorption":149.85,"species_data":[{"composition":1,"adsorption":149.85,"InChIKey":"XKRFYHLGVUSROY-UHFFFAOYSA-N"}]},{"pressure":104.167,"total_adsorption":155.363,"species_data":[{"composition":1,"adsorption":155.363,"InChIKey":"XKRFYHLGVUSROY-UHFFFAOYSA-N"}]},{"pressure":195.312,"total_adsorption":165.103,"species_data":[{"composition":1,"adsorption":165.103,"InChIKey":"XKRFYHLGVUSROY-UHFFFAOYSA-N"}]},{"pressure":286.458,"total_adsorption":170.723,"species_data":[{"composition":1,"adsorption":170.723,"InChIKey":"XKRFYHLGVUSROY-UHFFFAOYSA-N"}]},{"pressure":369.792,"total_adsorption":176.332,"species_data":[{"composition":1,"adsorption":176.332,"InChIKey":"XKRFYHLGVUSROY-UHFFFAOYSA-N"}]},{"pressure":447.917,"total_adsorption":179.187,"species_data":[{"composition":1,"adsorption":179.187,"InChIKey":"XKRFYHLGVUSROY-UHFFFAOYSA-N"}]},{"pressure":523.437,"total_adsorption":182.038,"species_data":[{"composition":1,"adsorption":182.038,"InChIKey":"XKRFYHLGVUSROY-UHFFFAOYSA-N"}]},{"pressure":609.375,"total_adsorption":183.529,"species_data":[{"composition":1,"adsorption":183.529,"InChIKey":"XKRFYHLGVUSROY-UHFFFAOYSA-N"}]},{"pressure":682.292,"total_adsorption":185.003,"species_data":[{"composition":1,"adsorption":185.003,"InChIKey":"XKRFYHLGVUSROY-UHFFFAOYSA-N"}]},{"pressure":755.208,"total_adsorption":187.851,"species_data":[{"composition":1,"adsorption":187.851,"InChIKey":"XKRFYHLGVUSROY-UHFFFAOYSA-N"}]},{"pressure":817.708,"total_adsorption":187.936,"species_data":[{"composition":1,"adsorption":187.936,"InChIKey":"XKRFYHLGVUSROY-UHFFFAOYSA-N"}]}],"temperature":298,"articleSource":"UNKNOWN","compositionType":"molefraction","adsorbates":[{"name":"Argon","InChIKey":"XKRFYHLGVUSROY-UHFFFAOYSA-N"}],"adsorptionUnits":"cm3(STP)/cm3","date":"1000-01-01","category":"","digitizer":"UNKNOWN","pressureUnits":"bar","DOI":"10.1021/Jp051771y","adsorbent":{"name":"MOF-2","hashkey":"NIST-MATDB-2a55d7fddaa59cb289e94c60012b7c80"},"concentrationUnits":"","filename":"10.1021Jp051771y.Isotherm8-1","isotherm_type":""}