{"isotherm_data":[{"pressure":0.708056,"total_adsorption":0.0679848,"species_data":[{"composition":1,"adsorption":0.0679848,"InChIKey":"CURLTUGMZLYLDI-UHFFFAOYSA-N"}]},{"pressure":1.33738,"total_adsorption":0.126251,"species_data":[{"composition":1,"adsorption":0.126251,"InChIKey":"CURLTUGMZLYLDI-UHFFFAOYSA-N"}]},{"pressure":1.96671,"total_adsorption":0.184518,"species_data":[{"composition":1,"adsorption":0.184518,"InChIKey":"CURLTUGMZLYLDI-UHFFFAOYSA-N"}]},{"pressure":2.59604,"total_adsorption":0.242784,"species_data":[{"composition":1,"adsorption":0.242784,"InChIKey":"CURLTUGMZLYLDI-UHFFFAOYSA-N"}]},{"pressure":3.22511,"total_adsorption":0.29131,"species_data":[{"composition":1,"adsorption":0.29131,"InChIKey":"CURLTUGMZLYLDI-UHFFFAOYSA-N"}]},{"pressure":3.4613,"total_adsorption":0.320465,"species_data":[{"composition":1,"adsorption":0.320465,"InChIKey":"CURLTUGMZLYLDI-UHFFFAOYSA-N"}]},{"pressure":3.85393,"total_adsorption":0.330096,"species_data":[{"composition":1,"adsorption":0.330096,"InChIKey":"CURLTUGMZLYLDI-UHFFFAOYSA-N"}]},{"pressure":4.40478,"total_adsorption":0.388385,"species_data":[{"composition":1,"adsorption":0.388385,"InChIKey":"CURLTUGMZLYLDI-UHFFFAOYSA-N"}]},{"pressure":5.11233,"total_adsorption":0.436889,"species_data":[{"composition":1,"adsorption":0.436889,"InChIKey":"CURLTUGMZLYLDI-UHFFFAOYSA-N"}]},{"pressure":5.7414,"total_adsorption":0.485415,"species_data":[{"composition":1,"adsorption":0.485415,"InChIKey":"CURLTUGMZLYLDI-UHFFFAOYSA-N"}]},{"pressure":6.4492,"total_adsorption":0.54366,"species_data":[{"composition":1,"adsorption":0.54366,"InChIKey":"CURLTUGMZLYLDI-UHFFFAOYSA-N"}]},{"pressure":7.07827,"total_adsorption":0.592186,"species_data":[{"composition":1,"adsorption":0.592186,"InChIKey":"CURLTUGMZLYLDI-UHFFFAOYSA-N"}]},{"pressure":7.78582,"total_adsorption":0.64069,"species_data":[{"composition":1,"adsorption":0.64069,"InChIKey":"CURLTUGMZLYLDI-UHFFFAOYSA-N"}]},{"pressure":8.49336,"total_adsorption":0.689195,"species_data":[{"composition":1,"adsorption":0.689195,"InChIKey":"CURLTUGMZLYLDI-UHFFFAOYSA-N"}]},{"pressure":9.12244,"total_adsorption":0.737721,"species_data":[{"composition":1,"adsorption":0.737721,"InChIKey":"CURLTUGMZLYLDI-UHFFFAOYSA-N"}]},{"pressure":9.75176,"total_adsorption":0.795987,"species_data":[{"composition":1,"adsorption":0.795987,"InChIKey":"CURLTUGMZLYLDI-UHFFFAOYSA-N"}]},{"pressure":10.3808,"total_adsorption":0.844514,"species_data":[{"composition":1,"adsorption":0.844514,"InChIKey":"CURLTUGMZLYLDI-UHFFFAOYSA-N"}]},{"pressure":11.0097,"total_adsorption":0.8833,"species_data":[{"composition":1,"adsorption":0.8833,"InChIKey":"CURLTUGMZLYLDI-UHFFFAOYSA-N"}]},{"pressure":11.7169,"total_adsorption":0.922064,"species_data":[{"composition":1,"adsorption":0.922064,"InChIKey":"CURLTUGMZLYLDI-UHFFFAOYSA-N"}]},{"pressure":12.4245,"total_adsorption":0.970568,"species_data":[{"composition":1,"adsorption":0.970568,"InChIKey":"CURLTUGMZLYLDI-UHFFFAOYSA-N"}]},{"pressure":13.0536,"total_adsorption":1.01909,"species_data":[{"composition":1,"adsorption":1.01909,"InChIKey":"CURLTUGMZLYLDI-UHFFFAOYSA-N"}]},{"pressure":13.7611,"total_adsorption":1.0676,"species_data":[{"composition":1,"adsorption":1.0676,"InChIKey":"CURLTUGMZLYLDI-UHFFFAOYSA-N"}]},{"pressure":14.4687,"total_adsorption":1.1161,"species_data":[{"composition":1,"adsorption":1.1161,"InChIKey":"CURLTUGMZLYLDI-UHFFFAOYSA-N"}]},{"pressure":15.0977,"total_adsorption":1.16463,"species_data":[{"composition":1,"adsorption":1.16463,"InChIKey":"CURLTUGMZLYLDI-UHFFFAOYSA-N"}]},{"pressure":15.8053,"total_adsorption":1.21313,"species_data":[{"composition":1,"adsorption":1.21313,"InChIKey":"CURLTUGMZLYLDI-UHFFFAOYSA-N"}]},{"pressure":16.1197,"total_adsorption":1.23253,"species_data":[{"composition":1,"adsorption":1.23253,"InChIKey":"CURLTUGMZLYLDI-UHFFFAOYSA-N"}]},{"pressure":16.4338,"total_adsorption":1.24218,"species_data":[{"composition":1,"adsorption":1.24218,"InChIKey":"CURLTUGMZLYLDI-UHFFFAOYSA-N"}]},{"pressure":17.0632,"total_adsorption":1.30045,"species_data":[{"composition":1,"adsorption":1.30045,"InChIKey":"CURLTUGMZLYLDI-UHFFFAOYSA-N"}]},{"pressure":17.7707,"total_adsorption":1.34895,"species_data":[{"composition":1,"adsorption":1.34895,"InChIKey":"CURLTUGMZLYLDI-UHFFFAOYSA-N"}]},{"pressure":18.4783,"total_adsorption":1.39746,"species_data":[{"composition":1,"adsorption":1.39746,"InChIKey":"CURLTUGMZLYLDI-UHFFFAOYSA-N"}]},{"pressure":19.1071,"total_adsorption":1.43624,"species_data":[{"composition":1,"adsorption":1.43624,"InChIKey":"CURLTUGMZLYLDI-UHFFFAOYSA-N"}]},{"pressure":19.8146,"total_adsorption":1.48475,"species_data":[{"composition":1,"adsorption":1.48475,"InChIKey":"CURLTUGMZLYLDI-UHFFFAOYSA-N"}]},{"pressure":20.5222,"total_adsorption":1.53325,"species_data":[{"composition":1,"adsorption":1.53325,"InChIKey":"CURLTUGMZLYLDI-UHFFFAOYSA-N"}]},{"pressure":21.1515,"total_adsorption":1.59152,"species_data":[{"composition":1,"adsorption":1.59152,"InChIKey":"CURLTUGMZLYLDI-UHFFFAOYSA-N"}]},{"pressure":21.5444,"total_adsorption":1.61089,"species_data":[{"composition":1,"adsorption":1.61089,"InChIKey":"CURLTUGMZLYLDI-UHFFFAOYSA-N"}]},{"pressure":21.7801,"total_adsorption":1.62056,"species_data":[{"composition":1,"adsorption":1.62056,"InChIKey":"CURLTUGMZLYLDI-UHFFFAOYSA-N"}]},{"pressure":22.4091,"total_adsorption":1.66909,"species_data":[{"composition":1,"adsorption":1.66909,"InChIKey":"CURLTUGMZLYLDI-UHFFFAOYSA-N"}]},{"pressure":23.0382,"total_adsorption":1.71761,"species_data":[{"composition":1,"adsorption":1.71761,"InChIKey":"CURLTUGMZLYLDI-UHFFFAOYSA-N"}]},{"pressure":23.7458,"total_adsorption":1.76612,"species_data":[{"composition":1,"adsorption":1.76612,"InChIKey":"CURLTUGMZLYLDI-UHFFFAOYSA-N"}]},{"pressure":24.4533,"total_adsorption":1.81462,"species_data":[{"composition":1,"adsorption":1.81462,"InChIKey":"CURLTUGMZLYLDI-UHFFFAOYSA-N"}]},{"pressure":25.0821,"total_adsorption":1.85341,"species_data":[{"composition":1,"adsorption":1.85341,"InChIKey":"CURLTUGMZLYLDI-UHFFFAOYSA-N"}]},{"pressure":25.7104,"total_adsorption":1.87272,"species_data":[{"composition":1,"adsorption":1.87272,"InChIKey":"CURLTUGMZLYLDI-UHFFFAOYSA-N"}]},{"pressure":26.5744,"total_adsorption":1.9017,"species_data":[{"composition":1,"adsorption":1.9017,"InChIKey":"CURLTUGMZLYLDI-UHFFFAOYSA-N"}]},{"pressure":27.3597,"total_adsorption":1.92096,"species_data":[{"composition":1,"adsorption":1.92096,"InChIKey":"CURLTUGMZLYLDI-UHFFFAOYSA-N"}]},{"pressure":27.6738,"total_adsorption":1.93061,"species_data":[{"composition":1,"adsorption":1.93061,"InChIKey":"CURLTUGMZLYLDI-UHFFFAOYSA-N"}]},{"pressure":28.4591,"total_adsorption":1.94987,"species_data":[{"composition":1,"adsorption":1.94987,"InChIKey":"CURLTUGMZLYLDI-UHFFFAOYSA-N"}]},{"pressure":29.1659,"total_adsorption":1.96916,"species_data":[{"composition":1,"adsorption":1.96916,"InChIKey":"CURLTUGMZLYLDI-UHFFFAOYSA-N"}]},{"pressure":29.9511,"total_adsorption":1.98842,"species_data":[{"composition":1,"adsorption":1.98842,"InChIKey":"CURLTUGMZLYLDI-UHFFFAOYSA-N"}]},{"pressure":30.2653,"total_adsorption":1.99807,"species_data":[{"composition":1,"adsorption":1.99807,"InChIKey":"CURLTUGMZLYLDI-UHFFFAOYSA-N"}]},{"pressure":31.0503,"total_adsorption":2.00759,"species_data":[{"composition":1,"adsorption":2.00759,"InChIKey":"CURLTUGMZLYLDI-UHFFFAOYSA-N"}]},{"pressure":31.7571,"total_adsorption":2.02688,"species_data":[{"composition":1,"adsorption":2.02688,"InChIKey":"CURLTUGMZLYLDI-UHFFFAOYSA-N"}]},{"pressure":32.4638,"total_adsorption":2.04616,"species_data":[{"composition":1,"adsorption":2.04616,"InChIKey":"CURLTUGMZLYLDI-UHFFFAOYSA-N"}]},{"pressure":33.2488,"total_adsorption":2.05568,"species_data":[{"composition":1,"adsorption":2.05568,"InChIKey":"CURLTUGMZLYLDI-UHFFFAOYSA-N"}]},{"pressure":33.9554,"total_adsorption":2.06523,"species_data":[{"composition":1,"adsorption":2.06523,"InChIKey":"CURLTUGMZLYLDI-UHFFFAOYSA-N"}]}],"temperature":298,"articleSource":"UNKNOWN","compositionType":"molefraction","adsorbates":[{"name":"Carbon Dioxide","InChIKey":"CURLTUGMZLYLDI-UHFFFAOYSA-N"}],"adsorptionUnits":"mmol/g","date":"1000-01-01","category":"","digitizer":"UNKNOWN","pressureUnits":"bar","DOI":"10.1016/S1003-9953(11)60374-5","adsorbent":{"name":"MIL-101","hashkey":"NIST-MATDB-f55cae58cff61d336d8b65bece21175f"},"concentrationUnits":"","filename":"10.1016S1003-9953(11)60374-5.Isotherm4","isotherm_type":""}