{"isotherm_data":[{"pressure":0.00704225,"total_adsorption":0.00493395,"species_data":[{"composition":1,"adsorption":0.00493395,"InChIKey":"UFHFLCQGNIYNRP-UHFFFAOYSA-N"}]},{"pressure":0.0211268,"total_adsorption":0.0148019,"species_data":[{"composition":1,"adsorption":0.0148019,"InChIKey":"UFHFLCQGNIYNRP-UHFFFAOYSA-N"}]},{"pressure":0.0399061,"total_adsorption":0.0296154,"species_data":[{"composition":1,"adsorption":0.0296154,"InChIKey":"UFHFLCQGNIYNRP-UHFFFAOYSA-N"}]},{"pressure":0.0586854,"total_adsorption":0.0394599,"species_data":[{"composition":1,"adsorption":0.0394599,"InChIKey":"UFHFLCQGNIYNRP-UHFFFAOYSA-N"}]},{"pressure":0.0774648,"total_adsorption":0.0493045,"species_data":[{"composition":1,"adsorption":0.0493045,"InChIKey":"UFHFLCQGNIYNRP-UHFFFAOYSA-N"}]},{"pressure":0.0985915,"total_adsorption":0.0541685,"species_data":[{"composition":1,"adsorption":0.0541685,"InChIKey":"UFHFLCQGNIYNRP-UHFFFAOYSA-N"}]},{"pressure":0.150235,"total_adsorption":0.0638498,"species_data":[{"composition":1,"adsorption":0.0638498,"InChIKey":"UFHFLCQGNIYNRP-UHFFFAOYSA-N"}]},{"pressure":0.199531,"total_adsorption":0.0735427,"species_data":[{"composition":1,"adsorption":0.0735427,"InChIKey":"UFHFLCQGNIYNRP-UHFFFAOYSA-N"}]},{"pressure":0.248826,"total_adsorption":0.0732978,"species_data":[{"composition":1,"adsorption":0.0732978,"InChIKey":"UFHFLCQGNIYNRP-UHFFFAOYSA-N"}]},{"pressure":0.302817,"total_adsorption":0.0829674,"species_data":[{"composition":1,"adsorption":0.0829674,"InChIKey":"UFHFLCQGNIYNRP-UHFFFAOYSA-N"}]},{"pressure":0.349765,"total_adsorption":0.087703,"species_data":[{"composition":1,"adsorption":0.087703,"InChIKey":"UFHFLCQGNIYNRP-UHFFFAOYSA-N"}]},{"pressure":0.401408,"total_adsorption":0.0874464,"species_data":[{"composition":1,"adsorption":0.0874464,"InChIKey":"UFHFLCQGNIYNRP-UHFFFAOYSA-N"}]},{"pressure":0.450704,"total_adsorption":0.0971394,"species_data":[{"composition":1,"adsorption":0.0971394,"InChIKey":"UFHFLCQGNIYNRP-UHFFFAOYSA-N"}]},{"pressure":0.502347,"total_adsorption":0.101852,"species_data":[{"composition":1,"adsorption":0.101852,"InChIKey":"UFHFLCQGNIYNRP-UHFFFAOYSA-N"}]},{"pressure":0.549296,"total_adsorption":0.101618,"species_data":[{"composition":1,"adsorption":0.101618,"InChIKey":"UFHFLCQGNIYNRP-UHFFFAOYSA-N"}]},{"pressure":0.598592,"total_adsorption":0.106342,"species_data":[{"composition":1,"adsorption":0.106342,"InChIKey":"UFHFLCQGNIYNRP-UHFFFAOYSA-N"}]},{"pressure":0.650235,"total_adsorption":0.116024,"species_data":[{"composition":1,"adsorption":0.116024,"InChIKey":"UFHFLCQGNIYNRP-UHFFFAOYSA-N"}]},{"pressure":0.699531,"total_adsorption":0.120748,"species_data":[{"composition":1,"adsorption":0.120748,"InChIKey":"UFHFLCQGNIYNRP-UHFFFAOYSA-N"}]},{"pressure":0.748826,"total_adsorption":0.120503,"species_data":[{"composition":1,"adsorption":0.120503,"InChIKey":"UFHFLCQGNIYNRP-UHFFFAOYSA-N"}]},{"pressure":0.800469,"total_adsorption":0.120246,"species_data":[{"composition":1,"adsorption":0.120246,"InChIKey":"UFHFLCQGNIYNRP-UHFFFAOYSA-N"}]},{"pressure":0.849765,"total_adsorption":0.12497,"species_data":[{"composition":1,"adsorption":0.12497,"InChIKey":"UFHFLCQGNIYNRP-UHFFFAOYSA-N"}]},{"pressure":0.899061,"total_adsorption":0.134663,"species_data":[{"composition":1,"adsorption":0.134663,"InChIKey":"UFHFLCQGNIYNRP-UHFFFAOYSA-N"}]},{"pressure":0.943662,"total_adsorption":0.134441,"species_data":[{"composition":1,"adsorption":0.134441,"InChIKey":"UFHFLCQGNIYNRP-UHFFFAOYSA-N"}]},{"pressure":0.995305,"total_adsorption":0.139154,"species_data":[{"composition":1,"adsorption":0.139154,"InChIKey":"UFHFLCQGNIYNRP-UHFFFAOYSA-N"}]}],"temperature":293,"articleSource":"UNKNOWN","compositionType":"molefraction","adsorbates":[{"name":"Hydrogen","InChIKey":"UFHFLCQGNIYNRP-UHFFFAOYSA-N"}],"adsorptionUnits":"mmol/g","date":"1000-01-01","category":"","digitizer":"UNKNOWN","pressureUnits":"bar","DOI":"10.1038/Nmat3343","adsorbent":{"name":"NOTT-202a","hashkey":"NIST-MATDB-8d651cf53aa2990d2cccb34177e624ff"},"concentrationUnits":"","filename":"10.1038Nmat3343.Isotherm28","isotherm_type":""}