{"isotherm_data":[{"pressure":0.00146065,"total_adsorption":0.156201,"species_data":[{"composition":1,"adsorption":0.156201,"InChIKey":"XDTMQSROBMDMFD-UHFFFAOYSA-N"}]},{"pressure":0.00218983,"total_adsorption":0.248096,"species_data":[{"composition":1,"adsorption":0.248096,"InChIKey":"XDTMQSROBMDMFD-UHFFFAOYSA-N"}]},{"pressure":0.00291978,"total_adsorption":0.330795,"species_data":[{"composition":1,"adsorption":0.330795,"InChIKey":"XDTMQSROBMDMFD-UHFFFAOYSA-N"}]},{"pressure":0.00389532,"total_adsorption":0.41347,"species_data":[{"composition":1,"adsorption":0.41347,"InChIKey":"XDTMQSROBMDMFD-UHFFFAOYSA-N"}]},{"pressure":0.0046245,"total_adsorption":0.505365,"species_data":[{"composition":1,"adsorption":0.505365,"InChIKey":"XDTMQSROBMDMFD-UHFFFAOYSA-N"}]},{"pressure":0.00608971,"total_adsorption":0.606385,"species_data":[{"composition":1,"adsorption":0.606385,"InChIKey":"XDTMQSROBMDMFD-UHFFFAOYSA-N"}]},{"pressure":0.00731161,"total_adsorption":0.679839,"species_data":[{"composition":1,"adsorption":0.679839,"InChIKey":"XDTMQSROBMDMFD-UHFFFAOYSA-N"}]},{"pressure":0.0090247,"total_adsorption":0.753244,"species_data":[{"composition":1,"adsorption":0.753244,"InChIKey":"XDTMQSROBMDMFD-UHFFFAOYSA-N"}]},{"pressure":0.0104922,"total_adsorption":0.826673,"species_data":[{"composition":1,"adsorption":0.826673,"InChIKey":"XDTMQSROBMDMFD-UHFFFAOYSA-N"}]},{"pressure":0.012206,"total_adsorption":0.890882,"species_data":[{"composition":1,"adsorption":0.890882,"InChIKey":"XDTMQSROBMDMFD-UHFFFAOYSA-N"}]},{"pressure":0.0139206,"total_adsorption":0.945893,"species_data":[{"composition":1,"adsorption":0.945893,"InChIKey":"XDTMQSROBMDMFD-UHFFFAOYSA-N"}]},{"pressure":0.0158801,"total_adsorption":1.01008,"species_data":[{"composition":1,"adsorption":1.01008,"InChIKey":"XDTMQSROBMDMFD-UHFFFAOYSA-N"}]},{"pressure":0.016861,"total_adsorption":1.02837,"species_data":[{"composition":1,"adsorption":1.02837,"InChIKey":"XDTMQSROBMDMFD-UHFFFAOYSA-N"}]},{"pressure":0.0190683,"total_adsorption":1.06494,"species_data":[{"composition":1,"adsorption":1.06494,"InChIKey":"XDTMQSROBMDMFD-UHFFFAOYSA-N"}]},{"pressure":0.0212764,"total_adsorption":1.09232,"species_data":[{"composition":1,"adsorption":1.09232,"InChIKey":"XDTMQSROBMDMFD-UHFFFAOYSA-N"}]},{"pressure":0.0234837,"total_adsorption":1.12889,"species_data":[{"composition":1,"adsorption":1.12889,"InChIKey":"XDTMQSROBMDMFD-UHFFFAOYSA-N"}]},{"pressure":0.0259366,"total_adsorption":1.16543,"species_data":[{"composition":1,"adsorption":1.16543,"InChIKey":"XDTMQSROBMDMFD-UHFFFAOYSA-N"}]},{"pressure":0.0278998,"total_adsorption":1.18363,"species_data":[{"composition":1,"adsorption":1.18363,"InChIKey":"XDTMQSROBMDMFD-UHFFFAOYSA-N"}]},{"pressure":0.0303535,"total_adsorption":1.21098,"species_data":[{"composition":1,"adsorption":1.21098,"InChIKey":"XDTMQSROBMDMFD-UHFFFAOYSA-N"}]},{"pressure":0.0325624,"total_adsorption":1.22916,"species_data":[{"composition":1,"adsorption":1.22916,"InChIKey":"XDTMQSROBMDMFD-UHFFFAOYSA-N"}]},{"pressure":0.0350168,"total_adsorption":1.24731,"species_data":[{"composition":1,"adsorption":1.24731,"InChIKey":"XDTMQSROBMDMFD-UHFFFAOYSA-N"}]},{"pressure":0.0372264,"total_adsorption":1.25629,"species_data":[{"composition":1,"adsorption":1.25629,"InChIKey":"XDTMQSROBMDMFD-UHFFFAOYSA-N"}]},{"pressure":0.0394345,"total_adsorption":1.28366,"species_data":[{"composition":1,"adsorption":1.28366,"InChIKey":"XDTMQSROBMDMFD-UHFFFAOYSA-N"}]},{"pressure":0.0418897,"total_adsorption":1.29261,"species_data":[{"composition":1,"adsorption":1.29261,"InChIKey":"XDTMQSROBMDMFD-UHFFFAOYSA-N"}]},{"pressure":0.0440985,"total_adsorption":1.31079,"species_data":[{"composition":1,"adsorption":1.31079,"InChIKey":"XDTMQSROBMDMFD-UHFFFAOYSA-N"}]},{"pressure":0.0463081,"total_adsorption":1.31977,"species_data":[{"composition":1,"adsorption":1.31977,"InChIKey":"XDTMQSROBMDMFD-UHFFFAOYSA-N"}]},{"pressure":0.0487633,"total_adsorption":1.32872,"species_data":[{"composition":1,"adsorption":1.32872,"InChIKey":"XDTMQSROBMDMFD-UHFFFAOYSA-N"}]},{"pressure":0.0509729,"total_adsorption":1.3377,"species_data":[{"composition":1,"adsorption":1.3377,"InChIKey":"XDTMQSROBMDMFD-UHFFFAOYSA-N"}]},{"pressure":0.0534281,"total_adsorption":1.34666,"species_data":[{"composition":1,"adsorption":1.34666,"InChIKey":"XDTMQSROBMDMFD-UHFFFAOYSA-N"}]},{"pressure":0.0558841,"total_adsorption":1.34642,"species_data":[{"composition":1,"adsorption":1.34642,"InChIKey":"XDTMQSROBMDMFD-UHFFFAOYSA-N"}]},{"pressure":0.0566193,"total_adsorption":1.36474,"species_data":[{"composition":1,"adsorption":1.36474,"InChIKey":"XDTMQSROBMDMFD-UHFFFAOYSA-N"}]},{"pressure":0.0590753,"total_adsorption":1.36449,"species_data":[{"composition":1,"adsorption":1.36449,"InChIKey":"XDTMQSROBMDMFD-UHFFFAOYSA-N"}]},{"pressure":0.0615305,"total_adsorption":1.37345,"species_data":[{"composition":1,"adsorption":1.37345,"InChIKey":"XDTMQSROBMDMFD-UHFFFAOYSA-N"}]},{"pressure":0.0639857,"total_adsorption":1.3824,"species_data":[{"composition":1,"adsorption":1.3824,"InChIKey":"XDTMQSROBMDMFD-UHFFFAOYSA-N"}]},{"pressure":0.0661953,"total_adsorption":1.39138,"species_data":[{"composition":1,"adsorption":1.39138,"InChIKey":"XDTMQSROBMDMFD-UHFFFAOYSA-N"}]},{"pressure":0.0686513,"total_adsorption":1.39114,"species_data":[{"composition":1,"adsorption":1.39114,"InChIKey":"XDTMQSROBMDMFD-UHFFFAOYSA-N"}]},{"pressure":0.0711065,"total_adsorption":1.4001,"species_data":[{"composition":1,"adsorption":1.4001,"InChIKey":"XDTMQSROBMDMFD-UHFFFAOYSA-N"}]},{"pressure":0.0735624,"total_adsorption":1.39985,"species_data":[{"composition":1,"adsorption":1.39985,"InChIKey":"XDTMQSROBMDMFD-UHFFFAOYSA-N"}]},{"pressure":0.0757728,"total_adsorption":1.39964,"species_data":[{"composition":1,"adsorption":1.39964,"InChIKey":"XDTMQSROBMDMFD-UHFFFAOYSA-N"}]},{"pressure":0.078228,"total_adsorption":1.40859,"species_data":[{"composition":1,"adsorption":1.40859,"InChIKey":"XDTMQSROBMDMFD-UHFFFAOYSA-N"}]},{"pressure":0.0804376,"total_adsorption":1.41757,"species_data":[{"composition":1,"adsorption":1.41757,"InChIKey":"XDTMQSROBMDMFD-UHFFFAOYSA-N"}]},{"pressure":0.0828935,"total_adsorption":1.41733,"species_data":[{"composition":1,"adsorption":1.41733,"InChIKey":"XDTMQSROBMDMFD-UHFFFAOYSA-N"}]},{"pressure":0.0853495,"total_adsorption":1.41709,"species_data":[{"composition":1,"adsorption":1.41709,"InChIKey":"XDTMQSROBMDMFD-UHFFFAOYSA-N"}]},{"pressure":0.0878047,"total_adsorption":1.42604,"species_data":[{"composition":1,"adsorption":1.42604,"InChIKey":"XDTMQSROBMDMFD-UHFFFAOYSA-N"}]},{"pressure":0.0895231,"total_adsorption":1.43507,"species_data":[{"composition":1,"adsorption":1.43507,"InChIKey":"XDTMQSROBMDMFD-UHFFFAOYSA-N"}]},{"pressure":0.0919791,"total_adsorption":1.43483,"species_data":[{"composition":1,"adsorption":1.43483,"InChIKey":"XDTMQSROBMDMFD-UHFFFAOYSA-N"}]},{"pressure":0.0944358,"total_adsorption":1.42539,"species_data":[{"composition":1,"adsorption":1.42539,"InChIKey":"XDTMQSROBMDMFD-UHFFFAOYSA-N"}]}],"temperature":393,"articleSource":"UNKNOWN","compositionType":"molefraction","adsorbates":[{"name":"Cyclohexane","InChIKey":"XDTMQSROBMDMFD-UHFFFAOYSA-N"}],"adsorptionUnits":"mmol/g","date":"1000-01-01","category":"","digitizer":"UNKNOWN","pressureUnits":"bar","DOI":"10.1039/B814498b","adsorbent":{"name":"Ni(bodc)(ted)0.5","hashkey":"NIST-MATDB-69f363671c1af77d5e044616e37f0142"},"concentrationUnits":"","filename":"10.1039B814498b.Isotherm13","isotherm_type":""}