{"isotherm_data":[{"pressure":0.464331,"total_adsorption":0.0902018,"species_data":[{"composition":1,"adsorption":0.0902018,"InChIKey":"IJGRMHOSHXDMSA-UHFFFAOYSA-N"}]},{"pressure":1.05588,"total_adsorption":0.19161,"species_data":[{"composition":1,"adsorption":0.19161,"InChIKey":"IJGRMHOSHXDMSA-UHFFFAOYSA-N"}]},{"pressure":1.56292,"total_adsorption":0.30992,"species_data":[{"composition":1,"adsorption":0.30992,"InChIKey":"IJGRMHOSHXDMSA-UHFFFAOYSA-N"}]},{"pressure":2.61926,"total_adsorption":0.501469,"species_data":[{"composition":1,"adsorption":0.501469,"InChIKey":"IJGRMHOSHXDMSA-UHFFFAOYSA-N"}]},{"pressure":4.64743,"total_adsorption":0.862033,"species_data":[{"composition":1,"adsorption":0.862033,"InChIKey":"IJGRMHOSHXDMSA-UHFFFAOYSA-N"}]},{"pressure":7.9432,"total_adsorption":1.41978,"species_data":[{"composition":1,"adsorption":1.41978,"InChIKey":"IJGRMHOSHXDMSA-UHFFFAOYSA-N"}]},{"pressure":13.2671,"total_adsorption":2.19161,"species_data":[{"composition":1,"adsorption":2.19161,"InChIKey":"IJGRMHOSHXDMSA-UHFFFAOYSA-N"}]},{"pressure":18.6756,"total_adsorption":2.86203,"species_data":[{"composition":1,"adsorption":2.86203,"InChIKey":"IJGRMHOSHXDMSA-UHFFFAOYSA-N"}]},{"pressure":25.7319,"total_adsorption":3.61696,"species_data":[{"composition":1,"adsorption":3.61696,"InChIKey":"IJGRMHOSHXDMSA-UHFFFAOYSA-N"}]}],"temperature":294,"articleSource":"UNKNOWN","compositionType":"molefraction","adsorbates":[{"name":"Nitrogen","InChIKey":"IJGRMHOSHXDMSA-UHFFFAOYSA-N"}],"adsorptionUnits":"mmol/g","date":"1000-01-01","category":"","digitizer":"UNKNOWN","pressureUnits":"bar","DOI":"10.1016/j.seppur.2011.09.041","adsorbent":{"name":"Zn-DABCO","hashkey":"NIST-MATDB-df647d61b00b35b8b88ae26030802346"},"concentrationUnits":"","filename":"10.1016j.seppur.2011.09.041.isotherm10","isotherm_type":""}