{"filename": "10.1016j.carbon.2010.04.025.isotherm6", "DOI": "10.1016/j.carbon.2010.04.025", "articleSource": "UNKNOWN", "date": "1000-01-01", "digitizer": "UNKNOWN", "adsorbent": {"hashkey": "NIST-MATDB-453276ee992ed07dc207ed08b2b221ce", "name": "Carbon"}, "adsorbates": [{"InChIKey": "UFHFLCQGNIYNRP-UHFFFAOYSA-N", "name": "Hydrogen"}], "category": "", "temperature": 77, "isotherm_type": "", "adsorptionUnits": "g/l", "pressureUnits": "bar", "compositionType": "molefraction", "concentrationUnits": "", "isotherm_data": [{"pressure": 1.03435, "total_adsorption": 7.53, "species_data": [{"InChIKey": "UFHFLCQGNIYNRP-UHFFFAOYSA-N", "composition": 1, "adsorption": 7.53}]}, {"pressure": 3.04443, "total_adsorption": 11.3535, "species_data": [{"InChIKey": "UFHFLCQGNIYNRP-UHFFFAOYSA-N", "composition": 1, "adsorption": 11.3535}]}, {"pressure": 6.10326, "total_adsorption": 13.7569, "species_data": [{"InChIKey": "UFHFLCQGNIYNRP-UHFFFAOYSA-N", "composition": 1, "adsorption": 13.7569}]}, {"pressure": 10.036, "total_adsorption": 15.5048, "species_data": [{"InChIKey": "UFHFLCQGNIYNRP-UHFFFAOYSA-N", "composition": 1, "adsorption": 15.5048}]}, {"pressure": 15.1923, "total_adsorption": 17.0342, "species_data": [{"InChIKey": "UFHFLCQGNIYNRP-UHFFFAOYSA-N", "composition": 1, "adsorption": 17.0342}]}, {"pressure": 20.0864, "total_adsorption": 18.0174, "species_data": [{"InChIKey": "UFHFLCQGNIYNRP-UHFFFAOYSA-N", "composition": 1, "adsorption": 18.0174}]}, {"pressure": 29.9621, "total_adsorption": 19.2191, "species_data": [{"InChIKey": "UFHFLCQGNIYNRP-UHFFFAOYSA-N", "composition": 1, "adsorption": 19.2191}]}, {"pressure": 39.9251, "total_adsorption": 19.9292, "species_data": [{"InChIKey": "UFHFLCQGNIYNRP-UHFFFAOYSA-N", "composition": 1, "adsorption": 19.9292}]}]}