{"filename": "10.1007s10450-010-9260-z.Isotherm48", "DOI": "10.1007/s10450-010-9260-z", "articleSource": "UNKNOWN", "date": "1000-01-01", "digitizer": "UNKNOWN", "adsorbent": {"hashkey": "NIST-MATDB-c18d0673e63624696f09915085468b33", "name": "Zn-bpdc-apy"}, "adsorbates": [{"InChIKey": "CTQNGGLPUBDAKN-UHFFFAOYSA-N", "name": "O-Xylene"}], "category": "", "temperature": 378, "isotherm_type": "", "adsorptionUnits": "mmol/g", "pressureUnits": "bar", "compositionType": "molefraction", "concentrationUnits": "", "isotherm_data": [{"pressure": 0.000452882, "total_adsorption": 0.266045, "species_data": [{"InChIKey": "CTQNGGLPUBDAKN-UHFFFAOYSA-N", "composition": 1, "adsorption": 0.266045}]}, {"pressure": 0.000978587, "total_adsorption": 0.620935, "species_data": [{"InChIKey": "CTQNGGLPUBDAKN-UHFFFAOYSA-N", "composition": 1, "adsorption": 0.620935}]}, {"pressure": 0.00151883, "total_adsorption": 0.998044, "species_data": [{"InChIKey": "CTQNGGLPUBDAKN-UHFFFAOYSA-N", "composition": 1, "adsorption": 0.998044}]}, {"pressure": 0.00205897, "total_adsorption": 1.3974, "species_data": [{"InChIKey": "CTQNGGLPUBDAKN-UHFFFAOYSA-N", "composition": 1, "adsorption": 1.3974}]}, {"pressure": 0.00230728, "total_adsorption": 1.55263, "species_data": [{"InChIKey": "CTQNGGLPUBDAKN-UHFFFAOYSA-N", "composition": 1, "adsorption": 1.55263}]}, {"pressure": 0.00259971, "total_adsorption": 1.67439, "species_data": [{"InChIKey": "CTQNGGLPUBDAKN-UHFFFAOYSA-N", "composition": 1, "adsorption": 1.67439}]}, {"pressure": 0.00314163, "total_adsorption": 1.70663, "species_data": [{"InChIKey": "CTQNGGLPUBDAKN-UHFFFAOYSA-N", "composition": 1, "adsorption": 1.70663}]}, {"pressure": 0.00368355, "total_adsorption": 1.73887, "species_data": [{"InChIKey": "CTQNGGLPUBDAKN-UHFFFAOYSA-N", "composition": 1, "adsorption": 1.73887}]}, {"pressure": 0.00424024, "total_adsorption": 1.74884, "species_data": [{"InChIKey": "CTQNGGLPUBDAKN-UHFFFAOYSA-N", "composition": 1, "adsorption": 1.74884}]}, {"pressure": 0.00476762, "total_adsorption": 1.75886, "species_data": [{"InChIKey": "CTQNGGLPUBDAKN-UHFFFAOYSA-N", "composition": 1, "adsorption": 1.75886}]}, {"pressure": 0.00491402, "total_adsorption": 1.78081, "species_data": [{"InChIKey": "CTQNGGLPUBDAKN-UHFFFAOYSA-N", "composition": 1, "adsorption": 1.78081}]}, {"pressure": 0.00513384, "total_adsorption": 1.76922, "species_data": [{"InChIKey": "CTQNGGLPUBDAKN-UHFFFAOYSA-N", "composition": 1, "adsorption": 1.76922}]}]}