{"isotherm_data":[{"pressure":5.02776,"total_adsorption":3.87755,"species_data":[{"composition":1,"adsorption":3.87755,"InChIKey":"UFHFLCQGNIYNRP-UHFFFAOYSA-N"}]},{"pressure":8.23286,"total_adsorption":5.61224,"species_data":[{"composition":1,"adsorption":5.61224,"InChIKey":"UFHFLCQGNIYNRP-UHFFFAOYSA-N"}]},{"pressure":11.9009,"total_adsorption":6.93878,"species_data":[{"composition":1,"adsorption":6.93878,"InChIKey":"UFHFLCQGNIYNRP-UHFFFAOYSA-N"}]},{"pressure":16.7206,"total_adsorption":7.95918,"species_data":[{"composition":1,"adsorption":7.95918,"InChIKey":"UFHFLCQGNIYNRP-UHFFFAOYSA-N"}]},{"pressure":20.6224,"total_adsorption":8.77551,"species_data":[{"composition":1,"adsorption":8.77551,"InChIKey":"UFHFLCQGNIYNRP-UHFFFAOYSA-N"}]},{"pressure":24.9855,"total_adsorption":9.38776,"species_data":[{"composition":1,"adsorption":9.38776,"InChIKey":"UFHFLCQGNIYNRP-UHFFFAOYSA-N"}]},{"pressure":28.8889,"total_adsorption":10,"species_data":[{"composition":1,"adsorption":10,"InChIKey":"UFHFLCQGNIYNRP-UHFFFAOYSA-N"}]},{"pressure":32.7938,"total_adsorption":10.4082,"species_data":[{"composition":1,"adsorption":10.4082,"InChIKey":"UFHFLCQGNIYNRP-UHFFFAOYSA-N"}]},{"pressure":36.2397,"total_adsorption":10.7143,"species_data":[{"composition":1,"adsorption":10.7143,"InChIKey":"UFHFLCQGNIYNRP-UHFFFAOYSA-N"}]},{"pressure":39.4558,"total_adsorption":11.0204,"species_data":[{"composition":1,"adsorption":11.0204,"InChIKey":"UFHFLCQGNIYNRP-UHFFFAOYSA-N"}]},{"pressure":43.5914,"total_adsorption":11.3265,"species_data":[{"composition":1,"adsorption":11.3265,"InChIKey":"UFHFLCQGNIYNRP-UHFFFAOYSA-N"}]},{"pressure":44.74,"total_adsorption":11.4286,"species_data":[{"composition":1,"adsorption":11.4286,"InChIKey":"UFHFLCQGNIYNRP-UHFFFAOYSA-N"}]},{"pressure":50.025,"total_adsorption":11.7347,"species_data":[{"composition":1,"adsorption":11.7347,"InChIKey":"UFHFLCQGNIYNRP-UHFFFAOYSA-N"}]},{"pressure":55.0809,"total_adsorption":11.9388,"species_data":[{"composition":1,"adsorption":11.9388,"InChIKey":"UFHFLCQGNIYNRP-UHFFFAOYSA-N"}]},{"pressure":59.9062,"total_adsorption":12.2449,"species_data":[{"composition":1,"adsorption":12.2449,"InChIKey":"UFHFLCQGNIYNRP-UHFFFAOYSA-N"}]},{"pressure":64.7306,"total_adsorption":12.6531,"species_data":[{"composition":1,"adsorption":12.6531,"InChIKey":"UFHFLCQGNIYNRP-UHFFFAOYSA-N"}]},{"pressure":69.7873,"total_adsorption":12.7551,"species_data":[{"composition":1,"adsorption":12.7551,"InChIKey":"UFHFLCQGNIYNRP-UHFFFAOYSA-N"}]},{"pressure":74.3835,"total_adsorption":12.9592,"species_data":[{"composition":1,"adsorption":12.9592,"InChIKey":"UFHFLCQGNIYNRP-UHFFFAOYSA-N"}]},{"pressure":79.8991,"total_adsorption":13.1633,"species_data":[{"composition":1,"adsorption":13.1633,"InChIKey":"UFHFLCQGNIYNRP-UHFFFAOYSA-N"}]},{"pressure":84.4968,"total_adsorption":13.1633,"species_data":[{"composition":1,"adsorption":13.1633,"InChIKey":"UFHFLCQGNIYNRP-UHFFFAOYSA-N"}]},{"pressure":89.552,"total_adsorption":13.4694,"species_data":[{"composition":1,"adsorption":13.4694,"InChIKey":"UFHFLCQGNIYNRP-UHFFFAOYSA-N"}]},{"pressure":94.8378,"total_adsorption":13.6735,"species_data":[{"composition":1,"adsorption":13.6735,"InChIKey":"UFHFLCQGNIYNRP-UHFFFAOYSA-N"}]},{"pressure":99.8952,"total_adsorption":13.6735,"species_data":[{"composition":1,"adsorption":13.6735,"InChIKey":"UFHFLCQGNIYNRP-UHFFFAOYSA-N"}]}],"temperature":77,"articleSource":"UNKNOWN","compositionType":"molefraction","adsorbates":[{"name":"Hydrogen","InChIKey":"UFHFLCQGNIYNRP-UHFFFAOYSA-N"}],"adsorptionUnits":"wt%","date":"1000-01-01","category":"","digitizer":"UNKNOWN","pressureUnits":"bar","DOI":"10.1021/Nl903068a","adsorbent":{"name":"COF-102-4","hashkey":"NIST-MATDB-aec9987407d2b1ade196bd3115226fbe"},"concentrationUnits":"","filename":"10.1021Nl903068a.Isotherm4","isotherm_type":""}