{"isotherm_data":[{"pressure":0.280166,"total_adsorption":0.648192,"species_data":[{"composition":1,"adsorption":0.648192,"InChIKey":"UFHFLCQGNIYNRP-UHFFFAOYSA-N"}]},{"pressure":9.99848,"total_adsorption":4.56369,"species_data":[{"composition":1,"adsorption":4.56369,"InChIKey":"UFHFLCQGNIYNRP-UHFFFAOYSA-N"}]},{"pressure":20.2802,"total_adsorption":7.57777,"species_data":[{"composition":1,"adsorption":7.57777,"InChIKey":"UFHFLCQGNIYNRP-UHFFFAOYSA-N"}]},{"pressure":29.9985,"total_adsorption":9.71861,"species_data":[{"composition":1,"adsorption":9.71861,"InChIKey":"UFHFLCQGNIYNRP-UHFFFAOYSA-N"}]},{"pressure":39.5759,"total_adsorption":11.4369,"species_data":[{"composition":1,"adsorption":11.4369,"InChIKey":"UFHFLCQGNIYNRP-UHFFFAOYSA-N"}]},{"pressure":50.1393,"total_adsorption":12.9017,"species_data":[{"composition":1,"adsorption":12.9017,"InChIKey":"UFHFLCQGNIYNRP-UHFFFAOYSA-N"}]},{"pressure":60.1393,"total_adsorption":14.282,"species_data":[{"composition":1,"adsorption":14.282,"InChIKey":"UFHFLCQGNIYNRP-UHFFFAOYSA-N"}]},{"pressure":80.2802,"total_adsorption":16.5355,"species_data":[{"composition":1,"adsorption":16.5355,"InChIKey":"UFHFLCQGNIYNRP-UHFFFAOYSA-N"}]},{"pressure":89.9985,"total_adsorption":17.4933,"species_data":[{"composition":1,"adsorption":17.4933,"InChIKey":"UFHFLCQGNIYNRP-UHFFFAOYSA-N"}]},{"pressure":99.8576,"total_adsorption":18.3102,"species_data":[{"composition":1,"adsorption":18.3102,"InChIKey":"UFHFLCQGNIYNRP-UHFFFAOYSA-N"}]}],"temperature":298,"articleSource":"UNKNOWN","compositionType":"molefraction","adsorbates":[{"name":"Hydrogen","InChIKey":"UFHFLCQGNIYNRP-UHFFFAOYSA-N"}],"adsorptionUnits":"g/l","date":"1000-01-01","category":"","digitizer":"UNKNOWN","pressureUnits":"bar","DOI":"10.1039/C3cp50492a","adsorbent":{"name":"Li_C60-COF","hashkey":"NIST-MATDB-9aa49c44c86ec9c14d8659690aa46746"},"concentrationUnits":"","filename":"10.1039C3cp50492a.isotherm42","isotherm_type":""}