{"filename": "10.1007s104500079101x.Isotherm74", "DOI": "10.1007/s10450-007-9101-x", "articleSource": "Fig. 1", "date": "2017-07-06", "digitizer": "Julia Chotoo", "adsorbent": {"hashkey": "NIST-MATDB-6e957f954c53fdb58089b9c1c783bb4c", "name": "Na-X"}, "adsorbates": [{"InChIKey": "ATUOYWHBWRKTHZ-UHFFFAOYSA-N", "name": "N-propane"}], "category": "exp", "temperature": 404, "isotherm_type": "", "adsorptionUnits": "mmol/g", "pressureUnits": "bar", "compositionType": "molefraction", "concentrationUnits": "", "isotherm_data": [{"pressure": 0.028451, "total_adsorption": 0.1628, "species_data": [{"InChIKey": "ATUOYWHBWRKTHZ-UHFFFAOYSA-N", "composition": 1, "adsorption": 0.1628}]}, {"pressure": 0.065133, "total_adsorption": 0.3515, "species_data": [{"InChIKey": "ATUOYWHBWRKTHZ-UHFFFAOYSA-N", "composition": 1, "adsorption": 0.3515}]}, {"pressure": 0.099403, "total_adsorption": 0.5227, "species_data": [{"InChIKey": "ATUOYWHBWRKTHZ-UHFFFAOYSA-N", "composition": 1, "adsorption": 0.5227}]}, {"pressure": 0.127233, "total_adsorption": 0.6467, "species_data": [{"InChIKey": "ATUOYWHBWRKTHZ-UHFFFAOYSA-N", "composition": 1, "adsorption": 0.6467}]}, {"pressure": 0.174703, "total_adsorption": 0.8121, "species_data": [{"InChIKey": "ATUOYWHBWRKTHZ-UHFFFAOYSA-N", "composition": 1, "adsorption": 0.8121}]}, {"pressure": 0.235722, "total_adsorption": 1.0131, "species_data": [{"InChIKey": "ATUOYWHBWRKTHZ-UHFFFAOYSA-N", "composition": 1, "adsorption": 1.0131}]}, {"pressure": 0.293833, "total_adsorption": 1.1845, "species_data": [{"InChIKey": "ATUOYWHBWRKTHZ-UHFFFAOYSA-N", "composition": 1, "adsorption": 1.1845}]}, {"pressure": 0.347376, "total_adsorption": 1.2731, "species_data": [{"InChIKey": "ATUOYWHBWRKTHZ-UHFFFAOYSA-N", "composition": 1, "adsorption": 1.2731}]}, {"pressure": 0.418023, "total_adsorption": 1.3972, "species_data": [{"InChIKey": "ATUOYWHBWRKTHZ-UHFFFAOYSA-N", "composition": 1, "adsorption": 1.3972}]}, {"pressure": 0.481282, "total_adsorption": 1.4858, "species_data": [{"InChIKey": "ATUOYWHBWRKTHZ-UHFFFAOYSA-N", "composition": 1, "adsorption": 1.4858}]}, {"pressure": 0.516416, "total_adsorption": 1.539, "species_data": [{"InChIKey": "ATUOYWHBWRKTHZ-UHFFFAOYSA-N", "composition": 1, "adsorption": 1.539}]}, {"pressure": 0.573984, "total_adsorption": 1.604, "species_data": [{"InChIKey": "ATUOYWHBWRKTHZ-UHFFFAOYSA-N", "composition": 1, "adsorption": 1.604}]}, {"pressure": 0.621441, "total_adsorption": 1.6454, "species_data": [{"InChIKey": "ATUOYWHBWRKTHZ-UHFFFAOYSA-N", "composition": 1, "adsorption": 1.6454}]}, {"pressure": 0.666807, "total_adsorption": 1.6867, "species_data": [{"InChIKey": "ATUOYWHBWRKTHZ-UHFFFAOYSA-N", "composition": 1, "adsorption": 1.6867}]}, {"pressure": 0.715484, "total_adsorption": 1.7222, "species_data": [{"InChIKey": "ATUOYWHBWRKTHZ-UHFFFAOYSA-N", "composition": 1, "adsorption": 1.7222}]}, {"pressure": 0.781448, "total_adsorption": 1.7517, "species_data": [{"InChIKey": "ATUOYWHBWRKTHZ-UHFFFAOYSA-N", "composition": 1, "adsorption": 1.7517}]}, {"pressure": 0.845863, "total_adsorption": 1.7812, "species_data": [{"InChIKey": "ATUOYWHBWRKTHZ-UHFFFAOYSA-N", "composition": 1, "adsorption": 1.7812}]}, {"pressure": 0.891867, "total_adsorption": 1.8226, "species_data": [{"InChIKey": "ATUOYWHBWRKTHZ-UHFFFAOYSA-N", "composition": 1, "adsorption": 1.8226}]}, {"pressure": 0.948418, "total_adsorption": 1.864, "species_data": [{"InChIKey": "ATUOYWHBWRKTHZ-UHFFFAOYSA-N", "composition": 1, "adsorption": 1.864}]}, {"pressure": 1.00879, "total_adsorption": 1.8876, "species_data": [{"InChIKey": "ATUOYWHBWRKTHZ-UHFFFAOYSA-N", "composition": 1, "adsorption": 1.8876}]}, {"pressure": 1.08243, "total_adsorption": 1.923, "species_data": [{"InChIKey": "ATUOYWHBWRKTHZ-UHFFFAOYSA-N", "composition": 1, "adsorption": 1.923}]}, {"pressure": 1.16172, "total_adsorption": 1.9466, "species_data": [{"InChIKey": "ATUOYWHBWRKTHZ-UHFFFAOYSA-N", "composition": 1, "adsorption": 1.9466}]}]}