{"isotherm_data":[{"pressure":0.00619484,"total_adsorption":32.1488,"species_data":[{"composition":1,"adsorption":32.1488,"InChIKey":"MWUXSHHQAYIFBG-UHFFFAOYSA-N"}]},{"pressure":0.00837971,"total_adsorption":73.6614,"species_data":[{"composition":1,"adsorption":73.6614,"InChIKey":"MWUXSHHQAYIFBG-UHFFFAOYSA-N"}]},{"pressure":0.0433377,"total_adsorption":76.3925,"species_data":[{"composition":1,"adsorption":76.3925,"InChIKey":"MWUXSHHQAYIFBG-UHFFFAOYSA-N"}]},{"pressure":0.104514,"total_adsorption":78.0311,"species_data":[{"composition":1,"adsorption":78.0311,"InChIKey":"MWUXSHHQAYIFBG-UHFFFAOYSA-N"}]},{"pressure":0.213758,"total_adsorption":79.1236,"species_data":[{"composition":1,"adsorption":79.1236,"InChIKey":"MWUXSHHQAYIFBG-UHFFFAOYSA-N"}]},{"pressure":0.312077,"total_adsorption":80.216,"species_data":[{"composition":1,"adsorption":80.216,"InChIKey":"MWUXSHHQAYIFBG-UHFFFAOYSA-N"}]},{"pressure":0.410397,"total_adsorption":81.8547,"species_data":[{"composition":1,"adsorption":81.8547,"InChIKey":"MWUXSHHQAYIFBG-UHFFFAOYSA-N"}]},{"pressure":0.517455,"total_adsorption":82.9471,"species_data":[{"composition":1,"adsorption":82.9471,"InChIKey":"MWUXSHHQAYIFBG-UHFFFAOYSA-N"}]},{"pressure":0.620144,"total_adsorption":84.0395,"species_data":[{"composition":1,"adsorption":84.0395,"InChIKey":"MWUXSHHQAYIFBG-UHFFFAOYSA-N"}]},{"pressure":0.718464,"total_adsorption":84.5857,"species_data":[{"composition":1,"adsorption":84.5857,"InChIKey":"MWUXSHHQAYIFBG-UHFFFAOYSA-N"}]},{"pressure":0.823338,"total_adsorption":86.2244,"species_data":[{"composition":1,"adsorption":86.2244,"InChIKey":"MWUXSHHQAYIFBG-UHFFFAOYSA-N"}]},{"pressure":0.923842,"total_adsorption":87.8631,"species_data":[{"composition":1,"adsorption":87.8631,"InChIKey":"MWUXSHHQAYIFBG-UHFFFAOYSA-N"}]},{"pressure":0.960985,"total_adsorption":97.695,"species_data":[{"composition":1,"adsorption":97.695,"InChIKey":"MWUXSHHQAYIFBG-UHFFFAOYSA-N"}]},{"pressure":0.965355,"total_adsorption":111.897,"species_data":[{"composition":1,"adsorption":111.897,"InChIKey":"MWUXSHHQAYIFBG-UHFFFAOYSA-N"}]}],"temperature":121,"articleSource":"UNKNOWN","compositionType":"molefraction","adsorbates":[{"name":"Nitric oxide","InChIKey":"MWUXSHHQAYIFBG-UHFFFAOYSA-N"}],"adsorptionUnits":"cm3(STP)/g","date":"1000-01-01","category":"","digitizer":"UNKNOWN","pressureUnits":"bar","DOI":"10.1039/C2cc36153a","adsorbent":{"name":"Rh2(p-F-PhCO2)4(phz)]","hashkey":"NIST-MATDB-0c716da6e0a16c2dc92933ea7439988b"},"concentrationUnits":"","filename":"10.1039C2cc36153a.isotherm6","isotherm_type":""}