{"isotherm_data":[{"pressure":0,"total_adsorption":0,"species_data":[{"composition":1,"adsorption":0,"InChIKey":"IJGRMHOSHXDMSA-UHFFFAOYSA-N"}]},{"pressure":0.00192762,"total_adsorption":2.3743,"species_data":[{"composition":1,"adsorption":2.3743,"InChIKey":"IJGRMHOSHXDMSA-UHFFFAOYSA-N"}]},{"pressure":0.0134933,"total_adsorption":16.3408,"species_data":[{"composition":1,"adsorption":16.3408,"InChIKey":"IJGRMHOSHXDMSA-UHFFFAOYSA-N"}]},{"pressure":0.0212038,"total_adsorption":18.2961,"species_data":[{"composition":1,"adsorption":18.2961,"InChIKey":"IJGRMHOSHXDMSA-UHFFFAOYSA-N"}]},{"pressure":0.0385523,"total_adsorption":23.1844,"species_data":[{"composition":1,"adsorption":23.1844,"InChIKey":"IJGRMHOSHXDMSA-UHFFFAOYSA-N"}]},{"pressure":0.0597562,"total_adsorption":25.2793,"species_data":[{"composition":1,"adsorption":25.2793,"InChIKey":"IJGRMHOSHXDMSA-UHFFFAOYSA-N"}]},{"pressure":0.0751772,"total_adsorption":26.1173,"species_data":[{"composition":1,"adsorption":26.1173,"InChIKey":"IJGRMHOSHXDMSA-UHFFFAOYSA-N"}]},{"pressure":0.0983081,"total_adsorption":26.676,"species_data":[{"composition":1,"adsorption":26.676,"InChIKey":"IJGRMHOSHXDMSA-UHFFFAOYSA-N"}]},{"pressure":0.119513,"total_adsorption":27.095,"species_data":[{"composition":1,"adsorption":27.095,"InChIKey":"IJGRMHOSHXDMSA-UHFFFAOYSA-N"}]},{"pressure":0.140716,"total_adsorption":27.3743,"species_data":[{"composition":1,"adsorption":27.3743,"InChIKey":"IJGRMHOSHXDMSA-UHFFFAOYSA-N"}]},{"pressure":0.159993,"total_adsorption":27.6536,"species_data":[{"composition":1,"adsorption":27.6536,"InChIKey":"IJGRMHOSHXDMSA-UHFFFAOYSA-N"}]},{"pressure":0.179269,"total_adsorption":27.933,"species_data":[{"composition":1,"adsorption":27.933,"InChIKey":"IJGRMHOSHXDMSA-UHFFFAOYSA-N"}]},{"pressure":0.198545,"total_adsorption":28.0726,"species_data":[{"composition":1,"adsorption":28.0726,"InChIKey":"IJGRMHOSHXDMSA-UHFFFAOYSA-N"}]},{"pressure":0.296854,"total_adsorption":28.7709,"species_data":[{"composition":1,"adsorption":28.7709,"InChIKey":"IJGRMHOSHXDMSA-UHFFFAOYSA-N"}]},{"pressure":0.381668,"total_adsorption":29.3296,"species_data":[{"composition":1,"adsorption":29.3296,"InChIKey":"IJGRMHOSHXDMSA-UHFFFAOYSA-N"}]},{"pressure":0.433715,"total_adsorption":29.7486,"species_data":[{"composition":1,"adsorption":29.7486,"InChIKey":"IJGRMHOSHXDMSA-UHFFFAOYSA-N"}]},{"pressure":0.478049,"total_adsorption":30.1676,"species_data":[{"composition":1,"adsorption":30.1676,"InChIKey":"IJGRMHOSHXDMSA-UHFFFAOYSA-N"}]},{"pressure":0.52624,"total_adsorption":30.3073,"species_data":[{"composition":1,"adsorption":30.3073,"InChIKey":"IJGRMHOSHXDMSA-UHFFFAOYSA-N"}]},{"pressure":0.576358,"total_adsorption":30.7263,"species_data":[{"composition":1,"adsorption":30.7263,"InChIKey":"IJGRMHOSHXDMSA-UHFFFAOYSA-N"}]},{"pressure":0.626476,"total_adsorption":31.1453,"species_data":[{"composition":1,"adsorption":31.1453,"InChIKey":"IJGRMHOSHXDMSA-UHFFFAOYSA-N"}]},{"pressure":0.825021,"total_adsorption":34.3575,"species_data":[{"composition":1,"adsorption":34.3575,"InChIKey":"IJGRMHOSHXDMSA-UHFFFAOYSA-N"}]},{"pressure":0.873212,"total_adsorption":36.0335,"species_data":[{"composition":1,"adsorption":36.0335,"InChIKey":"IJGRMHOSHXDMSA-UHFFFAOYSA-N"}]},{"pressure":0.89827,"total_adsorption":37.9888,"species_data":[{"composition":1,"adsorption":37.9888,"InChIKey":"IJGRMHOSHXDMSA-UHFFFAOYSA-N"}]},{"pressure":0.909836,"total_adsorption":40.2235,"species_data":[{"composition":1,"adsorption":40.2235,"InChIKey":"IJGRMHOSHXDMSA-UHFFFAOYSA-N"}]},{"pressure":0.925257,"total_adsorption":44.2737,"species_data":[{"composition":1,"adsorption":44.2737,"InChIKey":"IJGRMHOSHXDMSA-UHFFFAOYSA-N"}]},{"pressure":0.932967,"total_adsorption":45.6704,"species_data":[{"composition":1,"adsorption":45.6704,"InChIKey":"IJGRMHOSHXDMSA-UHFFFAOYSA-N"}]},{"pressure":0.936823,"total_adsorption":47.067,"species_data":[{"composition":1,"adsorption":47.067,"InChIKey":"IJGRMHOSHXDMSA-UHFFFAOYSA-N"}]},{"pressure":0.942606,"total_adsorption":49.0223,"species_data":[{"composition":1,"adsorption":49.0223,"InChIKey":"IJGRMHOSHXDMSA-UHFFFAOYSA-N"}]}],"temperature":77,"articleSource":"UNKNOWN","compositionType":"molefraction","adsorbates":[{"name":"Nitrogen","InChIKey":"IJGRMHOSHXDMSA-UHFFFAOYSA-N"}],"adsorptionUnits":"mmol/g","date":"1000-01-01","category":"","digitizer":"UNKNOWN","pressureUnits":"bar","DOI":"10.1002/anie.201303484","adsorbent":{"name":"[Ni8(L5)6]","hashkey":"NIST-MATDB-39941600a1d3b07f00f1521b5f1765aa"},"concentrationUnits":"","filename":"10.1002anie.201303484.Isotherm1","isotherm_type":""}