{"isotherm_data":[{"pressure":0.000180324,"total_adsorption":7.92079,"species_data":[{"composition":1,"adsorption":7.92079,"InChIKey":"XLYOFNOQVPJJNP-UHFFFAOYSA-N"}]},{"pressure":0.000906582,"total_adsorption":17.8218,"species_data":[{"composition":1,"adsorption":17.8218,"InChIKey":"XLYOFNOQVPJJNP-UHFFFAOYSA-N"}]},{"pressure":0.00172435,"total_adsorption":25.7426,"species_data":[{"composition":1,"adsorption":25.7426,"InChIKey":"XLYOFNOQVPJJNP-UHFFFAOYSA-N"}]},{"pressure":0.00236135,"total_adsorption":27.7228,"species_data":[{"composition":1,"adsorption":27.7228,"InChIKey":"XLYOFNOQVPJJNP-UHFFFAOYSA-N"}]},{"pressure":0.00345276,"total_adsorption":33.6634,"species_data":[{"composition":1,"adsorption":33.6634,"InChIKey":"XLYOFNOQVPJJNP-UHFFFAOYSA-N"}]},{"pressure":0.00445355,"total_adsorption":37.6238,"species_data":[{"composition":1,"adsorption":37.6238,"InChIKey":"XLYOFNOQVPJJNP-UHFFFAOYSA-N"}]},{"pressure":0.00545481,"total_adsorption":39.604,"species_data":[{"composition":1,"adsorption":39.604,"InChIKey":"XLYOFNOQVPJJNP-UHFFFAOYSA-N"}]},{"pressure":0.0064556,"total_adsorption":43.5644,"species_data":[{"composition":1,"adsorption":43.5644,"InChIKey":"XLYOFNOQVPJJNP-UHFFFAOYSA-N"}]},{"pressure":0.00800188,"total_adsorption":51.4851,"species_data":[{"composition":1,"adsorption":51.4851,"InChIKey":"XLYOFNOQVPJJNP-UHFFFAOYSA-N"}]},{"pressure":0.00909287,"total_adsorption":59.4059,"species_data":[{"composition":1,"adsorption":59.4059,"InChIKey":"XLYOFNOQVPJJNP-UHFFFAOYSA-N"}]},{"pressure":0.00954681,"total_adsorption":65.3465,"species_data":[{"composition":1,"adsorption":65.3465,"InChIKey":"XLYOFNOQVPJJNP-UHFFFAOYSA-N"}]},{"pressure":0.0101825,"total_adsorption":73.2673,"species_data":[{"composition":1,"adsorption":73.2673,"InChIKey":"XLYOFNOQVPJJNP-UHFFFAOYSA-N"}]},{"pressure":0.0109984,"total_adsorption":89.1089,"species_data":[{"composition":1,"adsorption":89.1089,"InChIKey":"XLYOFNOQVPJJNP-UHFFFAOYSA-N"}]},{"pressure":0.0115385,"total_adsorption":116.832,"species_data":[{"composition":1,"adsorption":116.832,"InChIKey":"XLYOFNOQVPJJNP-UHFFFAOYSA-N"}]},{"pressure":0.0121692,"total_adsorption":146.535,"species_data":[{"composition":1,"adsorption":146.535,"InChIKey":"XLYOFNOQVPJJNP-UHFFFAOYSA-N"}]},{"pressure":0.0124352,"total_adsorption":178.218,"species_data":[{"composition":1,"adsorption":178.218,"InChIKey":"XLYOFNOQVPJJNP-UHFFFAOYSA-N"}]},{"pressure":0.0128828,"total_adsorption":211.881,"species_data":[{"composition":1,"adsorption":211.881,"InChIKey":"XLYOFNOQVPJJNP-UHFFFAOYSA-N"}]},{"pressure":0.0130505,"total_adsorption":275.248,"species_data":[{"composition":1,"adsorption":275.248,"InChIKey":"XLYOFNOQVPJJNP-UHFFFAOYSA-N"}]},{"pressure":0.0130577,"total_adsorption":243.564,"species_data":[{"composition":1,"adsorption":243.564,"InChIKey":"XLYOFNOQVPJJNP-UHFFFAOYSA-N"}]},{"pressure":0.0132254,"total_adsorption":306.931,"species_data":[{"composition":1,"adsorption":306.931,"InChIKey":"XLYOFNOQVPJJNP-UHFFFAOYSA-N"}]},{"pressure":0.0135825,"total_adsorption":338.614,"species_data":[{"composition":1,"adsorption":338.614,"InChIKey":"XLYOFNOQVPJJNP-UHFFFAOYSA-N"}]},{"pressure":0.0160304,"total_adsorption":386.139,"species_data":[{"composition":1,"adsorption":386.139,"InChIKey":"XLYOFNOQVPJJNP-UHFFFAOYSA-N"}]},{"pressure":0.0173945,"total_adsorption":394.059,"species_data":[{"composition":1,"adsorption":394.059,"InChIKey":"XLYOFNOQVPJJNP-UHFFFAOYSA-N"}]},{"pressure":0.019214,"total_adsorption":401.98,"species_data":[{"composition":1,"adsorption":401.98,"InChIKey":"XLYOFNOQVPJJNP-UHFFFAOYSA-N"}]},{"pressure":0.0214897,"total_adsorption":405.941,"species_data":[{"composition":1,"adsorption":405.941,"InChIKey":"XLYOFNOQVPJJNP-UHFFFAOYSA-N"}]},{"pressure":0.026404,"total_adsorption":419.802,"species_data":[{"composition":1,"adsorption":419.802,"InChIKey":"XLYOFNOQVPJJNP-UHFFFAOYSA-N"}]},{"pressure":0.0288609,"total_adsorption":427.723,"species_data":[{"composition":1,"adsorption":427.723,"InChIKey":"XLYOFNOQVPJJNP-UHFFFAOYSA-N"}]},{"pressure":0.0299528,"total_adsorption":431.683,"species_data":[{"composition":1,"adsorption":431.683,"InChIKey":"XLYOFNOQVPJJNP-UHFFFAOYSA-N"}]}],"temperature":298,"articleSource":"UNKNOWN","compositionType":"molefraction","adsorbates":[{"name":"Water","InChIKey":"XLYOFNOQVPJJNP-UHFFFAOYSA-N"}],"adsorptionUnits":"cm3(STP)/g","date":"1000-01-01","category":"","digitizer":"UNKNOWN","pressureUnits":"bar","DOI":"10.1021/Ja500330a","adsorbent":{"name":"Zr-MOF-804","hashkey":"NIST-MATDB-ebd87b5ea28ae82c3aea551816abee32"},"concentrationUnits":"","filename":"10.1021Ja500330a.Isotherm11","isotherm_type":""}