{"filename": "10.1021Jp305524f.Isotherm111", "DOI": "10.1021/Jp305524f", "articleSource": "UNKNOWN", "date": "1000-01-01", "digitizer": "UNKNOWN", "adsorbent": {"hashkey": "NIST-MATDB-2c9380bddc59f547484ff729eab7d7cb", "name": "IRMOF-1"}, "adsorbates": [{"InChIKey": "UFHFLCQGNIYNRP-UHFFFAOYSA-N", "name": "Hydrogen"}], "category": "", "temperature": 50, "isotherm_type": "", "adsorptionUnits": "mmol/g", "pressureUnits": "bar", "compositionType": "molefraction", "concentrationUnits": "", "isotherm_data": [{"pressure": 0.37037, "total_adsorption": 23.3974, "species_data": [{"InChIKey": "UFHFLCQGNIYNRP-UHFFFAOYSA-N", "composition": 1, "adsorption": 23.3974}]}, {"pressure": 0.740741, "total_adsorption": 26.4174, "species_data": [{"InChIKey": "UFHFLCQGNIYNRP-UHFFFAOYSA-N", "composition": 1, "adsorption": 26.4174}]}, {"pressure": 1.11111, "total_adsorption": 30.0035, "species_data": [{"InChIKey": "UFHFLCQGNIYNRP-UHFFFAOYSA-N", "composition": 1, "adsorption": 30.0035}]}, {"pressure": 1.48148, "total_adsorption": 32.2688, "species_data": [{"InChIKey": "UFHFLCQGNIYNRP-UHFFFAOYSA-N", "composition": 1, "adsorption": 32.2688}]}, {"pressure": 2.03704, "total_adsorption": 34.7234, "species_data": [{"InChIKey": "UFHFLCQGNIYNRP-UHFFFAOYSA-N", "composition": 1, "adsorption": 34.7234}]}, {"pressure": 2.59259, "total_adsorption": 36.9893, "species_data": [{"InChIKey": "UFHFLCQGNIYNRP-UHFFFAOYSA-N", "composition": 1, "adsorption": 36.9893}]}, {"pressure": 3.51852, "total_adsorption": 38.6903, "species_data": [{"InChIKey": "UFHFLCQGNIYNRP-UHFFFAOYSA-N", "composition": 1, "adsorption": 38.6903}]}, {"pressure": 5.18519, "total_adsorption": 40.5823, "species_data": [{"InChIKey": "UFHFLCQGNIYNRP-UHFFFAOYSA-N", "composition": 1, "adsorption": 40.5823}]}, {"pressure": 7.22222, "total_adsorption": 41.7208, "species_data": [{"InChIKey": "UFHFLCQGNIYNRP-UHFFFAOYSA-N", "composition": 1, "adsorption": 41.7208}]}, {"pressure": 9.81481, "total_adsorption": 42.4837, "species_data": [{"InChIKey": "UFHFLCQGNIYNRP-UHFFFAOYSA-N", "composition": 1, "adsorption": 42.4837}]}, {"pressure": 11.6667, "total_adsorption": 42.6782, "species_data": [{"InChIKey": "UFHFLCQGNIYNRP-UHFFFAOYSA-N", "composition": 1, "adsorption": 42.6782}]}, {"pressure": 13.1481, "total_adsorption": 42.6829, "species_data": [{"InChIKey": "UFHFLCQGNIYNRP-UHFFFAOYSA-N", "composition": 1, "adsorption": 42.6829}]}, {"pressure": 15, "total_adsorption": 42.5, "species_data": [{"InChIKey": "UFHFLCQGNIYNRP-UHFFFAOYSA-N", "composition": 1, "adsorption": 42.5}]}, {"pressure": 16.6667, "total_adsorption": 42.1279, "species_data": [{"InChIKey": "UFHFLCQGNIYNRP-UHFFFAOYSA-N", "composition": 1, "adsorption": 42.1279}]}, {"pressure": 17.4074, "total_adsorption": 41.9415, "species_data": [{"InChIKey": "UFHFLCQGNIYNRP-UHFFFAOYSA-N", "composition": 1, "adsorption": 41.9415}]}, {"pressure": 19.0741, "total_adsorption": 41.7581, "species_data": [{"InChIKey": "UFHFLCQGNIYNRP-UHFFFAOYSA-N", "composition": 1, "adsorption": 41.7581}]}, {"pressure": 20.9259, "total_adsorption": 41.1979, "species_data": [{"InChIKey": "UFHFLCQGNIYNRP-UHFFFAOYSA-N", "composition": 1, "adsorption": 41.1979}]}, {"pressure": 22.5926, "total_adsorption": 41.0144, "species_data": [{"InChIKey": "UFHFLCQGNIYNRP-UHFFFAOYSA-N", "composition": 1, "adsorption": 41.0144}]}, {"pressure": 24.2593, "total_adsorption": 40.265, "species_data": [{"InChIKey": "UFHFLCQGNIYNRP-UHFFFAOYSA-N", "composition": 1, "adsorption": 40.265}]}, {"pressure": 25.9259, "total_adsorption": 39.5155, "species_data": [{"InChIKey": "UFHFLCQGNIYNRP-UHFFFAOYSA-N", "composition": 1, "adsorption": 39.5155}]}, {"pressure": 27.4074, "total_adsorption": 38.9541, "species_data": [{"InChIKey": "UFHFLCQGNIYNRP-UHFFFAOYSA-N", "composition": 1, "adsorption": 38.9541}]}, {"pressure": 29.0741, "total_adsorption": 38.582, "species_data": [{"InChIKey": "UFHFLCQGNIYNRP-UHFFFAOYSA-N", "composition": 1, "adsorption": 38.582}]}, {"pressure": 30, "total_adsorption": 38.0189, "species_data": [{"InChIKey": "UFHFLCQGNIYNRP-UHFFFAOYSA-N", "composition": 1, "adsorption": 38.0189}]}]}