{"filename": "10.1016j.fuel.2013.10.042.Isotherm24", "DOI": "10.1016/j.fuel.2013.10.042", "articleSource": "Figure 9b", "date": "2016-06-27", "digitizer": "David A. Anderegg", "adsorbent": {"hashkey": "NIST-MATDB-05fcd77353e7df2f42f1203225e352f5", "name": "A-CS800-2"}, "adsorbates": [{"InChIKey": "CURLTUGMZLYLDI-UHFFFAOYSA-N", "name": "Carbon Dioxide"}], "category": "exp", "temperature": 273, "isotherm_type": "", "adsorptionUnits": "cm3(STP)/g", "pressureUnits": "bar", "compositionType": "molefraction", "concentrationUnits": "", "isotherm_data": [{"pressure": 0.90566, "total_adsorption": 119.149, "species_data": [{"InChIKey": "CURLTUGMZLYLDI-UHFFFAOYSA-N", "composition": 1, "adsorption": 119.149}]}, {"pressure": 1.96226, "total_adsorption": 160, "species_data": [{"InChIKey": "CURLTUGMZLYLDI-UHFFFAOYSA-N", "composition": 1, "adsorption": 160}]}, {"pressure": 2.86792, "total_adsorption": 185.532, "species_data": [{"InChIKey": "CURLTUGMZLYLDI-UHFFFAOYSA-N", "composition": 1, "adsorption": 185.532}]}, {"pressure": 3.77358, "total_adsorption": 200.851, "species_data": [{"InChIKey": "CURLTUGMZLYLDI-UHFFFAOYSA-N", "composition": 1, "adsorption": 200.851}]}, {"pressure": 4.83019, "total_adsorption": 214.468, "species_data": [{"InChIKey": "CURLTUGMZLYLDI-UHFFFAOYSA-N", "composition": 1, "adsorption": 214.468}]}, {"pressure": 5.88679, "total_adsorption": 222.979, "species_data": [{"InChIKey": "CURLTUGMZLYLDI-UHFFFAOYSA-N", "composition": 1, "adsorption": 222.979}]}, {"pressure": 6.9434, "total_adsorption": 226.383, "species_data": [{"InChIKey": "CURLTUGMZLYLDI-UHFFFAOYSA-N", "composition": 1, "adsorption": 226.383}]}, {"pressure": 8, "total_adsorption": 233.191, "species_data": [{"InChIKey": "CURLTUGMZLYLDI-UHFFFAOYSA-N", "composition": 1, "adsorption": 233.191}]}, {"pressure": 8.90566, "total_adsorption": 234.894, "species_data": [{"InChIKey": "CURLTUGMZLYLDI-UHFFFAOYSA-N", "composition": 1, "adsorption": 234.894}]}, {"pressure": 9.96226, "total_adsorption": 238.298, "species_data": [{"InChIKey": "CURLTUGMZLYLDI-UHFFFAOYSA-N", "composition": 1, "adsorption": 238.298}]}, {"pressure": 12.0755, "total_adsorption": 241.702, "species_data": [{"InChIKey": "CURLTUGMZLYLDI-UHFFFAOYSA-N", "composition": 1, "adsorption": 241.702}]}, {"pressure": 14.0377, "total_adsorption": 243.404, "species_data": [{"InChIKey": "CURLTUGMZLYLDI-UHFFFAOYSA-N", "composition": 1, "adsorption": 243.404}]}, {"pressure": 16, "total_adsorption": 245.106, "species_data": [{"InChIKey": "CURLTUGMZLYLDI-UHFFFAOYSA-N", "composition": 1, "adsorption": 245.106}]}, {"pressure": 17.9623, "total_adsorption": 246.809, "species_data": [{"InChIKey": "CURLTUGMZLYLDI-UHFFFAOYSA-N", "composition": 1, "adsorption": 246.809}]}, {"pressure": 19.9245, "total_adsorption": 250.213, "species_data": [{"InChIKey": "CURLTUGMZLYLDI-UHFFFAOYSA-N", "composition": 1, "adsorption": 250.213}]}, {"pressure": 24.9057, "total_adsorption": 258.723, "species_data": [{"InChIKey": "CURLTUGMZLYLDI-UHFFFAOYSA-N", "composition": 1, "adsorption": 258.723}]}, {"pressure": 29.8868, "total_adsorption": 274.043, "species_data": [{"InChIKey": "CURLTUGMZLYLDI-UHFFFAOYSA-N", "composition": 1, "adsorption": 274.043}]}, {"pressure": 32.9057, "total_adsorption": 287.66, "species_data": [{"InChIKey": "CURLTUGMZLYLDI-UHFFFAOYSA-N", "composition": 1, "adsorption": 287.66}]}, {"pressure": 34.8679, "total_adsorption": 306.383, "species_data": [{"InChIKey": "CURLTUGMZLYLDI-UHFFFAOYSA-N", "composition": 1, "adsorption": 306.383}]}]}