{"isotherm_data":[{"pressure":0.0123684,"total_adsorption":0.00352131,"species_data":[{"composition":1,"adsorption":0.00352131,"InChIKey":"MYMOFIZGZYHOMD-UHFFFAOYSA-N"}]},{"pressure":0.216475,"total_adsorption":0.0154972,"species_data":[{"composition":1,"adsorption":0.0154972,"InChIKey":"MYMOFIZGZYHOMD-UHFFFAOYSA-N"}]},{"pressure":0.415588,"total_adsorption":0.0345331,"species_data":[{"composition":1,"adsorption":0.0345331,"InChIKey":"MYMOFIZGZYHOMD-UHFFFAOYSA-N"}]},{"pressure":0.599594,"total_adsorption":0.0818001,"species_data":[{"composition":1,"adsorption":0.0818001,"InChIKey":"MYMOFIZGZYHOMD-UHFFFAOYSA-N"}]},{"pressure":0.698461,"total_adsorption":0.129219,"species_data":[{"composition":1,"adsorption":0.129219,"InChIKey":"MYMOFIZGZYHOMD-UHFFFAOYSA-N"}]},{"pressure":0.801713,"total_adsorption":0.203071,"species_data":[{"composition":1,"adsorption":0.203071,"InChIKey":"MYMOFIZGZYHOMD-UHFFFAOYSA-N"}]},{"pressure":0.887585,"total_adsorption":0.296344,"species_data":[{"composition":1,"adsorption":0.296344,"InChIKey":"MYMOFIZGZYHOMD-UHFFFAOYSA-N"}]},{"pressure":0.944363,"total_adsorption":0.384381,"species_data":[{"composition":1,"adsorption":0.384381,"InChIKey":"MYMOFIZGZYHOMD-UHFFFAOYSA-N"}]},{"pressure":1.00095,"total_adsorption":0.482995,"species_data":[{"composition":1,"adsorption":0.482995,"InChIKey":"MYMOFIZGZYHOMD-UHFFFAOYSA-N"}]},{"pressure":1.02671,"total_adsorption":0.537595,"species_data":[{"composition":1,"adsorption":0.537595,"InChIKey":"MYMOFIZGZYHOMD-UHFFFAOYSA-N"}]}],"temperature":273,"articleSource":"UNKNOWN","compositionType":"molefraction","adsorbates":[{"name":"Oxygen","InChIKey":"MYMOFIZGZYHOMD-UHFFFAOYSA-N"}],"adsorptionUnits":"mmol/g","date":"1000-01-01","category":"","digitizer":"UNKNOWN","pressureUnits":"bar","DOI":"10.1021/La803085h","adsorbent":{"name":"CuBTC","hashkey":"NIST-MATDB-991daf7313251e7e607e2bab2da57e33"},"concentrationUnits":"","filename":"10.1021La803085h.isotherm7","isotherm_type":""}