{"isotherm_data":[{"pressure":0.0534759,"total_adsorption":131.449,"species_data":[{"composition":1,"adsorption":131.449,"InChIKey":"CURLTUGMZLYLDI-UHFFFAOYSA-N"}]},{"pressure":0.0721925,"total_adsorption":195.053,"species_data":[{"composition":1,"adsorption":195.053,"InChIKey":"CURLTUGMZLYLDI-UHFFFAOYSA-N"}]},{"pressure":0.0989305,"total_adsorption":277.739,"species_data":[{"composition":1,"adsorption":277.739,"InChIKey":"CURLTUGMZLYLDI-UHFFFAOYSA-N"}]},{"pressure":0.125668,"total_adsorption":309.541,"species_data":[{"composition":1,"adsorption":309.541,"InChIKey":"CURLTUGMZLYLDI-UHFFFAOYSA-N"}]},{"pressure":0.147059,"total_adsorption":324.382,"species_data":[{"composition":1,"adsorption":324.382,"InChIKey":"CURLTUGMZLYLDI-UHFFFAOYSA-N"}]},{"pressure":0.176471,"total_adsorption":332.862,"species_data":[{"composition":1,"adsorption":332.862,"InChIKey":"CURLTUGMZLYLDI-UHFFFAOYSA-N"}]},{"pressure":0.205882,"total_adsorption":339.223,"species_data":[{"composition":1,"adsorption":339.223,"InChIKey":"CURLTUGMZLYLDI-UHFFFAOYSA-N"}]},{"pressure":0.23262,"total_adsorption":341.343,"species_data":[{"composition":1,"adsorption":341.343,"InChIKey":"CURLTUGMZLYLDI-UHFFFAOYSA-N"}]},{"pressure":0.259358,"total_adsorption":347.703,"species_data":[{"composition":1,"adsorption":347.703,"InChIKey":"CURLTUGMZLYLDI-UHFFFAOYSA-N"}]},{"pressure":0.283422,"total_adsorption":349.823,"species_data":[{"composition":1,"adsorption":349.823,"InChIKey":"CURLTUGMZLYLDI-UHFFFAOYSA-N"}]},{"pressure":0.307487,"total_adsorption":351.943,"species_data":[{"composition":1,"adsorption":351.943,"InChIKey":"CURLTUGMZLYLDI-UHFFFAOYSA-N"}]},{"pressure":0.336898,"total_adsorption":354.064,"species_data":[{"composition":1,"adsorption":354.064,"InChIKey":"CURLTUGMZLYLDI-UHFFFAOYSA-N"}]},{"pressure":0.358289,"total_adsorption":358.304,"species_data":[{"composition":1,"adsorption":358.304,"InChIKey":"CURLTUGMZLYLDI-UHFFFAOYSA-N"}]},{"pressure":0.385027,"total_adsorption":358.304,"species_data":[{"composition":1,"adsorption":358.304,"InChIKey":"CURLTUGMZLYLDI-UHFFFAOYSA-N"}]},{"pressure":0.411765,"total_adsorption":360.424,"species_data":[{"composition":1,"adsorption":360.424,"InChIKey":"CURLTUGMZLYLDI-UHFFFAOYSA-N"}]},{"pressure":0.435829,"total_adsorption":362.544,"species_data":[{"composition":1,"adsorption":362.544,"InChIKey":"CURLTUGMZLYLDI-UHFFFAOYSA-N"}]},{"pressure":0.457219,"total_adsorption":364.664,"species_data":[{"composition":1,"adsorption":364.664,"InChIKey":"CURLTUGMZLYLDI-UHFFFAOYSA-N"}]},{"pressure":0.489305,"total_adsorption":364.664,"species_data":[{"composition":1,"adsorption":364.664,"InChIKey":"CURLTUGMZLYLDI-UHFFFAOYSA-N"}]},{"pressure":0.510695,"total_adsorption":366.784,"species_data":[{"composition":1,"adsorption":366.784,"InChIKey":"CURLTUGMZLYLDI-UHFFFAOYSA-N"}]},{"pressure":0.537433,"total_adsorption":366.784,"species_data":[{"composition":1,"adsorption":366.784,"InChIKey":"CURLTUGMZLYLDI-UHFFFAOYSA-N"}]},{"pressure":0.561497,"total_adsorption":368.905,"species_data":[{"composition":1,"adsorption":368.905,"InChIKey":"CURLTUGMZLYLDI-UHFFFAOYSA-N"}]},{"pressure":0.585561,"total_adsorption":368.905,"species_data":[{"composition":1,"adsorption":368.905,"InChIKey":"CURLTUGMZLYLDI-UHFFFAOYSA-N"}]},{"pressure":0.612299,"total_adsorption":368.905,"species_data":[{"composition":1,"adsorption":368.905,"InChIKey":"CURLTUGMZLYLDI-UHFFFAOYSA-N"}]},{"pressure":0.63369,"total_adsorption":371.025,"species_data":[{"composition":1,"adsorption":371.025,"InChIKey":"CURLTUGMZLYLDI-UHFFFAOYSA-N"}]},{"pressure":0.663102,"total_adsorption":371.025,"species_data":[{"composition":1,"adsorption":371.025,"InChIKey":"CURLTUGMZLYLDI-UHFFFAOYSA-N"}]},{"pressure":0.687166,"total_adsorption":373.145,"species_data":[{"composition":1,"adsorption":373.145,"InChIKey":"CURLTUGMZLYLDI-UHFFFAOYSA-N"}]},{"pressure":0.71123,"total_adsorption":373.145,"species_data":[{"composition":1,"adsorption":373.145,"InChIKey":"CURLTUGMZLYLDI-UHFFFAOYSA-N"}]},{"pressure":0.737968,"total_adsorption":373.145,"species_data":[{"composition":1,"adsorption":373.145,"InChIKey":"CURLTUGMZLYLDI-UHFFFAOYSA-N"}]},{"pressure":0.762032,"total_adsorption":375.265,"species_data":[{"composition":1,"adsorption":375.265,"InChIKey":"CURLTUGMZLYLDI-UHFFFAOYSA-N"}]},{"pressure":0.786096,"total_adsorption":373.145,"species_data":[{"composition":1,"adsorption":373.145,"InChIKey":"CURLTUGMZLYLDI-UHFFFAOYSA-N"}]},{"pressure":0.812834,"total_adsorption":375.265,"species_data":[{"composition":1,"adsorption":375.265,"InChIKey":"CURLTUGMZLYLDI-UHFFFAOYSA-N"}]},{"pressure":0.839572,"total_adsorption":377.385,"species_data":[{"composition":1,"adsorption":377.385,"InChIKey":"CURLTUGMZLYLDI-UHFFFAOYSA-N"}]},{"pressure":0.858289,"total_adsorption":377.385,"species_data":[{"composition":1,"adsorption":377.385,"InChIKey":"CURLTUGMZLYLDI-UHFFFAOYSA-N"}]},{"pressure":0.887701,"total_adsorption":377.385,"species_data":[{"composition":1,"adsorption":377.385,"InChIKey":"CURLTUGMZLYLDI-UHFFFAOYSA-N"}]},{"pressure":0.911765,"total_adsorption":379.505,"species_data":[{"composition":1,"adsorption":379.505,"InChIKey":"CURLTUGMZLYLDI-UHFFFAOYSA-N"}]},{"pressure":0.935829,"total_adsorption":381.625,"species_data":[{"composition":1,"adsorption":381.625,"InChIKey":"CURLTUGMZLYLDI-UHFFFAOYSA-N"}]},{"pressure":0.962567,"total_adsorption":381.625,"species_data":[{"composition":1,"adsorption":381.625,"InChIKey":"CURLTUGMZLYLDI-UHFFFAOYSA-N"}]},{"pressure":0.989305,"total_adsorption":381.625,"species_data":[{"composition":1,"adsorption":381.625,"InChIKey":"CURLTUGMZLYLDI-UHFFFAOYSA-N"}]},{"pressure":1.00267,"total_adsorption":383.746,"species_data":[{"composition":1,"adsorption":383.746,"InChIKey":"CURLTUGMZLYLDI-UHFFFAOYSA-N"}]}],"temperature":195,"articleSource":"UNKNOWN","compositionType":"molefraction","adsorbates":[{"name":"Carbon Dioxide","InChIKey":"CURLTUGMZLYLDI-UHFFFAOYSA-N"}],"adsorptionUnits":"cm3(STP)/g","date":"1000-01-01","category":"","digitizer":"UNKNOWN","pressureUnits":"bar","DOI":"10.1002/chem.201002341","adsorbent":{"name":"[Zn4O(L4)3]n","hashkey":"NIST-MATDB-2bf5d97e26cd9ff653858848144966dc"},"concentrationUnits":"","filename":"10.1002chem.201002341.Isotherm7","isotherm_type":""}