{"isotherm_data":[{"pressure":0.280697,"total_adsorption":0.00374478,"species_data":[{"composition":1,"adsorption":0.00374478,"InChIKey":"UFHFLCQGNIYNRP-UHFFFAOYSA-N"}]},{"pressure":1.96305,"total_adsorption":1.17484,"species_data":[{"composition":1,"adsorption":1.17484,"InChIKey":"UFHFLCQGNIYNRP-UHFFFAOYSA-N"}]},{"pressure":2.26893,"total_adsorption":1.35837,"species_data":[{"composition":1,"adsorption":1.35837,"InChIKey":"UFHFLCQGNIYNRP-UHFFFAOYSA-N"}]},{"pressure":3.6454,"total_adsorption":1.46324,"species_data":[{"composition":1,"adsorption":1.46324,"InChIKey":"UFHFLCQGNIYNRP-UHFFFAOYSA-N"}]},{"pressure":9.30423,"total_adsorption":1.58996,"species_data":[{"composition":1,"adsorption":1.58996,"InChIKey":"UFHFLCQGNIYNRP-UHFFFAOYSA-N"}]},{"pressure":18.7866,"total_adsorption":1.68173,"species_data":[{"composition":1,"adsorption":1.68173,"InChIKey":"UFHFLCQGNIYNRP-UHFFFAOYSA-N"}]},{"pressure":42.1866,"total_adsorption":1.52005,"species_data":[{"composition":1,"adsorption":1.52005,"InChIKey":"UFHFLCQGNIYNRP-UHFFFAOYSA-N"}]},{"pressure":43.4101,"total_adsorption":1.61618,"species_data":[{"composition":1,"adsorption":1.61618,"InChIKey":"UFHFLCQGNIYNRP-UHFFFAOYSA-N"}]}],"temperature":77,"articleSource":"UNKNOWN","compositionType":"molefraction","adsorbates":[{"name":"Hydrogen","InChIKey":"UFHFLCQGNIYNRP-UHFFFAOYSA-N"}],"adsorptionUnits":"wt%","date":"1000-01-01","category":"","digitizer":"UNKNOWN","pressureUnits":"bar","DOI":"10.1016/j.jallcom.2004.11.109","adsorbent":{"name":"IRMOF-1","hashkey":"NIST-MATDB-2c9380bddc59f547484ff729eab7d7cb"},"concentrationUnits":"","filename":"10.1016j.jallcom.2004.11.109.isotherm1","isotherm_type":""}