{"filename": "10.1021Jp305524f.Isotherm131", "DOI": "10.1021/Jp305524f", "articleSource": "UNKNOWN", "date": "1000-01-01", "digitizer": "UNKNOWN", "adsorbent": {"hashkey": "NIST-MATDB-2c9380bddc59f547484ff729eab7d7cb", "name": "IRMOF-1"}, "adsorbates": [{"InChIKey": "UFHFLCQGNIYNRP-UHFFFAOYSA-N", "name": "Hydrogen"}], "category": "", "temperature": 77, "isotherm_type": "", "adsorptionUnits": "mmol/g", "pressureUnits": "bar", "compositionType": "molefraction", "concentrationUnits": "", "isotherm_data": [{"pressure": 0.357197, "total_adsorption": 3.55694, "species_data": [{"InChIKey": "UFHFLCQGNIYNRP-UHFFFAOYSA-N", "composition": 1, "adsorption": 3.55694}]}, {"pressure": 1.08477, "total_adsorption": 7.11272, "species_data": [{"InChIKey": "UFHFLCQGNIYNRP-UHFFFAOYSA-N", "composition": 1, "adsorption": 7.11272}]}, {"pressure": 1.81234, "total_adsorption": 10.6685, "species_data": [{"InChIKey": "UFHFLCQGNIYNRP-UHFFFAOYSA-N", "composition": 1, "adsorption": 10.6685}]}, {"pressure": 3.09686, "total_adsorption": 13.848, "species_data": [{"InChIKey": "UFHFLCQGNIYNRP-UHFFFAOYSA-N", "composition": 1, "adsorption": 13.848}]}, {"pressure": 3.83206, "total_adsorption": 15.3438, "species_data": [{"InChIKey": "UFHFLCQGNIYNRP-UHFFFAOYSA-N", "composition": 1, "adsorption": 15.3438}]}, {"pressure": 4.38415, "total_adsorption": 16.2785, "species_data": [{"InChIKey": "UFHFLCQGNIYNRP-UHFFFAOYSA-N", "composition": 1, "adsorption": 16.2785}]}, {"pressure": 5.30385, "total_adsorption": 17.961, "species_data": [{"InChIKey": "UFHFLCQGNIYNRP-UHFFFAOYSA-N", "composition": 1, "adsorption": 17.961}]}, {"pressure": 6.40942, "total_adsorption": 19.4557, "species_data": [{"InChIKey": "UFHFLCQGNIYNRP-UHFFFAOYSA-N", "composition": 1, "adsorption": 19.4557}]}, {"pressure": 7.14601, "total_adsorption": 20.5769, "species_data": [{"InChIKey": "UFHFLCQGNIYNRP-UHFFFAOYSA-N", "composition": 1, "adsorption": 20.5769}]}, {"pressure": 8.43747, "total_adsorption": 21.8838, "species_data": [{"InChIKey": "UFHFLCQGNIYNRP-UHFFFAOYSA-N", "composition": 1, "adsorption": 21.8838}]}, {"pressure": 9.72892, "total_adsorption": 23.1906, "species_data": [{"InChIKey": "UFHFLCQGNIYNRP-UHFFFAOYSA-N", "composition": 1, "adsorption": 23.1906}]}, {"pressure": 11.2063, "total_adsorption": 24.3096, "species_data": [{"InChIKey": "UFHFLCQGNIYNRP-UHFFFAOYSA-N", "composition": 1, "adsorption": 24.3096}]}, {"pressure": 12.6843, "total_adsorption": 25.2413, "species_data": [{"InChIKey": "UFHFLCQGNIYNRP-UHFFFAOYSA-N", "composition": 1, "adsorption": 25.2413}]}, {"pressure": 14.3475, "total_adsorption": 26.1724, "species_data": [{"InChIKey": "UFHFLCQGNIYNRP-UHFFFAOYSA-N", "composition": 1, "adsorption": 26.1724}]}, {"pressure": 16.0114, "total_adsorption": 26.9163, "species_data": [{"InChIKey": "UFHFLCQGNIYNRP-UHFFFAOYSA-N", "composition": 1, "adsorption": 26.9163}]}, {"pressure": 17.4908, "total_adsorption": 27.4735, "species_data": [{"InChIKey": "UFHFLCQGNIYNRP-UHFFFAOYSA-N", "composition": 1, "adsorption": 27.4735}]}, {"pressure": 19.1554, "total_adsorption": 28.0301, "species_data": [{"InChIKey": "UFHFLCQGNIYNRP-UHFFFAOYSA-N", "composition": 1, "adsorption": 28.0301}]}, {"pressure": 21.0052, "total_adsorption": 28.5861, "species_data": [{"InChIKey": "UFHFLCQGNIYNRP-UHFFFAOYSA-N", "composition": 1, "adsorption": 28.5861}]}, {"pressure": 22.8557, "total_adsorption": 28.9549, "species_data": [{"InChIKey": "UFHFLCQGNIYNRP-UHFFFAOYSA-N", "composition": 1, "adsorption": 28.9549}]}, {"pressure": 24.521, "total_adsorption": 29.3242, "species_data": [{"InChIKey": "UFHFLCQGNIYNRP-UHFFFAOYSA-N", "composition": 1, "adsorption": 29.3242}]}, {"pressure": 26.3715, "total_adsorption": 29.693, "species_data": [{"InChIKey": "UFHFLCQGNIYNRP-UHFFFAOYSA-N", "composition": 1, "adsorption": 29.693}]}, {"pressure": 28.2227, "total_adsorption": 29.8745, "species_data": [{"InChIKey": "UFHFLCQGNIYNRP-UHFFFAOYSA-N", "composition": 1, "adsorption": 29.8745}]}, {"pressure": 29.8887, "total_adsorption": 30.0565, "species_data": [{"InChIKey": "UFHFLCQGNIYNRP-UHFFFAOYSA-N", "composition": 1, "adsorption": 30.0565}]}, {"pressure": 31.7399, "total_adsorption": 30.238, "species_data": [{"InChIKey": "UFHFLCQGNIYNRP-UHFFFAOYSA-N", "composition": 1, "adsorption": 30.238}]}, {"pressure": 33.591, "total_adsorption": 30.4195, "species_data": [{"InChIKey": "UFHFLCQGNIYNRP-UHFFFAOYSA-N", "composition": 1, "adsorption": 30.4195}]}, {"pressure": 35.4429, "total_adsorption": 30.4137, "species_data": [{"InChIKey": "UFHFLCQGNIYNRP-UHFFFAOYSA-N", "composition": 1, "adsorption": 30.4137}]}, {"pressure": 37.2948, "total_adsorption": 30.4079, "species_data": [{"InChIKey": "UFHFLCQGNIYNRP-UHFFFAOYSA-N", "composition": 1, "adsorption": 30.4079}]}, {"pressure": 39.146, "total_adsorption": 30.5894, "species_data": [{"InChIKey": "UFHFLCQGNIYNRP-UHFFFAOYSA-N", "composition": 1, "adsorption": 30.5894}]}, {"pressure": 40.9978, "total_adsorption": 30.5837, "species_data": [{"InChIKey": "UFHFLCQGNIYNRP-UHFFFAOYSA-N", "composition": 1, "adsorption": 30.5837}]}, {"pressure": 42.8497, "total_adsorption": 30.5779, "species_data": [{"InChIKey": "UFHFLCQGNIYNRP-UHFFFAOYSA-N", "composition": 1, "adsorption": 30.5779}]}, {"pressure": 44.7016, "total_adsorption": 30.5721, "species_data": [{"InChIKey": "UFHFLCQGNIYNRP-UHFFFAOYSA-N", "composition": 1, "adsorption": 30.5721}]}, {"pressure": 46.369, "total_adsorption": 30.3796, "species_data": [{"InChIKey": "UFHFLCQGNIYNRP-UHFFFAOYSA-N", "composition": 1, "adsorption": 30.3796}]}, {"pressure": 48.2208, "total_adsorption": 30.3738, "species_data": [{"InChIKey": "UFHFLCQGNIYNRP-UHFFFAOYSA-N", "composition": 1, "adsorption": 30.3738}]}, {"pressure": 50.0727, "total_adsorption": 30.3681, "species_data": [{"InChIKey": "UFHFLCQGNIYNRP-UHFFFAOYSA-N", "composition": 1, "adsorption": 30.3681}]}, {"pressure": 51.9253, "total_adsorption": 30.175, "species_data": [{"InChIKey": "UFHFLCQGNIYNRP-UHFFFAOYSA-N", "composition": 1, "adsorption": 30.175}]}, {"pressure": 53.7772, "total_adsorption": 30.1692, "species_data": [{"InChIKey": "UFHFLCQGNIYNRP-UHFFFAOYSA-N", "composition": 1, "adsorption": 30.1692}]}, {"pressure": 55.4445, "total_adsorption": 29.9768, "species_data": [{"InChIKey": "UFHFLCQGNIYNRP-UHFFFAOYSA-N", "composition": 1, "adsorption": 29.9768}]}, {"pressure": 57.2964, "total_adsorption": 29.971, "species_data": [{"InChIKey": "UFHFLCQGNIYNRP-UHFFFAOYSA-N", "composition": 1, "adsorption": 29.971}]}, {"pressure": 59.149, "total_adsorption": 29.7779, "species_data": [{"InChIKey": "UFHFLCQGNIYNRP-UHFFFAOYSA-N", "composition": 1, "adsorption": 29.7779}]}, {"pressure": 61.0008, "total_adsorption": 29.7722, "species_data": [{"InChIKey": "UFHFLCQGNIYNRP-UHFFFAOYSA-N", "composition": 1, "adsorption": 29.7722}]}, {"pressure": 62.8534, "total_adsorption": 29.5791, "species_data": [{"InChIKey": "UFHFLCQGNIYNRP-UHFFFAOYSA-N", "composition": 1, "adsorption": 29.5791}]}, {"pressure": 64.706, "total_adsorption": 29.3861, "species_data": [{"InChIKey": "UFHFLCQGNIYNRP-UHFFFAOYSA-N", "composition": 1, "adsorption": 29.3861}]}]}