{"filename": "10.1021Ic301857h.isotherm5", "DOI": "10.1021/Ic301857h", "articleSource": "UNKNOWN", "date": "1000-01-01", "digitizer": "UNKNOWN", "adsorbent": {"hashkey": "NIST-MATDB-8fe18f88883242d53435d170bd3d34a7", "name": "CoC24O4N2H16(4.5H2O)"}, "adsorbates": [{"InChIKey": "UFHFLCQGNIYNRP-UHFFFAOYSA-N", "name": "Hydrogen"}], "category": "", "temperature": 77, "isotherm_type": "", "adsorptionUnits": "cm3(STP)/g", "pressureUnits": "bar", "compositionType": "molefraction", "concentrationUnits": "", "isotherm_data": [{"pressure": 0.599172, "total_adsorption": 2.99633, "species_data": [{"InChIKey": "UFHFLCQGNIYNRP-UHFFFAOYSA-N", "composition": 1, "adsorption": 2.99633}]}, {"pressure": 2.89329, "total_adsorption": 9.11397, "species_data": [{"InChIKey": "UFHFLCQGNIYNRP-UHFFFAOYSA-N", "composition": 1, "adsorption": 9.11397}]}, {"pressure": 8.01682, "total_adsorption": 20.9123, "species_data": [{"InChIKey": "UFHFLCQGNIYNRP-UHFFFAOYSA-N", "composition": 1, "adsorption": 20.9123}]}, {"pressure": 15.5109, "total_adsorption": 32.7106, "species_data": [{"InChIKey": "UFHFLCQGNIYNRP-UHFFFAOYSA-N", "composition": 1, "adsorption": 32.7106}]}, {"pressure": 24.0756, "total_adsorption": 47.5678, "species_data": [{"InChIKey": "UFHFLCQGNIYNRP-UHFFFAOYSA-N", "composition": 1, "adsorption": 47.5678}]}, {"pressure": 31.1874, "total_adsorption": 56.3073, "species_data": [{"InChIKey": "UFHFLCQGNIYNRP-UHFFFAOYSA-N", "composition": 1, "adsorption": 56.3073}]}, {"pressure": 35.5462, "total_adsorption": 59.8031, "species_data": [{"InChIKey": "UFHFLCQGNIYNRP-UHFFFAOYSA-N", "composition": 1, "adsorption": 59.8031}]}]}