{"filename": "10.1039C3ta11483j.isotherm5", "DOI": "10.1039/C3ta11483j", "articleSource": "UNKNOWN", "date": "1000-01-01", "digitizer": "UNKNOWN", "adsorbent": {"hashkey": "NIST-MATDB-b2dc02871a66ac38e4b195796cf3e00b", "name": "ZIF-8"}, "adsorbates": [{"InChIKey": "VNWKTOKETHGBQD-UHFFFAOYSA-N", "name": "Methane"}], "category": "", "temperature": 277, "isotherm_type": "", "adsorptionUnits": "cm3(STP)/g", "pressureUnits": "bar", "compositionType": "molefraction", "concentrationUnits": "", "isotherm_data": [{"pressure": 0.0304042, "total_adsorption": 0.267758, "species_data": [{"InChIKey": "VNWKTOKETHGBQD-UHFFFAOYSA-N", "composition": 1, "adsorption": 0.267758}]}, {"pressure": 0.076038, "total_adsorption": 0.605786, "species_data": [{"InChIKey": "VNWKTOKETHGBQD-UHFFFAOYSA-N", "composition": 1, "adsorption": 0.605786}]}, {"pressure": 0.130123, "total_adsorption": 1.08466, "species_data": [{"InChIKey": "VNWKTOKETHGBQD-UHFFFAOYSA-N", "composition": 1, "adsorption": 1.08466}]}, {"pressure": 0.175756, "total_adsorption": 1.42269, "species_data": [{"InChIKey": "VNWKTOKETHGBQD-UHFFFAOYSA-N", "composition": 1, "adsorption": 1.42269}]}, {"pressure": 0.228151, "total_adsorption": 1.83114, "species_data": [{"InChIKey": "VNWKTOKETHGBQD-UHFFFAOYSA-N", "composition": 1, "adsorption": 1.83114}]}, {"pressure": 0.299137, "total_adsorption": 2.35227, "species_data": [{"InChIKey": "VNWKTOKETHGBQD-UHFFFAOYSA-N", "composition": 1, "adsorption": 2.35227}]}, {"pressure": 0.393785, "total_adsorption": 3.02832, "species_data": [{"InChIKey": "VNWKTOKETHGBQD-UHFFFAOYSA-N", "composition": 1, "adsorption": 3.02832}]}, {"pressure": 0.517165, "total_adsorption": 3.91565, "species_data": [{"InChIKey": "VNWKTOKETHGBQD-UHFFFAOYSA-N", "composition": 1, "adsorption": 3.91565}]}, {"pressure": 0.670968, "total_adsorption": 4.91565, "species_data": [{"InChIKey": "VNWKTOKETHGBQD-UHFFFAOYSA-N", "composition": 1, "adsorption": 4.91565}]}, {"pressure": 0.763925, "total_adsorption": 5.43677, "species_data": [{"InChIKey": "VNWKTOKETHGBQD-UHFFFAOYSA-N", "composition": 1, "adsorption": 5.43677}]}, {"pressure": 0.877165, "total_adsorption": 6.21142, "species_data": [{"InChIKey": "VNWKTOKETHGBQD-UHFFFAOYSA-N", "composition": 1, "adsorption": 6.21142}]}, {"pressure": 0.998855, "total_adsorption": 6.97198, "species_data": [{"InChIKey": "VNWKTOKETHGBQD-UHFFFAOYSA-N", "composition": 1, "adsorption": 6.97198}]}, {"pressure": 1.1459, "total_adsorption": 7.70438, "species_data": [{"InChIKey": "VNWKTOKETHGBQD-UHFFFAOYSA-N", "composition": 1, "adsorption": 7.70438}]}]}