{"filename": "10.1021Jp402488r.Isotherm17", "DOI": "10.1021/Jp402488r", "articleSource": "UNKNOWN", "date": "1000-01-01", "digitizer": "UNKNOWN", "adsorbent": {"hashkey": "NIST-MATDB-857a551e756880a7bb12d058b6e6f2dc", "name": "PAF-304"}, "adsorbates": [{"InChIKey": "VNWKTOKETHGBQD-UHFFFAOYSA-N", "name": "Methane"}], "category": "", "temperature": 298, "isotherm_type": "", "adsorptionUnits": "cm3(STP)/cm3", "pressureUnits": "bar", "compositionType": "molefraction", "concentrationUnits": "", "isotherm_data": [{"pressure": 1.67645, "total_adsorption": 1.80905, "species_data": [{"InChIKey": "VNWKTOKETHGBQD-UHFFFAOYSA-N", "composition": 1, "adsorption": 1.80905}]}, {"pressure": 4.19535, "total_adsorption": 2.71357, "species_data": [{"InChIKey": "VNWKTOKETHGBQD-UHFFFAOYSA-N", "composition": 1, "adsorption": 2.71357}]}, {"pressure": 6.71424, "total_adsorption": 3.61809, "species_data": [{"InChIKey": "VNWKTOKETHGBQD-UHFFFAOYSA-N", "composition": 1, "adsorption": 3.61809}]}, {"pressure": 10.4873, "total_adsorption": 7.23618, "species_data": [{"InChIKey": "VNWKTOKETHGBQD-UHFFFAOYSA-N", "composition": 1, "adsorption": 7.23618}]}, {"pressure": 12.1616, "total_adsorption": 9.94975, "species_data": [{"InChIKey": "VNWKTOKETHGBQD-UHFFFAOYSA-N", "composition": 1, "adsorption": 9.94975}]}, {"pressure": 15.5188, "total_adsorption": 11.7588, "species_data": [{"InChIKey": "VNWKTOKETHGBQD-UHFFFAOYSA-N", "composition": 1, "adsorption": 11.7588}]}, {"pressure": 25.1636, "total_adsorption": 19.8995, "species_data": [{"InChIKey": "VNWKTOKETHGBQD-UHFFFAOYSA-N", "composition": 1, "adsorption": 19.8995}]}, {"pressure": 35.2308, "total_adsorption": 27.1357, "species_data": [{"InChIKey": "VNWKTOKETHGBQD-UHFFFAOYSA-N", "composition": 1, "adsorption": 27.1357}]}, {"pressure": 45.3021, "total_adsorption": 32.5628, "species_data": [{"InChIKey": "VNWKTOKETHGBQD-UHFFFAOYSA-N", "composition": 1, "adsorption": 32.5628}]}, {"pressure": 55.7958, "total_adsorption": 37.0854, "species_data": [{"InChIKey": "VNWKTOKETHGBQD-UHFFFAOYSA-N", "composition": 1, "adsorption": 37.0854}]}, {"pressure": 64.613, "total_adsorption": 39.799, "species_data": [{"InChIKey": "VNWKTOKETHGBQD-UHFFFAOYSA-N", "composition": 1, "adsorption": 39.799}]}, {"pressure": 74.6886, "total_adsorption": 43.4171, "species_data": [{"InChIKey": "VNWKTOKETHGBQD-UHFFFAOYSA-N", "composition": 1, "adsorption": 43.4171}]}, {"pressure": 84.3503, "total_adsorption": 44.3216, "species_data": [{"InChIKey": "VNWKTOKETHGBQD-UHFFFAOYSA-N", "composition": 1, "adsorption": 44.3216}]}, {"pressure": 94.8482, "total_adsorption": 47.0352, "species_data": [{"InChIKey": "VNWKTOKETHGBQD-UHFFFAOYSA-N", "composition": 1, "adsorption": 47.0352}]}, {"pressure": 104.514, "total_adsorption": 46.1307, "species_data": [{"InChIKey": "VNWKTOKETHGBQD-UHFFFAOYSA-N", "composition": 1, "adsorption": 46.1307}]}]}