{"isotherm_data":[{"pressure":0.00179285,"total_adsorption":0.120488,"species_data":[{"composition":1,"adsorption":0.120488,"InChIKey":"XLYOFNOQVPJJNP-UHFFFAOYSA-N"}]},{"pressure":0.00239047,"total_adsorption":0.160651,"species_data":[{"composition":1,"adsorption":0.160651,"InChIKey":"XLYOFNOQVPJJNP-UHFFFAOYSA-N"}]},{"pressure":0.00320449,"total_adsorption":0.173763,"species_data":[{"composition":1,"adsorption":0.173763,"InChIKey":"XLYOFNOQVPJJNP-UHFFFAOYSA-N"}]},{"pressure":0.00385665,"total_adsorption":0.227378,"species_data":[{"composition":1,"adsorption":0.227378,"InChIKey":"XLYOFNOQVPJJNP-UHFFFAOYSA-N"}]},{"pressure":0.00505042,"total_adsorption":0.240319,"species_data":[{"composition":1,"adsorption":0.240319,"InChIKey":"XLYOFNOQVPJJNP-UHFFFAOYSA-N"}]},{"pressure":0.00570317,"total_adsorption":0.320888,"species_data":[{"composition":1,"adsorption":0.320888,"InChIKey":"XLYOFNOQVPJJNP-UHFFFAOYSA-N"}]},{"pressure":0.00630049,"total_adsorption":0.347574,"species_data":[{"composition":1,"adsorption":0.347574,"InChIKey":"XLYOFNOQVPJJNP-UHFFFAOYSA-N"}]},{"pressure":0.00738752,"total_adsorption":0.441425,"species_data":[{"composition":1,"adsorption":0.441425,"InChIKey":"XLYOFNOQVPJJNP-UHFFFAOYSA-N"}]},{"pressure":0.00863758,"total_adsorption":0.54868,"species_data":[{"composition":1,"adsorption":0.54868,"InChIKey":"XLYOFNOQVPJJNP-UHFFFAOYSA-N"}]},{"pressure":0.00950791,"total_adsorption":0.656106,"species_data":[{"composition":1,"adsorption":0.656106,"InChIKey":"XLYOFNOQVPJJNP-UHFFFAOYSA-N"}]},{"pressure":0.0105952,"total_adsorption":0.763434,"species_data":[{"composition":1,"adsorption":0.763434,"InChIKey":"XLYOFNOQVPJJNP-UHFFFAOYSA-N"}]},{"pressure":0.0115204,"total_adsorption":0.89779,"species_data":[{"composition":1,"adsorption":0.89779,"InChIKey":"XLYOFNOQVPJJNP-UHFFFAOYSA-N"}]},{"pressure":0.0122283,"total_adsorption":1.01877,"species_data":[{"composition":1,"adsorption":1.01877,"InChIKey":"XLYOFNOQVPJJNP-UHFFFAOYSA-N"}]},{"pressure":0.0124467,"total_adsorption":1.08605,"species_data":[{"composition":1,"adsorption":1.08605,"InChIKey":"XLYOFNOQVPJJNP-UHFFFAOYSA-N"}]},{"pressure":0.013264,"total_adsorption":1.24741,"species_data":[{"composition":1,"adsorption":1.24741,"InChIKey":"XLYOFNOQVPJJNP-UHFFFAOYSA-N"}]},{"pressure":0.0135906,"total_adsorption":1.30117,"species_data":[{"composition":1,"adsorption":1.30117,"InChIKey":"XLYOFNOQVPJJNP-UHFFFAOYSA-N"}]},{"pressure":0.0138088,"total_adsorption":1.35498,"species_data":[{"composition":1,"adsorption":1.35498,"InChIKey":"XLYOFNOQVPJJNP-UHFFFAOYSA-N"}]},{"pressure":0.0142448,"total_adsorption":1.44913,"species_data":[{"composition":1,"adsorption":1.44913,"InChIKey":"XLYOFNOQVPJJNP-UHFFFAOYSA-N"}]},{"pressure":0.0145718,"total_adsorption":1.51636,"species_data":[{"composition":1,"adsorption":1.51636,"InChIKey":"XLYOFNOQVPJJNP-UHFFFAOYSA-N"}]},{"pressure":0.0151706,"total_adsorption":1.61044,"species_data":[{"composition":1,"adsorption":1.61044,"InChIKey":"XLYOFNOQVPJJNP-UHFFFAOYSA-N"}]},{"pressure":0.0154978,"total_adsorption":1.69115,"species_data":[{"composition":1,"adsorption":1.69115,"InChIKey":"XLYOFNOQVPJJNP-UHFFFAOYSA-N"}]},{"pressure":0.0159339,"total_adsorption":1.78529,"species_data":[{"composition":1,"adsorption":1.78529,"InChIKey":"XLYOFNOQVPJJNP-UHFFFAOYSA-N"}]},{"pressure":0.0163693,"total_adsorption":1.85248,"species_data":[{"composition":1,"adsorption":1.85248,"InChIKey":"XLYOFNOQVPJJNP-UHFFFAOYSA-N"}]},{"pressure":0.0169675,"total_adsorption":1.9196,"species_data":[{"composition":1,"adsorption":1.9196,"InChIKey":"XLYOFNOQVPJJNP-UHFFFAOYSA-N"}]},{"pressure":0.0177851,"total_adsorption":2.09444,"species_data":[{"composition":1,"adsorption":2.09444,"InChIKey":"XLYOFNOQVPJJNP-UHFFFAOYSA-N"}]},{"pressure":0.0183841,"total_adsorption":2.20198,"species_data":[{"composition":1,"adsorption":2.20198,"InChIKey":"XLYOFNOQVPJJNP-UHFFFAOYSA-N"}]},{"pressure":0.0191465,"total_adsorption":2.33641,"species_data":[{"composition":1,"adsorption":2.33641,"InChIKey":"XLYOFNOQVPJJNP-UHFFFAOYSA-N"}]},{"pressure":0.0200723,"total_adsorption":2.49772,"species_data":[{"composition":1,"adsorption":2.49772,"InChIKey":"XLYOFNOQVPJJNP-UHFFFAOYSA-N"}]},{"pressure":0.0207804,"total_adsorption":2.63217,"species_data":[{"composition":1,"adsorption":2.63217,"InChIKey":"XLYOFNOQVPJJNP-UHFFFAOYSA-N"}]},{"pressure":0.0217604,"total_adsorption":2.79346,"species_data":[{"composition":1,"adsorption":2.79346,"InChIKey":"XLYOFNOQVPJJNP-UHFFFAOYSA-N"}]},{"pressure":0.0224138,"total_adsorption":2.90098,"species_data":[{"composition":1,"adsorption":2.90098,"InChIKey":"XLYOFNOQVPJJNP-UHFFFAOYSA-N"}]},{"pressure":0.0233395,"total_adsorption":3.06229,"species_data":[{"composition":1,"adsorption":3.06229,"InChIKey":"XLYOFNOQVPJJNP-UHFFFAOYSA-N"}]},{"pressure":0.0239928,"total_adsorption":3.16981,"species_data":[{"composition":1,"adsorption":3.16981,"InChIKey":"XLYOFNOQVPJJNP-UHFFFAOYSA-N"}]},{"pressure":0.0249186,"total_adsorption":3.33112,"species_data":[{"composition":1,"adsorption":3.33112,"InChIKey":"XLYOFNOQVPJJNP-UHFFFAOYSA-N"}]},{"pressure":0.0257352,"total_adsorption":3.46553,"species_data":[{"composition":1,"adsorption":3.46553,"InChIKey":"XLYOFNOQVPJJNP-UHFFFAOYSA-N"}]},{"pressure":0.0266607,"total_adsorption":3.61336,"species_data":[{"composition":1,"adsorption":3.61336,"InChIKey":"XLYOFNOQVPJJNP-UHFFFAOYSA-N"}]},{"pressure":0.0273683,"total_adsorption":3.72086,"species_data":[{"composition":1,"adsorption":3.72086,"InChIKey":"XLYOFNOQVPJJNP-UHFFFAOYSA-N"}]},{"pressure":0.0286738,"total_adsorption":3.882,"species_data":[{"composition":1,"adsorption":3.882,"InChIKey":"XLYOFNOQVPJJNP-UHFFFAOYSA-N"}]},{"pressure":0.0305223,"total_adsorption":4.06985,"species_data":[{"composition":1,"adsorption":4.06985,"InChIKey":"XLYOFNOQVPJJNP-UHFFFAOYSA-N"}]}],"temperature":298,"articleSource":"UNKNOWN","compositionType":"molefraction","adsorbates":[{"name":"Water","InChIKey":"XLYOFNOQVPJJNP-UHFFFAOYSA-N"}],"adsorptionUnits":"molecules/unitcell","date":"1000-01-01","category":"","digitizer":"UNKNOWN","pressureUnits":"bar","DOI":"10.1039/C4cs00078a","adsorbent":{"name":"CID-5/6 (X = .61)","hashkey":"NIST-MATDB-d7dd29fab0d160e5bede84c6999d137e"},"concentrationUnits":"","filename":"10.1039C4cs00078a.Isotherm28","isotherm_type":""}