{"filename": "10.1002anie.201302682.isotherm3", "DOI": "10.1002/anie.201302682", "articleSource": "UNKNOWN", "date": "1000-01-01", "digitizer": "UNKNOWN", "adsorbent": {"hashkey": "NIST-MATDB-27ce47f74d79f611f6d3f9caa686697b", "name": "UiO-66(Zr)"}, "adsorbates": [{"InChIKey": "IJGRMHOSHXDMSA-UHFFFAOYSA-N", "name": "Nitrogen"}], "category": "", "temperature": 303, "isotherm_type": "", "adsorptionUnits": "mmol/g", "pressureUnits": "bar", "compositionType": "molefraction", "concentrationUnits": "", "isotherm_data": [{"pressure": 1.05151, "total_adsorption": 0.080289, "species_data": [{"InChIKey": "IJGRMHOSHXDMSA-UHFFFAOYSA-N", "composition": 1, "adsorption": 0.080289}]}, {"pressure": 4.61566, "total_adsorption": 0.628619, "species_data": [{"InChIKey": "IJGRMHOSHXDMSA-UHFFFAOYSA-N", "composition": 1, "adsorption": 0.628619}]}, {"pressure": 13.1148, "total_adsorption": 1.34145, "species_data": [{"InChIKey": "IJGRMHOSHXDMSA-UHFFFAOYSA-N", "composition": 1, "adsorption": 1.34145}]}, {"pressure": 24.9039, "total_adsorption": 1.95832, "species_data": [{"InChIKey": "IJGRMHOSHXDMSA-UHFFFAOYSA-N", "composition": 1, "adsorption": 1.95832}]}, {"pressure": 39.983, "total_adsorption": 2.60261, "species_data": [{"InChIKey": "IJGRMHOSHXDMSA-UHFFFAOYSA-N", "composition": 1, "adsorption": 2.60261}]}, {"pressure": 59.997, "total_adsorption": 3.16465, "species_data": [{"InChIKey": "IJGRMHOSHXDMSA-UHFFFAOYSA-N", "composition": 1, "adsorption": 3.16465}]}, {"pressure": 80.8336, "total_adsorption": 3.60331, "species_data": [{"InChIKey": "IJGRMHOSHXDMSA-UHFFFAOYSA-N", "composition": 1, "adsorption": 3.60331}]}, {"pressure": 100.025, "total_adsorption": 3.93231, "species_data": [{"InChIKey": "IJGRMHOSHXDMSA-UHFFFAOYSA-N", "composition": 1, "adsorption": 3.93231}]}]}