{"filename": "10.1016j.physb.2013.09.057.Isotherm18", "DOI": "10.1016/j.physb.2013.09.057", "articleSource": "UNKNOWN", "date": "1000-01-01", "digitizer": "UNKNOWN", "adsorbent": {"hashkey": "NIST-MATDB-dcd66e8efdfa410a15a6c01bb91e464b", "name": "BDH-Activated Carbon"}, "adsorbates": [{"InChIKey": "OTMSDBZUPAUEDD-UHFFFAOYSA-N", "name": "Ethane"}], "category": "", "temperature": 323, "isotherm_type": "", "adsorptionUnits": "mmol/g", "pressureUnits": "bar", "compositionType": "molefraction", "concentrationUnits": "", "isotherm_data": [{"pressure": 0.132384, "total_adsorption": 0.507674, "species_data": [{"InChIKey": "OTMSDBZUPAUEDD-UHFFFAOYSA-N", "composition": 1, "adsorption": 0.507674}]}, {"pressure": 0.193485, "total_adsorption": 0.680054, "species_data": [{"InChIKey": "OTMSDBZUPAUEDD-UHFFFAOYSA-N", "composition": 1, "adsorption": 0.680054}]}, {"pressure": 0.295319, "total_adsorption": 0.90026, "species_data": [{"InChIKey": "OTMSDBZUPAUEDD-UHFFFAOYSA-N", "composition": 1, "adsorption": 0.90026}]}, {"pressure": 0.407337, "total_adsorption": 1.11086, "species_data": [{"InChIKey": "OTMSDBZUPAUEDD-UHFFFAOYSA-N", "composition": 1, "adsorption": 1.11086}]}, {"pressure": 0.519354, "total_adsorption": 1.2927, "species_data": [{"InChIKey": "OTMSDBZUPAUEDD-UHFFFAOYSA-N", "composition": 1, "adsorption": 1.2927}]}, {"pressure": 0.641555, "total_adsorption": 1.46494, "species_data": [{"InChIKey": "OTMSDBZUPAUEDD-UHFFFAOYSA-N", "composition": 1, "adsorption": 1.46494}]}, {"pressure": 0.80449, "total_adsorption": 1.60832, "species_data": [{"InChIKey": "OTMSDBZUPAUEDD-UHFFFAOYSA-N", "composition": 1, "adsorption": 1.60832}]}, {"pressure": 0.977608, "total_adsorption": 1.78044, "species_data": [{"InChIKey": "OTMSDBZUPAUEDD-UHFFFAOYSA-N", "composition": 1, "adsorption": 1.78044}]}, {"pressure": 1.25256, "total_adsorption": 1.93314, "species_data": [{"InChIKey": "OTMSDBZUPAUEDD-UHFFFAOYSA-N", "composition": 1, "adsorption": 1.93314}]}, {"pressure": 1.45623, "total_adsorption": 2.04767, "species_data": [{"InChIKey": "OTMSDBZUPAUEDD-UHFFFAOYSA-N", "composition": 1, "adsorption": 2.04767}]}, {"pressure": 1.68026, "total_adsorption": 2.16216, "species_data": [{"InChIKey": "OTMSDBZUPAUEDD-UHFFFAOYSA-N", "composition": 1, "adsorption": 2.16216}]}, {"pressure": 2.10797, "total_adsorption": 2.30492, "species_data": [{"InChIKey": "OTMSDBZUPAUEDD-UHFFFAOYSA-N", "composition": 1, "adsorption": 2.30492}]}, {"pressure": 2.30145, "total_adsorption": 2.3428, "species_data": [{"InChIKey": "OTMSDBZUPAUEDD-UHFFFAOYSA-N", "composition": 1, "adsorption": 2.3428}]}, {"pressure": 2.49494, "total_adsorption": 2.40944, "species_data": [{"InChIKey": "OTMSDBZUPAUEDD-UHFFFAOYSA-N", "composition": 1, "adsorption": 2.40944}]}, {"pressure": 2.73934, "total_adsorption": 2.45678, "species_data": [{"InChIKey": "OTMSDBZUPAUEDD-UHFFFAOYSA-N", "composition": 1, "adsorption": 2.45678}]}, {"pressure": 2.98374, "total_adsorption": 2.49454, "species_data": [{"InChIKey": "OTMSDBZUPAUEDD-UHFFFAOYSA-N", "composition": 1, "adsorption": 2.49454}]}, {"pressure": 3.22814, "total_adsorption": 2.55147, "species_data": [{"InChIKey": "OTMSDBZUPAUEDD-UHFFFAOYSA-N", "composition": 1, "adsorption": 2.55147}]}, {"pressure": 3.40126, "total_adsorption": 2.56065, "species_data": [{"InChIKey": "OTMSDBZUPAUEDD-UHFFFAOYSA-N", "composition": 1, "adsorption": 2.56065}]}, {"pressure": 3.59475, "total_adsorption": 2.59853, "species_data": [{"InChIKey": "OTMSDBZUPAUEDD-UHFFFAOYSA-N", "composition": 1, "adsorption": 2.59853}]}, {"pressure": 3.81878, "total_adsorption": 2.62675, "species_data": [{"InChIKey": "OTMSDBZUPAUEDD-UHFFFAOYSA-N", "composition": 1, "adsorption": 2.62675}]}, {"pressure": 4.02245, "total_adsorption": 2.64544, "species_data": [{"InChIKey": "OTMSDBZUPAUEDD-UHFFFAOYSA-N", "composition": 1, "adsorption": 2.64544}]}, {"pressure": 4.20575, "total_adsorption": 2.65459, "species_data": [{"InChIKey": "OTMSDBZUPAUEDD-UHFFFAOYSA-N", "composition": 1, "adsorption": 2.65459}]}, {"pressure": 4.42979, "total_adsorption": 2.68282, "species_data": [{"InChIKey": "OTMSDBZUPAUEDD-UHFFFAOYSA-N", "composition": 1, "adsorption": 2.68282}]}, {"pressure": 4.65382, "total_adsorption": 2.70145, "species_data": [{"InChIKey": "OTMSDBZUPAUEDD-UHFFFAOYSA-N", "composition": 1, "adsorption": 2.70145}]}]}