{"isotherm_data":[{"pressure":0.0200669,"total_adsorption":361.446,"species_data":[{"composition":1,"adsorption":361.446,"InChIKey":"FHNFHKCVQCLJFQ-UHFFFAOYSA-N"}]},{"pressure":0.180602,"total_adsorption":4698.8,"species_data":[{"composition":1,"adsorption":4698.8,"InChIKey":"FHNFHKCVQCLJFQ-UHFFFAOYSA-N"}]},{"pressure":0.304348,"total_adsorption":8313.25,"species_data":[{"composition":1,"adsorption":8313.25,"InChIKey":"FHNFHKCVQCLJFQ-UHFFFAOYSA-N"}]},{"pressure":0.444816,"total_adsorption":12108.4,"species_data":[{"composition":1,"adsorption":12108.4,"InChIKey":"FHNFHKCVQCLJFQ-UHFFFAOYSA-N"}]},{"pressure":0.628763,"total_adsorption":17168.7,"species_data":[{"composition":1,"adsorption":17168.7,"InChIKey":"FHNFHKCVQCLJFQ-UHFFFAOYSA-N"}]},{"pressure":0.722408,"total_adsorption":19518.1,"species_data":[{"composition":1,"adsorption":19518.1,"InChIKey":"FHNFHKCVQCLJFQ-UHFFFAOYSA-N"}]},{"pressure":0.789298,"total_adsorption":21686.7,"species_data":[{"composition":1,"adsorption":21686.7,"InChIKey":"FHNFHKCVQCLJFQ-UHFFFAOYSA-N"}]},{"pressure":0.886288,"total_adsorption":24216.9,"species_data":[{"composition":1,"adsorption":24216.9,"InChIKey":"FHNFHKCVQCLJFQ-UHFFFAOYSA-N"}]},{"pressure":0.996656,"total_adsorption":27289.2,"species_data":[{"composition":1,"adsorption":27289.2,"InChIKey":"FHNFHKCVQCLJFQ-UHFFFAOYSA-N"}]}],"temperature":292,"articleSource":"UNKNOWN","compositionType":"molefraction","adsorbates":[{"name":"Xenon","InChIKey":"FHNFHKCVQCLJFQ-UHFFFAOYSA-N"}],"adsorptionUnits":"cm3(STP)/mol","date":"1000-01-01","category":"","digitizer":"UNKNOWN","pressureUnits":"bar","DOI":"10.1021/Jp303274m","adsorbent":{"name":"IRMOF-1","hashkey":"NIST-MATDB-2c9380bddc59f547484ff729eab7d7cb"},"concentrationUnits":"","filename":"10.1021Jp303274m.Isotherm53","isotherm_type":""}