{"filename": "10.1021Cs400681s.isotherm4", "DOI": "10.1021/Cs400681s", "articleSource": "UNKNOWN", "date": "1000-01-01", "digitizer": "UNKNOWN", "adsorbent": {"hashkey": "NIST-MATDB-e23e0f3921a269533d74caae8c5a12bf", "name": "Cr-MIL(101)"}, "adsorbates": [{"InChIKey": "IJGRMHOSHXDMSA-UHFFFAOYSA-N", "name": "Nitrogen"}], "category": "", "temperature": 77, "isotherm_type": "", "adsorptionUnits": "ml/g", "pressureUnits": "bar", "compositionType": "molefraction", "concentrationUnits": "", "isotherm_data": [{"pressure": 0.00801532, "total_adsorption": 5.186, "species_data": [{"InChIKey": "IJGRMHOSHXDMSA-UHFFFAOYSA-N", "composition": 1, "adsorption": 5.186}]}, {"pressure": 0.0123058, "total_adsorption": 103.866, "species_data": [{"InChIKey": "IJGRMHOSHXDMSA-UHFFFAOYSA-N", "composition": 1, "adsorption": 103.866}]}, {"pressure": 0.0137359, "total_adsorption": 159.641, "species_data": [{"InChIKey": "IJGRMHOSHXDMSA-UHFFFAOYSA-N", "composition": 1, "adsorption": 159.641}]}, {"pressure": 0.0280373, "total_adsorption": 231.149, "species_data": [{"InChIKey": "IJGRMHOSHXDMSA-UHFFFAOYSA-N", "composition": 1, "adsorption": 231.149}]}, {"pressure": 0.065221, "total_adsorption": 284.064, "species_data": [{"InChIKey": "IJGRMHOSHXDMSA-UHFFFAOYSA-N", "composition": 1, "adsorption": 284.064}]}, {"pressure": 0.129577, "total_adsorption": 359.861, "species_data": [{"InChIKey": "IJGRMHOSHXDMSA-UHFFFAOYSA-N", "composition": 1, "adsorption": 359.861}]}, {"pressure": 0.171052, "total_adsorption": 387.034, "species_data": [{"InChIKey": "IJGRMHOSHXDMSA-UHFFFAOYSA-N", "composition": 1, "adsorption": 387.034}]}, {"pressure": 0.223967, "total_adsorption": 435.659, "species_data": [{"InChIKey": "IJGRMHOSHXDMSA-UHFFFAOYSA-N", "composition": 1, "adsorption": 435.659}]}, {"pressure": 0.275452, "total_adsorption": 447.1, "species_data": [{"InChIKey": "IJGRMHOSHXDMSA-UHFFFAOYSA-N", "composition": 1, "adsorption": 447.1}]}, {"pressure": 0.365551, "total_adsorption": 454.251, "species_data": [{"InChIKey": "IJGRMHOSHXDMSA-UHFFFAOYSA-N", "composition": 1, "adsorption": 454.251}]}, {"pressure": 0.547179, "total_adsorption": 467.122, "species_data": [{"InChIKey": "IJGRMHOSHXDMSA-UHFFFAOYSA-N", "composition": 1, "adsorption": 467.122}]}, {"pressure": 0.642999, "total_adsorption": 469.982, "species_data": [{"InChIKey": "IJGRMHOSHXDMSA-UHFFFAOYSA-N", "composition": 1, "adsorption": 469.982}]}, {"pressure": 0.735958, "total_adsorption": 475.703, "species_data": [{"InChIKey": "IJGRMHOSHXDMSA-UHFFFAOYSA-N", "composition": 1, "adsorption": 475.703}]}, {"pressure": 0.837498, "total_adsorption": 479.993, "species_data": [{"InChIKey": "IJGRMHOSHXDMSA-UHFFFAOYSA-N", "composition": 1, "adsorption": 479.993}]}, {"pressure": 0.904715, "total_adsorption": 481.424, "species_data": [{"InChIKey": "IJGRMHOSHXDMSA-UHFFFAOYSA-N", "composition": 1, "adsorption": 481.424}]}, {"pressure": 0.95763, "total_adsorption": 512.887, "species_data": [{"InChIKey": "IJGRMHOSHXDMSA-UHFFFAOYSA-N", "composition": 1, "adsorption": 512.887}]}, {"pressure": 1.00196, "total_adsorption": 564.372, "species_data": [{"InChIKey": "IJGRMHOSHXDMSA-UHFFFAOYSA-N", "composition": 1, "adsorption": 564.372}]}]}