{"isotherm_data":[{"pressure":0.00217921,"total_adsorption":0.575921,"species_data":[{"composition":1,"adsorption":0.575921,"InChIKey":"CURLTUGMZLYLDI-UHFFFAOYSA-N"}]},{"pressure":0.00592928,"total_adsorption":1.31713,"species_data":[{"composition":1,"adsorption":1.31713,"InChIKey":"CURLTUGMZLYLDI-UHFFFAOYSA-N"}]},{"pressure":0.00893869,"total_adsorption":1.82339,"species_data":[{"composition":1,"adsorption":1.82339,"InChIKey":"CURLTUGMZLYLDI-UHFFFAOYSA-N"}]},{"pressure":0.0115554,"total_adsorption":2.28247,"species_data":[{"composition":1,"adsorption":2.28247,"InChIKey":"CURLTUGMZLYLDI-UHFFFAOYSA-N"}]},{"pressure":0.0129949,"total_adsorption":2.49453,"species_data":[{"composition":1,"adsorption":2.49453,"InChIKey":"CURLTUGMZLYLDI-UHFFFAOYSA-N"}]},{"pressure":0.0145216,"total_adsorption":2.7301,"species_data":[{"composition":1,"adsorption":2.7301,"InChIKey":"CURLTUGMZLYLDI-UHFFFAOYSA-N"}]},{"pressure":0.015961,"total_adsorption":2.95388,"species_data":[{"composition":1,"adsorption":2.95388,"InChIKey":"CURLTUGMZLYLDI-UHFFFAOYSA-N"}]},{"pressure":0.0175316,"total_adsorption":3.15432,"species_data":[{"composition":1,"adsorption":3.15432,"InChIKey":"CURLTUGMZLYLDI-UHFFFAOYSA-N"}]},{"pressure":0.0204106,"total_adsorption":3.57845,"species_data":[{"composition":1,"adsorption":3.57845,"InChIKey":"CURLTUGMZLYLDI-UHFFFAOYSA-N"}]},{"pressure":0.0230716,"total_adsorption":3.96724,"species_data":[{"composition":1,"adsorption":3.96724,"InChIKey":"CURLTUGMZLYLDI-UHFFFAOYSA-N"}]},{"pressure":0.0261693,"total_adsorption":4.34466,"species_data":[{"composition":1,"adsorption":4.34466,"InChIKey":"CURLTUGMZLYLDI-UHFFFAOYSA-N"}]},{"pressure":0.0288744,"total_adsorption":4.66318,"species_data":[{"composition":1,"adsorption":4.66318,"InChIKey":"CURLTUGMZLYLDI-UHFFFAOYSA-N"}]}],"temperature":273,"articleSource":"UNKNOWN","compositionType":"molefraction","adsorbates":[{"name":"Carbon Dioxide","InChIKey":"CURLTUGMZLYLDI-UHFFFAOYSA-N"}],"adsorptionUnits":"mmol/g","date":"1000-01-01","category":"","digitizer":"UNKNOWN","pressureUnits":"bar","DOI":"10.1016/j.ijhydene.2011.11.023","adsorbent":{"name":"Carbon","hashkey":"NIST-MATDB-453276ee992ed07dc207ed08b2b221ce"},"concentrationUnits":"","filename":"10.1016j.ijhydene.2011.11.023.isotherm6","isotherm_type":""}