{"isotherm_data":[{"pressure":0.130293,"total_adsorption":0.217899,"species_data":[{"composition":1,"adsorption":0.217899,"InChIKey":"NNPPMTNAJDCUHE-UHFFFAOYSA-N"}]},{"pressure":0.34202,"total_adsorption":0.498054,"species_data":[{"composition":1,"adsorption":0.498054,"InChIKey":"NNPPMTNAJDCUHE-UHFFFAOYSA-N"}]},{"pressure":0.553746,"total_adsorption":0.77821,"species_data":[{"composition":1,"adsorption":0.77821,"InChIKey":"NNPPMTNAJDCUHE-UHFFFAOYSA-N"}]},{"pressure":0.684039,"total_adsorption":0.964981,"species_data":[{"composition":1,"adsorption":0.964981,"InChIKey":"NNPPMTNAJDCUHE-UHFFFAOYSA-N"}]},{"pressure":0.814332,"total_adsorption":1.05837,"species_data":[{"composition":1,"adsorption":1.05837,"InChIKey":"NNPPMTNAJDCUHE-UHFFFAOYSA-N"}]},{"pressure":0.928339,"total_adsorption":1.24514,"species_data":[{"composition":1,"adsorption":1.24514,"InChIKey":"NNPPMTNAJDCUHE-UHFFFAOYSA-N"}]},{"pressure":1.17264,"total_adsorption":1.43191,"species_data":[{"composition":1,"adsorption":1.43191,"InChIKey":"NNPPMTNAJDCUHE-UHFFFAOYSA-N"}]},{"pressure":1.31922,"total_adsorption":1.55642,"species_data":[{"composition":1,"adsorption":1.55642,"InChIKey":"NNPPMTNAJDCUHE-UHFFFAOYSA-N"}]},{"pressure":1.48208,"total_adsorption":1.74319,"species_data":[{"composition":1,"adsorption":1.74319,"InChIKey":"NNPPMTNAJDCUHE-UHFFFAOYSA-N"}]},{"pressure":1.72638,"total_adsorption":1.92996,"species_data":[{"composition":1,"adsorption":1.92996,"InChIKey":"NNPPMTNAJDCUHE-UHFFFAOYSA-N"}]},{"pressure":1.87296,"total_adsorption":2.02335,"species_data":[{"composition":1,"adsorption":2.02335,"InChIKey":"NNPPMTNAJDCUHE-UHFFFAOYSA-N"}]},{"pressure":2.01954,"total_adsorption":2.17899,"species_data":[{"composition":1,"adsorption":2.17899,"InChIKey":"NNPPMTNAJDCUHE-UHFFFAOYSA-N"}]},{"pressure":2.14984,"total_adsorption":2.21012,"species_data":[{"composition":1,"adsorption":2.21012,"InChIKey":"NNPPMTNAJDCUHE-UHFFFAOYSA-N"}]},{"pressure":2.29642,"total_adsorption":2.3035,"species_data":[{"composition":1,"adsorption":2.3035,"InChIKey":"NNPPMTNAJDCUHE-UHFFFAOYSA-N"}]},{"pressure":2.443,"total_adsorption":2.39689,"species_data":[{"composition":1,"adsorption":2.39689,"InChIKey":"NNPPMTNAJDCUHE-UHFFFAOYSA-N"}]},{"pressure":2.58958,"total_adsorption":2.49027,"species_data":[{"composition":1,"adsorption":2.49027,"InChIKey":"NNPPMTNAJDCUHE-UHFFFAOYSA-N"}]},{"pressure":2.75244,"total_adsorption":2.58366,"species_data":[{"composition":1,"adsorption":2.58366,"InChIKey":"NNPPMTNAJDCUHE-UHFFFAOYSA-N"}]},{"pressure":2.94788,"total_adsorption":2.67704,"species_data":[{"composition":1,"adsorption":2.67704,"InChIKey":"NNPPMTNAJDCUHE-UHFFFAOYSA-N"}]},{"pressure":3.11075,"total_adsorption":2.77043,"species_data":[{"composition":1,"adsorption":2.77043,"InChIKey":"NNPPMTNAJDCUHE-UHFFFAOYSA-N"}]},{"pressure":3.25733,"total_adsorption":2.83268,"species_data":[{"composition":1,"adsorption":2.83268,"InChIKey":"NNPPMTNAJDCUHE-UHFFFAOYSA-N"}]},{"pressure":3.43648,"total_adsorption":2.92607,"species_data":[{"composition":1,"adsorption":2.92607,"InChIKey":"NNPPMTNAJDCUHE-UHFFFAOYSA-N"}]}],"temperature":423,"articleSource":"UNKNOWN","compositionType":"molefraction","adsorbates":[{"name":"Isobutane","InChIKey":"NNPPMTNAJDCUHE-UHFFFAOYSA-N"}],"adsorptionUnits":"mmol/g","date":"1000-01-01","category":"","digitizer":"UNKNOWN","pressureUnits":"bar","DOI":"10.1016/j.micromeso.2011.12.043","adsorbent":{"name":"MIL-100(Fe)","hashkey":"NIST-MATDB-e8a1a82c4fe2ad952d1c107156f780f2"},"concentrationUnits":"","filename":"10.1016j.micromeso.2011.12.043.Isotherm19","isotherm_type":""}