{"filename": "10.1016j.ijhydene.2012.01.122.Isotherm10", "DOI": "10.1016/j.ijhydene.2012.01.122", "articleSource": "UNKNOWN", "date": "1000-01-01", "digitizer": "UNKNOWN", "adsorbent": {"hashkey": "NIST-MATDB-637c2fd095ea7e13fe453be904167ccd", "name": "[Co3(bpdc)3(bpy)]"}, "adsorbates": [{"InChIKey": "UFHFLCQGNIYNRP-UHFFFAOYSA-N", "name": "Hydrogen"}], "category": "", "temperature": 298, "isotherm_type": "", "adsorptionUnits": "wt%", "pressureUnits": "bar", "compositionType": "molefraction", "concentrationUnits": "", "isotherm_data": [{"pressure": 6.79887, "total_adsorption": 0.0504838, "species_data": [{"InChIKey": "UFHFLCQGNIYNRP-UHFFFAOYSA-N", "composition": 1, "adsorption": 0.0504838}]}, {"pressure": 9.06516, "total_adsorption": 0.066013, "species_data": [{"InChIKey": "UFHFLCQGNIYNRP-UHFFFAOYSA-N", "composition": 1, "adsorption": 0.066013}]}, {"pressure": 11.3314, "total_adsorption": 0.0854384, "species_data": [{"InChIKey": "UFHFLCQGNIYNRP-UHFFFAOYSA-N", "composition": 1, "adsorption": 0.0854384}]}, {"pressure": 14.7309, "total_adsorption": 0.11068, "species_data": [{"InChIKey": "UFHFLCQGNIYNRP-UHFFFAOYSA-N", "composition": 1, "adsorption": 0.11068}]}, {"pressure": 20.6232, "total_adsorption": 0.163134, "species_data": [{"InChIKey": "UFHFLCQGNIYNRP-UHFFFAOYSA-N", "composition": 1, "adsorption": 0.163134}]}, {"pressure": 29.6884, "total_adsorption": 0.225251, "species_data": [{"InChIKey": "UFHFLCQGNIYNRP-UHFFFAOYSA-N", "composition": 1, "adsorption": 0.225251}]}, {"pressure": 40.5666, "total_adsorption": 0.30096, "species_data": [{"InChIKey": "UFHFLCQGNIYNRP-UHFFFAOYSA-N", "composition": 1, "adsorption": 0.30096}]}, {"pressure": 51.4448, "total_adsorption": 0.368877, "species_data": [{"InChIKey": "UFHFLCQGNIYNRP-UHFFFAOYSA-N", "composition": 1, "adsorption": 0.368877}]}, {"pressure": 61.1898, "total_adsorption": 0.429029, "species_data": [{"InChIKey": "UFHFLCQGNIYNRP-UHFFFAOYSA-N", "composition": 1, "adsorption": 0.429029}]}, {"pressure": 70.9348, "total_adsorption": 0.489182, "species_data": [{"InChIKey": "UFHFLCQGNIYNRP-UHFFFAOYSA-N", "composition": 1, "adsorption": 0.489182}]}]}