{"isotherm_data":[{"pressure":0.386635,"total_adsorption":1.50788,"species_data":[{"composition":1,"adsorption":1.50788,"InChIKey":"UFHFLCQGNIYNRP-UHFFFAOYSA-N"}]},{"pressure":1.41841,"total_adsorption":2.4709,"species_data":[{"composition":1,"adsorption":2.4709,"InChIKey":"UFHFLCQGNIYNRP-UHFFFAOYSA-N"}]},{"pressure":2.9201,"total_adsorption":2.98178,"species_data":[{"composition":1,"adsorption":2.98178,"InChIKey":"UFHFLCQGNIYNRP-UHFFFAOYSA-N"}]},{"pressure":4.54094,"total_adsorption":3.24916,"species_data":[{"composition":1,"adsorption":3.24916,"InChIKey":"UFHFLCQGNIYNRP-UHFFFAOYSA-N"}]},{"pressure":6.04682,"total_adsorption":3.4353,"species_data":[{"composition":1,"adsorption":3.4353,"InChIKey":"UFHFLCQGNIYNRP-UHFFFAOYSA-N"}]},{"pressure":7.43772,"total_adsorption":3.54021,"species_data":[{"composition":1,"adsorption":3.54021,"InChIKey":"UFHFLCQGNIYNRP-UHFFFAOYSA-N"}]},{"pressure":9.17683,"total_adsorption":3.63366,"species_data":[{"composition":1,"adsorption":3.63366,"InChIKey":"UFHFLCQGNIYNRP-UHFFFAOYSA-N"}]},{"pressure":10.5682,"total_adsorption":3.70377,"species_data":[{"composition":1,"adsorption":3.70377,"InChIKey":"UFHFLCQGNIYNRP-UHFFFAOYSA-N"}]},{"pressure":12.0177,"total_adsorption":3.76232,"species_data":[{"composition":1,"adsorption":3.76232,"InChIKey":"UFHFLCQGNIYNRP-UHFFFAOYSA-N"}]},{"pressure":13.4675,"total_adsorption":3.79766,"species_data":[{"composition":1,"adsorption":3.79766,"InChIKey":"UFHFLCQGNIYNRP-UHFFFAOYSA-N"}]},{"pressure":14.801,"total_adsorption":3.85616,"species_data":[{"composition":1,"adsorption":3.85616,"InChIKey":"UFHFLCQGNIYNRP-UHFFFAOYSA-N"}]},{"pressure":17.237,"total_adsorption":3.89189,"species_data":[{"composition":1,"adsorption":3.89189,"InChIKey":"UFHFLCQGNIYNRP-UHFFFAOYSA-N"}]},{"pressure":19.3249,"total_adsorption":3.92748,"species_data":[{"composition":1,"adsorption":3.92748,"InChIKey":"UFHFLCQGNIYNRP-UHFFFAOYSA-N"}]},{"pressure":21.065,"total_adsorption":3.93974,"species_data":[{"composition":1,"adsorption":3.93974,"InChIKey":"UFHFLCQGNIYNRP-UHFFFAOYSA-N"}]},{"pressure":22.6312,"total_adsorption":3.95193,"species_data":[{"composition":1,"adsorption":3.95193,"InChIKey":"UFHFLCQGNIYNRP-UHFFFAOYSA-N"}]},{"pressure":24.4873,"total_adsorption":3.96424,"species_data":[{"composition":1,"adsorption":3.96424,"InChIKey":"UFHFLCQGNIYNRP-UHFFFAOYSA-N"}]},{"pressure":25.9374,"total_adsorption":3.97639,"species_data":[{"composition":1,"adsorption":3.97639,"InChIKey":"UFHFLCQGNIYNRP-UHFFFAOYSA-N"}]},{"pressure":27.4457,"total_adsorption":3.97697,"species_data":[{"composition":1,"adsorption":3.97697,"InChIKey":"UFHFLCQGNIYNRP-UHFFFAOYSA-N"}]},{"pressure":28.8958,"total_adsorption":3.98912,"species_data":[{"composition":1,"adsorption":3.98912,"InChIKey":"UFHFLCQGNIYNRP-UHFFFAOYSA-N"}]},{"pressure":30.2879,"total_adsorption":4.00125,"species_data":[{"composition":1,"adsorption":4.00125,"InChIKey":"UFHFLCQGNIYNRP-UHFFFAOYSA-N"}]}],"temperature":77,"articleSource":"UNKNOWN","compositionType":"molefraction","adsorbates":[{"name":"Hydrogen","InChIKey":"UFHFLCQGNIYNRP-UHFFFAOYSA-N"}],"adsorptionUnits":"wt%","date":"1000-01-01","category":"","digitizer":"UNKNOWN","pressureUnits":"bar","DOI":"10.1039/c1ee01380g","adsorbent":{"name":"CAU-1","hashkey":"NIST-MATDB-7d1571382dd79cf21cfb21568cdc0ccf"},"concentrationUnits":"","filename":"10.1039c1ee01380g.Isotherm7","isotherm_type":""}