{"filename": "10.1021Ie0705655.isotherm44", "DOI": "10.1021/Ie0705655", "articleSource": "UNKNOWN", "date": "1000-01-01", "digitizer": "UNKNOWN", "adsorbent": {"hashkey": "NIST-MATDB-b76bbf3e404395a8b5d1b9ec08bf2d8f", "name": "Zeolite 13X"}, "adsorbates": [{"InChIKey": "QQONPFPTGQHPMA-UHFFFAOYSA-N", "name": "Propene"}], "category": "", "temperature": 343, "isotherm_type": "", "adsorptionUnits": "molecules/unitcell", "pressureUnits": "bar", "compositionType": "molefraction", "concentrationUnits": "", "isotherm_data": [{"pressure": 0.0154762, "total_adsorption": 14.6486, "species_data": [{"InChIKey": "QQONPFPTGQHPMA-UHFFFAOYSA-N", "composition": 1, "adsorption": 14.6486}]}, {"pressure": 0.0216734, "total_adsorption": 19.0148, "species_data": [{"InChIKey": "QQONPFPTGQHPMA-UHFFFAOYSA-N", "composition": 1, "adsorption": 19.0148}]}, {"pressure": 0.0418142, "total_adsorption": 26.4092, "species_data": [{"InChIKey": "QQONPFPTGQHPMA-UHFFFAOYSA-N", "composition": 1, "adsorption": 26.4092}]}, {"pressure": 0.106885, "total_adsorption": 32.6768, "species_data": [{"InChIKey": "QQONPFPTGQHPMA-UHFFFAOYSA-N", "composition": 1, "adsorption": 32.6768}]}, {"pressure": 0.207589, "total_adsorption": 33.5219, "species_data": [{"InChIKey": "QQONPFPTGQHPMA-UHFFFAOYSA-N", "composition": 1, "adsorption": 33.5219}]}, {"pressure": 0.323786, "total_adsorption": 34.6487, "species_data": [{"InChIKey": "QQONPFPTGQHPMA-UHFFFAOYSA-N", "composition": 1, "adsorption": 34.6487}]}, {"pressure": 0.478716, "total_adsorption": 36.1979, "species_data": [{"InChIKey": "QQONPFPTGQHPMA-UHFFFAOYSA-N", "composition": 1, "adsorption": 36.1979}]}, {"pressure": 0.615054, "total_adsorption": 37.4655, "species_data": [{"InChIKey": "QQONPFPTGQHPMA-UHFFFAOYSA-N", "composition": 1, "adsorption": 37.4655}]}, {"pressure": 0.737448, "total_adsorption": 39.5782, "species_data": [{"InChIKey": "QQONPFPTGQHPMA-UHFFFAOYSA-N", "composition": 1, "adsorption": 39.5782}]}, {"pressure": 1.01322, "total_adsorption": 40.4233, "species_data": [{"InChIKey": "QQONPFPTGQHPMA-UHFFFAOYSA-N", "composition": 1, "adsorption": 40.4233}]}]}