{"isotherm_data":[{"pressure":0.943114,"total_adsorption":0.305514,"species_data":[{"composition":1,"adsorption":0.305514,"InChIKey":"UFHFLCQGNIYNRP-UHFFFAOYSA-N"}]},{"pressure":1.25749,"total_adsorption":0.472318,"species_data":[{"composition":1,"adsorption":0.472318,"InChIKey":"UFHFLCQGNIYNRP-UHFFFAOYSA-N"}]},{"pressure":1.36228,"total_adsorption":0.555761,"species_data":[{"composition":1,"adsorption":0.555761,"InChIKey":"UFHFLCQGNIYNRP-UHFFFAOYSA-N"}]},{"pressure":1.88623,"total_adsorption":0.638871,"species_data":[{"composition":1,"adsorption":0.638871,"InChIKey":"UFHFLCQGNIYNRP-UHFFFAOYSA-N"}]},{"pressure":2.41018,"total_adsorption":0.777665,"species_data":[{"composition":1,"adsorption":0.777665,"InChIKey":"UFHFLCQGNIYNRP-UHFFFAOYSA-N"}]},{"pressure":3.03892,"total_adsorption":0.916376,"species_data":[{"composition":1,"adsorption":0.916376,"InChIKey":"UFHFLCQGNIYNRP-UHFFFAOYSA-N"}]},{"pressure":3.66766,"total_adsorption":1.02724,"species_data":[{"composition":1,"adsorption":1.02724,"InChIKey":"UFHFLCQGNIYNRP-UHFFFAOYSA-N"}]},{"pressure":5.02994,"total_adsorption":1.30458,"species_data":[{"composition":1,"adsorption":1.30458,"InChIKey":"UFHFLCQGNIYNRP-UHFFFAOYSA-N"}]},{"pressure":7.12575,"total_adsorption":1.69271,"species_data":[{"composition":1,"adsorption":1.69271,"InChIKey":"UFHFLCQGNIYNRP-UHFFFAOYSA-N"}]},{"pressure":9.53593,"total_adsorption":2.05274,"species_data":[{"composition":1,"adsorption":2.05274,"InChIKey":"UFHFLCQGNIYNRP-UHFFFAOYSA-N"}]},{"pressure":12.994,"total_adsorption":2.43978,"species_data":[{"composition":1,"adsorption":2.43978,"InChIKey":"UFHFLCQGNIYNRP-UHFFFAOYSA-N"}]},{"pressure":17.9192,"total_adsorption":2.88134,"species_data":[{"composition":1,"adsorption":2.88134,"InChIKey":"UFHFLCQGNIYNRP-UHFFFAOYSA-N"}]},{"pressure":22.8443,"total_adsorption":3.21153,"species_data":[{"composition":1,"adsorption":3.21153,"InChIKey":"UFHFLCQGNIYNRP-UHFFFAOYSA-N"}]},{"pressure":28.0838,"total_adsorption":3.45794,"species_data":[{"composition":1,"adsorption":3.45794,"InChIKey":"UFHFLCQGNIYNRP-UHFFFAOYSA-N"}]},{"pressure":34.5808,"total_adsorption":3.70335,"species_data":[{"composition":1,"adsorption":3.70335,"InChIKey":"UFHFLCQGNIYNRP-UHFFFAOYSA-N"}]},{"pressure":40.9731,"total_adsorption":3.83748,"species_data":[{"composition":1,"adsorption":3.83748,"InChIKey":"UFHFLCQGNIYNRP-UHFFFAOYSA-N"}]},{"pressure":47.1557,"total_adsorption":3.97177,"species_data":[{"composition":1,"adsorption":3.97177,"InChIKey":"UFHFLCQGNIYNRP-UHFFFAOYSA-N"}]},{"pressure":53.1287,"total_adsorption":4.0227,"species_data":[{"composition":1,"adsorption":4.0227,"InChIKey":"UFHFLCQGNIYNRP-UHFFFAOYSA-N"}]},{"pressure":58.3683,"total_adsorption":4.04638,"species_data":[{"composition":1,"adsorption":4.04638,"InChIKey":"UFHFLCQGNIYNRP-UHFFFAOYSA-N"}]},{"pressure":60.7784,"total_adsorption":4.04446,"species_data":[{"composition":1,"adsorption":4.04446,"InChIKey":"UFHFLCQGNIYNRP-UHFFFAOYSA-N"}]},{"pressure":61.7216,"total_adsorption":4.04371,"species_data":[{"composition":1,"adsorption":4.04371,"InChIKey":"UFHFLCQGNIYNRP-UHFFFAOYSA-N"}]}],"temperature":100,"articleSource":"UNKNOWN","compositionType":"molefraction","adsorbates":[{"name":"Hydrogen","InChIKey":"UFHFLCQGNIYNRP-UHFFFAOYSA-N"}],"adsorptionUnits":"wt%","date":"1000-01-01","category":"","digitizer":"UNKNOWN","pressureUnits":"bar","DOI":"10.1016/j.susc.2008.10.054","adsorbent":{"name":"IRMOF-1","hashkey":"NIST-MATDB-2c9380bddc59f547484ff729eab7d7cb"},"concentrationUnits":"","filename":"10.1016j.susc.2008.10.054.Isotherm5-1","isotherm_type":""}