{"filename": "10.1039c5ce01123j.Isotherm1", "DOI": "10.1039/c5ce01123j", "articleSource": "Figure 3a", "date": "2016-07-12", "digitizer": "Adithya Varadan", "adsorbent": {"hashkey": "NIST-MATDB-92bb8ff091dfb5e1f840a08f00b238ec", "name": "CoMOF"}, "adsorbates": [{"InChIKey": "IJGRMHOSHXDMSA-UHFFFAOYSA-N", "name": "Nitrogen"}], "category": "exp", "temperature": 77, "isotherm_type": "", "adsorptionUnits": "cm3(STP)/g", "pressureUnits": "bar", "compositionType": "molefraction", "concentrationUnits": "", "isotherm_data": [{"pressure": 0, "total_adsorption": 0, "species_data": [{"InChIKey": "IJGRMHOSHXDMSA-UHFFFAOYSA-N", "composition": 1, "adsorption": 0}]}, {"pressure": 0.000268, "total_adsorption": 21.7201, "species_data": [{"InChIKey": "IJGRMHOSHXDMSA-UHFFFAOYSA-N", "composition": 1, "adsorption": 21.7201}]}, {"pressure": 0.00097, "total_adsorption": 78.7354, "species_data": [{"InChIKey": "IJGRMHOSHXDMSA-UHFFFAOYSA-N", "composition": 1, "adsorption": 78.7354}]}, {"pressure": 0.00204, "total_adsorption": 165.616, "species_data": [{"InChIKey": "IJGRMHOSHXDMSA-UHFFFAOYSA-N", "composition": 1, "adsorption": 165.616}]}, {"pressure": 0.002141, "total_adsorption": 173.761, "species_data": [{"InChIKey": "IJGRMHOSHXDMSA-UHFFFAOYSA-N", "composition": 1, "adsorption": 173.761}]}, {"pressure": 0.002274, "total_adsorption": 184.621, "species_data": [{"InChIKey": "IJGRMHOSHXDMSA-UHFFFAOYSA-N", "composition": 1, "adsorption": 184.621}]}, {"pressure": 0.004983, "total_adsorption": 104.537, "species_data": [{"InChIKey": "IJGRMHOSHXDMSA-UHFFFAOYSA-N", "composition": 1, "adsorption": 104.537}]}, {"pressure": 0.005318, "total_adsorption": 131.687, "species_data": [{"InChIKey": "IJGRMHOSHXDMSA-UHFFFAOYSA-N", "composition": 1, "adsorption": 131.687}]}, {"pressure": 0.006104, "total_adsorption": 195.49, "species_data": [{"InChIKey": "IJGRMHOSHXDMSA-UHFFFAOYSA-N", "composition": 1, "adsorption": 195.49}]}, {"pressure": 0.006288, "total_adsorption": 210.423, "species_data": [{"InChIKey": "IJGRMHOSHXDMSA-UHFFFAOYSA-N", "composition": 1, "adsorption": 210.423}]}, {"pressure": 0.021205, "total_adsorption": 221.319, "species_data": [{"InChIKey": "IJGRMHOSHXDMSA-UHFFFAOYSA-N", "composition": 1, "adsorption": 221.319}]}, {"pressure": 0.039784, "total_adsorption": 229.509, "species_data": [{"InChIKey": "IJGRMHOSHXDMSA-UHFFFAOYSA-N", "composition": 1, "adsorption": 229.509}]}, {"pressure": 0.050921, "total_adsorption": 233.608, "species_data": [{"InChIKey": "IJGRMHOSHXDMSA-UHFFFAOYSA-N", "composition": 1, "adsorption": 233.608}]}, {"pressure": 0.058363, "total_adsorption": 237.699, "species_data": [{"InChIKey": "IJGRMHOSHXDMSA-UHFFFAOYSA-N", "composition": 1, "adsorption": 237.699}]}, {"pressure": 0.065788, "total_adsorption": 240.432, "species_data": [{"InChIKey": "IJGRMHOSHXDMSA-UHFFFAOYSA-N", "composition": 1, "adsorption": 240.432}]}, {"pressure": 0.076892, "total_adsorption": 241.817, "species_data": [{"InChIKey": "IJGRMHOSHXDMSA-UHFFFAOYSA-N", "composition": 1, "adsorption": 241.817}]}, {"pressure": 0.084317, "total_adsorption": 244.55, "species_data": [{"InChIKey": "IJGRMHOSHXDMSA-UHFFFAOYSA-N", "composition": 1, "adsorption": 244.55}]}, {"pressure": 0.091775, "total_adsorption": 249.998, "species_data": [{"InChIKey": "IJGRMHOSHXDMSA-UHFFFAOYSA-N", "composition": 1, "adsorption": 249.998}]}, {"pressure": 0.110338, "total_adsorption": 256.83, "species_data": [{"InChIKey": "IJGRMHOSHXDMSA-UHFFFAOYSA-N", "composition": 1, "adsorption": 256.83}]}, {"pressure": 0.132529, "total_adsorption": 258.242, "species_data": [{"InChIKey": "IJGRMHOSHXDMSA-UHFFFAOYSA-N", "composition": 1, "adsorption": 258.242}]}, {"pressure": 0.147413, "total_adsorption": 266.423, "species_data": [{"InChIKey": "IJGRMHOSHXDMSA-UHFFFAOYSA-N", "composition": 1, "adsorption": 266.423}]}, {"pressure": 0.162128, "total_adsorption": 261.029, "species_data": [{"InChIKey": "IJGRMHOSHXDMSA-UHFFFAOYSA-N", "composition": 1, "adsorption": 261.029}]}, {"pressure": 0.173249, "total_adsorption": 263.771, "species_data": [{"InChIKey": "IJGRMHOSHXDMSA-UHFFFAOYSA-N", "composition": 1, "adsorption": 263.771}]}, {"pressure": 0.188033, "total_adsorption": 263.807, "species_data": [{"InChIKey": "IJGRMHOSHXDMSA-UHFFFAOYSA-N", "composition": 1, "adsorption": 263.807}]}, {"pressure": 0.202815, "total_adsorption": 263.843, "species_data": [{"InChIKey": "IJGRMHOSHXDMSA-UHFFFAOYSA-N", "composition": 1, "adsorption": 263.843}]}, {"pressure": 0.214003, "total_adsorption": 272.016, "species_data": [{"InChIKey": "IJGRMHOSHXDMSA-UHFFFAOYSA-N", "composition": 1, "adsorption": 272.016}]}, {"pressure": 0.225006, "total_adsorption": 265.255, "species_data": [{"InChIKey": "IJGRMHOSHXDMSA-UHFFFAOYSA-N", "composition": 1, "adsorption": 265.255}]}, {"pressure": 0.239807, "total_adsorption": 266.649, "species_data": [{"InChIKey": "IJGRMHOSHXDMSA-UHFFFAOYSA-N", "composition": 1, "adsorption": 266.649}]}, {"pressure": 0.25837, "total_adsorption": 273.481, "species_data": [{"InChIKey": "IJGRMHOSHXDMSA-UHFFFAOYSA-N", "composition": 1, "adsorption": 273.481}]}, {"pressure": 0.269389, "total_adsorption": 268.078, "species_data": [{"InChIKey": "IJGRMHOSHXDMSA-UHFFFAOYSA-N", "composition": 1, "adsorption": 268.078}]}, {"pressure": 0.287886, "total_adsorption": 269.481, "species_data": [{"InChIKey": "IJGRMHOSHXDMSA-UHFFFAOYSA-N", "composition": 1, "adsorption": 269.481}]}, {"pressure": 0.299072, "total_adsorption": 277.653, "species_data": [{"InChIKey": "IJGRMHOSHXDMSA-UHFFFAOYSA-N", "composition": 1, "adsorption": 277.653}]}, {"pressure": 0.321181, "total_adsorption": 272.277, "species_data": [{"InChIKey": "IJGRMHOSHXDMSA-UHFFFAOYSA-N", "composition": 1, "adsorption": 272.277}]}, {"pressure": 0.335963, "total_adsorption": 272.313, "species_data": [{"InChIKey": "IJGRMHOSHXDMSA-UHFFFAOYSA-N", "composition": 1, "adsorption": 272.313}]}, {"pressure": 0.35451, "total_adsorption": 277.788, "species_data": [{"InChIKey": "IJGRMHOSHXDMSA-UHFFFAOYSA-N", "composition": 1, "adsorption": 277.788}]}, {"pressure": 0.376634, "total_adsorption": 273.77, "species_data": [{"InChIKey": "IJGRMHOSHXDMSA-UHFFFAOYSA-N", "composition": 1, "adsorption": 273.77}]}, {"pressure": 0.398825, "total_adsorption": 275.182, "species_data": [{"InChIKey": "IJGRMHOSHXDMSA-UHFFFAOYSA-N", "composition": 1, "adsorption": 275.182}]}, {"pressure": 0.402604, "total_adsorption": 281.978, "species_data": [{"InChIKey": "IJGRMHOSHXDMSA-UHFFFAOYSA-N", "composition": 1, "adsorption": 281.978}]}, {"pressure": 0.432086, "total_adsorption": 275.263, "species_data": [{"InChIKey": "IJGRMHOSHXDMSA-UHFFFAOYSA-N", "composition": 1, "adsorption": 275.263}]}, {"pressure": 0.458025, "total_adsorption": 280.756, "species_data": [{"InChIKey": "IJGRMHOSHXDMSA-UHFFFAOYSA-N", "composition": 1, "adsorption": 280.756}]}, {"pressure": 0.476453, "total_adsorption": 276.728, "species_data": [{"InChIKey": "IJGRMHOSHXDMSA-UHFFFAOYSA-N", "composition": 1, "adsorption": 276.728}]}, {"pressure": 0.494948, "total_adsorption": 278.131, "species_data": [{"InChIKey": "IJGRMHOSHXDMSA-UHFFFAOYSA-N", "composition": 1, "adsorption": 278.131}]}, {"pressure": 0.513494, "total_adsorption": 283.606, "species_data": [{"InChIKey": "IJGRMHOSHXDMSA-UHFFFAOYSA-N", "composition": 1, "adsorption": 283.606}]}, {"pressure": 0.539331, "total_adsorption": 280.954, "species_data": [{"InChIKey": "IJGRMHOSHXDMSA-UHFFFAOYSA-N", "composition": 1, "adsorption": 280.954}]}, {"pressure": 0.565218, "total_adsorption": 282.375, "species_data": [{"InChIKey": "IJGRMHOSHXDMSA-UHFFFAOYSA-N", "composition": 1, "adsorption": 282.375}]}, {"pressure": 0.576289, "total_adsorption": 281.045, "species_data": [{"InChIKey": "IJGRMHOSHXDMSA-UHFFFAOYSA-N", "composition": 1, "adsorption": 281.045}]}, {"pressure": 0.594767, "total_adsorption": 281.09, "species_data": [{"InChIKey": "IJGRMHOSHXDMSA-UHFFFAOYSA-N", "composition": 1, "adsorption": 281.09}]}, {"pressure": 0.609601, "total_adsorption": 285.198, "species_data": [{"InChIKey": "IJGRMHOSHXDMSA-UHFFFAOYSA-N", "composition": 1, "adsorption": 285.198}]}, {"pressure": 0.628029, "total_adsorption": 281.171, "species_data": [{"InChIKey": "IJGRMHOSHXDMSA-UHFFFAOYSA-N", "composition": 1, "adsorption": 281.171}]}, {"pressure": 0.646542, "total_adsorption": 283.931, "species_data": [{"InChIKey": "IJGRMHOSHXDMSA-UHFFFAOYSA-N", "composition": 1, "adsorption": 283.931}]}, {"pressure": 0.665037, "total_adsorption": 285.334, "species_data": [{"InChIKey": "IJGRMHOSHXDMSA-UHFFFAOYSA-N", "composition": 1, "adsorption": 285.334}]}, {"pressure": 0.6835, "total_adsorption": 284.021, "species_data": [{"InChIKey": "IJGRMHOSHXDMSA-UHFFFAOYSA-N", "composition": 1, "adsorption": 284.021}]}, {"pressure": 0.716795, "total_adsorption": 286.817, "species_data": [{"InChIKey": "IJGRMHOSHXDMSA-UHFFFAOYSA-N", "composition": 1, "adsorption": 286.817}]}, {"pressure": 0.738936, "total_adsorption": 284.156, "species_data": [{"InChIKey": "IJGRMHOSHXDMSA-UHFFFAOYSA-N", "composition": 1, "adsorption": 284.156}]}, {"pressure": 0.764839, "total_adsorption": 286.935, "species_data": [{"InChIKey": "IJGRMHOSHXDMSA-UHFFFAOYSA-N", "composition": 1, "adsorption": 286.935}]}, {"pressure": 0.794422, "total_adsorption": 288.364, "species_data": [{"InChIKey": "IJGRMHOSHXDMSA-UHFFFAOYSA-N", "composition": 1, "adsorption": 288.364}]}, {"pressure": 0.823989, "total_adsorption": 288.436, "species_data": [{"InChIKey": "IJGRMHOSHXDMSA-UHFFFAOYSA-N", "composition": 1, "adsorption": 288.436}]}, {"pressure": 0.846163, "total_adsorption": 288.491, "species_data": [{"InChIKey": "IJGRMHOSHXDMSA-UHFFFAOYSA-N", "composition": 1, "adsorption": 288.491}]}, {"pressure": 0.868337, "total_adsorption": 288.545, "species_data": [{"InChIKey": "IJGRMHOSHXDMSA-UHFFFAOYSA-N", "composition": 1, "adsorption": 288.545}]}, {"pressure": 0.883104, "total_adsorption": 287.223, "species_data": [{"InChIKey": "IJGRMHOSHXDMSA-UHFFFAOYSA-N", "composition": 1, "adsorption": 287.223}]}, {"pressure": 0.901616, "total_adsorption": 289.983, "species_data": [{"InChIKey": "IJGRMHOSHXDMSA-UHFFFAOYSA-N", "composition": 1, "adsorption": 289.983}]}, {"pressure": 0.934878, "total_adsorption": 290.064, "species_data": [{"InChIKey": "IJGRMHOSHXDMSA-UHFFFAOYSA-N", "composition": 1, "adsorption": 290.064}]}, {"pressure": 0.957053, "total_adsorption": 290.119, "species_data": [{"InChIKey": "IJGRMHOSHXDMSA-UHFFFAOYSA-N", "composition": 1, "adsorption": 290.119}]}, {"pressure": 0.979228, "total_adsorption": 290.173, "species_data": [{"InChIKey": "IJGRMHOSHXDMSA-UHFFFAOYSA-N", "composition": 1, "adsorption": 290.173}]}, {"pressure": 1.00142, "total_adsorption": 291.584, "species_data": [{"InChIKey": "IJGRMHOSHXDMSA-UHFFFAOYSA-N", "composition": 1, "adsorption": 291.584}]}, {"pressure": 1.02731, "total_adsorption": 293.005, "species_data": [{"InChIKey": "IJGRMHOSHXDMSA-UHFFFAOYSA-N", "composition": 1, "adsorption": 293.005}]}, {"pressure": 1.0495, "total_adsorption": 294.417, "species_data": [{"InChIKey": "IJGRMHOSHXDMSA-UHFFFAOYSA-N", "composition": 1, "adsorption": 294.417}]}]}