{"filename": "10.1016S1003-6326(14)63521-4.Isotherm2", "DOI": "10.1016/S1003-6326(14)63521-4", "articleSource": "UNKNOWN", "date": "1000-01-01", "digitizer": "UNKNOWN", "adsorbent": {"hashkey": "NIST-MATDB-9a411d8d0b62c82a3a702ebce4b61087", "name": "MOF-5_DMF"}, "adsorbates": [{"InChIKey": "IJGRMHOSHXDMSA-UHFFFAOYSA-N", "name": "Nitrogen"}], "category": "", "temperature": 77, "isotherm_type": "", "adsorptionUnits": "cm3(STP)/g", "pressureUnits": "bar", "compositionType": "molefraction", "concentrationUnits": "", "isotherm_data": [{"pressure": 0.0314559, "total_adsorption": 550.077, "species_data": [{"InChIKey": "IJGRMHOSHXDMSA-UHFFFAOYSA-N", "composition": 1, "adsorption": 550.077}]}, {"pressure": 0.0493127, "total_adsorption": 766.788, "species_data": [{"InChIKey": "IJGRMHOSHXDMSA-UHFFFAOYSA-N", "composition": 1, "adsorption": 766.788}]}, {"pressure": 0.0998781, "total_adsorption": 805.007, "species_data": [{"InChIKey": "IJGRMHOSHXDMSA-UHFFFAOYSA-N", "composition": 1, "adsorption": 805.007}]}, {"pressure": 0.198431, "total_adsorption": 857.629, "species_data": [{"InChIKey": "IJGRMHOSHXDMSA-UHFFFAOYSA-N", "composition": 1, "adsorption": 857.629}]}, {"pressure": 0.24375, "total_adsorption": 872.026, "species_data": [{"InChIKey": "IJGRMHOSHXDMSA-UHFFFAOYSA-N", "composition": 1, "adsorption": 872.026}]}, {"pressure": 0.273045, "total_adsorption": 888.764, "species_data": [{"InChIKey": "IJGRMHOSHXDMSA-UHFFFAOYSA-N", "composition": 1, "adsorption": 888.764}]}, {"pressure": 0.297047, "total_adsorption": 893.585, "species_data": [{"InChIKey": "IJGRMHOSHXDMSA-UHFFFAOYSA-N", "composition": 1, "adsorption": 893.585}]}, {"pressure": 0.339697, "total_adsorption": 907.975, "species_data": [{"InChIKey": "IJGRMHOSHXDMSA-UHFFFAOYSA-N", "composition": 1, "adsorption": 907.975}]}, {"pressure": 0.38772, "total_adsorption": 912.855, "species_data": [{"InChIKey": "IJGRMHOSHXDMSA-UHFFFAOYSA-N", "composition": 1, "adsorption": 912.855}]}, {"pressure": 0.43843, "total_adsorption": 912.979, "species_data": [{"InChIKey": "IJGRMHOSHXDMSA-UHFFFAOYSA-N", "composition": 1, "adsorption": 912.979}]}, {"pressure": 0.486427, "total_adsorption": 925.002, "species_data": [{"InChIKey": "IJGRMHOSHXDMSA-UHFFFAOYSA-N", "composition": 1, "adsorption": 925.002}]}, {"pressure": 0.585134, "total_adsorption": 937.148, "species_data": [{"InChIKey": "IJGRMHOSHXDMSA-UHFFFAOYSA-N", "composition": 1, "adsorption": 937.148}]}, {"pressure": 0.683887, "total_adsorption": 937.39, "species_data": [{"InChIKey": "IJGRMHOSHXDMSA-UHFFFAOYSA-N", "composition": 1, "adsorption": 937.39}]}, {"pressure": 0.777292, "total_adsorption": 940, "species_data": [{"InChIKey": "IJGRMHOSHXDMSA-UHFFFAOYSA-N", "composition": 1, "adsorption": 940}]}, {"pressure": 0.876018, "total_adsorption": 947.385, "species_data": [{"InChIKey": "IJGRMHOSHXDMSA-UHFFFAOYSA-N", "composition": 1, "adsorption": 947.385}]}, {"pressure": 0.972093, "total_adsorption": 950.001, "species_data": [{"InChIKey": "IJGRMHOSHXDMSA-UHFFFAOYSA-N", "composition": 1, "adsorption": 950.001}]}]}