{"filename": "10.1002ejic.200900144.Isotherm3", "DOI": "10.1002/ejic.200900144", "articleSource": "UNKNOWN", "date": "1000-01-01", "digitizer": "UNKNOWN", "adsorbent": {"hashkey": "NIST-MATDB-81ce97da3e80d0c4f1b51b10da948255", "name": "[Zn(SiF6)(pyz)2]n"}, "adsorbates": [{"InChIKey": "LFQSCWFLJHTTHZ-UHFFFAOYSA-N", "name": "Ethanol"}], "category": "", "temperature": 298, "isotherm_type": "", "adsorptionUnits": "ml/g", "pressureUnits": "bar", "compositionType": "molefraction", "concentrationUnits": "", "isotherm_data": [{"pressure": 0.000973704, "total_adsorption": 6.13636, "species_data": [{"InChIKey": "LFQSCWFLJHTTHZ-UHFFFAOYSA-N", "composition": 1, "adsorption": 6.13636}]}, {"pressure": 0.00146056, "total_adsorption": 11.9318, "species_data": [{"InChIKey": "LFQSCWFLJHTTHZ-UHFFFAOYSA-N", "composition": 1, "adsorption": 11.9318}]}, {"pressure": 0.00194741, "total_adsorption": 16.7045, "species_data": [{"InChIKey": "LFQSCWFLJHTTHZ-UHFFFAOYSA-N", "composition": 1, "adsorption": 16.7045}]}, {"pressure": 0.00219083, "total_adsorption": 21.4773, "species_data": [{"InChIKey": "LFQSCWFLJHTTHZ-UHFFFAOYSA-N", "composition": 1, "adsorption": 21.4773}]}, {"pressure": 0.00267769, "total_adsorption": 26.25, "species_data": [{"InChIKey": "LFQSCWFLJHTTHZ-UHFFFAOYSA-N", "composition": 1, "adsorption": 26.25}]}, {"pressure": 0.00316454, "total_adsorption": 30.3409, "species_data": [{"InChIKey": "LFQSCWFLJHTTHZ-UHFFFAOYSA-N", "composition": 1, "adsorption": 30.3409}]}, {"pressure": 0.00365139, "total_adsorption": 35.1136, "species_data": [{"InChIKey": "LFQSCWFLJHTTHZ-UHFFFAOYSA-N", "composition": 1, "adsorption": 35.1136}]}, {"pressure": 0.00413824, "total_adsorption": 40.9091, "species_data": [{"InChIKey": "LFQSCWFLJHTTHZ-UHFFFAOYSA-N", "composition": 1, "adsorption": 40.9091}]}, {"pressure": 0.00486852, "total_adsorption": 45, "species_data": [{"InChIKey": "LFQSCWFLJHTTHZ-UHFFFAOYSA-N", "composition": 1, "adsorption": 45}]}, {"pressure": 0.00535537, "total_adsorption": 49.7727, "species_data": [{"InChIKey": "LFQSCWFLJHTTHZ-UHFFFAOYSA-N", "composition": 1, "adsorption": 49.7727}]}, {"pressure": 0.00632907, "total_adsorption": 52.5, "species_data": [{"InChIKey": "LFQSCWFLJHTTHZ-UHFFFAOYSA-N", "composition": 1, "adsorption": 52.5}]}, {"pressure": 0.00730278, "total_adsorption": 55.2273, "species_data": [{"InChIKey": "LFQSCWFLJHTTHZ-UHFFFAOYSA-N", "composition": 1, "adsorption": 55.2273}]}, {"pressure": 0.00900676, "total_adsorption": 57.9545, "species_data": [{"InChIKey": "LFQSCWFLJHTTHZ-UHFFFAOYSA-N", "composition": 1, "adsorption": 57.9545}]}, {"pressure": 0.0107107, "total_adsorption": 59.3182, "species_data": [{"InChIKey": "LFQSCWFLJHTTHZ-UHFFFAOYSA-N", "composition": 1, "adsorption": 59.3182}]}, {"pressure": 0.0129016, "total_adsorption": 61.0227, "species_data": [{"InChIKey": "LFQSCWFLJHTTHZ-UHFFFAOYSA-N", "composition": 1, "adsorption": 61.0227}]}, {"pressure": 0.0155793, "total_adsorption": 62.0455, "species_data": [{"InChIKey": "LFQSCWFLJHTTHZ-UHFFFAOYSA-N", "composition": 1, "adsorption": 62.0455}]}, {"pressure": 0.0182569, "total_adsorption": 63.0682, "species_data": [{"InChIKey": "LFQSCWFLJHTTHZ-UHFFFAOYSA-N", "composition": 1, "adsorption": 63.0682}]}, {"pressure": 0.0214215, "total_adsorption": 63.75, "species_data": [{"InChIKey": "LFQSCWFLJHTTHZ-UHFFFAOYSA-N", "composition": 1, "adsorption": 63.75}]}, {"pressure": 0.024586, "total_adsorption": 65.1136, "species_data": [{"InChIKey": "LFQSCWFLJHTTHZ-UHFFFAOYSA-N", "composition": 1, "adsorption": 65.1136}]}, {"pressure": 0.0287243, "total_adsorption": 66.1364, "species_data": [{"InChIKey": "LFQSCWFLJHTTHZ-UHFFFAOYSA-N", "composition": 1, "adsorption": 66.1364}]}, {"pressure": 0.0316454, "total_adsorption": 66.4773, "species_data": [{"InChIKey": "LFQSCWFLJHTTHZ-UHFFFAOYSA-N", "composition": 1, "adsorption": 66.4773}]}, {"pressure": 0.0345665, "total_adsorption": 67.1591, "species_data": [{"InChIKey": "LFQSCWFLJHTTHZ-UHFFFAOYSA-N", "composition": 1, "adsorption": 67.1591}]}, {"pressure": 0.0379744, "total_adsorption": 67.8409, "species_data": [{"InChIKey": "LFQSCWFLJHTTHZ-UHFFFAOYSA-N", "composition": 1, "adsorption": 67.8409}]}, {"pressure": 0.0404087, "total_adsorption": 68.5227, "species_data": [{"InChIKey": "LFQSCWFLJHTTHZ-UHFFFAOYSA-N", "composition": 1, "adsorption": 68.5227}]}, {"pressure": 0.0433298, "total_adsorption": 68.8636, "species_data": [{"InChIKey": "LFQSCWFLJHTTHZ-UHFFFAOYSA-N", "composition": 1, "adsorption": 68.8636}]}, {"pressure": 0.0455206, "total_adsorption": 68.8636, "species_data": [{"InChIKey": "LFQSCWFLJHTTHZ-UHFFFAOYSA-N", "composition": 1, "adsorption": 68.8636}]}, {"pressure": 0.0489286, "total_adsorption": 69.5455, "species_data": [{"InChIKey": "LFQSCWFLJHTTHZ-UHFFFAOYSA-N", "composition": 1, "adsorption": 69.5455}]}, {"pressure": 0.05258, "total_adsorption": 69.8864, "species_data": [{"InChIKey": "LFQSCWFLJHTTHZ-UHFFFAOYSA-N", "composition": 1, "adsorption": 69.8864}]}, {"pressure": 0.0555011, "total_adsorption": 70.5682, "species_data": [{"InChIKey": "LFQSCWFLJHTTHZ-UHFFFAOYSA-N", "composition": 1, "adsorption": 70.5682}]}, {"pressure": 0.0584222, "total_adsorption": 70.9091, "species_data": [{"InChIKey": "LFQSCWFLJHTTHZ-UHFFFAOYSA-N", "composition": 1, "adsorption": 70.9091}]}, {"pressure": 0.0613433, "total_adsorption": 70.9091, "species_data": [{"InChIKey": "LFQSCWFLJHTTHZ-UHFFFAOYSA-N", "composition": 1, "adsorption": 70.9091}]}, {"pressure": 0.0625605, "total_adsorption": 71.5909, "species_data": [{"InChIKey": "LFQSCWFLJHTTHZ-UHFFFAOYSA-N", "composition": 1, "adsorption": 71.5909}]}, {"pressure": 0.0645079, "total_adsorption": 71.9318, "species_data": [{"InChIKey": "LFQSCWFLJHTTHZ-UHFFFAOYSA-N", "composition": 1, "adsorption": 71.9318}]}, {"pressure": 0.0676724, "total_adsorption": 72.6136, "species_data": [{"InChIKey": "LFQSCWFLJHTTHZ-UHFFFAOYSA-N", "composition": 1, "adsorption": 72.6136}]}, {"pressure": 0.0718106, "total_adsorption": 73.2955, "species_data": [{"InChIKey": "LFQSCWFLJHTTHZ-UHFFFAOYSA-N", "composition": 1, "adsorption": 73.2955}]}, {"pressure": 0.0757055, "total_adsorption": 73.9773, "species_data": [{"InChIKey": "LFQSCWFLJHTTHZ-UHFFFAOYSA-N", "composition": 1, "adsorption": 73.9773}]}, {"pressure": 0.07887, "total_adsorption": 74.6591, "species_data": [{"InChIKey": "LFQSCWFLJHTTHZ-UHFFFAOYSA-N", "composition": 1, "adsorption": 74.6591}]}]}