{"filename": "10.1039C0cc00091d.isotherm7", "DOI": "10.1039/C0cc00091d", "articleSource": "UNKNOWN", "date": "1000-01-01", "digitizer": "UNKNOWN", "adsorbent": {"hashkey": "NIST-MATDB-5b3ad76c63b1ce87a685648f69a4de28", "name": "CPO-27-Ni"}, "adsorbates": [{"InChIKey": "UFHFLCQGNIYNRP-UHFFFAOYSA-N", "name": "Hydrogen"}], "category": "", "temperature": 77, "isotherm_type": "", "adsorptionUnits": "mol/mol", "pressureUnits": "bar", "compositionType": "molefraction", "concentrationUnits": "", "isotherm_data": [{"pressure": 0.0171193, "total_adsorption": 0.00936321, "species_data": [{"InChIKey": "UFHFLCQGNIYNRP-UHFFFAOYSA-N", "composition": 1, "adsorption": 0.00936321}]}, {"pressure": 0.209388, "total_adsorption": 0.0159178, "species_data": [{"InChIKey": "UFHFLCQGNIYNRP-UHFFFAOYSA-N", "composition": 1, "adsorption": 0.0159178}]}, {"pressure": 0.309892, "total_adsorption": 0.0847414, "species_data": [{"InChIKey": "UFHFLCQGNIYNRP-UHFFFAOYSA-N", "composition": 1, "adsorption": 0.0847414}]}, {"pressure": 0.491237, "total_adsorption": 0.654993, "species_data": [{"InChIKey": "UFHFLCQGNIYNRP-UHFFFAOYSA-N", "composition": 1, "adsorption": 0.654993}]}, {"pressure": 0.565523, "total_adsorption": 0.825414, "species_data": [{"InChIKey": "UFHFLCQGNIYNRP-UHFFFAOYSA-N", "composition": 1, "adsorption": 0.825414}]}, {"pressure": 0.60922, "total_adsorption": 0.871296, "species_data": [{"InChIKey": "UFHFLCQGNIYNRP-UHFFFAOYSA-N", "composition": 1, "adsorption": 0.871296}]}, {"pressure": 0.722834, "total_adsorption": 0.936842, "species_data": [{"InChIKey": "UFHFLCQGNIYNRP-UHFFFAOYSA-N", "composition": 1, "adsorption": 0.936842}]}, {"pressure": 0.762161, "total_adsorption": 0.953229, "species_data": [{"InChIKey": "UFHFLCQGNIYNRP-UHFFFAOYSA-N", "composition": 1, "adsorption": 0.953229}]}, {"pressure": 0.86485, "total_adsorption": 1.10071, "species_data": [{"InChIKey": "UFHFLCQGNIYNRP-UHFFFAOYSA-N", "composition": 1, "adsorption": 1.10071}]}, {"pressure": 0.884514, "total_adsorption": 1.17609, "species_data": [{"InChIKey": "UFHFLCQGNIYNRP-UHFFFAOYSA-N", "composition": 1, "adsorption": 1.17609}]}, {"pressure": 0.991573, "total_adsorption": 1.68079, "species_data": [{"InChIKey": "UFHFLCQGNIYNRP-UHFFFAOYSA-N", "composition": 1, "adsorption": 1.68079}]}]}