{"isotherm_data":[{"pressure":0,"total_adsorption":0,"species_data":[{"composition":1,"adsorption":0,"InChIKey":"VNWKTOKETHGBQD-UHFFFAOYSA-N"}]},{"pressure":0.408628,"total_adsorption":0.232446,"species_data":[{"composition":1,"adsorption":0.232446,"InChIKey":"VNWKTOKETHGBQD-UHFFFAOYSA-N"}]},{"pressure":0.621732,"total_adsorption":0.290557,"species_data":[{"composition":1,"adsorption":0.290557,"InChIKey":"VNWKTOKETHGBQD-UHFFFAOYSA-N"}]},{"pressure":0.923851,"total_adsorption":0.523002,"species_data":[{"composition":1,"adsorption":0.523002,"InChIKey":"VNWKTOKETHGBQD-UHFFFAOYSA-N"}]},{"pressure":1.3679,"total_adsorption":0.697337,"species_data":[{"composition":1,"adsorption":0.697337,"InChIKey":"VNWKTOKETHGBQD-UHFFFAOYSA-N"}]},{"pressure":1.86528,"total_adsorption":0.929782,"species_data":[{"composition":1,"adsorption":0.929782,"InChIKey":"VNWKTOKETHGBQD-UHFFFAOYSA-N"}]},{"pressure":3.87249,"total_adsorption":1.80145,"species_data":[{"composition":1,"adsorption":1.80145,"InChIKey":"VNWKTOKETHGBQD-UHFFFAOYSA-N"}]},{"pressure":5.86194,"total_adsorption":2.67312,"species_data":[{"composition":1,"adsorption":2.67312,"InChIKey":"VNWKTOKETHGBQD-UHFFFAOYSA-N"}]},{"pressure":7.83347,"total_adsorption":3.42857,"species_data":[{"composition":1,"adsorption":3.42857,"InChIKey":"VNWKTOKETHGBQD-UHFFFAOYSA-N"}]}],"temperature":298,"articleSource":"Figure 7","compositionType":"molefraction","adsorbates":[{"name":"Methane","InChIKey":"VNWKTOKETHGBQD-UHFFFAOYSA-N"}],"adsorptionUnits":"mmol/g","date":"2016-07-06","category":"exp","digitizer":"Adithya Varadan","pressureUnits":"bar","DOI":"10.1039/c5sc00614g","adsorbent":{"name":"Y-ftw-MOF-2","hashkey":"NIST-MATDB-0fda178e19926b1dd1cb87d13b6c9b8f"},"concentrationUnits":"","filename":"10.1039c5sc00614g.Isotherm6","isotherm_type":""}