{"filename": "10.1039C3cc43352h.isotherm11", "DOI": "10.1039/C3cc43352h", "articleSource": "UNKNOWN", "date": "1000-01-01", "digitizer": "UNKNOWN", "adsorbent": {"hashkey": "NIST-MATDB-a5f2700018fabfecc4d4d0c9b084d6a3", "name": "75WT%-PEI-MIL-101(Cr)"}, "adsorbates": [{"InChIKey": "VNWKTOKETHGBQD-UHFFFAOYSA-N", "name": "Methane"}], "category": "", "temperature": 298, "isotherm_type": "", "adsorptionUnits": "mmol/g", "pressureUnits": "bar", "compositionType": "molefraction", "concentrationUnits": "", "isotherm_data": [{"pressure": 0.01618, "total_adsorption": 0.0391973, "species_data": [{"InChIKey": "VNWKTOKETHGBQD-UHFFFAOYSA-N", "composition": 1, "adsorption": 0.0391973}]}, {"pressure": 0.287222, "total_adsorption": 0.0592745, "species_data": [{"InChIKey": "VNWKTOKETHGBQD-UHFFFAOYSA-N", "composition": 1, "adsorption": 0.0592745}]}, {"pressure": 0.621843, "total_adsorption": 0.0726593, "species_data": [{"InChIKey": "VNWKTOKETHGBQD-UHFFFAOYSA-N", "composition": 1, "adsorption": 0.0726593}]}, {"pressure": 0.80923, "total_adsorption": 0.0860441, "species_data": [{"InChIKey": "VNWKTOKETHGBQD-UHFFFAOYSA-N", "composition": 1, "adsorption": 0.0860441}]}, {"pressure": 1.02673, "total_adsorption": 0.0927365, "species_data": [{"InChIKey": "VNWKTOKETHGBQD-UHFFFAOYSA-N", "composition": 1, "adsorption": 0.0927365}]}, {"pressure": 1.32455, "total_adsorption": 0.112814, "species_data": [{"InChIKey": "VNWKTOKETHGBQD-UHFFFAOYSA-N", "composition": 1, "adsorption": 0.112814}]}, {"pressure": 1.60897, "total_adsorption": 0.132891, "species_data": [{"InChIKey": "VNWKTOKETHGBQD-UHFFFAOYSA-N", "composition": 1, "adsorption": 0.132891}]}, {"pressure": 1.8064, "total_adsorption": 0.152968, "species_data": [{"InChIKey": "VNWKTOKETHGBQD-UHFFFAOYSA-N", "composition": 1, "adsorption": 0.152968}]}, {"pressure": 2.00382, "total_adsorption": 0.173045, "species_data": [{"InChIKey": "VNWKTOKETHGBQD-UHFFFAOYSA-N", "composition": 1, "adsorption": 0.173045}]}, {"pressure": 2.18117, "total_adsorption": 0.199815, "species_data": [{"InChIKey": "VNWKTOKETHGBQD-UHFFFAOYSA-N", "composition": 1, "adsorption": 0.199815}]}]}