{"filename": "10.1016j.jcis.2007.04.016.Isotherm3", "DOI": "10.1016/j.jcis.2007.04.016", "articleSource": "UNKNOWN", "date": "1000-01-01", "digitizer": "UNKNOWN", "adsorbent": {"hashkey": "NIST-MATDB-f418de79c2e84bb2d8c54f59a407907a", "name": "GOC16Si-6-823"}, "adsorbates": [{"InChIKey": "XLYOFNOQVPJJNP-UHFFFAOYSA-N", "name": "Water"}], "category": "", "temperature": 298, "isotherm_type": "", "adsorptionUnits": "cm3(STP)/g", "pressureUnits": "bar", "compositionType": "molefraction", "concentrationUnits": "", "isotherm_data": [{"pressure": 0.00108815, "total_adsorption": 0.00569073, "species_data": [{"InChIKey": "XLYOFNOQVPJJNP-UHFFFAOYSA-N", "composition": 1, "adsorption": 0.00569073}]}, {"pressure": 0.0023668, "total_adsorption": 0.0171832, "species_data": [{"InChIKey": "XLYOFNOQVPJJNP-UHFFFAOYSA-N", "composition": 1, "adsorption": 0.0171832}]}, {"pressure": 0.00281438, "total_adsorption": 0.0210113, "species_data": [{"InChIKey": "XLYOFNOQVPJJNP-UHFFFAOYSA-N", "composition": 1, "adsorption": 0.0210113}]}, {"pressure": 0.00383904, "total_adsorption": 0.0247682, "species_data": [{"InChIKey": "XLYOFNOQVPJJNP-UHFFFAOYSA-N", "composition": 1, "adsorption": 0.0247682}]}, {"pressure": 0.00435075, "total_adsorption": 0.0285884, "species_data": [{"InChIKey": "XLYOFNOQVPJJNP-UHFFFAOYSA-N", "composition": 1, "adsorption": 0.0285884}]}, {"pressure": 0.00505543, "total_adsorption": 0.0304431, "species_data": [{"InChIKey": "XLYOFNOQVPJJNP-UHFFFAOYSA-N", "composition": 1, "adsorption": 0.0304431}]}, {"pressure": 0.00582361, "total_adsorption": 0.0342316, "species_data": [{"InChIKey": "XLYOFNOQVPJJNP-UHFFFAOYSA-N", "composition": 1, "adsorption": 0.0342316}]}, {"pressure": 0.0062077, "total_adsorption": 0.0361259, "species_data": [{"InChIKey": "XLYOFNOQVPJJNP-UHFFFAOYSA-N", "composition": 1, "adsorption": 0.0361259}]}, {"pressure": 0.00716824, "total_adsorption": 0.0398906, "species_data": [{"InChIKey": "XLYOFNOQVPJJNP-UHFFFAOYSA-N", "composition": 1, "adsorption": 0.0398906}]}, {"pressure": 0.00793518, "total_adsorption": 0.0475628, "species_data": [{"InChIKey": "XLYOFNOQVPJJNP-UHFFFAOYSA-N", "composition": 1, "adsorption": 0.0475628}]}, {"pressure": 0.00908869, "total_adsorption": 0.049362, "species_data": [{"InChIKey": "XLYOFNOQVPJJNP-UHFFFAOYSA-N", "composition": 1, "adsorption": 0.049362}]}, {"pressure": 0.00972864, "total_adsorption": 0.0531664, "species_data": [{"InChIKey": "XLYOFNOQVPJJNP-UHFFFAOYSA-N", "composition": 1, "adsorption": 0.0531664}]}, {"pressure": 0.0110079, "total_adsorption": 0.062717, "species_data": [{"InChIKey": "XLYOFNOQVPJJNP-UHFFFAOYSA-N", "composition": 1, "adsorption": 0.062717}]}, {"pressure": 0.0122878, "total_adsorption": 0.0703258, "species_data": [{"InChIKey": "XLYOFNOQVPJJNP-UHFFFAOYSA-N", "composition": 1, "adsorption": 0.0703258}]}, {"pressure": 0.01408, "total_adsorption": 0.079813, "species_data": [{"InChIKey": "XLYOFNOQVPJJNP-UHFFFAOYSA-N", "composition": 1, "adsorption": 0.079813}]}, {"pressure": 0.0153586, "total_adsorption": 0.0913054, "species_data": [{"InChIKey": "XLYOFNOQVPJJNP-UHFFFAOYSA-N", "composition": 1, "adsorption": 0.0913054}]}, {"pressure": 0.0166995, "total_adsorption": 0.108615, "species_data": [{"InChIKey": "XLYOFNOQVPJJNP-UHFFFAOYSA-N", "composition": 1, "adsorption": 0.108615}]}, {"pressure": 0.0177205, "total_adsorption": 0.124023, "species_data": [{"InChIKey": "XLYOFNOQVPJJNP-UHFFFAOYSA-N", "composition": 1, "adsorption": 0.124023}]}, {"pressure": 0.018996, "total_adsorption": 0.145225, "species_data": [{"InChIKey": "XLYOFNOQVPJJNP-UHFFFAOYSA-N", "composition": 1, "adsorption": 0.145225}]}, {"pressure": 0.0202074, "total_adsorption": 0.166434, "species_data": [{"InChIKey": "XLYOFNOQVPJJNP-UHFFFAOYSA-N", "composition": 1, "adsorption": 0.166434}]}, {"pressure": 0.0213553, "total_adsorption": 0.18571, "species_data": [{"InChIKey": "XLYOFNOQVPJJNP-UHFFFAOYSA-N", "composition": 1, "adsorption": 0.18571}]}, {"pressure": 0.022568, "total_adsorption": 0.203036, "species_data": [{"InChIKey": "XLYOFNOQVPJJNP-UHFFFAOYSA-N", "composition": 1, "adsorption": 0.203036}]}, {"pressure": 0.023653, "total_adsorption": 0.218435, "species_data": [{"InChIKey": "XLYOFNOQVPJJNP-UHFFFAOYSA-N", "composition": 1, "adsorption": 0.218435}]}, {"pressure": 0.0248009, "total_adsorption": 0.237711, "species_data": [{"InChIKey": "XLYOFNOQVPJJNP-UHFFFAOYSA-N", "composition": 1, "adsorption": 0.237711}]}, {"pressure": 0.0262066, "total_adsorption": 0.253071, "species_data": [{"InChIKey": "XLYOFNOQVPJJNP-UHFFFAOYSA-N", "composition": 1, "adsorption": 0.253071}]}, {"pressure": 0.0271659, "total_adsorption": 0.26072, "species_data": [{"InChIKey": "XLYOFNOQVPJJNP-UHFFFAOYSA-N", "composition": 1, "adsorption": 0.26072}]}, {"pressure": 0.028508, "total_adsorption": 0.274146, "species_data": [{"InChIKey": "XLYOFNOQVPJJNP-UHFFFAOYSA-N", "composition": 1, "adsorption": 0.274146}]}]}