{"isotherm_data":[{"pressure":0.0324727,"total_adsorption":0.0736051,"species_data":[{"composition":1,"adsorption":0.0736051,"InChIKey":"CURLTUGMZLYLDI-UHFFFAOYSA-N"}]},{"pressure":0.0443168,"total_adsorption":0.136862,"species_data":[{"composition":1,"adsorption":0.136862,"InChIKey":"CURLTUGMZLYLDI-UHFFFAOYSA-N"}]},{"pressure":0.0591063,"total_adsorption":0.200088,"species_data":[{"composition":1,"adsorption":0.200088,"InChIKey":"CURLTUGMZLYLDI-UHFFFAOYSA-N"}]},{"pressure":0.0827219,"total_adsorption":0.252659,"species_data":[{"composition":1,"adsorption":0.252659,"InChIKey":"CURLTUGMZLYLDI-UHFFFAOYSA-N"}]},{"pressure":0.103402,"total_adsorption":0.315823,"species_data":[{"composition":1,"adsorption":0.315823,"InChIKey":"CURLTUGMZLYLDI-UHFFFAOYSA-N"}]},{"pressure":0.127049,"total_adsorption":0.400084,"species_data":[{"composition":1,"adsorption":0.400084,"InChIKey":"CURLTUGMZLYLDI-UHFFFAOYSA-N"}]},{"pressure":0.162478,"total_adsorption":0.484222,"species_data":[{"composition":1,"adsorption":0.484222,"InChIKey":"CURLTUGMZLYLDI-UHFFFAOYSA-N"}]},{"pressure":0.200883,"total_adsorption":0.600018,"species_data":[{"composition":1,"adsorption":0.600018,"InChIKey":"CURLTUGMZLYLDI-UHFFFAOYSA-N"}]},{"pressure":0.251101,"total_adsorption":0.747382,"species_data":[{"composition":1,"adsorption":0.747382,"InChIKey":"CURLTUGMZLYLDI-UHFFFAOYSA-N"}]},{"pressure":0.319012,"total_adsorption":0.915688,"species_data":[{"composition":1,"adsorption":0.915688,"InChIKey":"CURLTUGMZLYLDI-UHFFFAOYSA-N"}]},{"pressure":0.401662,"total_adsorption":1.0944,"species_data":[{"composition":1,"adsorption":1.0944,"InChIKey":"CURLTUGMZLYLDI-UHFFFAOYSA-N"}]},{"pressure":0.507906,"total_adsorption":1.30456,"species_data":[{"composition":1,"adsorption":1.30456,"InChIKey":"CURLTUGMZLYLDI-UHFFFAOYSA-N"}]},{"pressure":0.57282,"total_adsorption":1.42008,"species_data":[{"composition":1,"adsorption":1.42008,"InChIKey":"CURLTUGMZLYLDI-UHFFFAOYSA-N"}]},{"pressure":0.64068,"total_adsorption":1.53557,"species_data":[{"composition":1,"adsorption":1.53557,"InChIKey":"CURLTUGMZLYLDI-UHFFFAOYSA-N"}]},{"pressure":0.717397,"total_adsorption":1.6721,"species_data":[{"composition":1,"adsorption":1.6721,"InChIKey":"CURLTUGMZLYLDI-UHFFFAOYSA-N"}]},{"pressure":0.805875,"total_adsorption":1.78737,"species_data":[{"composition":1,"adsorption":1.78737,"InChIKey":"CURLTUGMZLYLDI-UHFFFAOYSA-N"}]},{"pressure":0.90321,"total_adsorption":1.92368,"species_data":[{"composition":1,"adsorption":1.92368,"InChIKey":"CURLTUGMZLYLDI-UHFFFAOYSA-N"}]},{"pressure":1.00937,"total_adsorption":2.04934,"species_data":[{"composition":1,"adsorption":2.04934,"InChIKey":"CURLTUGMZLYLDI-UHFFFAOYSA-N"}]}],"temperature":303,"articleSource":"UNKNOWN","compositionType":"molefraction","adsorbates":[{"name":"Carbon Dioxide","InChIKey":"CURLTUGMZLYLDI-UHFFFAOYSA-N"}],"adsorptionUnits":"wt%","date":"1000-01-01","category":"","digitizer":"UNKNOWN","pressureUnits":"bar","DOI":"10.1002/adfm.201101479","adsorbent":{"name":"Zn(BDC)(DMBPY) 0.5","hashkey":"NIST-MATDB-655315f090663b4723680a6683f06403"},"concentrationUnits":"","filename":"10.1002adfm.201101479.Isotherm15","isotherm_type":""}