{"isotherm_data":[{"pressure":0.179519,"total_adsorption":0.0327197,"species_data":[{"composition":1,"adsorption":0.0327197,"InChIKey":"IJGRMHOSHXDMSA-UHFFFAOYSA-N"}]},{"pressure":0.243018,"total_adsorption":0.0498814,"species_data":[{"composition":1,"adsorption":0.0498814,"InChIKey":"IJGRMHOSHXDMSA-UHFFFAOYSA-N"}]},{"pressure":0.308232,"total_adsorption":0.0627527,"species_data":[{"composition":1,"adsorption":0.0627527,"InChIKey":"IJGRMHOSHXDMSA-UHFFFAOYSA-N"}]},{"pressure":0.375163,"total_adsorption":0.075624,"species_data":[{"composition":1,"adsorption":0.075624,"InChIKey":"IJGRMHOSHXDMSA-UHFFFAOYSA-N"}]},{"pressure":0.510741,"total_adsorption":0.0842049,"species_data":[{"composition":1,"adsorption":0.0842049,"InChIKey":"IJGRMHOSHXDMSA-UHFFFAOYSA-N"}]},{"pressure":0.64117,"total_adsorption":0.109947,"species_data":[{"composition":1,"adsorption":0.109947,"InChIKey":"IJGRMHOSHXDMSA-UHFFFAOYSA-N"}]},{"pressure":0.775031,"total_adsorption":0.122819,"species_data":[{"composition":1,"adsorption":0.122819,"InChIKey":"IJGRMHOSHXDMSA-UHFFFAOYSA-N"}]},{"pressure":0.907176,"total_adsorption":0.13569,"species_data":[{"composition":1,"adsorption":0.13569,"InChIKey":"IJGRMHOSHXDMSA-UHFFFAOYSA-N"}]},{"pressure":0.977539,"total_adsorption":0.144271,"species_data":[{"composition":1,"adsorption":0.144271,"InChIKey":"IJGRMHOSHXDMSA-UHFFFAOYSA-N"}]},{"pressure":1.03932,"total_adsorption":0.157142,"species_data":[{"composition":1,"adsorption":0.157142,"InChIKey":"IJGRMHOSHXDMSA-UHFFFAOYSA-N"}]},{"pressure":1.1114,"total_adsorption":0.165723,"species_data":[{"composition":1,"adsorption":0.165723,"InChIKey":"IJGRMHOSHXDMSA-UHFFFAOYSA-N"}]}],"temperature":298,"articleSource":"UNKNOWN","compositionType":"molefraction","adsorbates":[{"name":"Nitrogen","InChIKey":"IJGRMHOSHXDMSA-UHFFFAOYSA-N"}],"adsorptionUnits":"mmol/g","date":"1000-01-01","category":"","digitizer":"UNKNOWN","pressureUnits":"bar","DOI":"10.1039/C3dt00083d","adsorbent":{"name":"Zn(NDC)(DPMBI)","hashkey":"NIST-MATDB-a0ccfbbbc17279f073aa1146a3a79ee1"},"concentrationUnits":"","filename":"10.1039C3dt00083d.isotherm9","isotherm_type":""}