{"isotherm_data":[{"pressure":2.03e-5,"total_adsorption":0.0663836,"species_data":[{"composition":1,"adsorption":0.0663836,"InChIKey":"QQONPFPTGQHPMA-UHFFFAOYSA-N"}]},{"pressure":0.000206,"total_adsorption":0.120084,"species_data":[{"composition":1,"adsorption":0.120084,"InChIKey":"QQONPFPTGQHPMA-UHFFFAOYSA-N"}]},{"pressure":0.000508,"total_adsorption":0.415437,"species_data":[{"composition":1,"adsorption":0.415437,"InChIKey":"QQONPFPTGQHPMA-UHFFFAOYSA-N"}]},{"pressure":0.00107152,"total_adsorption":0.657089,"species_data":[{"composition":1,"adsorption":0.657089,"InChIKey":"QQONPFPTGQHPMA-UHFFFAOYSA-N"}]},{"pressure":0.00214815,"total_adsorption":1.19409,"species_data":[{"composition":1,"adsorption":1.19409,"InChIKey":"QQONPFPTGQHPMA-UHFFFAOYSA-N"}]},{"pressure":0.00515755,"total_adsorption":2.88566,"species_data":[{"composition":1,"adsorption":2.88566,"InChIKey":"QQONPFPTGQHPMA-UHFFFAOYSA-N"}]},{"pressure":0.0202016,"total_adsorption":7.0206,"species_data":[{"composition":1,"adsorption":7.0206,"InChIKey":"QQONPFPTGQHPMA-UHFFFAOYSA-N"}]},{"pressure":0.0485026,"total_adsorption":8.90012,"species_data":[{"composition":1,"adsorption":8.90012,"InChIKey":"QQONPFPTGQHPMA-UHFFFAOYSA-N"}]},{"pressure":0.0997742,"total_adsorption":9.86673,"species_data":[{"composition":1,"adsorption":9.86673,"InChIKey":"QQONPFPTGQHPMA-UHFFFAOYSA-N"}]},{"pressure":0.200025,"total_adsorption":10.4037,"species_data":[{"composition":1,"adsorption":10.4037,"InChIKey":"QQONPFPTGQHPMA-UHFFFAOYSA-N"}]},{"pressure":0.492777,"total_adsorption":11.0213,"species_data":[{"composition":1,"adsorption":11.0213,"InChIKey":"QQONPFPTGQHPMA-UHFFFAOYSA-N"}]},{"pressure":1.01368,"total_adsorption":11.3435,"species_data":[{"composition":1,"adsorption":11.3435,"InChIKey":"QQONPFPTGQHPMA-UHFFFAOYSA-N"}]}],"temperature":303,"articleSource":"UNKNOWN","compositionType":"molefraction","adsorbates":[{"name":"Propene","InChIKey":"QQONPFPTGQHPMA-UHFFFAOYSA-N"}],"adsorptionUnits":"molecules/unitcell","date":"1000-01-01","category":"","digitizer":"UNKNOWN","pressureUnits":"bar","DOI":"10.1021/Jp074918p","adsorbent":{"name":"Silicalite MFI","hashkey":"NIST-MATDB-5d0728ebc1e0053aa120288307a704c8"},"concentrationUnits":"","filename":"10.1021Jp074918p.isotherm2","isotherm_type":""}