{"filename": "10.1016j.micromeso.2012.01.033.Isotherm18", "DOI": "10.1016/j.micromeso.2012.01.033", "articleSource": "UNKNOWN", "date": "1000-01-01", "digitizer": "UNKNOWN", "adsorbent": {"hashkey": "NIST-MATDB-a802c8f06888bfc869dfc25af5ada337", "name": "Zn(BDC)(DABCO)0.5"}, "adsorbates": [{"InChIKey": "URLKBWYHVLBVBO-UHFFFAOYSA-N", "name": "P-Xylene"}], "category": "", "temperature": 448, "isotherm_type": "", "adsorptionUnits": "mmol/g", "pressureUnits": "bar", "compositionType": "molefraction", "concentrationUnits": "", "isotherm_data": [{"pressure": 0.000878915, "total_adsorption": 0.163814, "species_data": [{"InChIKey": "URLKBWYHVLBVBO-UHFFFAOYSA-N", "composition": 1, "adsorption": 0.163814}]}, {"pressure": 0.00306062, "total_adsorption": 0.436837, "species_data": [{"InChIKey": "URLKBWYHVLBVBO-UHFFFAOYSA-N", "composition": 1, "adsorption": 0.436837}]}, {"pressure": 0.00523401, "total_adsorption": 0.637054, "species_data": [{"InChIKey": "URLKBWYHVLBVBO-UHFFFAOYSA-N", "composition": 1, "adsorption": 0.637054}]}, {"pressure": 0.00697314, "total_adsorption": 0.800868, "species_data": [{"InChIKey": "URLKBWYHVLBVBO-UHFFFAOYSA-N", "composition": 1, "adsorption": 0.800868}]}, {"pressure": 0.00784167, "total_adsorption": 0.873674, "species_data": [{"InChIKey": "URLKBWYHVLBVBO-UHFFFAOYSA-N", "composition": 1, "adsorption": 0.873674}]}, {"pressure": 0.0104389, "total_adsorption": 1.01929, "species_data": [{"InChIKey": "URLKBWYHVLBVBO-UHFFFAOYSA-N", "composition": 1, "adsorption": 1.01929}]}, {"pressure": 0.0130362, "total_adsorption": 1.1649, "species_data": [{"InChIKey": "URLKBWYHVLBVBO-UHFFFAOYSA-N", "composition": 1, "adsorption": 1.1649}]}, {"pressure": 0.0160615, "total_adsorption": 1.29231, "species_data": [{"InChIKey": "URLKBWYHVLBVBO-UHFFFAOYSA-N", "composition": 1, "adsorption": 1.29231}]}, {"pressure": 0.0190847, "total_adsorption": 1.40152, "species_data": [{"InChIKey": "URLKBWYHVLBVBO-UHFFFAOYSA-N", "composition": 1, "adsorption": 1.40152}]}, {"pressure": 0.022538, "total_adsorption": 1.51073, "species_data": [{"InChIKey": "URLKBWYHVLBVBO-UHFFFAOYSA-N", "composition": 1, "adsorption": 1.51073}]}, {"pressure": 0.0298686, "total_adsorption": 1.67454, "species_data": [{"InChIKey": "URLKBWYHVLBVBO-UHFFFAOYSA-N", "composition": 1, "adsorption": 1.67454}]}, {"pressure": 0.0354724, "total_adsorption": 1.78375, "species_data": [{"InChIKey": "URLKBWYHVLBVBO-UHFFFAOYSA-N", "composition": 1, "adsorption": 1.78375}]}, {"pressure": 0.0445151, "total_adsorption": 1.87476, "species_data": [{"InChIKey": "URLKBWYHVLBVBO-UHFFFAOYSA-N", "composition": 1, "adsorption": 1.87476}]}, {"pressure": 0.0518373, "total_adsorption": 1.96577, "species_data": [{"InChIKey": "URLKBWYHVLBVBO-UHFFFAOYSA-N", "composition": 1, "adsorption": 1.96577}]}, {"pressure": 0.0604457, "total_adsorption": 2.02037, "species_data": [{"InChIKey": "URLKBWYHVLBVBO-UHFFFAOYSA-N", "composition": 1, "adsorption": 2.02037}]}, {"pressure": 0.0694842, "total_adsorption": 2.07498, "species_data": [{"InChIKey": "URLKBWYHVLBVBO-UHFFFAOYSA-N", "composition": 1, "adsorption": 2.07498}]}, {"pressure": 0.0768022, "total_adsorption": 2.12958, "species_data": [{"InChIKey": "URLKBWYHVLBVBO-UHFFFAOYSA-N", "composition": 1, "adsorption": 2.12958}]}, {"pressure": 0.0811054, "total_adsorption": 2.14778, "species_data": [{"InChIKey": "URLKBWYHVLBVBO-UHFFFAOYSA-N", "composition": 1, "adsorption": 2.14778}]}, {"pressure": 0.0884214, "total_adsorption": 2.18419, "species_data": [{"InChIKey": "URLKBWYHVLBVBO-UHFFFAOYSA-N", "composition": 1, "adsorption": 2.18419}]}, {"pressure": 0.0953052, "total_adsorption": 2.20239, "species_data": [{"InChIKey": "URLKBWYHVLBVBO-UHFFFAOYSA-N", "composition": 1, "adsorption": 2.20239}]}, {"pressure": 0.0991782, "total_adsorption": 2.22059, "species_data": [{"InChIKey": "URLKBWYHVLBVBO-UHFFFAOYSA-N", "composition": 1, "adsorption": 2.22059}]}, {"pressure": 0.103051, "total_adsorption": 2.23879, "species_data": [{"InChIKey": "URLKBWYHVLBVBO-UHFFFAOYSA-N", "composition": 1, "adsorption": 2.23879}]}, {"pressure": 0.109503, "total_adsorption": 2.23879, "species_data": [{"InChIKey": "URLKBWYHVLBVBO-UHFFFAOYSA-N", "composition": 1, "adsorption": 2.23879}]}, {"pressure": 0.115526, "total_adsorption": 2.25699, "species_data": [{"InChIKey": "URLKBWYHVLBVBO-UHFFFAOYSA-N", "composition": 1, "adsorption": 2.25699}]}]}