{"isotherm_data":[{"pressure":1.45446,"total_adsorption":0.0221519,"species_data":[{"composition":1,"adsorption":0.0221519,"InChIKey":"UFHFLCQGNIYNRP-UHFFFAOYSA-N"}]},{"pressure":3.39863,"total_adsorption":0.0316456,"species_data":[{"composition":1,"adsorption":0.0316456,"InChIKey":"UFHFLCQGNIYNRP-UHFFFAOYSA-N"}]},{"pressure":5.58456,"total_adsorption":0.0474684,"species_data":[{"composition":1,"adsorption":0.0474684,"InChIKey":"UFHFLCQGNIYNRP-UHFFFAOYSA-N"}]},{"pressure":7.77126,"total_adsorption":0.0601266,"species_data":[{"composition":1,"adsorption":0.0601266,"InChIKey":"UFHFLCQGNIYNRP-UHFFFAOYSA-N"}]},{"pressure":9.71388,"total_adsorption":0.0759494,"species_data":[{"composition":1,"adsorption":0.0759494,"InChIKey":"UFHFLCQGNIYNRP-UHFFFAOYSA-N"}]},{"pressure":11.9014,"total_adsorption":0.085443,"species_data":[{"composition":1,"adsorption":0.085443,"InChIKey":"UFHFLCQGNIYNRP-UHFFFAOYSA-N"}]},{"pressure":13.844,"total_adsorption":0.101266,"species_data":[{"composition":1,"adsorption":0.101266,"InChIKey":"UFHFLCQGNIYNRP-UHFFFAOYSA-N"}]},{"pressure":15.7866,"total_adsorption":0.117089,"species_data":[{"composition":1,"adsorption":0.117089,"InChIKey":"UFHFLCQGNIYNRP-UHFFFAOYSA-N"}]},{"pressure":17.9725,"total_adsorption":0.132911,"species_data":[{"composition":1,"adsorption":0.132911,"InChIKey":"UFHFLCQGNIYNRP-UHFFFAOYSA-N"}]},{"pressure":19.6711,"total_adsorption":0.151899,"species_data":[{"composition":1,"adsorption":0.151899,"InChIKey":"UFHFLCQGNIYNRP-UHFFFAOYSA-N"}]},{"pressure":21.8601,"total_adsorption":0.155063,"species_data":[{"composition":1,"adsorption":0.155063,"InChIKey":"UFHFLCQGNIYNRP-UHFFFAOYSA-N"}]},{"pressure":24.0468,"total_adsorption":0.167722,"species_data":[{"composition":1,"adsorption":0.167722,"InChIKey":"UFHFLCQGNIYNRP-UHFFFAOYSA-N"}]},{"pressure":26.2343,"total_adsorption":0.177215,"species_data":[{"composition":1,"adsorption":0.177215,"InChIKey":"UFHFLCQGNIYNRP-UHFFFAOYSA-N"}]},{"pressure":28.6643,"total_adsorption":0.189873,"species_data":[{"composition":1,"adsorption":0.189873,"InChIKey":"UFHFLCQGNIYNRP-UHFFFAOYSA-N"}]},{"pressure":30.6084,"total_adsorption":0.199367,"species_data":[{"composition":1,"adsorption":0.199367,"InChIKey":"UFHFLCQGNIYNRP-UHFFFAOYSA-N"}]},{"pressure":32.5526,"total_adsorption":0.208861,"species_data":[{"composition":1,"adsorption":0.208861,"InChIKey":"UFHFLCQGNIYNRP-UHFFFAOYSA-N"}]},{"pressure":34.9834,"total_adsorption":0.218354,"species_data":[{"composition":1,"adsorption":0.218354,"InChIKey":"UFHFLCQGNIYNRP-UHFFFAOYSA-N"}]},{"pressure":37.1708,"total_adsorption":0.227848,"species_data":[{"composition":1,"adsorption":0.227848,"InChIKey":"UFHFLCQGNIYNRP-UHFFFAOYSA-N"}]},{"pressure":39.3575,"total_adsorption":0.240506,"species_data":[{"composition":1,"adsorption":0.240506,"InChIKey":"UFHFLCQGNIYNRP-UHFFFAOYSA-N"}]},{"pressure":41.7883,"total_adsorption":0.25,"species_data":[{"composition":1,"adsorption":0.25,"InChIKey":"UFHFLCQGNIYNRP-UHFFFAOYSA-N"}]},{"pressure":43.9758,"total_adsorption":0.259494,"species_data":[{"composition":1,"adsorption":0.259494,"InChIKey":"UFHFLCQGNIYNRP-UHFFFAOYSA-N"}]},{"pressure":46.1625,"total_adsorption":0.272152,"species_data":[{"composition":1,"adsorption":0.272152,"InChIKey":"UFHFLCQGNIYNRP-UHFFFAOYSA-N"}]},{"pressure":48.35,"total_adsorption":0.281646,"species_data":[{"composition":1,"adsorption":0.281646,"InChIKey":"UFHFLCQGNIYNRP-UHFFFAOYSA-N"}]},{"pressure":50.2949,"total_adsorption":0.287975,"species_data":[{"composition":1,"adsorption":0.287975,"InChIKey":"UFHFLCQGNIYNRP-UHFFFAOYSA-N"}]},{"pressure":52.4824,"total_adsorption":0.297468,"species_data":[{"composition":1,"adsorption":0.297468,"InChIKey":"UFHFLCQGNIYNRP-UHFFFAOYSA-N"}]},{"pressure":54.6691,"total_adsorption":0.310127,"species_data":[{"composition":1,"adsorption":0.310127,"InChIKey":"UFHFLCQGNIYNRP-UHFFFAOYSA-N"}]},{"pressure":56.8565,"total_adsorption":0.31962,"species_data":[{"composition":1,"adsorption":0.31962,"InChIKey":"UFHFLCQGNIYNRP-UHFFFAOYSA-N"}]},{"pressure":59.2873,"total_adsorption":0.329114,"species_data":[{"composition":1,"adsorption":0.329114,"InChIKey":"UFHFLCQGNIYNRP-UHFFFAOYSA-N"}]},{"pressure":61.474,"total_adsorption":0.341772,"species_data":[{"composition":1,"adsorption":0.341772,"InChIKey":"UFHFLCQGNIYNRP-UHFFFAOYSA-N"}]},{"pressure":63.9048,"total_adsorption":0.351266,"species_data":[{"composition":1,"adsorption":0.351266,"InChIKey":"UFHFLCQGNIYNRP-UHFFFAOYSA-N"}]},{"pressure":66.0923,"total_adsorption":0.360759,"species_data":[{"composition":1,"adsorption":0.360759,"InChIKey":"UFHFLCQGNIYNRP-UHFFFAOYSA-N"}]},{"pressure":68.279,"total_adsorption":0.373418,"species_data":[{"composition":1,"adsorption":0.373418,"InChIKey":"UFHFLCQGNIYNRP-UHFFFAOYSA-N"}]},{"pressure":70.2231,"total_adsorption":0.382911,"species_data":[{"composition":1,"adsorption":0.382911,"InChIKey":"UFHFLCQGNIYNRP-UHFFFAOYSA-N"}]},{"pressure":72.4121,"total_adsorption":0.386076,"species_data":[{"composition":1,"adsorption":0.386076,"InChIKey":"UFHFLCQGNIYNRP-UHFFFAOYSA-N"}]},{"pressure":73.8705,"total_adsorption":0.392405,"species_data":[{"composition":1,"adsorption":0.392405,"InChIKey":"UFHFLCQGNIYNRP-UHFFFAOYSA-N"}]},{"pressure":76.0579,"total_adsorption":0.401899,"species_data":[{"composition":1,"adsorption":0.401899,"InChIKey":"UFHFLCQGNIYNRP-UHFFFAOYSA-N"}]},{"pressure":78.0029,"total_adsorption":0.408228,"species_data":[{"composition":1,"adsorption":0.408228,"InChIKey":"UFHFLCQGNIYNRP-UHFFFAOYSA-N"}]},{"pressure":80.4344,"total_adsorption":0.414557,"species_data":[{"composition":1,"adsorption":0.414557,"InChIKey":"UFHFLCQGNIYNRP-UHFFFAOYSA-N"}]},{"pressure":82.6219,"total_adsorption":0.424051,"species_data":[{"composition":1,"adsorption":0.424051,"InChIKey":"UFHFLCQGNIYNRP-UHFFFAOYSA-N"}]},{"pressure":85.0534,"total_adsorption":0.43038,"species_data":[{"composition":1,"adsorption":0.43038,"InChIKey":"UFHFLCQGNIYNRP-UHFFFAOYSA-N"}]},{"pressure":87.2417,"total_adsorption":0.436709,"species_data":[{"composition":1,"adsorption":0.436709,"InChIKey":"UFHFLCQGNIYNRP-UHFFFAOYSA-N"}]},{"pressure":89.6732,"total_adsorption":0.443038,"species_data":[{"composition":1,"adsorption":0.443038,"InChIKey":"UFHFLCQGNIYNRP-UHFFFAOYSA-N"}]},{"pressure":92.104,"total_adsorption":0.452532,"species_data":[{"composition":1,"adsorption":0.452532,"InChIKey":"UFHFLCQGNIYNRP-UHFFFAOYSA-N"}]},{"pressure":94.2915,"total_adsorption":0.462025,"species_data":[{"composition":1,"adsorption":0.462025,"InChIKey":"UFHFLCQGNIYNRP-UHFFFAOYSA-N"}]},{"pressure":96.4797,"total_adsorption":0.468354,"species_data":[{"composition":1,"adsorption":0.468354,"InChIKey":"UFHFLCQGNIYNRP-UHFFFAOYSA-N"}]},{"pressure":98.9105,"total_adsorption":0.477848,"species_data":[{"composition":1,"adsorption":0.477848,"InChIKey":"UFHFLCQGNIYNRP-UHFFFAOYSA-N"}]},{"pressure":101.1,"total_adsorption":0.481013,"species_data":[{"composition":1,"adsorption":0.481013,"InChIKey":"UFHFLCQGNIYNRP-UHFFFAOYSA-N"}]}],"temperature":298,"articleSource":"UNKNOWN","compositionType":"molefraction","adsorbates":[{"name":"Hydrogen","InChIKey":"UFHFLCQGNIYNRP-UHFFFAOYSA-N"}],"adsorptionUnits":"wt%","date":"1000-01-01","category":"","digitizer":"UNKNOWN","pressureUnits":"bar","DOI":"10.1021/Cm202554j","adsorbent":{"name":"IRMOF-1","hashkey":"NIST-MATDB-2c9380bddc59f547484ff729eab7d7cb"},"concentrationUnits":"","filename":"10.1021Cm202554j.Isotherm10","isotherm_type":""}