{"filename": "10.1039C2cc36153a.isotherm6", "DOI": "10.1039/C2cc36153a", "articleSource": "UNKNOWN", "date": "1000-01-01", "digitizer": "UNKNOWN", "adsorbent": {"hashkey": "NIST-MATDB-0c716da6e0a16c2dc92933ea7439988b", "name": "Rh2(p-F-PhCO2)4(phz)]"}, "adsorbates": [{"InChIKey": "MWUXSHHQAYIFBG-UHFFFAOYSA-N", "name": "Nitric oxide"}], "category": "", "temperature": 121, "isotherm_type": "", "adsorptionUnits": "cm3(STP)/g", "pressureUnits": "bar", "compositionType": "molefraction", "concentrationUnits": "", "isotherm_data": [{"pressure": 0.00619484, "total_adsorption": 32.1488, "species_data": [{"InChIKey": "MWUXSHHQAYIFBG-UHFFFAOYSA-N", "composition": 1, "adsorption": 32.1488}]}, {"pressure": 0.00837971, "total_adsorption": 73.6614, "species_data": [{"InChIKey": "MWUXSHHQAYIFBG-UHFFFAOYSA-N", "composition": 1, "adsorption": 73.6614}]}, {"pressure": 0.0433377, "total_adsorption": 76.3925, "species_data": [{"InChIKey": "MWUXSHHQAYIFBG-UHFFFAOYSA-N", "composition": 1, "adsorption": 76.3925}]}, {"pressure": 0.104514, "total_adsorption": 78.0311, "species_data": [{"InChIKey": "MWUXSHHQAYIFBG-UHFFFAOYSA-N", "composition": 1, "adsorption": 78.0311}]}, {"pressure": 0.213758, "total_adsorption": 79.1236, "species_data": [{"InChIKey": "MWUXSHHQAYIFBG-UHFFFAOYSA-N", "composition": 1, "adsorption": 79.1236}]}, {"pressure": 0.312077, "total_adsorption": 80.216, "species_data": [{"InChIKey": "MWUXSHHQAYIFBG-UHFFFAOYSA-N", "composition": 1, "adsorption": 80.216}]}, {"pressure": 0.410397, "total_adsorption": 81.8547, "species_data": [{"InChIKey": "MWUXSHHQAYIFBG-UHFFFAOYSA-N", "composition": 1, "adsorption": 81.8547}]}, {"pressure": 0.517455, "total_adsorption": 82.9471, "species_data": [{"InChIKey": "MWUXSHHQAYIFBG-UHFFFAOYSA-N", "composition": 1, "adsorption": 82.9471}]}, {"pressure": 0.620144, "total_adsorption": 84.0395, "species_data": [{"InChIKey": "MWUXSHHQAYIFBG-UHFFFAOYSA-N", "composition": 1, "adsorption": 84.0395}]}, {"pressure": 0.718464, "total_adsorption": 84.5857, "species_data": [{"InChIKey": "MWUXSHHQAYIFBG-UHFFFAOYSA-N", "composition": 1, "adsorption": 84.5857}]}, {"pressure": 0.823338, "total_adsorption": 86.2244, "species_data": [{"InChIKey": "MWUXSHHQAYIFBG-UHFFFAOYSA-N", "composition": 1, "adsorption": 86.2244}]}, {"pressure": 0.923842, "total_adsorption": 87.8631, "species_data": [{"InChIKey": "MWUXSHHQAYIFBG-UHFFFAOYSA-N", "composition": 1, "adsorption": 87.8631}]}, {"pressure": 0.960985, "total_adsorption": 97.695, "species_data": [{"InChIKey": "MWUXSHHQAYIFBG-UHFFFAOYSA-N", "composition": 1, "adsorption": 97.695}]}, {"pressure": 0.965355, "total_adsorption": 111.897, "species_data": [{"InChIKey": "MWUXSHHQAYIFBG-UHFFFAOYSA-N", "composition": 1, "adsorption": 111.897}]}]}