{"isotherm_data":[{"pressure":0.00860203,"total_adsorption":203.797,"species_data":[{"composition":1,"adsorption":203.797,"InChIKey":"IJGRMHOSHXDMSA-UHFFFAOYSA-N"}]},{"pressure":0.00943038,"total_adsorption":88.6076,"species_data":[{"composition":1,"adsorption":88.6076,"InChIKey":"IJGRMHOSHXDMSA-UHFFFAOYSA-N"}]},{"pressure":0.00987641,"total_adsorption":26.5823,"species_data":[{"composition":1,"adsorption":26.5823,"InChIKey":"IJGRMHOSHXDMSA-UHFFFAOYSA-N"}]},{"pressure":0.0132854,"total_adsorption":252.532,"species_data":[{"composition":1,"adsorption":252.532,"InChIKey":"IJGRMHOSHXDMSA-UHFFFAOYSA-N"}]},{"pressure":0.0383587,"total_adsorption":265.823,"species_data":[{"composition":1,"adsorption":265.823,"InChIKey":"IJGRMHOSHXDMSA-UHFFFAOYSA-N"}]},{"pressure":0.11377,"total_adsorption":279.114,"species_data":[{"composition":1,"adsorption":279.114,"InChIKey":"IJGRMHOSHXDMSA-UHFFFAOYSA-N"}]},{"pressure":0.184179,"total_adsorption":287.975,"species_data":[{"composition":1,"adsorption":287.975,"InChIKey":"IJGRMHOSHXDMSA-UHFFFAOYSA-N"}]},{"pressure":0.259654,"total_adsorption":292.405,"species_data":[{"composition":1,"adsorption":292.405,"InChIKey":"IJGRMHOSHXDMSA-UHFFFAOYSA-N"}]},{"pressure":0.335161,"total_adsorption":292.405,"species_data":[{"composition":1,"adsorption":292.405,"InChIKey":"IJGRMHOSHXDMSA-UHFFFAOYSA-N"}]},{"pressure":0.405634,"total_adsorption":292.405,"species_data":[{"composition":1,"adsorption":292.405,"InChIKey":"IJGRMHOSHXDMSA-UHFFFAOYSA-N"}]},{"pressure":0.460973,"total_adsorption":296.835,"species_data":[{"composition":1,"adsorption":296.835,"InChIKey":"IJGRMHOSHXDMSA-UHFFFAOYSA-N"}]},{"pressure":0.521379,"total_adsorption":296.835,"species_data":[{"composition":1,"adsorption":296.835,"InChIKey":"IJGRMHOSHXDMSA-UHFFFAOYSA-N"}]},{"pressure":0.581752,"total_adsorption":301.266,"species_data":[{"composition":1,"adsorption":301.266,"InChIKey":"IJGRMHOSHXDMSA-UHFFFAOYSA-N"}]},{"pressure":0.63209,"total_adsorption":301.266,"species_data":[{"composition":1,"adsorption":301.266,"InChIKey":"IJGRMHOSHXDMSA-UHFFFAOYSA-N"}]},{"pressure":0.707565,"total_adsorption":305.696,"species_data":[{"composition":1,"adsorption":305.696,"InChIKey":"IJGRMHOSHXDMSA-UHFFFAOYSA-N"}]},{"pressure":0.77807,"total_adsorption":301.266,"species_data":[{"composition":1,"adsorption":301.266,"InChIKey":"IJGRMHOSHXDMSA-UHFFFAOYSA-N"}]},{"pressure":0.858547,"total_adsorption":310.127,"species_data":[{"composition":1,"adsorption":310.127,"InChIKey":"IJGRMHOSHXDMSA-UHFFFAOYSA-N"}]},{"pressure":0.918888,"total_adsorption":318.987,"species_data":[{"composition":1,"adsorption":318.987,"InChIKey":"IJGRMHOSHXDMSA-UHFFFAOYSA-N"}]}],"temperature":77,"articleSource":"UNKNOWN","compositionType":"molefraction","adsorbates":[{"name":"Nitrogen","InChIKey":"IJGRMHOSHXDMSA-UHFFFAOYSA-N"}],"adsorptionUnits":"cm3(STP)/g","date":"1000-01-01","category":"","digitizer":"UNKNOWN","pressureUnits":"bar","DOI":"10.1021/Ja3085884","adsorbent":{"name":"PCN-125/CH2NH2:SO3H","hashkey":"NIST-MATDB-ce154c9caaf4afc2c194a44c9ea22de6"},"concentrationUnits":"","filename":"10.1021Ja3085884.Isotherm27","isotherm_type":""}