{"isotherm_data":[{"pressure":0.00868398,"total_adsorption":402.978,"species_data":[{"composition":1,"adsorption":402.978,"InChIKey":"IJGRMHOSHXDMSA-UHFFFAOYSA-N"}]},{"pressure":0.0347359,"total_adsorption":436.01,"species_data":[{"composition":1,"adsorption":436.01,"InChIKey":"IJGRMHOSHXDMSA-UHFFFAOYSA-N"}]},{"pressure":0.0738138,"total_adsorption":453.931,"species_data":[{"composition":1,"adsorption":453.931,"InChIKey":"IJGRMHOSHXDMSA-UHFFFAOYSA-N"}]},{"pressure":0.104208,"total_adsorption":468.873,"species_data":[{"composition":1,"adsorption":468.873,"InChIKey":"IJGRMHOSHXDMSA-UHFFFAOYSA-N"}]},{"pressure":0.160654,"total_adsorption":483.715,"species_data":[{"composition":1,"adsorption":483.715,"InChIKey":"IJGRMHOSHXDMSA-UHFFFAOYSA-N"}]},{"pressure":0.182364,"total_adsorption":492.667,"species_data":[{"composition":1,"adsorption":492.667,"InChIKey":"IJGRMHOSHXDMSA-UHFFFAOYSA-N"}]},{"pressure":0.221441,"total_adsorption":495.527,"species_data":[{"composition":1,"adsorption":495.527,"InChIKey":"IJGRMHOSHXDMSA-UHFFFAOYSA-N"}]},{"pressure":0.269203,"total_adsorption":507.39,"species_data":[{"composition":1,"adsorption":507.39,"InChIKey":"IJGRMHOSHXDMSA-UHFFFAOYSA-N"}]},{"pressure":0.321307,"total_adsorption":510.201,"species_data":[{"composition":1,"adsorption":510.201,"InChIKey":"IJGRMHOSHXDMSA-UHFFFAOYSA-N"}]},{"pressure":0.408147,"total_adsorption":524.924,"species_data":[{"composition":1,"adsorption":524.924,"InChIKey":"IJGRMHOSHXDMSA-UHFFFAOYSA-N"}]},{"pressure":0.460251,"total_adsorption":530.746,"species_data":[{"composition":1,"adsorption":530.746,"InChIKey":"IJGRMHOSHXDMSA-UHFFFAOYSA-N"}]},{"pressure":0.508013,"total_adsorption":533.573,"species_data":[{"composition":1,"adsorption":533.573,"InChIKey":"IJGRMHOSHXDMSA-UHFFFAOYSA-N"}]},{"pressure":0.568801,"total_adsorption":545.386,"species_data":[{"composition":1,"adsorption":545.386,"InChIKey":"IJGRMHOSHXDMSA-UHFFFAOYSA-N"}]},{"pressure":0.629588,"total_adsorption":551.175,"species_data":[{"composition":1,"adsorption":551.175,"InChIKey":"IJGRMHOSHXDMSA-UHFFFAOYSA-N"}]},{"pressure":0.681692,"total_adsorption":566.033,"species_data":[{"composition":1,"adsorption":566.033,"InChIKey":"IJGRMHOSHXDMSA-UHFFFAOYSA-N"}]},{"pressure":0.777216,"total_adsorption":595.783,"species_data":[{"composition":1,"adsorption":595.783,"InChIKey":"IJGRMHOSHXDMSA-UHFFFAOYSA-N"}]},{"pressure":0.794584,"total_adsorption":601.74,"species_data":[{"composition":1,"adsorption":601.74,"InChIKey":"IJGRMHOSHXDMSA-UHFFFAOYSA-N"}]},{"pressure":0.82932,"total_adsorption":619.678,"species_data":[{"composition":1,"adsorption":619.678,"InChIKey":"IJGRMHOSHXDMSA-UHFFFAOYSA-N"}]},{"pressure":0.85103,"total_adsorption":637.666,"species_data":[{"composition":1,"adsorption":637.666,"InChIKey":"IJGRMHOSHXDMSA-UHFFFAOYSA-N"}]},{"pressure":0.87274,"total_adsorption":655.654,"species_data":[{"composition":1,"adsorption":655.654,"InChIKey":"IJGRMHOSHXDMSA-UHFFFAOYSA-N"}]},{"pressure":0.89445,"total_adsorption":688.702,"species_data":[{"composition":1,"adsorption":688.702,"InChIKey":"IJGRMHOSHXDMSA-UHFFFAOYSA-N"}]},{"pressure":0.91616,"total_adsorption":730.787,"species_data":[{"composition":1,"adsorption":730.787,"InChIKey":"IJGRMHOSHXDMSA-UHFFFAOYSA-N"}]},{"pressure":0.93787,"total_adsorption":827.088,"species_data":[{"composition":1,"adsorption":827.088,"InChIKey":"IJGRMHOSHXDMSA-UHFFFAOYSA-N"}]},{"pressure":0.946554,"total_adsorption":854.163,"species_data":[{"composition":1,"adsorption":854.163,"InChIKey":"IJGRMHOSHXDMSA-UHFFFAOYSA-N"}]},{"pressure":0.95958,"total_adsorption":947.486,"species_data":[{"composition":1,"adsorption":947.486,"InChIKey":"IJGRMHOSHXDMSA-UHFFFAOYSA-N"}]}],"temperature":77,"articleSource":"UNKNOWN","compositionType":"molefraction","adsorbates":[{"name":"Nitrogen","InChIKey":"IJGRMHOSHXDMSA-UHFFFAOYSA-N"}],"adsorptionUnits":"cm3(STP)/g","date":"1000-01-01","category":"","digitizer":"UNKNOWN","pressureUnits":"bar","DOI":"10.1039/C1ce06138k","adsorbent":{"name":"MIL-101-A6","hashkey":"NIST-MATDB-33f5bd6b2b28ce2ba811b38b6b6a87e3"},"concentrationUnits":"","filename":"10.1039C1ce06138k.Isotherm4","isotherm_type":""}