{"filename": "10.1016j.micromeso.2015.07.013.Isotherm20", "DOI": "10.1016/j.micromeso.2015.07.013", "articleSource": "Figure 8", "date": "2016-07-12", "digitizer": "David A. Anderegg", "adsorbent": {"hashkey": "NIST-MATDB-6ec2eb5105384e6d374013695420ac86", "name": "MIL-53(Al)/GNP 10%"}, "adsorbates": [{"InChIKey": "IJGRMHOSHXDMSA-UHFFFAOYSA-N", "name": "Nitrogen"}], "category": "exp", "temperature": 298, "isotherm_type": "", "adsorptionUnits": "mmol/g", "pressureUnits": "bar", "compositionType": "molefraction", "concentrationUnits": "", "isotherm_data": [{"pressure": 0.508343, "total_adsorption": 0.133829, "species_data": [{"InChIKey": "IJGRMHOSHXDMSA-UHFFFAOYSA-N", "composition": 1, "adsorption": 0.133829}]}, {"pressure": 1.01606, "total_adsorption": 0.178439, "species_data": [{"InChIKey": "IJGRMHOSHXDMSA-UHFFFAOYSA-N", "composition": 1, "adsorption": 0.178439}]}, {"pressure": 2.03148, "total_adsorption": 0.267658, "species_data": [{"InChIKey": "IJGRMHOSHXDMSA-UHFFFAOYSA-N", "composition": 1, "adsorption": 0.267658}]}, {"pressure": 2.96203, "total_adsorption": 0.312268, "species_data": [{"InChIKey": "IJGRMHOSHXDMSA-UHFFFAOYSA-N", "composition": 1, "adsorption": 0.312268}]}, {"pressure": 3.97746, "total_adsorption": 0.401487, "species_data": [{"InChIKey": "IJGRMHOSHXDMSA-UHFFFAOYSA-N", "composition": 1, "adsorption": 0.401487}]}, {"pressure": 4.90801, "total_adsorption": 0.446097, "species_data": [{"InChIKey": "IJGRMHOSHXDMSA-UHFFFAOYSA-N", "composition": 1, "adsorption": 0.446097}]}, {"pressure": 6.008, "total_adsorption": 0.535316, "species_data": [{"InChIKey": "IJGRMHOSHXDMSA-UHFFFAOYSA-N", "composition": 1, "adsorption": 0.535316}]}, {"pressure": 6.93823, "total_adsorption": 0.535316, "species_data": [{"InChIKey": "IJGRMHOSHXDMSA-UHFFFAOYSA-N", "composition": 1, "adsorption": 0.535316}]}, {"pressure": 7.78421, "total_adsorption": 0.579926, "species_data": [{"InChIKey": "IJGRMHOSHXDMSA-UHFFFAOYSA-N", "composition": 1, "adsorption": 0.579926}]}, {"pressure": 8.88421, "total_adsorption": 0.669145, "species_data": [{"InChIKey": "IJGRMHOSHXDMSA-UHFFFAOYSA-N", "composition": 1, "adsorption": 0.669145}]}, {"pressure": 9.9842, "total_adsorption": 0.758364, "species_data": [{"InChIKey": "IJGRMHOSHXDMSA-UHFFFAOYSA-N", "composition": 1, "adsorption": 0.758364}]}, {"pressure": 14.9739, "total_adsorption": 0.802974, "species_data": [{"InChIKey": "IJGRMHOSHXDMSA-UHFFFAOYSA-N", "composition": 1, "adsorption": 0.802974}]}, {"pressure": 20.0486, "total_adsorption": 0.892193, "species_data": [{"InChIKey": "IJGRMHOSHXDMSA-UHFFFAOYSA-N", "composition": 1, "adsorption": 0.892193}]}, {"pressure": 24.9541, "total_adsorption": 0.981413, "species_data": [{"InChIKey": "IJGRMHOSHXDMSA-UHFFFAOYSA-N", "composition": 1, "adsorption": 0.981413}]}, {"pressure": 30.0284, "total_adsorption": 1.02602, "species_data": [{"InChIKey": "IJGRMHOSHXDMSA-UHFFFAOYSA-N", "composition": 1, "adsorption": 1.02602}]}, {"pressure": 40.0082, "total_adsorption": 1.15985, "species_data": [{"InChIKey": "IJGRMHOSHXDMSA-UHFFFAOYSA-N", "composition": 1, "adsorption": 1.15985}]}]}