{"isotherm_data":[{"pressure":0.564972,"total_adsorption":4.26877,"species_data":[{"composition":1,"adsorption":4.26877,"InChIKey":"UFHFLCQGNIYNRP-UHFFFAOYSA-N"}]},{"pressure":1.12994,"total_adsorption":7.11462,"species_data":[{"composition":1,"adsorption":7.11462,"InChIKey":"UFHFLCQGNIYNRP-UHFFFAOYSA-N"}]},{"pressure":1.69492,"total_adsorption":8.65613,"species_data":[{"composition":1,"adsorption":8.65613,"InChIKey":"UFHFLCQGNIYNRP-UHFFFAOYSA-N"}]},{"pressure":1.9774,"total_adsorption":10.1976,"species_data":[{"composition":1,"adsorption":10.1976,"InChIKey":"UFHFLCQGNIYNRP-UHFFFAOYSA-N"}]},{"pressure":3.67232,"total_adsorption":12.9249,"species_data":[{"composition":1,"adsorption":12.9249,"InChIKey":"UFHFLCQGNIYNRP-UHFFFAOYSA-N"}]},{"pressure":4.51977,"total_adsorption":14.4664,"species_data":[{"composition":1,"adsorption":14.4664,"InChIKey":"UFHFLCQGNIYNRP-UHFFFAOYSA-N"}]},{"pressure":5.9322,"total_adsorption":15.5336,"species_data":[{"composition":1,"adsorption":15.5336,"InChIKey":"UFHFLCQGNIYNRP-UHFFFAOYSA-N"}]},{"pressure":7.34463,"total_adsorption":16.8379,"species_data":[{"composition":1,"adsorption":16.8379,"InChIKey":"UFHFLCQGNIYNRP-UHFFFAOYSA-N"}]},{"pressure":8.75706,"total_adsorption":17.9051,"species_data":[{"composition":1,"adsorption":17.9051,"InChIKey":"UFHFLCQGNIYNRP-UHFFFAOYSA-N"}]},{"pressure":11.0169,"total_adsorption":19.3281,"species_data":[{"composition":1,"adsorption":19.3281,"InChIKey":"UFHFLCQGNIYNRP-UHFFFAOYSA-N"}]},{"pressure":13.5593,"total_adsorption":20.5138,"species_data":[{"composition":1,"adsorption":20.5138,"InChIKey":"UFHFLCQGNIYNRP-UHFFFAOYSA-N"}]},{"pressure":17.2316,"total_adsorption":21.8182,"species_data":[{"composition":1,"adsorption":21.8182,"InChIKey":"UFHFLCQGNIYNRP-UHFFFAOYSA-N"}]},{"pressure":20.0565,"total_adsorption":22.4111,"species_data":[{"composition":1,"adsorption":22.4111,"InChIKey":"UFHFLCQGNIYNRP-UHFFFAOYSA-N"}]},{"pressure":22.0339,"total_adsorption":22.7668,"species_data":[{"composition":1,"adsorption":22.7668,"InChIKey":"UFHFLCQGNIYNRP-UHFFFAOYSA-N"}]},{"pressure":24.5763,"total_adsorption":23.3597,"species_data":[{"composition":1,"adsorption":23.3597,"InChIKey":"UFHFLCQGNIYNRP-UHFFFAOYSA-N"}]},{"pressure":27.4011,"total_adsorption":23.5968,"species_data":[{"composition":1,"adsorption":23.5968,"InChIKey":"UFHFLCQGNIYNRP-UHFFFAOYSA-N"}]},{"pressure":31.9209,"total_adsorption":24.0711,"species_data":[{"composition":1,"adsorption":24.0711,"InChIKey":"UFHFLCQGNIYNRP-UHFFFAOYSA-N"}]},{"pressure":35.3107,"total_adsorption":24.1897,"species_data":[{"composition":1,"adsorption":24.1897,"InChIKey":"UFHFLCQGNIYNRP-UHFFFAOYSA-N"}]},{"pressure":37.8531,"total_adsorption":24.3083,"species_data":[{"composition":1,"adsorption":24.3083,"InChIKey":"UFHFLCQGNIYNRP-UHFFFAOYSA-N"}]},{"pressure":43.2203,"total_adsorption":24.3083,"species_data":[{"composition":1,"adsorption":24.3083,"InChIKey":"UFHFLCQGNIYNRP-UHFFFAOYSA-N"}]},{"pressure":46.0452,"total_adsorption":24.1897,"species_data":[{"composition":1,"adsorption":24.1897,"InChIKey":"UFHFLCQGNIYNRP-UHFFFAOYSA-N"}]},{"pressure":48.3051,"total_adsorption":24.1897,"species_data":[{"composition":1,"adsorption":24.1897,"InChIKey":"UFHFLCQGNIYNRP-UHFFFAOYSA-N"}]},{"pressure":51.1299,"total_adsorption":24.1897,"species_data":[{"composition":1,"adsorption":24.1897,"InChIKey":"UFHFLCQGNIYNRP-UHFFFAOYSA-N"}]},{"pressure":54.5198,"total_adsorption":23.9526,"species_data":[{"composition":1,"adsorption":23.9526,"InChIKey":"UFHFLCQGNIYNRP-UHFFFAOYSA-N"}]},{"pressure":59.0395,"total_adsorption":23.9526,"species_data":[{"composition":1,"adsorption":23.9526,"InChIKey":"UFHFLCQGNIYNRP-UHFFFAOYSA-N"}]},{"pressure":62.7119,"total_adsorption":23.4783,"species_data":[{"composition":1,"adsorption":23.4783,"InChIKey":"UFHFLCQGNIYNRP-UHFFFAOYSA-N"}]},{"pressure":66.1017,"total_adsorption":23.3597,"species_data":[{"composition":1,"adsorption":23.3597,"InChIKey":"UFHFLCQGNIYNRP-UHFFFAOYSA-N"}]},{"pressure":70.339,"total_adsorption":23.1225,"species_data":[{"composition":1,"adsorption":23.1225,"InChIKey":"UFHFLCQGNIYNRP-UHFFFAOYSA-N"}]},{"pressure":74.2938,"total_adsorption":22.7668,"species_data":[{"composition":1,"adsorption":22.7668,"InChIKey":"UFHFLCQGNIYNRP-UHFFFAOYSA-N"}]},{"pressure":80.226,"total_adsorption":22.4111,"species_data":[{"composition":1,"adsorption":22.4111,"InChIKey":"UFHFLCQGNIYNRP-UHFFFAOYSA-N"}]},{"pressure":82.7684,"total_adsorption":22.0553,"species_data":[{"composition":1,"adsorption":22.0553,"InChIKey":"UFHFLCQGNIYNRP-UHFFFAOYSA-N"}]},{"pressure":87.2881,"total_adsorption":21.8182,"species_data":[{"composition":1,"adsorption":21.8182,"InChIKey":"UFHFLCQGNIYNRP-UHFFFAOYSA-N"}]},{"pressure":92.0904,"total_adsorption":21.8182,"species_data":[{"composition":1,"adsorption":21.8182,"InChIKey":"UFHFLCQGNIYNRP-UHFFFAOYSA-N"}]},{"pressure":99.1525,"total_adsorption":20.9881,"species_data":[{"composition":1,"adsorption":20.9881,"InChIKey":"UFHFLCQGNIYNRP-UHFFFAOYSA-N"}]}],"temperature":77,"articleSource":"UNKNOWN","compositionType":"molefraction","adsorbates":[{"name":"Hydrogen","InChIKey":"UFHFLCQGNIYNRP-UHFFFAOYSA-N"}],"adsorptionUnits":"mmol/g","date":"1000-01-01","category":"","digitizer":"UNKNOWN","pressureUnits":"bar","DOI":"10.1021/Jp305524f","adsorbent":{"name":"IRMOF-1","hashkey":"NIST-MATDB-2c9380bddc59f547484ff729eab7d7cb"},"concentrationUnits":"","filename":"10.1021Jp305524f.Isotherm187","isotherm_type":""}