{"isotherm_data":[{"pressure":0,"total_adsorption":0,"species_data":[{"composition":1,"adsorption":0,"InChIKey":"CURLTUGMZLYLDI-UHFFFAOYSA-N"}]},{"pressure":0.262582,"total_adsorption":0.538462,"species_data":[{"composition":1,"adsorption":0.538462,"InChIKey":"CURLTUGMZLYLDI-UHFFFAOYSA-N"}]},{"pressure":0.525164,"total_adsorption":1.05128,"species_data":[{"composition":1,"adsorption":1.05128,"InChIKey":"CURLTUGMZLYLDI-UHFFFAOYSA-N"}]},{"pressure":1.00656,"total_adsorption":2.05128,"species_data":[{"composition":1,"adsorption":2.05128,"InChIKey":"CURLTUGMZLYLDI-UHFFFAOYSA-N"}]},{"pressure":1.96937,"total_adsorption":3.5641,"species_data":[{"composition":1,"adsorption":3.5641,"InChIKey":"CURLTUGMZLYLDI-UHFFFAOYSA-N"}]},{"pressure":2.97593,"total_adsorption":4.61538,"species_data":[{"composition":1,"adsorption":4.61538,"InChIKey":"CURLTUGMZLYLDI-UHFFFAOYSA-N"}]},{"pressure":4.02626,"total_adsorption":5.38462,"species_data":[{"composition":1,"adsorption":5.38462,"InChIKey":"CURLTUGMZLYLDI-UHFFFAOYSA-N"}]},{"pressure":5.03282,"total_adsorption":5.94872,"species_data":[{"composition":1,"adsorption":5.94872,"InChIKey":"CURLTUGMZLYLDI-UHFFFAOYSA-N"}]},{"pressure":5.99562,"total_adsorption":6.41026,"species_data":[{"composition":1,"adsorption":6.41026,"InChIKey":"CURLTUGMZLYLDI-UHFFFAOYSA-N"}]},{"pressure":8.00875,"total_adsorption":7.10256,"species_data":[{"composition":1,"adsorption":7.10256,"InChIKey":"CURLTUGMZLYLDI-UHFFFAOYSA-N"}]},{"pressure":9.97812,"total_adsorption":7.69231,"species_data":[{"composition":1,"adsorption":7.69231,"InChIKey":"CURLTUGMZLYLDI-UHFFFAOYSA-N"}]},{"pressure":11.9912,"total_adsorption":8.15385,"species_data":[{"composition":1,"adsorption":8.15385,"InChIKey":"CURLTUGMZLYLDI-UHFFFAOYSA-N"}]},{"pressure":15.9737,"total_adsorption":8.76923,"species_data":[{"composition":1,"adsorption":8.76923,"InChIKey":"CURLTUGMZLYLDI-UHFFFAOYSA-N"}]},{"pressure":20,"total_adsorption":9.25641,"species_data":[{"composition":1,"adsorption":9.25641,"InChIKey":"CURLTUGMZLYLDI-UHFFFAOYSA-N"}]}],"temperature":298,"articleSource":"Figure 4","compositionType":"molefraction","adsorbates":[{"name":"Carbon Dioxide","InChIKey":"CURLTUGMZLYLDI-UHFFFAOYSA-N"}],"adsorptionUnits":"mmol/g","date":"2016-06-30","category":"exp","digitizer":"Adithya Varadan","pressureUnits":"bar","DOI":"10.1016/j.jcis.2015.01.027","adsorbent":{"name":"sDMF120","hashkey":"NIST-MATDB-dff2f09415aa68e2cf952b2f3ffb4948"},"concentrationUnits":"","filename":"10.1016j.jcis.2015.01.027.Isotherm2","isotherm_type":""}