{"filename": "10.1061asce0733937220041303231.Isotherm29", "DOI": "10.1061/(asce)0733-9372(2004)130:3(231)", "articleSource": "Figure 3b", "date": "2016-07-14", "digitizer": "Kailey M. Stracka", "adsorbent": {"hashkey": "NIST-MATDB-53256c6245916687da75e9161379dc5f", "name": "Activated Carbon Fiber Cloth"}, "adsorbates": [{"InChIKey": "ZWEHNKRNPOVVGH-UHFFFAOYSA-N", "name": "Methyl ethyl ketone"}], "category": "exp", "temperature": 303, "isotherm_type": "", "adsorptionUnits": "mg/g", "pressureUnits": "bar", "compositionType": "molefraction", "concentrationUnits": "", "isotherm_data": [{"pressure": 0.00045, "total_adsorption": 211.059, "species_data": [{"InChIKey": "ZWEHNKRNPOVVGH-UHFFFAOYSA-N", "composition": 1, "adsorption": 211.059}]}, {"pressure": 0.001512, "total_adsorption": 374.38, "species_data": [{"InChIKey": "ZWEHNKRNPOVVGH-UHFFFAOYSA-N", "composition": 1, "adsorption": 374.38}]}, {"pressure": 0.004401, "total_adsorption": 405.949, "species_data": [{"InChIKey": "ZWEHNKRNPOVVGH-UHFFFAOYSA-N", "composition": 1, "adsorption": 405.949}]}, {"pressure": 0.021781, "total_adsorption": 525.649, "species_data": [{"InChIKey": "ZWEHNKRNPOVVGH-UHFFFAOYSA-N", "composition": 1, "adsorption": 525.649}]}, {"pressure": 0.04868, "total_adsorption": 543.346, "species_data": [{"InChIKey": "ZWEHNKRNPOVVGH-UHFFFAOYSA-N", "composition": 1, "adsorption": 543.346}]}, {"pressure": 0.075293, "total_adsorption": 551.487, "species_data": [{"InChIKey": "ZWEHNKRNPOVVGH-UHFFFAOYSA-N", "composition": 1, "adsorption": 551.487}]}]}