{"filename": "10.1016j.cej.2010.04.024.Isotherm7", "DOI": "10.1016/j.cej.2010.04.024", "articleSource": "UNKNOWN", "date": "1000-01-01", "digitizer": "UNKNOWN", "adsorbent": {"hashkey": "NIST-MATDB-45ffbc6a409fe9ca7fbcbcec331400a6", "name": "TRI-PE-MCM-41"}, "adsorbates": [{"InChIKey": "CURLTUGMZLYLDI-UHFFFAOYSA-N", "name": "Carbon Dioxide"}], "category": "", "temperature": 328, "isotherm_type": "", "adsorptionUnits": "mmol/g", "pressureUnits": "bar", "compositionType": "molefraction", "concentrationUnits": "", "isotherm_data": [{"pressure": 0.210968, "total_adsorption": 1.75995, "species_data": [{"InChIKey": "CURLTUGMZLYLDI-UHFFFAOYSA-N", "composition": 1, "adsorption": 1.75995}]}, {"pressure": 0.431436, "total_adsorption": 1.97802, "species_data": [{"InChIKey": "CURLTUGMZLYLDI-UHFFFAOYSA-N", "composition": 1, "adsorption": 1.97802}]}, {"pressure": 0.504856, "total_adsorption": 2.06188, "species_data": [{"InChIKey": "CURLTUGMZLYLDI-UHFFFAOYSA-N", "composition": 1, "adsorption": 2.06188}]}, {"pressure": 0.72615, "total_adsorption": 2.14586, "species_data": [{"InChIKey": "CURLTUGMZLYLDI-UHFFFAOYSA-N", "composition": 1, "adsorption": 2.14586}]}, {"pressure": 0.947341, "total_adsorption": 2.2466, "species_data": [{"InChIKey": "CURLTUGMZLYLDI-UHFFFAOYSA-N", "composition": 1, "adsorption": 2.2466}]}, {"pressure": 1.05794, "total_adsorption": 2.29698, "species_data": [{"InChIKey": "CURLTUGMZLYLDI-UHFFFAOYSA-N", "composition": 1, "adsorption": 2.29698}]}, {"pressure": 2.01777, "total_adsorption": 2.51566, "species_data": [{"InChIKey": "CURLTUGMZLYLDI-UHFFFAOYSA-N", "composition": 1, "adsorption": 2.51566}]}, {"pressure": 3.97534, "total_adsorption": 2.80221, "species_data": [{"InChIKey": "CURLTUGMZLYLDI-UHFFFAOYSA-N", "composition": 1, "adsorption": 2.80221}]}, {"pressure": 8.00252, "total_adsorption": 3.19106, "species_data": [{"InChIKey": "CURLTUGMZLYLDI-UHFFFAOYSA-N", "composition": 1, "adsorption": 3.19106}]}, {"pressure": 12.0294, "total_adsorption": 3.63019, "species_data": [{"InChIKey": "CURLTUGMZLYLDI-UHFFFAOYSA-N", "composition": 1, "adsorption": 3.63019}]}]}