{"filename": "10.1002asia.200800112.Isotherm6", "DOI": "10.1002/asia.200800112", "articleSource": "UNKNOWN", "date": "1000-01-01", "digitizer": "UNKNOWN", "adsorbent": {"hashkey": "NIST-MATDB-5cc5c36ef7e3845616d33f5bbb3c4e3b", "name": "[Zn2(ndc)2(dabco)]n"}, "adsorbates": [{"InChIKey": "HSFWRNGVRCDJHI-UHFFFAOYSA-N", "name": "Acetylene"}], "category": "", "temperature": 195, "isotherm_type": "", "adsorptionUnits": "ml/g", "pressureUnits": "bar", "compositionType": "molefraction", "concentrationUnits": "", "isotherm_data": [{"pressure": 0.00340856, "total_adsorption": 0.00340856, "species_data": [{"InChIKey": "HSFWRNGVRCDJHI-UHFFFAOYSA-N", "composition": 1, "adsorption": 0.00340856}]}, {"pressure": 0.0102257, "total_adsorption": 93.1624, "species_data": [{"InChIKey": "HSFWRNGVRCDJHI-UHFFFAOYSA-N", "composition": 1, "adsorption": 93.1624}]}, {"pressure": 0.0136342, "total_adsorption": 102.564, "species_data": [{"InChIKey": "HSFWRNGVRCDJHI-UHFFFAOYSA-N", "composition": 1, "adsorption": 102.564}]}, {"pressure": 0.0204514, "total_adsorption": 113.675, "species_data": [{"InChIKey": "HSFWRNGVRCDJHI-UHFFFAOYSA-N", "composition": 1, "adsorption": 113.675}]}, {"pressure": 0.0238599, "total_adsorption": 124.786, "species_data": [{"InChIKey": "HSFWRNGVRCDJHI-UHFFFAOYSA-N", "composition": 1, "adsorption": 124.786}]}, {"pressure": 0.030677, "total_adsorption": 134.188, "species_data": [{"InChIKey": "HSFWRNGVRCDJHI-UHFFFAOYSA-N", "composition": 1, "adsorption": 134.188}]}, {"pressure": 0.0409027, "total_adsorption": 143.59, "species_data": [{"InChIKey": "HSFWRNGVRCDJHI-UHFFFAOYSA-N", "composition": 1, "adsorption": 143.59}]}, {"pressure": 0.0511284, "total_adsorption": 152.991, "species_data": [{"InChIKey": "HSFWRNGVRCDJHI-UHFFFAOYSA-N", "composition": 1, "adsorption": 152.991}]}, {"pressure": 0.0613541, "total_adsorption": 163.248, "species_data": [{"InChIKey": "HSFWRNGVRCDJHI-UHFFFAOYSA-N", "composition": 1, "adsorption": 163.248}]}, {"pressure": 0.0749883, "total_adsorption": 170.085, "species_data": [{"InChIKey": "HSFWRNGVRCDJHI-UHFFFAOYSA-N", "composition": 1, "adsorption": 170.085}]}, {"pressure": 0.0988482, "total_adsorption": 175.214, "species_data": [{"InChIKey": "HSFWRNGVRCDJHI-UHFFFAOYSA-N", "composition": 1, "adsorption": 175.214}]}, {"pressure": 0.132934, "total_adsorption": 177.778, "species_data": [{"InChIKey": "HSFWRNGVRCDJHI-UHFFFAOYSA-N", "composition": 1, "adsorption": 177.778}]}, {"pressure": 0.167019, "total_adsorption": 179.487, "species_data": [{"InChIKey": "HSFWRNGVRCDJHI-UHFFFAOYSA-N", "composition": 1, "adsorption": 179.487}]}, {"pressure": 0.204514, "total_adsorption": 181.197, "species_data": [{"InChIKey": "HSFWRNGVRCDJHI-UHFFFAOYSA-N", "composition": 1, "adsorption": 181.197}]}, {"pressure": 0.242008, "total_adsorption": 182.906, "species_data": [{"InChIKey": "HSFWRNGVRCDJHI-UHFFFAOYSA-N", "composition": 1, "adsorption": 182.906}]}, {"pressure": 0.282911, "total_adsorption": 183.761, "species_data": [{"InChIKey": "HSFWRNGVRCDJHI-UHFFFAOYSA-N", "composition": 1, "adsorption": 183.761}]}, {"pressure": 0.320405, "total_adsorption": 184.615, "species_data": [{"InChIKey": "HSFWRNGVRCDJHI-UHFFFAOYSA-N", "composition": 1, "adsorption": 184.615}]}, {"pressure": 0.361307, "total_adsorption": 185.47, "species_data": [{"InChIKey": "HSFWRNGVRCDJHI-UHFFFAOYSA-N", "composition": 1, "adsorption": 185.47}]}, {"pressure": 0.398802, "total_adsorption": 186.325, "species_data": [{"InChIKey": "HSFWRNGVRCDJHI-UHFFFAOYSA-N", "composition": 1, "adsorption": 186.325}]}, {"pressure": 0.436296, "total_adsorption": 186.325, "species_data": [{"InChIKey": "HSFWRNGVRCDJHI-UHFFFAOYSA-N", "composition": 1, "adsorption": 186.325}]}, {"pressure": 0.480607, "total_adsorption": 186.325, "species_data": [{"InChIKey": "HSFWRNGVRCDJHI-UHFFFAOYSA-N", "composition": 1, "adsorption": 186.325}]}, {"pressure": 0.559004, "total_adsorption": 188.889, "species_data": [{"InChIKey": "HSFWRNGVRCDJHI-UHFFFAOYSA-N", "composition": 1, "adsorption": 188.889}]}, {"pressure": 0.640809, "total_adsorption": 189.744, "species_data": [{"InChIKey": "HSFWRNGVRCDJHI-UHFFFAOYSA-N", "composition": 1, "adsorption": 189.744}]}, {"pressure": 0.681712, "total_adsorption": 188.889, "species_data": [{"InChIKey": "HSFWRNGVRCDJHI-UHFFFAOYSA-N", "composition": 1, "adsorption": 188.889}]}, {"pressure": 0.766926, "total_adsorption": 189.744, "species_data": [{"InChIKey": "HSFWRNGVRCDJHI-UHFFFAOYSA-N", "composition": 1, "adsorption": 189.744}]}, {"pressure": 0.80442, "total_adsorption": 190.598, "species_data": [{"InChIKey": "HSFWRNGVRCDJHI-UHFFFAOYSA-N", "composition": 1, "adsorption": 190.598}]}, {"pressure": 0.886226, "total_adsorption": 190.598, "species_data": [{"InChIKey": "HSFWRNGVRCDJHI-UHFFFAOYSA-N", "composition": 1, "adsorption": 190.598}]}, {"pressure": 0.968031, "total_adsorption": 192.308, "species_data": [{"InChIKey": "HSFWRNGVRCDJHI-UHFFFAOYSA-N", "composition": 1, "adsorption": 192.308}]}]}