{"isotherm_data":[{"pressure":6.4e-5,"total_adsorption":null,"species_data":[{"composition":1,"adsorption":0.00017,"InChIKey":"OTMSDBZUPAUEDD-UHFFFAOYSA-N"}]},{"pressure":0.009694,"total_adsorption":null,"species_data":[{"composition":1,"adsorption":0.01675,"InChIKey":"OTMSDBZUPAUEDD-UHFFFAOYSA-N"}]},{"pressure":0.017461,"total_adsorption":null,"species_data":[{"composition":1,"adsorption":0.03135,"InChIKey":"OTMSDBZUPAUEDD-UHFFFAOYSA-N"}]},{"pressure":0.026448,"total_adsorption":null,"species_data":[{"composition":1,"adsorption":0.04232,"InChIKey":"OTMSDBZUPAUEDD-UHFFFAOYSA-N"}]},{"pressure":0.036401,"total_adsorption":null,"species_data":[{"composition":1,"adsorption":0.05239,"InChIKey":"OTMSDBZUPAUEDD-UHFFFAOYSA-N"}]},{"pressure":0.04648,"total_adsorption":null,"species_data":[{"composition":1,"adsorption":0.06295,"InChIKey":"OTMSDBZUPAUEDD-UHFFFAOYSA-N"}]},{"pressure":0.057909,"total_adsorption":null,"species_data":[{"composition":1,"adsorption":0.0735,"InChIKey":"OTMSDBZUPAUEDD-UHFFFAOYSA-N"}]},{"pressure":0.071841,"total_adsorption":null,"species_data":[{"composition":1,"adsorption":0.08712,"InChIKey":"OTMSDBZUPAUEDD-UHFFFAOYSA-N"}]},{"pressure":0.086352,"total_adsorption":null,"species_data":[{"composition":1,"adsorption":0.09751,"InChIKey":"OTMSDBZUPAUEDD-UHFFFAOYSA-N"}]},{"pressure":0.107668,"total_adsorption":null,"species_data":[{"composition":1,"adsorption":0.10806,"InChIKey":"OTMSDBZUPAUEDD-UHFFFAOYSA-N"}]},{"pressure":0.128279,"total_adsorption":null,"species_data":[{"composition":1,"adsorption":0.11804,"InChIKey":"OTMSDBZUPAUEDD-UHFFFAOYSA-N"}]},{"pressure":0.15743,"total_adsorption":null,"species_data":[{"composition":1,"adsorption":0.12942,"InChIKey":"OTMSDBZUPAUEDD-UHFFFAOYSA-N"}]},{"pressure":0.188828,"total_adsorption":null,"species_data":[{"composition":1,"adsorption":0.13791,"InChIKey":"OTMSDBZUPAUEDD-UHFFFAOYSA-N"}]},{"pressure":0.232042,"total_adsorption":null,"species_data":[{"composition":1,"adsorption":0.14549,"InChIKey":"OTMSDBZUPAUEDD-UHFFFAOYSA-N"}]},{"pressure":0.294777,"total_adsorption":null,"species_data":[{"composition":1,"adsorption":0.15306,"InChIKey":"OTMSDBZUPAUEDD-UHFFFAOYSA-N"}]},{"pressure":0.363549,"total_adsorption":null,"species_data":[{"composition":1,"adsorption":0.16121,"InChIKey":"OTMSDBZUPAUEDD-UHFFFAOYSA-N"}]},{"pressure":0.440604,"total_adsorption":null,"species_data":[{"composition":1,"adsorption":0.16407,"InChIKey":"OTMSDBZUPAUEDD-UHFFFAOYSA-N"}]},{"pressure":0.547068,"total_adsorption":null,"species_data":[{"composition":1,"adsorption":0.16684,"InChIKey":"OTMSDBZUPAUEDD-UHFFFAOYSA-N"}]}],"temperature":373,"articleSource":"Figure 1- experiment at 373","compositionType":"molefraction","adsorbates":[{"name":"Ethane","InChIKey":"OTMSDBZUPAUEDD-UHFFFAOYSA-N"}],"adsorptionUnits":"mmol/g","date":"2018-07-17","category":"exp","digitizer":"Julie Yagodich","pressureUnits":"bar","DOI":"10.1007/s10450-015-9658-8","adsorbent":{"name":"ZNT","hashkey":"NIST-MATDB-d972efac2be9eeffd8056ce5efa0521d"},"concentrationUnits":"","filename":"10.1007s1045001596588.Isotherm4","isotherm_type":""}