{"filename": "10.1021Ja1012992.isotherm7", "DOI": "10.1021/Ja1012992", "articleSource": "UNKNOWN", "date": "1000-01-01", "digitizer": "UNKNOWN", "adsorbent": {"hashkey": "NIST-MATDB-4782e960f02766a110f24c95e5490f4d", "name": "Bio-MOF-1"}, "adsorbates": [{"InChIKey": "CURLTUGMZLYLDI-UHFFFAOYSA-N", "name": "Carbon Dioxide"}], "category": "", "temperature": 273, "isotherm_type": "", "adsorptionUnits": "mmol/g", "pressureUnits": "bar", "compositionType": "molefraction", "concentrationUnits": "", "isotherm_data": [{"pressure": 0.00594823, "total_adsorption": 0.0272431, "species_data": [{"InChIKey": "CURLTUGMZLYLDI-UHFFFAOYSA-N", "composition": 1, "adsorption": 0.0272431}]}, {"pressure": 0.0544579, "total_adsorption": 0.33262, "species_data": [{"InChIKey": "CURLTUGMZLYLDI-UHFFFAOYSA-N", "composition": 1, "adsorption": 0.33262}]}, {"pressure": 0.165928, "total_adsorption": 1.06107, "species_data": [{"InChIKey": "CURLTUGMZLYLDI-UHFFFAOYSA-N", "composition": 1, "adsorption": 1.06107}]}, {"pressure": 0.26405, "total_adsorption": 1.59763, "species_data": [{"InChIKey": "CURLTUGMZLYLDI-UHFFFAOYSA-N", "composition": 1, "adsorption": 1.59763}]}, {"pressure": 0.429102, "total_adsorption": 2.39716, "species_data": [{"InChIKey": "CURLTUGMZLYLDI-UHFFFAOYSA-N", "composition": 1, "adsorption": 2.39716}]}, {"pressure": 0.480477, "total_adsorption": 2.61661, "species_data": [{"InChIKey": "CURLTUGMZLYLDI-UHFFFAOYSA-N", "composition": 1, "adsorption": 2.61661}]}, {"pressure": 0.585387, "total_adsorption": 3.08125, "species_data": [{"InChIKey": "CURLTUGMZLYLDI-UHFFFAOYSA-N", "composition": 1, "adsorption": 3.08125}]}, {"pressure": 0.746828, "total_adsorption": 3.71764, "species_data": [{"InChIKey": "CURLTUGMZLYLDI-UHFFFAOYSA-N", "composition": 1, "adsorption": 3.71764}]}, {"pressure": 0.90448, "total_adsorption": 4.35253, "species_data": [{"InChIKey": "CURLTUGMZLYLDI-UHFFFAOYSA-N", "composition": 1, "adsorption": 4.35253}]}, {"pressure": 1.05931, "total_adsorption": 4.89923, "species_data": [{"InChIKey": "CURLTUGMZLYLDI-UHFFFAOYSA-N", "composition": 1, "adsorption": 4.89923}]}]}