{"filename": "10.1021Jp506335x.Isotherm18", "DOI": "10.1021/Jp506335x", "articleSource": "UNKNOWN", "date": "1000-01-01", "digitizer": "UNKNOWN", "adsorbent": {"hashkey": "NIST-MATDB-d3e970e50bb1f2be8e469f29764c277b", "name": "MG-2"}, "adsorbates": [{"InChIKey": "UHOVQNZJYSORNB-UHFFFAOYSA-N", "name": "Benzene"}], "category": "", "temperature": 298, "isotherm_type": "", "adsorptionUnits": "mmol/g", "pressureUnits": "bar", "compositionType": "molefraction", "concentrationUnits": "", "isotherm_data": [{"pressure": 0.0102536, "total_adsorption": 4.98033, "species_data": [{"InChIKey": "UHOVQNZJYSORNB-UHFFFAOYSA-N", "composition": 1, "adsorption": 4.98033}]}, {"pressure": 0.0200223, "total_adsorption": 5.26708, "species_data": [{"InChIKey": "UHOVQNZJYSORNB-UHFFFAOYSA-N", "composition": 1, "adsorption": 5.26708}]}, {"pressure": 0.0303085, "total_adsorption": 5.37146, "species_data": [{"InChIKey": "UHOVQNZJYSORNB-UHFFFAOYSA-N", "composition": 1, "adsorption": 5.37146}]}, {"pressure": 0.0447773, "total_adsorption": 5.45985, "species_data": [{"InChIKey": "UHOVQNZJYSORNB-UHFFFAOYSA-N", "composition": 1, "adsorption": 5.45985}]}, {"pressure": 0.0601149, "total_adsorption": 5.45694, "species_data": [{"InChIKey": "UHOVQNZJYSORNB-UHFFFAOYSA-N", "composition": 1, "adsorption": 5.45694}]}, {"pressure": 0.0798116, "total_adsorption": 5.51396, "species_data": [{"InChIKey": "UHOVQNZJYSORNB-UHFFFAOYSA-N", "composition": 1, "adsorption": 5.51396}]}]}