{"isotherm_data":[{"pressure":0.221,"total_adsorption":0.0281,"species_data":[{"composition":1,"adsorption":0.0281,"InChIKey":"MYMOFIZGZYHOMD-UHFFFAOYSA-N"}]},{"pressure":0.603,"total_adsorption":0.0767,"species_data":[{"composition":1,"adsorption":0.0767,"InChIKey":"MYMOFIZGZYHOMD-UHFFFAOYSA-N"}]},{"pressure":1.071,"total_adsorption":0.1344,"species_data":[{"composition":1,"adsorption":0.1344,"InChIKey":"MYMOFIZGZYHOMD-UHFFFAOYSA-N"}]},{"pressure":2.055,"total_adsorption":0.2484,"species_data":[{"composition":1,"adsorption":0.2484,"InChIKey":"MYMOFIZGZYHOMD-UHFFFAOYSA-N"}]},{"pressure":3.398,"total_adsorption":0.3954,"species_data":[{"composition":1,"adsorption":0.3954,"InChIKey":"MYMOFIZGZYHOMD-UHFFFAOYSA-N"}]},{"pressure":4.999,"total_adsorption":0.5553,"species_data":[{"composition":1,"adsorption":0.5553,"InChIKey":"MYMOFIZGZYHOMD-UHFFFAOYSA-N"}]},{"pressure":7.497,"total_adsorption":0.7773,"species_data":[{"composition":1,"adsorption":0.7773,"InChIKey":"MYMOFIZGZYHOMD-UHFFFAOYSA-N"}]},{"pressure":10.62,"total_adsorption":1.0157,"species_data":[{"composition":1,"adsorption":1.0157,"InChIKey":"MYMOFIZGZYHOMD-UHFFFAOYSA-N"}]},{"pressure":14.16,"total_adsorption":1.2443,"species_data":[{"composition":1,"adsorption":1.2443,"InChIKey":"MYMOFIZGZYHOMD-UHFFFAOYSA-N"}]},{"pressure":17.968,"total_adsorption":1.4499,"species_data":[{"composition":1,"adsorption":1.4499,"InChIKey":"MYMOFIZGZYHOMD-UHFFFAOYSA-N"}]}],"temperature":318,"articleSource":"Table 3","compositionType":"molefraction","adsorbates":[{"name":"Oxygen","InChIKey":"MYMOFIZGZYHOMD-UHFFFAOYSA-N"}],"adsorptionUnits":"mmol/g","date":"2017-07-07","category":"exp","digitizer":"Julia Chotoo","pressureUnits":"bar","DOI":"10.1016/0950-4214(96)00014-x","adsorbent":{"name":"Tosoh SA-500","hashkey":"NIST-MATDB-8d4bd858efd824e84cdb950603b99fc5"},"concentrationUnits":"","filename":"10.1016095042149600014x.Isotherm11","isotherm_type":""}