{"isotherm_data":[{"pressure":0.0951408,"total_adsorption":0.262011,"species_data":[{"composition":1,"adsorption":0.262011,"InChIKey":"MYMOFIZGZYHOMD-UHFFFAOYSA-N"}]},{"pressure":0.204553,"total_adsorption":0.527396,"species_data":[{"composition":1,"adsorption":0.527396,"InChIKey":"MYMOFIZGZYHOMD-UHFFFAOYSA-N"}]},{"pressure":0.306829,"total_adsorption":1.03061,"species_data":[{"composition":1,"adsorption":1.03061,"InChIKey":"MYMOFIZGZYHOMD-UHFFFAOYSA-N"}]},{"pressure":0.404349,"total_adsorption":1.29319,"species_data":[{"composition":1,"adsorption":1.29319,"InChIKey":"MYMOFIZGZYHOMD-UHFFFAOYSA-N"}]},{"pressure":0.506625,"total_adsorption":1.55689,"species_data":[{"composition":1,"adsorption":1.55689,"InChIKey":"MYMOFIZGZYHOMD-UHFFFAOYSA-N"}]},{"pressure":0.604144,"total_adsorption":2.05898,"species_data":[{"composition":1,"adsorption":2.05898,"InChIKey":"MYMOFIZGZYHOMD-UHFFFAOYSA-N"}]},{"pressure":0.706421,"total_adsorption":2.32268,"species_data":[{"composition":1,"adsorption":2.32268,"InChIKey":"MYMOFIZGZYHOMD-UHFFFAOYSA-N"}]},{"pressure":0.811076,"total_adsorption":2.58694,"species_data":[{"composition":1,"adsorption":2.58694,"InChIKey":"MYMOFIZGZYHOMD-UHFFFAOYSA-N"}]},{"pressure":0.908595,"total_adsorption":2.84951,"species_data":[{"composition":1,"adsorption":2.84951,"InChIKey":"MYMOFIZGZYHOMD-UHFFFAOYSA-N"}]},{"pressure":1.00849,"total_adsorption":3.11265,"species_data":[{"composition":1,"adsorption":3.11265,"InChIKey":"MYMOFIZGZYHOMD-UHFFFAOYSA-N"}]}],"temperature":298,"articleSource":"UNKNOWN","compositionType":"molefraction","adsorbates":[{"name":"Oxygen","InChIKey":"MYMOFIZGZYHOMD-UHFFFAOYSA-N"}],"adsorptionUnits":"cm3(STP)/g","date":"1000-01-01","category":"","digitizer":"UNKNOWN","pressureUnits":"bar","DOI":"10.1002/chem.201002818","adsorbent":{"name":"[Zn(BDC-OH)-(TED)0.5]","hashkey":"NIST-MATDB-a913314565a8850d65ecf76b10569999"},"concentrationUnits":"","filename":"10.1002chem.201002818.Isotherm14","isotherm_type":""}