{"filename": "10.1039C4cs00078a.Isotherm20", "DOI": "10.1039/C4cs00078a", "articleSource": "UNKNOWN", "date": "1000-01-01", "digitizer": "UNKNOWN", "adsorbent": {"hashkey": "NIST-MATDB-995039cd6efd0190b1f78cd65b81018f", "name": "Zn(NDI-SOEt)"}, "adsorbates": [{"InChIKey": "XLYOFNOQVPJJNP-UHFFFAOYSA-N", "name": "Water"}], "category": "", "temperature": 293, "isotherm_type": "", "adsorptionUnits": "g/g", "pressureUnits": "bar", "compositionType": "molefraction", "concentrationUnits": "", "isotherm_data": [{"pressure": 0.000252472, "total_adsorption": 0.00911854, "species_data": [{"InChIKey": "XLYOFNOQVPJJNP-UHFFFAOYSA-N", "composition": 1, "adsorption": 0.00911854}]}, {"pressure": 0.000504946, "total_adsorption": 0.0173252, "species_data": [{"InChIKey": "XLYOFNOQVPJJNP-UHFFFAOYSA-N", "composition": 1, "adsorption": 0.0173252}]}, {"pressure": 0.000858407, "total_adsorption": 0.0218845, "species_data": [{"InChIKey": "XLYOFNOQVPJJNP-UHFFFAOYSA-N", "composition": 1, "adsorption": 0.0218845}]}, {"pressure": 0.00126236, "total_adsorption": 0.0300912, "species_data": [{"InChIKey": "XLYOFNOQVPJJNP-UHFFFAOYSA-N", "composition": 1, "adsorption": 0.0300912}]}, {"pressure": 0.00171682, "total_adsorption": 0.0328267, "species_data": [{"InChIKey": "XLYOFNOQVPJJNP-UHFFFAOYSA-N", "composition": 1, "adsorption": 0.0328267}]}, {"pressure": 0.00232275, "total_adsorption": 0.0419453, "species_data": [{"InChIKey": "XLYOFNOQVPJJNP-UHFFFAOYSA-N", "composition": 1, "adsorption": 0.0419453}]}, {"pressure": 0.00277721, "total_adsorption": 0.0510638, "species_data": [{"InChIKey": "XLYOFNOQVPJJNP-UHFFFAOYSA-N", "composition": 1, "adsorption": 0.0510638}]}, {"pressure": 0.00338312, "total_adsorption": 0.0601824, "species_data": [{"InChIKey": "XLYOFNOQVPJJNP-UHFFFAOYSA-N", "composition": 1, "adsorption": 0.0601824}]}, {"pressure": 0.00388808, "total_adsorption": 0.0683891, "species_data": [{"InChIKey": "XLYOFNOQVPJJNP-UHFFFAOYSA-N", "composition": 1, "adsorption": 0.0683891}]}, {"pressure": 0.00449402, "total_adsorption": 0.0848024, "species_data": [{"InChIKey": "XLYOFNOQVPJJNP-UHFFFAOYSA-N", "composition": 1, "adsorption": 0.0848024}]}, {"pressure": 0.00515044, "total_adsorption": 0.102128, "species_data": [{"InChIKey": "XLYOFNOQVPJJNP-UHFFFAOYSA-N", "composition": 1, "adsorption": 0.102128}]}, {"pressure": 0.00555439, "total_adsorption": 0.124012, "species_data": [{"InChIKey": "XLYOFNOQVPJJNP-UHFFFAOYSA-N", "composition": 1, "adsorption": 0.124012}]}, {"pressure": 0.00605935, "total_adsorption": 0.141337, "species_data": [{"InChIKey": "XLYOFNOQVPJJNP-UHFFFAOYSA-N", "composition": 1, "adsorption": 0.141337}]}, {"pressure": 0.00666529, "total_adsorption": 0.154103, "species_data": [{"InChIKey": "XLYOFNOQVPJJNP-UHFFFAOYSA-N", "composition": 1, "adsorption": 0.154103}]}, {"pressure": 0.00737221, "total_adsorption": 0.161398, "species_data": [{"InChIKey": "XLYOFNOQVPJJNP-UHFFFAOYSA-N", "composition": 1, "adsorption": 0.161398}]}, {"pressure": 0.00782666, "total_adsorption": 0.165046, "species_data": [{"InChIKey": "XLYOFNOQVPJJNP-UHFFFAOYSA-N", "composition": 1, "adsorption": 0.165046}]}, {"pressure": 0.0083316, "total_adsorption": 0.171429, "species_data": [{"InChIKey": "XLYOFNOQVPJJNP-UHFFFAOYSA-N", "composition": 1, "adsorption": 0.171429}]}, {"pressure": 0.00908902, "total_adsorption": 0.1769, "species_data": [{"InChIKey": "XLYOFNOQVPJJNP-UHFFFAOYSA-N", "composition": 1, "adsorption": 0.1769}]}, {"pressure": 0.00964446, "total_adsorption": 0.182371, "species_data": [{"InChIKey": "XLYOFNOQVPJJNP-UHFFFAOYSA-N", "composition": 1, "adsorption": 0.182371}]}, {"pressure": 0.00989693, "total_adsorption": 0.186018, "species_data": [{"InChIKey": "XLYOFNOQVPJJNP-UHFFFAOYSA-N", "composition": 1, "adsorption": 0.186018}]}, {"pressure": 0.0107553, "total_adsorption": 0.192401, "species_data": [{"InChIKey": "XLYOFNOQVPJJNP-UHFFFAOYSA-N", "composition": 1, "adsorption": 0.192401}]}, {"pressure": 0.0111088, "total_adsorption": 0.19696, "species_data": [{"InChIKey": "XLYOFNOQVPJJNP-UHFFFAOYSA-N", "composition": 1, "adsorption": 0.19696}]}, {"pressure": 0.0115633, "total_adsorption": 0.199696, "species_data": [{"InChIKey": "XLYOFNOQVPJJNP-UHFFFAOYSA-N", "composition": 1, "adsorption": 0.199696}]}, {"pressure": 0.0120682, "total_adsorption": 0.202432, "species_data": [{"InChIKey": "XLYOFNOQVPJJNP-UHFFFAOYSA-N", "composition": 1, "adsorption": 0.202432}]}, {"pressure": 0.0128761, "total_adsorption": 0.209726, "species_data": [{"InChIKey": "XLYOFNOQVPJJNP-UHFFFAOYSA-N", "composition": 1, "adsorption": 0.209726}]}, {"pressure": 0.0132296, "total_adsorption": 0.213374, "species_data": [{"InChIKey": "XLYOFNOQVPJJNP-UHFFFAOYSA-N", "composition": 1, "adsorption": 0.213374}]}, {"pressure": 0.0152999, "total_adsorption": 0.232523, "species_data": [{"InChIKey": "XLYOFNOQVPJJNP-UHFFFAOYSA-N", "composition": 1, "adsorption": 0.232523}]}, {"pressure": 0.0172691, "total_adsorption": 0.256231, "species_data": [{"InChIKey": "XLYOFNOQVPJJNP-UHFFFAOYSA-N", "composition": 1, "adsorption": 0.256231}]}, {"pressure": 0.0200463, "total_adsorption": 0.292705, "species_data": [{"InChIKey": "XLYOFNOQVPJJNP-UHFFFAOYSA-N", "composition": 1, "adsorption": 0.292705}]}]}