{"isotherm_data":[{"pressure":1.1623,"total_adsorption":0.357342,"species_data":[{"composition":1,"adsorption":0.357342,"InChIKey":"CURLTUGMZLYLDI-UHFFFAOYSA-N"}]},{"pressure":1.33044,"total_adsorption":0.446768,"species_data":[{"composition":1,"adsorption":0.446768,"InChIKey":"CURLTUGMZLYLDI-UHFFFAOYSA-N"}]},{"pressure":1.82833,"total_adsorption":0.59565,"species_data":[{"composition":1,"adsorption":0.59565,"InChIKey":"CURLTUGMZLYLDI-UHFFFAOYSA-N"}]},{"pressure":2.49274,"total_adsorption":0.80411,"species_data":[{"composition":1,"adsorption":0.80411,"InChIKey":"CURLTUGMZLYLDI-UHFFFAOYSA-N"}]},{"pressure":3.6518,"total_adsorption":1.10175,"species_data":[{"composition":1,"adsorption":1.10175,"InChIKey":"CURLTUGMZLYLDI-UHFFFAOYSA-N"}]},{"pressure":4.65247,"total_adsorption":1.48907,"species_data":[{"composition":1,"adsorption":1.48907,"InChIKey":"CURLTUGMZLYLDI-UHFFFAOYSA-N"}]},{"pressure":6.47755,"total_adsorption":2.02502,"species_data":[{"composition":1,"adsorption":2.02502,"InChIKey":"CURLTUGMZLYLDI-UHFFFAOYSA-N"}]},{"pressure":8.63078,"total_adsorption":2.59057,"species_data":[{"composition":1,"adsorption":2.59057,"InChIKey":"CURLTUGMZLYLDI-UHFFFAOYSA-N"}]},{"pressure":10.1196,"total_adsorption":2.94767,"species_data":[{"composition":1,"adsorption":2.94767,"InChIKey":"CURLTUGMZLYLDI-UHFFFAOYSA-N"}]},{"pressure":12.2631,"total_adsorption":3.33413,"species_data":[{"composition":1,"adsorption":3.33413,"InChIKey":"CURLTUGMZLYLDI-UHFFFAOYSA-N"}]},{"pressure":15.0645,"total_adsorption":3.80965,"species_data":[{"composition":1,"adsorption":3.80965,"InChIKey":"CURLTUGMZLYLDI-UHFFFAOYSA-N"}]},{"pressure":18.3491,"total_adsorption":4.16541,"species_data":[{"composition":1,"adsorption":4.16541,"InChIKey":"CURLTUGMZLYLDI-UHFFFAOYSA-N"}]},{"pressure":21.1424,"total_adsorption":4.49168,"species_data":[{"composition":1,"adsorption":4.49168,"InChIKey":"CURLTUGMZLYLDI-UHFFFAOYSA-N"}]},{"pressure":25.2401,"total_adsorption":4.78713,"species_data":[{"composition":1,"adsorption":4.78713,"InChIKey":"CURLTUGMZLYLDI-UHFFFAOYSA-N"}]},{"pressure":28.3485,"total_adsorption":4.90422,"species_data":[{"composition":1,"adsorption":4.90422,"InChIKey":"CURLTUGMZLYLDI-UHFFFAOYSA-N"}]},{"pressure":32.1165,"total_adsorption":5.14021,"species_data":[{"composition":1,"adsorption":5.14021,"InChIKey":"CURLTUGMZLYLDI-UHFFFAOYSA-N"}]},{"pressure":35.5514,"total_adsorption":5.25705,"species_data":[{"composition":1,"adsorption":5.25705,"InChIKey":"CURLTUGMZLYLDI-UHFFFAOYSA-N"}]},{"pressure":37.1872,"total_adsorption":5.31553,"species_data":[{"composition":1,"adsorption":5.31553,"InChIKey":"CURLTUGMZLYLDI-UHFFFAOYSA-N"}]},{"pressure":40.294,"total_adsorption":5.40277,"species_data":[{"composition":1,"adsorption":5.40277,"InChIKey":"CURLTUGMZLYLDI-UHFFFAOYSA-N"}]}],"temperature":298,"articleSource":"UNKNOWN","compositionType":"molefraction","adsorbates":[{"name":"Carbon Dioxide","InChIKey":"CURLTUGMZLYLDI-UHFFFAOYSA-N"}],"adsorptionUnits":"mmol/g","date":"1000-01-01","category":"","digitizer":"UNKNOWN","pressureUnits":"bar","DOI":"10.1021/jp206959k","adsorbent":{"name":"ZIF-8","hashkey":"NIST-MATDB-b2dc02871a66ac38e4b195796cf3e00b"},"concentrationUnits":"","filename":"10.1021jp206959k.Isotherm17","isotherm_type":""}