{"isotherm_data":[{"pressure":0.245902,"total_adsorption":1.36029,"species_data":[{"composition":1,"adsorption":1.36029,"InChIKey":"CURLTUGMZLYLDI-UHFFFAOYSA-N"}]},{"pressure":0.491803,"total_adsorption":1.83824,"species_data":[{"composition":1,"adsorption":1.83824,"InChIKey":"CURLTUGMZLYLDI-UHFFFAOYSA-N"}]},{"pressure":0.901639,"total_adsorption":1.98529,"species_data":[{"composition":1,"adsorption":1.98529,"InChIKey":"CURLTUGMZLYLDI-UHFFFAOYSA-N"}]},{"pressure":1.63934,"total_adsorption":2.31618,"species_data":[{"composition":1,"adsorption":2.31618,"InChIKey":"CURLTUGMZLYLDI-UHFFFAOYSA-N"}]},{"pressure":2.04918,"total_adsorption":2.31618,"species_data":[{"composition":1,"adsorption":2.31618,"InChIKey":"CURLTUGMZLYLDI-UHFFFAOYSA-N"}]},{"pressure":2.70492,"total_adsorption":2.57353,"species_data":[{"composition":1,"adsorption":2.57353,"InChIKey":"CURLTUGMZLYLDI-UHFFFAOYSA-N"}]},{"pressure":3.36066,"total_adsorption":2.57353,"species_data":[{"composition":1,"adsorption":2.57353,"InChIKey":"CURLTUGMZLYLDI-UHFFFAOYSA-N"}]},{"pressure":3.77049,"total_adsorption":2.64706,"species_data":[{"composition":1,"adsorption":2.64706,"InChIKey":"CURLTUGMZLYLDI-UHFFFAOYSA-N"}]},{"pressure":4.67213,"total_adsorption":2.72059,"species_data":[{"composition":1,"adsorption":2.72059,"InChIKey":"CURLTUGMZLYLDI-UHFFFAOYSA-N"}]},{"pressure":5.65574,"total_adsorption":2.79412,"species_data":[{"composition":1,"adsorption":2.79412,"InChIKey":"CURLTUGMZLYLDI-UHFFFAOYSA-N"}]},{"pressure":6.39344,"total_adsorption":3.01471,"species_data":[{"composition":1,"adsorption":3.01471,"InChIKey":"CURLTUGMZLYLDI-UHFFFAOYSA-N"}]},{"pressure":6.80328,"total_adsorption":3.30882,"species_data":[{"composition":1,"adsorption":3.30882,"InChIKey":"CURLTUGMZLYLDI-UHFFFAOYSA-N"}]},{"pressure":7.13115,"total_adsorption":3.82353,"species_data":[{"composition":1,"adsorption":3.82353,"InChIKey":"CURLTUGMZLYLDI-UHFFFAOYSA-N"}]},{"pressure":7.45902,"total_adsorption":4.41176,"species_data":[{"composition":1,"adsorption":4.41176,"InChIKey":"CURLTUGMZLYLDI-UHFFFAOYSA-N"}]},{"pressure":9.34426,"total_adsorption":6.76471,"species_data":[{"composition":1,"adsorption":6.76471,"InChIKey":"CURLTUGMZLYLDI-UHFFFAOYSA-N"}]},{"pressure":12.1311,"total_adsorption":7.35294,"species_data":[{"composition":1,"adsorption":7.35294,"InChIKey":"CURLTUGMZLYLDI-UHFFFAOYSA-N"}]},{"pressure":14.4262,"total_adsorption":7.68382,"species_data":[{"composition":1,"adsorption":7.68382,"InChIKey":"CURLTUGMZLYLDI-UHFFFAOYSA-N"}]},{"pressure":16.5574,"total_adsorption":7.94118,"species_data":[{"composition":1,"adsorption":7.94118,"InChIKey":"CURLTUGMZLYLDI-UHFFFAOYSA-N"}]},{"pressure":18.4426,"total_adsorption":8.08824,"species_data":[{"composition":1,"adsorption":8.08824,"InChIKey":"CURLTUGMZLYLDI-UHFFFAOYSA-N"}]},{"pressure":20.082,"total_adsorption":8.27206,"species_data":[{"composition":1,"adsorption":8.27206,"InChIKey":"CURLTUGMZLYLDI-UHFFFAOYSA-N"}]},{"pressure":21.5574,"total_adsorption":8.30882,"species_data":[{"composition":1,"adsorption":8.30882,"InChIKey":"CURLTUGMZLYLDI-UHFFFAOYSA-N"}]},{"pressure":22.8689,"total_adsorption":8.38235,"species_data":[{"composition":1,"adsorption":8.38235,"InChIKey":"CURLTUGMZLYLDI-UHFFFAOYSA-N"}]},{"pressure":24.7541,"total_adsorption":8.52941,"species_data":[{"composition":1,"adsorption":8.52941,"InChIKey":"CURLTUGMZLYLDI-UHFFFAOYSA-N"}]},{"pressure":26.3934,"total_adsorption":8.60294,"species_data":[{"composition":1,"adsorption":8.60294,"InChIKey":"CURLTUGMZLYLDI-UHFFFAOYSA-N"}]},{"pressure":27.623,"total_adsorption":8.67647,"species_data":[{"composition":1,"adsorption":8.67647,"InChIKey":"CURLTUGMZLYLDI-UHFFFAOYSA-N"}]},{"pressure":28.8525,"total_adsorption":8.78676,"species_data":[{"composition":1,"adsorption":8.78676,"InChIKey":"CURLTUGMZLYLDI-UHFFFAOYSA-N"}]},{"pressure":30.2459,"total_adsorption":8.86029,"species_data":[{"composition":1,"adsorption":8.86029,"InChIKey":"CURLTUGMZLYLDI-UHFFFAOYSA-N"}]},{"pressure":31.3934,"total_adsorption":8.89706,"species_data":[{"composition":1,"adsorption":8.89706,"InChIKey":"CURLTUGMZLYLDI-UHFFFAOYSA-N"}]}],"temperature":300,"articleSource":"UNKNOWN","compositionType":"molefraction","adsorbates":[{"name":"Carbon Dioxide","InChIKey":"CURLTUGMZLYLDI-UHFFFAOYSA-N"}],"adsorptionUnits":"molecules/unitcell","date":"1000-01-01","category":"","digitizer":"UNKNOWN","pressureUnits":"bar","DOI":"10.1039/B702986a","adsorbent":{"name":"MIL-53(Al)","hashkey":"NIST-MATDB-1b85b1862d4e9cc2e0f46d0e2698ab79"},"concentrationUnits":"","filename":"10.1039B702986a.Isotherm4","isotherm_type":""}