{"isotherm_data":[{"pressure":1.0e-5,"total_adsorption":-0.001184,"species_data":[{"composition":1,"adsorption":-0.001184,"InChIKey":"VNWKTOKETHGBQD-UHFFFAOYSA-N"}]},{"pressure":0.00256,"total_adsorption":0.524478,"species_data":[{"composition":1,"adsorption":0.524478,"InChIKey":"VNWKTOKETHGBQD-UHFFFAOYSA-N"}]},{"pressure":0.006454,"total_adsorption":1.08388,"species_data":[{"composition":1,"adsorption":1.08388,"InChIKey":"VNWKTOKETHGBQD-UHFFFAOYSA-N"}]},{"pressure":0.012426,"total_adsorption":1.635,"species_data":[{"composition":1,"adsorption":1.635,"InChIKey":"VNWKTOKETHGBQD-UHFFFAOYSA-N"}]},{"pressure":0.022155,"total_adsorption":2.36074,"species_data":[{"composition":1,"adsorption":2.36074,"InChIKey":"VNWKTOKETHGBQD-UHFFFAOYSA-N"}]},{"pressure":0.031347,"total_adsorption":2.90239,"species_data":[{"composition":1,"adsorption":2.90239,"InChIKey":"VNWKTOKETHGBQD-UHFFFAOYSA-N"}]},{"pressure":0.042699,"total_adsorption":3.97384,"species_data":[{"composition":1,"adsorption":3.97384,"InChIKey":"VNWKTOKETHGBQD-UHFFFAOYSA-N"}]},{"pressure":0.049836,"total_adsorption":4.50956,"species_data":[{"composition":1,"adsorption":4.50956,"InChIKey":"VNWKTOKETHGBQD-UHFFFAOYSA-N"}]},{"pressure":0.062841,"total_adsorption":5.40165,"species_data":[{"composition":1,"adsorption":5.40165,"InChIKey":"VNWKTOKETHGBQD-UHFFFAOYSA-N"}]},{"pressure":0.073343,"total_adsorption":5.93737,"species_data":[{"composition":1,"adsorption":5.93737,"InChIKey":"VNWKTOKETHGBQD-UHFFFAOYSA-N"}]},{"pressure":0.08899,"total_adsorption":6.82827,"species_data":[{"composition":1,"adsorption":6.82827,"InChIKey":"VNWKTOKETHGBQD-UHFFFAOYSA-N"}]},{"pressure":0.099922,"total_adsorption":7.18582,"species_data":[{"composition":1,"adsorption":7.18582,"InChIKey":"VNWKTOKETHGBQD-UHFFFAOYSA-N"}]},{"pressure":0.112253,"total_adsorption":8.07435,"species_data":[{"composition":1,"adsorption":8.07435,"InChIKey":"VNWKTOKETHGBQD-UHFFFAOYSA-N"}]},{"pressure":0.131035,"total_adsorption":8.78707,"species_data":[{"composition":1,"adsorption":8.78707,"InChIKey":"VNWKTOKETHGBQD-UHFFFAOYSA-N"}]},{"pressure":0.159017,"total_adsorption":9.85497,"species_data":[{"composition":1,"adsorption":9.85497,"InChIKey":"VNWKTOKETHGBQD-UHFFFAOYSA-N"}]},{"pressure":0.208602,"total_adsorption":11.8102,"species_data":[{"composition":1,"adsorption":11.8102,"InChIKey":"VNWKTOKETHGBQD-UHFFFAOYSA-N"}]},{"pressure":0.24367,"total_adsorption":13.2309,"species_data":[{"composition":1,"adsorption":13.2309,"InChIKey":"VNWKTOKETHGBQD-UHFFFAOYSA-N"}]},{"pressure":0.295707,"total_adsorption":14.2988,"species_data":[{"composition":1,"adsorption":14.2988,"InChIKey":"VNWKTOKETHGBQD-UHFFFAOYSA-N"}]},{"pressure":0.345417,"total_adsorption":15.7195,"species_data":[{"composition":1,"adsorption":15.7195,"InChIKey":"VNWKTOKETHGBQD-UHFFFAOYSA-N"}]},{"pressure":0.419182,"total_adsorption":16.7874,"species_data":[{"composition":1,"adsorption":16.7874,"InChIKey":"VNWKTOKETHGBQD-UHFFFAOYSA-N"}]},{"pressure":0.470913,"total_adsorption":17.676,"species_data":[{"composition":1,"adsorption":17.676,"InChIKey":"VNWKTOKETHGBQD-UHFFFAOYSA-N"}]},{"pressure":0.549985,"total_adsorption":18.9197,"species_data":[{"composition":1,"adsorption":18.9197,"InChIKey":"VNWKTOKETHGBQD-UHFFFAOYSA-N"}]},{"pressure":0.642225,"total_adsorption":19.9864,"species_data":[{"composition":1,"adsorption":19.9864,"InChIKey":"VNWKTOKETHGBQD-UHFFFAOYSA-N"}]},{"pressure":0.694228,"total_adsorption":20.8737,"species_data":[{"composition":1,"adsorption":20.8737,"InChIKey":"VNWKTOKETHGBQD-UHFFFAOYSA-N"}]},{"pressure":0.842339,"total_adsorption":21.7646,"species_data":[{"composition":1,"adsorption":21.7646,"InChIKey":"VNWKTOKETHGBQD-UHFFFAOYSA-N"}]},{"pressure":0.945648,"total_adsorption":21.9452,"species_data":[{"composition":1,"adsorption":21.9452,"InChIKey":"VNWKTOKETHGBQD-UHFFFAOYSA-N"}]},{"pressure":0.983609,"total_adsorption":22.8314,"species_data":[{"composition":1,"adsorption":22.8314,"InChIKey":"VNWKTOKETHGBQD-UHFFFAOYSA-N"}]}],"temperature":316,"articleSource":"Figure 2a","compositionType":"molefraction","adsorbates":[{"name":"Methane","InChIKey":"VNWKTOKETHGBQD-UHFFFAOYSA-N"}],"adsorptionUnits":"cm3(STP)/g","date":"2016-07-08","category":"exp","digitizer":"Adithya Varadan","pressureUnits":"bar","DOI":"10.1038/ncomms9697","adsorbent":{"name":"MAF-49","hashkey":"NIST-MATDB-0276792e899405c02486701d603b7144"},"concentrationUnits":"","filename":"10.1038ncomms9697.Isotherm4","isotherm_type":""}