{"isotherm_data":[{"pressure":1.8e-7,"total_adsorption":7.88793,"species_data":[{"composition":1,"adsorption":7.88793,"InChIKey":"IJGRMHOSHXDMSA-UHFFFAOYSA-N"}]},{"pressure":3.11e-7,"total_adsorption":8.33864,"species_data":[{"composition":1,"adsorption":8.33864,"InChIKey":"IJGRMHOSHXDMSA-UHFFFAOYSA-N"}]},{"pressure":8.07e-7,"total_adsorption":8.62033,"species_data":[{"composition":1,"adsorption":8.62033,"InChIKey":"IJGRMHOSHXDMSA-UHFFFAOYSA-N"}]},{"pressure":1.79e-6,"total_adsorption":9.4654,"species_data":[{"composition":1,"adsorption":9.4654,"InChIKey":"IJGRMHOSHXDMSA-UHFFFAOYSA-N"}]},{"pressure":4.96e-6,"total_adsorption":10.5358,"species_data":[{"composition":1,"adsorption":10.5358,"InChIKey":"IJGRMHOSHXDMSA-UHFFFAOYSA-N"}]},{"pressure":1.48e-5,"total_adsorption":11.8879,"species_data":[{"composition":1,"adsorption":11.8879,"InChIKey":"IJGRMHOSHXDMSA-UHFFFAOYSA-N"}]},{"pressure":3.92e-5,"total_adsorption":13.5781,"species_data":[{"composition":1,"adsorption":13.5781,"InChIKey":"IJGRMHOSHXDMSA-UHFFFAOYSA-N"}]},{"pressure":0.000128,"total_adsorption":15.5499,"species_data":[{"composition":1,"adsorption":15.5499,"InChIKey":"IJGRMHOSHXDMSA-UHFFFAOYSA-N"}]},{"pressure":0.000425,"total_adsorption":17.3527,"species_data":[{"composition":1,"adsorption":17.3527,"InChIKey":"IJGRMHOSHXDMSA-UHFFFAOYSA-N"}]},{"pressure":0.00141448,"total_adsorption":19.1555,"species_data":[{"composition":1,"adsorption":19.1555,"InChIKey":"IJGRMHOSHXDMSA-UHFFFAOYSA-N"}]},{"pressure":0.00430225,"total_adsorption":21.3527,"species_data":[{"composition":1,"adsorption":21.3527,"InChIKey":"IJGRMHOSHXDMSA-UHFFFAOYSA-N"}]},{"pressure":0.0127919,"total_adsorption":22.5922,"species_data":[{"composition":1,"adsorption":22.5922,"InChIKey":"IJGRMHOSHXDMSA-UHFFFAOYSA-N"}]},{"pressure":0.0210784,"total_adsorption":23.3246,"species_data":[{"composition":1,"adsorption":23.3246,"InChIKey":"IJGRMHOSHXDMSA-UHFFFAOYSA-N"}]},{"pressure":0.0339531,"total_adsorption":24.5077,"species_data":[{"composition":1,"adsorption":24.5077,"InChIKey":"IJGRMHOSHXDMSA-UHFFFAOYSA-N"}]},{"pressure":0.0921896,"total_adsorption":27.1555,"species_data":[{"composition":1,"adsorption":27.1555,"InChIKey":"IJGRMHOSHXDMSA-UHFFFAOYSA-N"}]},{"pressure":0.228585,"total_adsorption":30.1978,"species_data":[{"composition":1,"adsorption":30.1978,"InChIKey":"IJGRMHOSHXDMSA-UHFFFAOYSA-N"}]},{"pressure":0.37666,"total_adsorption":31.3809,"species_data":[{"composition":1,"adsorption":31.3809,"InChIKey":"IJGRMHOSHXDMSA-UHFFFAOYSA-N"}]},{"pressure":0.955377,"total_adsorption":33.0147,"species_data":[{"composition":1,"adsorption":33.0147,"InChIKey":"IJGRMHOSHXDMSA-UHFFFAOYSA-N"}]}],"temperature":77,"articleSource":"UNKNOWN","compositionType":"molefraction","adsorbates":[{"name":"Nitrogen","InChIKey":"IJGRMHOSHXDMSA-UHFFFAOYSA-N"}],"adsorptionUnits":"mmol/g","date":"1000-01-01","category":"","digitizer":"UNKNOWN","pressureUnits":"bar","DOI":"10.1016/j.carbon.2012.12.011","adsorbent":{"name":"Carbon","hashkey":"NIST-MATDB-453276ee992ed07dc207ed08b2b221ce"},"concentrationUnits":"","filename":"10.1016j.carbon.2012.12.011.isotherm16","isotherm_type":""}