{"isotherm_data":[{"pressure":0.0106565,"total_adsorption":308.777,"species_data":[{"composition":1,"adsorption":308.777,"InChIKey":"IJGRMHOSHXDMSA-UHFFFAOYSA-N"}]},{"pressure":0.0230891,"total_adsorption":341.899,"species_data":[{"composition":1,"adsorption":341.899,"InChIKey":"IJGRMHOSHXDMSA-UHFFFAOYSA-N"}]},{"pressure":0.0301935,"total_adsorption":360.062,"species_data":[{"composition":1,"adsorption":360.062,"InChIKey":"IJGRMHOSHXDMSA-UHFFFAOYSA-N"}]},{"pressure":0.0497305,"total_adsorption":403.865,"species_data":[{"composition":1,"adsorption":403.865,"InChIKey":"IJGRMHOSHXDMSA-UHFFFAOYSA-N"}]},{"pressure":0.0728196,"total_adsorption":442.319,"species_data":[{"composition":1,"adsorption":442.319,"InChIKey":"IJGRMHOSHXDMSA-UHFFFAOYSA-N"}]},{"pressure":0.0888044,"total_adsorption":461.541,"species_data":[{"composition":1,"adsorption":461.541,"InChIKey":"IJGRMHOSHXDMSA-UHFFFAOYSA-N"}]},{"pressure":0.108341,"total_adsorption":478.622,"species_data":[{"composition":1,"adsorption":478.622,"InChIKey":"IJGRMHOSHXDMSA-UHFFFAOYSA-N"}]},{"pressure":0.124326,"total_adsorption":507.464,"species_data":[{"composition":1,"adsorption":507.464,"InChIKey":"IJGRMHOSHXDMSA-UHFFFAOYSA-N"}]},{"pressure":0.145639,"total_adsorption":524.543,"species_data":[{"composition":1,"adsorption":524.543,"InChIKey":"IJGRMHOSHXDMSA-UHFFFAOYSA-N"}]},{"pressure":0.170504,"total_adsorption":530.929,"species_data":[{"composition":1,"adsorption":530.929,"InChIKey":"IJGRMHOSHXDMSA-UHFFFAOYSA-N"}]},{"pressure":0.193594,"total_adsorption":536.248,"species_data":[{"composition":1,"adsorption":536.248,"InChIKey":"IJGRMHOSHXDMSA-UHFFFAOYSA-N"}]},{"pressure":0.227339,"total_adsorption":539.417,"species_data":[{"composition":1,"adsorption":539.417,"InChIKey":"IJGRMHOSHXDMSA-UHFFFAOYSA-N"}]},{"pressure":0.264637,"total_adsorption":545.79,"species_data":[{"composition":1,"adsorption":545.79,"InChIKey":"IJGRMHOSHXDMSA-UHFFFAOYSA-N"}]},{"pressure":0.305487,"total_adsorption":548.951,"species_data":[{"composition":1,"adsorption":548.951,"InChIKey":"IJGRMHOSHXDMSA-UHFFFAOYSA-N"}]},{"pressure":0.342785,"total_adsorption":552.117,"species_data":[{"composition":1,"adsorption":552.117,"InChIKey":"IJGRMHOSHXDMSA-UHFFFAOYSA-N"}]},{"pressure":0.362322,"total_adsorption":554.233,"species_data":[{"composition":1,"adsorption":554.233,"InChIKey":"IJGRMHOSHXDMSA-UHFFFAOYSA-N"}]},{"pressure":0.403172,"total_adsorption":555.257,"species_data":[{"composition":1,"adsorption":555.257,"InChIKey":"IJGRMHOSHXDMSA-UHFFFAOYSA-N"}]},{"pressure":0.442246,"total_adsorption":558.421,"species_data":[{"composition":1,"adsorption":558.421,"InChIKey":"IJGRMHOSHXDMSA-UHFFFAOYSA-N"}]},{"pressure":0.479544,"total_adsorption":562.655,"species_data":[{"composition":1,"adsorption":562.655,"InChIKey":"IJGRMHOSHXDMSA-UHFFFAOYSA-N"}]},{"pressure":0.518618,"total_adsorption":563.681,"species_data":[{"composition":1,"adsorption":563.681,"InChIKey":"IJGRMHOSHXDMSA-UHFFFAOYSA-N"}]},{"pressure":0.557692,"total_adsorption":565.776,"species_data":[{"composition":1,"adsorption":565.776,"InChIKey":"IJGRMHOSHXDMSA-UHFFFAOYSA-N"}]},{"pressure":0.596765,"total_adsorption":567.871,"species_data":[{"composition":1,"adsorption":567.871,"InChIKey":"IJGRMHOSHXDMSA-UHFFFAOYSA-N"}]},{"pressure":0.6536,"total_adsorption":571.015,"species_data":[{"composition":1,"adsorption":571.015,"InChIKey":"IJGRMHOSHXDMSA-UHFFFAOYSA-N"}]},{"pressure":0.713987,"total_adsorption":575.224,"species_data":[{"composition":1,"adsorption":575.224,"InChIKey":"IJGRMHOSHXDMSA-UHFFFAOYSA-N"}]},{"pressure":0.751285,"total_adsorption":577.321,"species_data":[{"composition":1,"adsorption":577.321,"InChIKey":"IJGRMHOSHXDMSA-UHFFFAOYSA-N"}]},{"pressure":0.792135,"total_adsorption":578.345,"species_data":[{"composition":1,"adsorption":578.345,"InChIKey":"IJGRMHOSHXDMSA-UHFFFAOYSA-N"}]},{"pressure":0.813448,"total_adsorption":580.459,"species_data":[{"composition":1,"adsorption":580.459,"InChIKey":"IJGRMHOSHXDMSA-UHFFFAOYSA-N"}]},{"pressure":0.84897,"total_adsorption":582.558,"species_data":[{"composition":1,"adsorption":582.558,"InChIKey":"IJGRMHOSHXDMSA-UHFFFAOYSA-N"}]},{"pressure":0.872059,"total_adsorption":583.601,"species_data":[{"composition":1,"adsorption":583.601,"InChIKey":"IJGRMHOSHXDMSA-UHFFFAOYSA-N"}]},{"pressure":0.905805,"total_adsorption":585.702,"species_data":[{"composition":1,"adsorption":585.702,"InChIKey":"IJGRMHOSHXDMSA-UHFFFAOYSA-N"}]},{"pressure":0.92179,"total_adsorption":589.96,"species_data":[{"composition":1,"adsorption":589.96,"InChIKey":"IJGRMHOSHXDMSA-UHFFFAOYSA-N"}]},{"pressure":0.948431,"total_adsorption":595.275,"species_data":[{"composition":1,"adsorption":595.275,"InChIKey":"IJGRMHOSHXDMSA-UHFFFAOYSA-N"}]},{"pressure":0.967968,"total_adsorption":599.529,"species_data":[{"composition":1,"adsorption":599.529,"InChIKey":"IJGRMHOSHXDMSA-UHFFFAOYSA-N"}]}],"temperature":77,"articleSource":"UNKNOWN","compositionType":"molefraction","adsorbates":[{"name":"Nitrogen","InChIKey":"IJGRMHOSHXDMSA-UHFFFAOYSA-N"}],"adsorptionUnits":"cm3(STP)/g","date":"1000-01-01","category":"","digitizer":"UNKNOWN","pressureUnits":"bar","DOI":"10.1016/j.jhazmat.2012.08.025","adsorbent":{"name":"MIL-100-Fe/Cu+(M)","hashkey":"NIST-MATDB-9d738e8a92072cf8fedbe0a7933bf25f"},"concentrationUnits":"","filename":"10.1016j.jhazmat.2012.08.025.Isotherm3","isotherm_type":""}