{"filename": "10.1039C3cc40819a.isotherm20", "DOI": "10.1039/C3cc40819a", "articleSource": "UNKNOWN", "date": "1000-01-01", "digitizer": "UNKNOWN", "adsorbent": {"hashkey": "NIST-MATDB-3af5f20d8e1a2365aba6693b255f8f68", "name": "NU-111"}, "adsorbates": [{"InChIKey": "UFHFLCQGNIYNRP-UHFFFAOYSA-N", "name": "Hydrogen"}], "category": "", "temperature": 200, "isotherm_type": "", "adsorptionUnits": "g/g", "pressureUnits": "bar", "compositionType": "molefraction", "concentrationUnits": "", "isotherm_data": [{"pressure": 0.260648, "total_adsorption": 0.000374478, "species_data": [{"InChIKey": "UFHFLCQGNIYNRP-UHFFFAOYSA-N", "composition": 1, "adsorption": 0.000374478}]}, {"pressure": 10.7699, "total_adsorption": 0.0034333, "species_data": [{"InChIKey": "UFHFLCQGNIYNRP-UHFFFAOYSA-N", "composition": 1, "adsorption": 0.0034333}]}, {"pressure": 28.948, "total_adsorption": 0.00780305, "species_data": [{"InChIKey": "UFHFLCQGNIYNRP-UHFFFAOYSA-N", "composition": 1, "adsorption": 0.00780305}]}, {"pressure": 40.8775, "total_adsorption": 0.0117358, "species_data": [{"InChIKey": "UFHFLCQGNIYNRP-UHFFFAOYSA-N", "composition": 1, "adsorption": 0.0117358}]}, {"pressure": 59.1976, "total_adsorption": 0.0152316, "species_data": [{"InChIKey": "UFHFLCQGNIYNRP-UHFFFAOYSA-N", "composition": 1, "adsorption": 0.0152316}]}, {"pressure": 63.8842, "total_adsorption": 0.0152316, "species_data": [{"InChIKey": "UFHFLCQGNIYNRP-UHFFFAOYSA-N", "composition": 1, "adsorption": 0.0152316}]}]}