{"isotherm_data":[{"pressure":1.01325,"total_adsorption":null,"species_data":[{"composition":1.232,"adsorption":1.825,"InChIKey":" VEQPNABPJHWNSG-UHFFFAOYSA-N"}]},{"pressure":1.01325,"total_adsorption":null,"species_data":[{"composition":2.357,"adsorption":3.199,"InChIKey":" VEQPNABPJHWNSG-UHFFFAOYSA-N"}]},{"pressure":1.01325,"total_adsorption":null,"species_data":[{"composition":5.426,"adsorption":5.049,"InChIKey":" VEQPNABPJHWNSG-UHFFFAOYSA-N"}]},{"pressure":1.01325,"total_adsorption":null,"species_data":[{"composition":7.523,"adsorption":7.873,"InChIKey":" VEQPNABPJHWNSG-UHFFFAOYSA-N"}]},{"pressure":1.01325,"total_adsorption":null,"species_data":[{"composition":15.521,"adsorption":9.598,"InChIKey":" VEQPNABPJHWNSG-UHFFFAOYSA-N"}]},{"pressure":1.01325,"total_adsorption":null,"species_data":[{"composition":24.577,"adsorption":10.697,"InChIKey":" VEQPNABPJHWNSG-UHFFFAOYSA-N"}]},{"pressure":1.01325,"total_adsorption":null,"species_data":[{"composition":43.879,"adsorption":14.046,"InChIKey":" VEQPNABPJHWNSG-UHFFFAOYSA-N"}]},{"pressure":1.01325,"total_adsorption":null,"species_data":[{"composition":68.865,"adsorption":14.171,"InChIKey":" VEQPNABPJHWNSG-UHFFFAOYSA-N"}]},{"pressure":1.01325,"total_adsorption":null,"species_data":[{"composition":70.724,"adsorption":15.371,"InChIKey":" VEQPNABPJHWNSG-UHFFFAOYSA-N"}]},{"pressure":1.01325,"total_adsorption":null,"species_data":[{"composition":103.686,"adsorption":19.545,"InChIKey":" VEQPNABPJHWNSG-UHFFFAOYSA-N"}]}],"temperature":298,"articleSource":"Figure 9","compositionType":"concentration","adsorbates":[{"name":"Ni(II)","InChIKey":" VEQPNABPJHWNSG-UHFFFAOYSA-N"}],"adsorptionUnits":"mg/g","date":"2019-07-17","category":"exp","digitizer":"Noah C. Whelpley","pressureUnits":"bar","DOI":"10.1007/s11356-017-8658-5","adsorbent":{"name":"polymerized apple pomace","hashkey":"NIST-MATDB-90c73c44548bd8ad969ae35a3769dfdf"},"concentrationUnits":"","filename":"10.1007s1135601786585.Isotherm2","isotherm_type":""}