{"isotherm_data":[{"pressure":8.24625,"total_adsorption":0.260233,"species_data":[{"composition":1,"adsorption":0.260233,"InChIKey":"UFHFLCQGNIYNRP-UHFFFAOYSA-N"}]},{"pressure":11.084,"total_adsorption":0.31744,"species_data":[{"composition":1,"adsorption":0.31744,"InChIKey":"UFHFLCQGNIYNRP-UHFFFAOYSA-N"}]},{"pressure":12.9252,"total_adsorption":0.335602,"species_data":[{"composition":1,"adsorption":0.335602,"InChIKey":"UFHFLCQGNIYNRP-UHFFFAOYSA-N"}]},{"pressure":19.8682,"total_adsorption":0.421298,"species_data":[{"composition":1,"adsorption":0.421298,"InChIKey":"UFHFLCQGNIYNRP-UHFFFAOYSA-N"}]},{"pressure":27.3725,"total_adsorption":0.483517,"species_data":[{"composition":1,"adsorption":0.483517,"InChIKey":"UFHFLCQGNIYNRP-UHFFFAOYSA-N"}]},{"pressure":33.3179,"total_adsorption":0.524956,"species_data":[{"composition":1,"adsorption":0.524956,"InChIKey":"UFHFLCQGNIYNRP-UHFFFAOYSA-N"}]}],"temperature":98,"articleSource":"UNKNOWN","compositionType":"molefraction","adsorbates":[{"name":"Hydrogen","InChIKey":"UFHFLCQGNIYNRP-UHFFFAOYSA-N"}],"adsorptionUnits":"cm3(STP)/g","date":"1000-01-01","category":"","digitizer":"UNKNOWN","pressureUnits":"bar","DOI":"10.1021/La061149c","adsorbent":{"name":"IRMOF-1","hashkey":"NIST-MATDB-2c9380bddc59f547484ff729eab7d7cb"},"concentrationUnits":"","filename":"10.1021La061149c.Isotherm32","isotherm_type":""}