{"filename": "10.1021Ic9002115.Isotherm12", "DOI": "10.1021/Ic9002115", "articleSource": "UNKNOWN", "date": "1000-01-01", "digitizer": "UNKNOWN", "adsorbent": {"hashkey": "NIST-MATDB-8b172de5717b1e1b857c475da2a14a80", "name": "Zn2(bpdc)2(bpee)"}, "adsorbates": [{"InChIKey": "CTQNGGLPUBDAKN-UHFFFAOYSA-N", "name": "O-Xylene"}], "category": "", "temperature": 303, "isotherm_type": "", "adsorptionUnits": "molecules/unitcell", "pressureUnits": "bar", "compositionType": "molefraction", "concentrationUnits": "", "isotherm_data": [{"pressure": 0.000101967, "total_adsorption": 0.147806, "species_data": [{"InChIKey": "CTQNGGLPUBDAKN-UHFFFAOYSA-N", "composition": 1, "adsorption": 0.147806}]}, {"pressure": 0.000142754, "total_adsorption": 0.230947, "species_data": [{"InChIKey": "CTQNGGLPUBDAKN-UHFFFAOYSA-N", "composition": 1, "adsorption": 0.230947}]}, {"pressure": 0.000193738, "total_adsorption": 0.314088, "species_data": [{"InChIKey": "CTQNGGLPUBDAKN-UHFFFAOYSA-N", "composition": 1, "adsorption": 0.314088}]}, {"pressure": 0.000234525, "total_adsorption": 0.397229, "species_data": [{"InChIKey": "CTQNGGLPUBDAKN-UHFFFAOYSA-N", "composition": 1, "adsorption": 0.397229}]}, {"pressure": 0.000285509, "total_adsorption": 0.48037, "species_data": [{"InChIKey": "CTQNGGLPUBDAKN-UHFFFAOYSA-N", "composition": 1, "adsorption": 0.48037}]}, {"pressure": 0.000316099, "total_adsorption": 0.56351, "species_data": [{"InChIKey": "CTQNGGLPUBDAKN-UHFFFAOYSA-N", "composition": 1, "adsorption": 0.56351}]}, {"pressure": 0.000356886, "total_adsorption": 0.655889, "species_data": [{"InChIKey": "CTQNGGLPUBDAKN-UHFFFAOYSA-N", "composition": 1, "adsorption": 0.655889}]}, {"pressure": 0.000387476, "total_adsorption": 0.73903, "species_data": [{"InChIKey": "CTQNGGLPUBDAKN-UHFFFAOYSA-N", "composition": 1, "adsorption": 0.73903}]}, {"pressure": 0.000418066, "total_adsorption": 0.803695, "species_data": [{"InChIKey": "CTQNGGLPUBDAKN-UHFFFAOYSA-N", "composition": 1, "adsorption": 0.803695}]}, {"pressure": 0.00043846, "total_adsorption": 0.86836, "species_data": [{"InChIKey": "CTQNGGLPUBDAKN-UHFFFAOYSA-N", "composition": 1, "adsorption": 0.86836}]}, {"pressure": 0.000458853, "total_adsorption": 0.960739, "species_data": [{"InChIKey": "CTQNGGLPUBDAKN-UHFFFAOYSA-N", "composition": 1, "adsorption": 0.960739}]}, {"pressure": 0.000489443, "total_adsorption": 1.04388, "species_data": [{"InChIKey": "CTQNGGLPUBDAKN-UHFFFAOYSA-N", "composition": 1, "adsorption": 1.04388}]}, {"pressure": 0.000509837, "total_adsorption": 1.13626, "species_data": [{"InChIKey": "CTQNGGLPUBDAKN-UHFFFAOYSA-N", "composition": 1, "adsorption": 1.13626}]}, {"pressure": 0.00053023, "total_adsorption": 1.22864, "species_data": [{"InChIKey": "CTQNGGLPUBDAKN-UHFFFAOYSA-N", "composition": 1, "adsorption": 1.22864}]}, {"pressure": 0.000550624, "total_adsorption": 1.32102, "species_data": [{"InChIKey": "CTQNGGLPUBDAKN-UHFFFAOYSA-N", "composition": 1, "adsorption": 1.32102}]}, {"pressure": 0.000581214, "total_adsorption": 1.45958, "species_data": [{"InChIKey": "CTQNGGLPUBDAKN-UHFFFAOYSA-N", "composition": 1, "adsorption": 1.45958}]}, {"pressure": 0.000601608, "total_adsorption": 1.55196, "species_data": [{"InChIKey": "CTQNGGLPUBDAKN-UHFFFAOYSA-N", "composition": 1, "adsorption": 1.55196}]}, {"pressure": 0.000622001, "total_adsorption": 1.6351, "species_data": [{"InChIKey": "CTQNGGLPUBDAKN-UHFFFAOYSA-N", "composition": 1, "adsorption": 1.6351}]}, {"pressure": 0.000652591, "total_adsorption": 1.72748, "species_data": [{"InChIKey": "CTQNGGLPUBDAKN-UHFFFAOYSA-N", "composition": 1, "adsorption": 1.72748}]}, {"pressure": 0.000672985, "total_adsorption": 1.81986, "species_data": [{"InChIKey": "CTQNGGLPUBDAKN-UHFFFAOYSA-N", "composition": 1, "adsorption": 1.81986}]}, {"pressure": 0.000693378, "total_adsorption": 1.91224, "species_data": [{"InChIKey": "CTQNGGLPUBDAKN-UHFFFAOYSA-N", "composition": 1, "adsorption": 1.91224}]}, {"pressure": 0.000713772, "total_adsorption": 1.99538, "species_data": [{"InChIKey": "CTQNGGLPUBDAKN-UHFFFAOYSA-N", "composition": 1, "adsorption": 1.99538}]}, {"pressure": 0.000744362, "total_adsorption": 2.08776, "species_data": [{"InChIKey": "CTQNGGLPUBDAKN-UHFFFAOYSA-N", "composition": 1, "adsorption": 2.08776}]}, {"pressure": 0.000764755, "total_adsorption": 2.18014, "species_data": [{"InChIKey": "CTQNGGLPUBDAKN-UHFFFAOYSA-N", "composition": 1, "adsorption": 2.18014}]}, {"pressure": 0.000785149, "total_adsorption": 2.30023, "species_data": [{"InChIKey": "CTQNGGLPUBDAKN-UHFFFAOYSA-N", "composition": 1, "adsorption": 2.30023}]}, {"pressure": 0.000815739, "total_adsorption": 2.39261, "species_data": [{"InChIKey": "CTQNGGLPUBDAKN-UHFFFAOYSA-N", "composition": 1, "adsorption": 2.39261}]}, {"pressure": 0.000836133, "total_adsorption": 2.48499, "species_data": [{"InChIKey": "CTQNGGLPUBDAKN-UHFFFAOYSA-N", "composition": 1, "adsorption": 2.48499}]}, {"pressure": 0.000866723, "total_adsorption": 2.56813, "species_data": [{"InChIKey": "CTQNGGLPUBDAKN-UHFFFAOYSA-N", "composition": 1, "adsorption": 2.56813}]}, {"pressure": 0.000887116, "total_adsorption": 2.66051, "species_data": [{"InChIKey": "CTQNGGLPUBDAKN-UHFFFAOYSA-N", "composition": 1, "adsorption": 2.66051}]}, {"pressure": 0.00090751, "total_adsorption": 2.75289, "species_data": [{"InChIKey": "CTQNGGLPUBDAKN-UHFFFAOYSA-N", "composition": 1, "adsorption": 2.75289}]}, {"pressure": 0.0009381, "total_adsorption": 2.84527, "species_data": [{"InChIKey": "CTQNGGLPUBDAKN-UHFFFAOYSA-N", "composition": 1, "adsorption": 2.84527}]}, {"pressure": 0.000958494, "total_adsorption": 2.92841, "species_data": [{"InChIKey": "CTQNGGLPUBDAKN-UHFFFAOYSA-N", "composition": 1, "adsorption": 2.92841}]}, {"pressure": 0.00108085, "total_adsorption": 3.4642, "species_data": [{"InChIKey": "CTQNGGLPUBDAKN-UHFFFAOYSA-N", "composition": 1, "adsorption": 3.4642}]}, {"pressure": 0.00115223, "total_adsorption": 3.63972, "species_data": [{"InChIKey": "CTQNGGLPUBDAKN-UHFFFAOYSA-N", "composition": 1, "adsorption": 3.63972}]}, {"pressure": 0.00117263, "total_adsorption": 3.64896, "species_data": [{"InChIKey": "CTQNGGLPUBDAKN-UHFFFAOYSA-N", "composition": 1, "adsorption": 3.64896}]}, {"pressure": 0.001244, "total_adsorption": 3.70439, "species_data": [{"InChIKey": "CTQNGGLPUBDAKN-UHFFFAOYSA-N", "composition": 1, "adsorption": 3.70439}]}, {"pressure": 0.00133577, "total_adsorption": 3.7321, "species_data": [{"InChIKey": "CTQNGGLPUBDAKN-UHFFFAOYSA-N", "composition": 1, "adsorption": 3.7321}]}, {"pressure": 0.00143774, "total_adsorption": 3.76905, "species_data": [{"InChIKey": "CTQNGGLPUBDAKN-UHFFFAOYSA-N", "composition": 1, "adsorption": 3.76905}]}, {"pressure": 0.00150912, "total_adsorption": 3.79677, "species_data": [{"InChIKey": "CTQNGGLPUBDAKN-UHFFFAOYSA-N", "composition": 1, "adsorption": 3.79677}]}, {"pressure": 0.00160089, "total_adsorption": 3.79677, "species_data": [{"InChIKey": "CTQNGGLPUBDAKN-UHFFFAOYSA-N", "composition": 1, "adsorption": 3.79677}]}, {"pressure": 0.00170286, "total_adsorption": 3.806, "species_data": [{"InChIKey": "CTQNGGLPUBDAKN-UHFFFAOYSA-N", "composition": 1, "adsorption": 3.806}]}, {"pressure": 0.00180482, "total_adsorption": 3.81524, "species_data": [{"InChIKey": "CTQNGGLPUBDAKN-UHFFFAOYSA-N", "composition": 1, "adsorption": 3.81524}]}, {"pressure": 0.0018864, "total_adsorption": 3.83372, "species_data": [{"InChIKey": "CTQNGGLPUBDAKN-UHFFFAOYSA-N", "composition": 1, "adsorption": 3.83372}]}, {"pressure": 0.00191699, "total_adsorption": 3.82448, "species_data": [{"InChIKey": "CTQNGGLPUBDAKN-UHFFFAOYSA-N", "composition": 1, "adsorption": 3.82448}]}, {"pressure": 0.00201895, "total_adsorption": 3.83372, "species_data": [{"InChIKey": "CTQNGGLPUBDAKN-UHFFFAOYSA-N", "composition": 1, "adsorption": 3.83372}]}, {"pressure": 0.00212092, "total_adsorption": 3.83372, "species_data": [{"InChIKey": "CTQNGGLPUBDAKN-UHFFFAOYSA-N", "composition": 1, "adsorption": 3.83372}]}, {"pressure": 0.00222289, "total_adsorption": 3.83372, "species_data": [{"InChIKey": "CTQNGGLPUBDAKN-UHFFFAOYSA-N", "composition": 1, "adsorption": 3.83372}]}, {"pressure": 0.00229427, "total_adsorption": 3.83372, "species_data": [{"InChIKey": "CTQNGGLPUBDAKN-UHFFFAOYSA-N", "composition": 1, "adsorption": 3.83372}]}, {"pressure": 0.00239623, "total_adsorption": 3.84296, "species_data": [{"InChIKey": "CTQNGGLPUBDAKN-UHFFFAOYSA-N", "composition": 1, "adsorption": 3.84296}]}, {"pressure": 0.0024982, "total_adsorption": 3.84296, "species_data": [{"InChIKey": "CTQNGGLPUBDAKN-UHFFFAOYSA-N", "composition": 1, "adsorption": 3.84296}]}, {"pressure": 0.00258997, "total_adsorption": 3.84296, "species_data": [{"InChIKey": "CTQNGGLPUBDAKN-UHFFFAOYSA-N", "composition": 1, "adsorption": 3.84296}]}, {"pressure": 0.00265115, "total_adsorption": 3.85219, "species_data": [{"InChIKey": "CTQNGGLPUBDAKN-UHFFFAOYSA-N", "composition": 1, "adsorption": 3.85219}]}, {"pressure": 0.00275312, "total_adsorption": 3.85219, "species_data": [{"InChIKey": "CTQNGGLPUBDAKN-UHFFFAOYSA-N", "composition": 1, "adsorption": 3.85219}]}, {"pressure": 0.00285509, "total_adsorption": 3.85219, "species_data": [{"InChIKey": "CTQNGGLPUBDAKN-UHFFFAOYSA-N", "composition": 1, "adsorption": 3.85219}]}, {"pressure": 0.00295705, "total_adsorption": 3.85219, "species_data": [{"InChIKey": "CTQNGGLPUBDAKN-UHFFFAOYSA-N", "composition": 1, "adsorption": 3.85219}]}, {"pressure": 0.00302843, "total_adsorption": 3.86143, "species_data": [{"InChIKey": "CTQNGGLPUBDAKN-UHFFFAOYSA-N", "composition": 1, "adsorption": 3.86143}]}, {"pressure": 0.0031304, "total_adsorption": 3.86143, "species_data": [{"InChIKey": "CTQNGGLPUBDAKN-UHFFFAOYSA-N", "composition": 1, "adsorption": 3.86143}]}, {"pressure": 0.00323237, "total_adsorption": 3.86143, "species_data": [{"InChIKey": "CTQNGGLPUBDAKN-UHFFFAOYSA-N", "composition": 1, "adsorption": 3.86143}]}, {"pressure": 0.00338532, "total_adsorption": 3.85219, "species_data": [{"InChIKey": "CTQNGGLPUBDAKN-UHFFFAOYSA-N", "composition": 1, "adsorption": 3.85219}]}, {"pressure": 0.00348728, "total_adsorption": 3.86143, "species_data": [{"InChIKey": "CTQNGGLPUBDAKN-UHFFFAOYSA-N", "composition": 1, "adsorption": 3.86143}]}, {"pressure": 0.00358925, "total_adsorption": 3.87067, "species_data": [{"InChIKey": "CTQNGGLPUBDAKN-UHFFFAOYSA-N", "composition": 1, "adsorption": 3.87067}]}, {"pressure": 0.00369122, "total_adsorption": 3.87067, "species_data": [{"InChIKey": "CTQNGGLPUBDAKN-UHFFFAOYSA-N", "composition": 1, "adsorption": 3.87067}]}, {"pressure": 0.00378299, "total_adsorption": 3.87067, "species_data": [{"InChIKey": "CTQNGGLPUBDAKN-UHFFFAOYSA-N", "composition": 1, "adsorption": 3.87067}]}, {"pressure": 0.00388496, "total_adsorption": 3.87067, "species_data": [{"InChIKey": "CTQNGGLPUBDAKN-UHFFFAOYSA-N", "composition": 1, "adsorption": 3.87067}]}, {"pressure": 0.00398693, "total_adsorption": 3.87067, "species_data": [{"InChIKey": "CTQNGGLPUBDAKN-UHFFFAOYSA-N", "composition": 1, "adsorption": 3.87067}]}, {"pressure": 0.00410929, "total_adsorption": 3.87067, "species_data": [{"InChIKey": "CTQNGGLPUBDAKN-UHFFFAOYSA-N", "composition": 1, "adsorption": 3.87067}]}, {"pressure": 0.00421125, "total_adsorption": 3.87991, "species_data": [{"InChIKey": "CTQNGGLPUBDAKN-UHFFFAOYSA-N", "composition": 1, "adsorption": 3.87991}]}, {"pressure": 0.00431322, "total_adsorption": 3.87067, "species_data": [{"InChIKey": "CTQNGGLPUBDAKN-UHFFFAOYSA-N", "composition": 1, "adsorption": 3.87067}]}, {"pressure": 0.00441519, "total_adsorption": 3.87067, "species_data": [{"InChIKey": "CTQNGGLPUBDAKN-UHFFFAOYSA-N", "composition": 1, "adsorption": 3.87067}]}, {"pressure": 0.00446617, "total_adsorption": 3.87067, "species_data": [{"InChIKey": "CTQNGGLPUBDAKN-UHFFFAOYSA-N", "composition": 1, "adsorption": 3.87067}]}, {"pressure": 0.00456814, "total_adsorption": 3.87067, "species_data": [{"InChIKey": "CTQNGGLPUBDAKN-UHFFFAOYSA-N", "composition": 1, "adsorption": 3.87067}]}, {"pressure": 0.00467011, "total_adsorption": 3.87067, "species_data": [{"InChIKey": "CTQNGGLPUBDAKN-UHFFFAOYSA-N", "composition": 1, "adsorption": 3.87067}]}, {"pressure": 0.00477207, "total_adsorption": 3.87067, "species_data": [{"InChIKey": "CTQNGGLPUBDAKN-UHFFFAOYSA-N", "composition": 1, "adsorption": 3.87067}]}, {"pressure": 0.00484345, "total_adsorption": 3.87991, "species_data": [{"InChIKey": "CTQNGGLPUBDAKN-UHFFFAOYSA-N", "composition": 1, "adsorption": 3.87991}]}, {"pressure": 0.00494542, "total_adsorption": 3.87991, "species_data": [{"InChIKey": "CTQNGGLPUBDAKN-UHFFFAOYSA-N", "composition": 1, "adsorption": 3.87991}]}]}