{"isotherm_data":[{"pressure":0.703463,"total_adsorption":1.84522,"species_data":[{"composition":1,"adsorption":1.84522,"InChIKey":"CURLTUGMZLYLDI-UHFFFAOYSA-N"}]},{"pressure":2.11191,"total_adsorption":2.23959,"species_data":[{"composition":1,"adsorption":2.23959,"InChIKey":"CURLTUGMZLYLDI-UHFFFAOYSA-N"}]},{"pressure":6.90065,"total_adsorption":2.92973,"species_data":[{"composition":1,"adsorption":2.92973,"InChIKey":"CURLTUGMZLYLDI-UHFFFAOYSA-N"}]},{"pressure":7.74572,"total_adsorption":3.39452,"species_data":[{"composition":1,"adsorption":3.39452,"InChIKey":"CURLTUGMZLYLDI-UHFFFAOYSA-N"}]},{"pressure":8.16825,"total_adsorption":3.5917,"species_data":[{"composition":1,"adsorption":3.5917,"InChIKey":"CURLTUGMZLYLDI-UHFFFAOYSA-N"}]},{"pressure":12.2528,"total_adsorption":4.39452,"species_data":[{"composition":1,"adsorption":4.39452,"InChIKey":"CURLTUGMZLYLDI-UHFFFAOYSA-N"}]},{"pressure":14.3654,"total_adsorption":4.54945,"species_data":[{"composition":1,"adsorption":4.54945,"InChIKey":"CURLTUGMZLYLDI-UHFFFAOYSA-N"}]},{"pressure":18.0274,"total_adsorption":4.80297,"species_data":[{"composition":1,"adsorption":4.80297,"InChIKey":"CURLTUGMZLYLDI-UHFFFAOYSA-N"}]},{"pressure":21.4781,"total_adsorption":4.92973,"species_data":[{"composition":1,"adsorption":4.92973,"InChIKey":"CURLTUGMZLYLDI-UHFFFAOYSA-N"}]},{"pressure":24.9288,"total_adsorption":5.08466,"species_data":[{"composition":1,"adsorption":5.08466,"InChIKey":"CURLTUGMZLYLDI-UHFFFAOYSA-N"}]},{"pressure":27.7457,"total_adsorption":5.16917,"species_data":[{"composition":1,"adsorption":5.16917,"InChIKey":"CURLTUGMZLYLDI-UHFFFAOYSA-N"}]},{"pressure":30.2809,"total_adsorption":5.25367,"species_data":[{"composition":1,"adsorption":5.25367,"InChIKey":"CURLTUGMZLYLDI-UHFFFAOYSA-N"}]},{"pressure":31.3373,"total_adsorption":5.28184,"species_data":[{"composition":1,"adsorption":5.28184,"InChIKey":"CURLTUGMZLYLDI-UHFFFAOYSA-N"}]}],"temperature":303,"articleSource":"UNKNOWN","compositionType":"molefraction","adsorbates":[{"name":"Carbon Dioxide","InChIKey":"CURLTUGMZLYLDI-UHFFFAOYSA-N"}],"adsorptionUnits":"cm3(STP)/cm3","date":"1000-01-01","category":"","digitizer":"UNKNOWN","pressureUnits":"bar","DOI":"10.1021/Jp308525k","adsorbent":{"name":"MIL-53(Al)","hashkey":"NIST-MATDB-1b85b1862d4e9cc2e0f46d0e2698ab79"},"concentrationUnits":"","filename":"10.1021Jp308525k.isotherm20","isotherm_type":""}