{"isotherm_data":[{"pressure":0.03053,"total_adsorption":0.176,"species_data":[{"composition":1,"adsorption":0.176,"InChIKey":"QQONPFPTGQHPMA-UHFFFAOYSA-N"}]},{"pressure":0.05543,"total_adsorption":0.4404,"species_data":[{"composition":1,"adsorption":0.4404,"InChIKey":"QQONPFPTGQHPMA-UHFFFAOYSA-N"}]},{"pressure":0.10179,"total_adsorption":0.6603,"species_data":[{"composition":1,"adsorption":0.6603,"InChIKey":"QQONPFPTGQHPMA-UHFFFAOYSA-N"}]},{"pressure":0.14816,"total_adsorption":0.9537,"species_data":[{"composition":1,"adsorption":0.9537,"InChIKey":"QQONPFPTGQHPMA-UHFFFAOYSA-N"}]},{"pressure":0.19791,"total_adsorption":1.203,"species_data":[{"composition":1,"adsorption":1.203,"InChIKey":"QQONPFPTGQHPMA-UHFFFAOYSA-N"}]},{"pressure":0.26801,"total_adsorption":1.5402,"species_data":[{"composition":1,"adsorption":1.5402,"InChIKey":"QQONPFPTGQHPMA-UHFFFAOYSA-N"}]},{"pressure":0.35281,"total_adsorption":1.9066,"species_data":[{"composition":1,"adsorption":1.9066,"InChIKey":"QQONPFPTGQHPMA-UHFFFAOYSA-N"}]},{"pressure":0.40256,"total_adsorption":2.1264,"species_data":[{"composition":1,"adsorption":2.1264,"InChIKey":"QQONPFPTGQHPMA-UHFFFAOYSA-N"}]},{"pressure":0.50091,"total_adsorption":2.4632,"species_data":[{"composition":1,"adsorption":2.4632,"InChIKey":"QQONPFPTGQHPMA-UHFFFAOYSA-N"}]},{"pressure":0.59587,"total_adsorption":2.7706,"species_data":[{"composition":1,"adsorption":2.7706,"InChIKey":"QQONPFPTGQHPMA-UHFFFAOYSA-N"}]},{"pressure":0.71005,"total_adsorption":3.1513,"species_data":[{"composition":1,"adsorption":3.1513,"InChIKey":"QQONPFPTGQHPMA-UHFFFAOYSA-N"}]},{"pressure":0.80273,"total_adsorption":3.3558,"species_data":[{"composition":1,"adsorption":3.3558,"InChIKey":"QQONPFPTGQHPMA-UHFFFAOYSA-N"}]},{"pressure":0.92367,"total_adsorption":3.5894,"species_data":[{"composition":1,"adsorption":3.5894,"InChIKey":"QQONPFPTGQHPMA-UHFFFAOYSA-N"}]},{"pressure":0.98923,"total_adsorption":3.7355,"species_data":[{"composition":1,"adsorption":3.7355,"InChIKey":"QQONPFPTGQHPMA-UHFFFAOYSA-N"}]}],"temperature":423,"articleSource":"Figure 4","compositionType":"molefraction","adsorbates":[{"name":"Propene","InChIKey":"QQONPFPTGQHPMA-UHFFFAOYSA-N"}],"adsorptionUnits":"mmol/g","date":"2017-06-28","category":"exp","digitizer":"John Luo","pressureUnits":"bar","DOI":"10.1016/j.colsurfa.2009.08.025","adsorbent":{"name":"CuBTC","hashkey":"NIST-MATDB-991daf7313251e7e607e2bab2da57e33"},"concentrationUnits":"","filename":"10.1016j.colsurfa.2009.08.025.Isotherm21","isotherm_type":""}