{"isotherm_data":[{"pressure":0.0109083,"total_adsorption":0.0833333,"species_data":[{"composition":1,"adsorption":0.0833333,"InChIKey":"IJGRMHOSHXDMSA-UHFFFAOYSA-N"}]},{"pressure":0.0354641,"total_adsorption":0.208333,"species_data":[{"composition":1,"adsorption":0.208333,"InChIKey":"IJGRMHOSHXDMSA-UHFFFAOYSA-N"}]},{"pressure":0.0655147,"total_adsorption":0.166667,"species_data":[{"composition":1,"adsorption":0.166667,"InChIKey":"IJGRMHOSHXDMSA-UHFFFAOYSA-N"}]},{"pressure":0.08738,"total_adsorption":0.0833333,"species_data":[{"composition":1,"adsorption":0.0833333,"InChIKey":"IJGRMHOSHXDMSA-UHFFFAOYSA-N"}]},{"pressure":0.114691,"total_adsorption":0.0833333,"species_data":[{"composition":1,"adsorption":0.0833333,"InChIKey":"IJGRMHOSHXDMSA-UHFFFAOYSA-N"}]},{"pressure":0.163852,"total_adsorption":0.0833333,"species_data":[{"composition":1,"adsorption":0.0833333,"InChIKey":"IJGRMHOSHXDMSA-UHFFFAOYSA-N"}]},{"pressure":0.215751,"total_adsorption":0.0416667,"species_data":[{"composition":1,"adsorption":0.0416667,"InChIKey":"IJGRMHOSHXDMSA-UHFFFAOYSA-N"}]},{"pressure":0.264912,"total_adsorption":0.0416667,"species_data":[{"composition":1,"adsorption":0.0416667,"InChIKey":"IJGRMHOSHXDMSA-UHFFFAOYSA-N"}]},{"pressure":0.316795,"total_adsorption":0.0833333,"species_data":[{"composition":1,"adsorption":0.0833333,"InChIKey":"IJGRMHOSHXDMSA-UHFFFAOYSA-N"}]},{"pressure":0.363241,"total_adsorption":3.55e-15,"species_data":[{"composition":1,"adsorption":3.55e-15,"InChIKey":"IJGRMHOSHXDMSA-UHFFFAOYSA-N"}]},{"pressure":0.417855,"total_adsorption":0.0416667,"species_data":[{"composition":1,"adsorption":0.0416667,"InChIKey":"IJGRMHOSHXDMSA-UHFFFAOYSA-N"}]},{"pressure":0.467015,"total_adsorption":0.0416667,"species_data":[{"composition":1,"adsorption":0.0416667,"InChIKey":"IJGRMHOSHXDMSA-UHFFFAOYSA-N"}]},{"pressure":0.518907,"total_adsorption":0.0416667,"species_data":[{"composition":1,"adsorption":0.0416667,"InChIKey":"IJGRMHOSHXDMSA-UHFFFAOYSA-N"}]},{"pressure":0.57079,"total_adsorption":0.0833333,"species_data":[{"composition":1,"adsorption":0.0833333,"InChIKey":"IJGRMHOSHXDMSA-UHFFFAOYSA-N"}]},{"pressure":0.614488,"total_adsorption":0.0833333,"species_data":[{"composition":1,"adsorption":0.0833333,"InChIKey":"IJGRMHOSHXDMSA-UHFFFAOYSA-N"}]},{"pressure":0.663657,"total_adsorption":0.0416667,"species_data":[{"composition":1,"adsorption":0.0416667,"InChIKey":"IJGRMHOSHXDMSA-UHFFFAOYSA-N"}]},{"pressure":0.721003,"total_adsorption":0.0833333,"species_data":[{"composition":1,"adsorption":0.0833333,"InChIKey":"IJGRMHOSHXDMSA-UHFFFAOYSA-N"}]},{"pressure":0.770163,"total_adsorption":0.0833333,"species_data":[{"composition":1,"adsorption":0.0833333,"InChIKey":"IJGRMHOSHXDMSA-UHFFFAOYSA-N"}]},{"pressure":0.822054,"total_adsorption":0.0833333,"species_data":[{"composition":1,"adsorption":0.0833333,"InChIKey":"IJGRMHOSHXDMSA-UHFFFAOYSA-N"}]},{"pressure":0.871199,"total_adsorption":0.166667,"species_data":[{"composition":1,"adsorption":0.166667,"InChIKey":"IJGRMHOSHXDMSA-UHFFFAOYSA-N"}]},{"pressure":0.92309,"total_adsorption":0.166667,"species_data":[{"composition":1,"adsorption":0.166667,"InChIKey":"IJGRMHOSHXDMSA-UHFFFAOYSA-N"}]},{"pressure":0.974974,"total_adsorption":0.208333,"species_data":[{"composition":1,"adsorption":0.208333,"InChIKey":"IJGRMHOSHXDMSA-UHFFFAOYSA-N"}]},{"pressure":0.99136,"total_adsorption":0.208333,"species_data":[{"composition":1,"adsorption":0.208333,"InChIKey":"IJGRMHOSHXDMSA-UHFFFAOYSA-N"}]}],"temperature":298,"articleSource":"UNKNOWN","compositionType":"molefraction","adsorbates":[{"name":"Nitrogen","InChIKey":"IJGRMHOSHXDMSA-UHFFFAOYSA-N"}],"adsorptionUnits":"cm3(STP)/g","date":"1000-01-01","category":"","digitizer":"UNKNOWN","pressureUnits":"bar","DOI":"10.1039/C2cc34482c","adsorbent":{"name":"SNU-110'","hashkey":"NIST-MATDB-26ee3aefd50411b7c51dc126cd95d6bb"},"concentrationUnits":"","filename":"10.1039C2cc34482c.Isotherm10","isotherm_type":""}