{"filename": "10.1016j.micromeso.2012.10.002.Isotherm7", "DOI": "10.1016/j.micromeso.2012.10.002", "articleSource": "UNKNOWN", "date": "1000-01-01", "digitizer": "UNKNOWN", "adsorbent": {"hashkey": "NIST-MATDB-4a76c35f1a67ba118b0d402bdad95169", "name": "NH2-MIL-53"}, "adsorbates": [{"InChIKey": "CURLTUGMZLYLDI-UHFFFAOYSA-N", "name": "Carbon Dioxide"}], "category": "", "temperature": 303, "isotherm_type": "", "adsorptionUnits": "molecules/unitcell", "pressureUnits": "bar", "compositionType": "molefraction", "concentrationUnits": "", "isotherm_data": [{"pressure": 0.0112126, "total_adsorption": 0.306804, "species_data": [{"InChIKey": "CURLTUGMZLYLDI-UHFFFAOYSA-N", "composition": 1, "adsorption": 0.306804}]}, {"pressure": 0.0323136, "total_adsorption": 0.74831, "species_data": [{"InChIKey": "CURLTUGMZLYLDI-UHFFFAOYSA-N", "composition": 1, "adsorption": 0.74831}]}, {"pressure": 0.0634125, "total_adsorption": 1.40096, "species_data": [{"InChIKey": "CURLTUGMZLYLDI-UHFFFAOYSA-N", "composition": 1, "adsorption": 1.40096}]}, {"pressure": 0.103515, "total_adsorption": 2.32199, "species_data": [{"InChIKey": "CURLTUGMZLYLDI-UHFFFAOYSA-N", "composition": 1, "adsorption": 2.32199}]}, {"pressure": 0.306392, "total_adsorption": 4.82545, "species_data": [{"InChIKey": "CURLTUGMZLYLDI-UHFFFAOYSA-N", "composition": 1, "adsorption": 4.82545}]}, {"pressure": 0.508206, "total_adsorption": 5.83836, "species_data": [{"InChIKey": "CURLTUGMZLYLDI-UHFFFAOYSA-N", "composition": 1, "adsorption": 5.83836}]}]}