{"isotherm_data":[{"pressure":0,"total_adsorption":0.0980392,"species_data":[{"composition":1,"adsorption":0.0980392,"InChIKey":"CURLTUGMZLYLDI-UHFFFAOYSA-N"}]},{"pressure":0.0431762,"total_adsorption":1.08549,"species_data":[{"composition":1,"adsorption":1.08549,"InChIKey":"CURLTUGMZLYLDI-UHFFFAOYSA-N"}]},{"pressure":0.109429,"total_adsorption":2.95906,"species_data":[{"composition":1,"adsorption":2.95906,"InChIKey":"CURLTUGMZLYLDI-UHFFFAOYSA-N"}]},{"pressure":0.219603,"total_adsorption":4.93784,"species_data":[{"composition":1,"adsorption":4.93784,"InChIKey":"CURLTUGMZLYLDI-UHFFFAOYSA-N"}]},{"pressure":0.361787,"total_adsorption":6.18657,"species_data":[{"composition":1,"adsorption":6.18657,"InChIKey":"CURLTUGMZLYLDI-UHFFFAOYSA-N"}]}],"temperature":333,"articleSource":"UNKNOWN","compositionType":"molefraction","adsorbates":[{"name":"Carbon Dioxide","InChIKey":"CURLTUGMZLYLDI-UHFFFAOYSA-N"}],"adsorptionUnits":"ml/g","date":"1000-01-01","category":"","digitizer":"UNKNOWN","pressureUnits":"bar","DOI":"10.1016/S1003-9953(06)60030-3","adsorbent":{"name":"Carbon","hashkey":"NIST-MATDB-453276ee992ed07dc207ed08b2b221ce"},"concentrationUnits":"","filename":"10.1016S1003-9953(06)60030-3.Isotherm3","isotherm_type":""}