{"isotherm_data":[{"pressure":0.00837971,"total_adsorption":4.77547,"species_data":[{"composition":1,"adsorption":4.77547,"InChIKey":"IJGRMHOSHXDMSA-UHFFFAOYSA-N"}]},{"pressure":0.00837971,"total_adsorption":21.599,"species_data":[{"composition":1,"adsorption":21.599,"InChIKey":"IJGRMHOSHXDMSA-UHFFFAOYSA-N"}]},{"pressure":0.0149343,"total_adsorption":44.7587,"species_data":[{"composition":1,"adsorption":44.7587,"InChIKey":"IJGRMHOSHXDMSA-UHFFFAOYSA-N"}]},{"pressure":0.0193041,"total_adsorption":58.9603,"species_data":[{"composition":1,"adsorption":58.9603,"InChIKey":"IJGRMHOSHXDMSA-UHFFFAOYSA-N"}]},{"pressure":0.021489,"total_adsorption":72.7251,"species_data":[{"composition":1,"adsorption":72.7251,"InChIKey":"IJGRMHOSHXDMSA-UHFFFAOYSA-N"}]},{"pressure":0.0455226,"total_adsorption":75.7839,"species_data":[{"composition":1,"adsorption":75.7839,"InChIKey":"IJGRMHOSHXDMSA-UHFFFAOYSA-N"}]},{"pressure":0.102329,"total_adsorption":79.0612,"species_data":[{"composition":1,"adsorption":79.0612,"InChIKey":"IJGRMHOSHXDMSA-UHFFFAOYSA-N"}]},{"pressure":0.176615,"total_adsorption":80.8091,"species_data":[{"composition":1,"adsorption":80.8091,"InChIKey":"IJGRMHOSHXDMSA-UHFFFAOYSA-N"}]},{"pressure":0.294598,"total_adsorption":81.9015,"species_data":[{"composition":1,"adsorption":81.9015,"InChIKey":"IJGRMHOSHXDMSA-UHFFFAOYSA-N"}]},{"pressure":0.552413,"total_adsorption":82.557,"species_data":[{"composition":1,"adsorption":82.557,"InChIKey":"IJGRMHOSHXDMSA-UHFFFAOYSA-N"}]},{"pressure":0.768716,"total_adsorption":82.557,"species_data":[{"composition":1,"adsorption":82.557,"InChIKey":"IJGRMHOSHXDMSA-UHFFFAOYSA-N"}]},{"pressure":0.995943,"total_adsorption":83.2124,"species_data":[{"composition":1,"adsorption":83.2124,"InChIKey":"IJGRMHOSHXDMSA-UHFFFAOYSA-N"}]}],"temperature":77,"articleSource":"UNKNOWN","compositionType":"molefraction","adsorbates":[{"name":"Nitrogen","InChIKey":"IJGRMHOSHXDMSA-UHFFFAOYSA-N"}],"adsorptionUnits":"cm3(STP)/g","date":"1000-01-01","category":"","digitizer":"UNKNOWN","pressureUnits":"bar","DOI":"10.1039/C3dt50664a","adsorbent":{"name":"[Cd4Cl(Ni-L)3(Ni-HL)(H2O)6(DMF)]*4DMF","hashkey":"NIST-MATDB-800976a05aa2a61ab9fb22944165c376"},"concentrationUnits":"","filename":"10.1039C3dt50664a.isotherm1","isotherm_type":""}