{"filename": "10.1021Ef201578a.Isotherm5", "DOI": "10.1021/Ef201578a", "articleSource": "UNKNOWN", "date": "1000-01-01", "digitizer": "UNKNOWN", "adsorbent": {"hashkey": "NIST-MATDB-2b4e5ee5581fc4f6e633d576c1cd6fc2", "name": "PEI-25-APTES-25-PQCS2129"}, "adsorbates": [{"InChIKey": "CURLTUGMZLYLDI-UHFFFAOYSA-N", "name": "Carbon Dioxide"}], "category": "", "temperature": 333, "isotherm_type": "", "adsorptionUnits": "mmol/g", "pressureUnits": "bar", "compositionType": "molefraction", "concentrationUnits": "", "isotherm_data": [{"pressure": 0.0410367, "total_adsorption": 2.21147, "species_data": [{"InChIKey": "CURLTUGMZLYLDI-UHFFFAOYSA-N", "composition": 1, "adsorption": 2.21147}]}, {"pressure": 0.0820734, "total_adsorption": 2.44304, "species_data": [{"InChIKey": "CURLTUGMZLYLDI-UHFFFAOYSA-N", "composition": 1, "adsorption": 2.44304}]}, {"pressure": 0.49892, "total_adsorption": 3.09044, "species_data": [{"InChIKey": "CURLTUGMZLYLDI-UHFFFAOYSA-N", "composition": 1, "adsorption": 3.09044}]}, {"pressure": 0.831533, "total_adsorption": 3.15409, "species_data": [{"InChIKey": "CURLTUGMZLYLDI-UHFFFAOYSA-N", "composition": 1, "adsorption": 3.15409}]}]}