{"isotherm_data":[{"pressure":1.01325,"total_adsorption":null,"species_data":[{"composition":0.0709,"adsorption":5.179,"InChIKey":"NBIIXXVUZAFLBC-UHFFFAOYSA-K"}]},{"pressure":1.01325,"total_adsorption":null,"species_data":[{"composition":0.9312,"adsorption":9.35,"InChIKey":"NBIIXXVUZAFLBC-UHFFFAOYSA-K"}]},{"pressure":1.01325,"total_adsorption":null,"species_data":[{"composition":3.4407,"adsorption":14.26,"InChIKey":"NBIIXXVUZAFLBC-UHFFFAOYSA-K"}]},{"pressure":1.01325,"total_adsorption":null,"species_data":[{"composition":4.9848,"adsorption":16.009,"InChIKey":"NBIIXXVUZAFLBC-UHFFFAOYSA-K"}]},{"pressure":1.01325,"total_adsorption":null,"species_data":[{"composition":6.7835,"adsorption":19.103,"InChIKey":"NBIIXXVUZAFLBC-UHFFFAOYSA-K"}]},{"pressure":1.01325,"total_adsorption":null,"species_data":[{"composition":8.1001,"adsorption":24.619,"InChIKey":"NBIIXXVUZAFLBC-UHFFFAOYSA-K"}]},{"pressure":1.01325,"total_adsorption":null,"species_data":[{"composition":8.8209,"adsorption":34.641,"InChIKey":"NBIIXXVUZAFLBC-UHFFFAOYSA-K"}]},{"pressure":1.01325,"total_adsorption":null,"species_data":[{"composition":9.0764,"adsorption":42.309,"InChIKey":"NBIIXXVUZAFLBC-UHFFFAOYSA-K"}]},{"pressure":1.01325,"total_adsorption":null,"species_data":[{"composition":9.5512,"adsorption":50.381,"InChIKey":"NBIIXXVUZAFLBC-UHFFFAOYSA-K"}]},{"pressure":1.01325,"total_adsorption":null,"species_data":[{"composition":9.9823,"adsorption":58.924,"InChIKey":"NBIIXXVUZAFLBC-UHFFFAOYSA-K"}]}],"temperature":273,"articleSource":"Figure 8","compositionType":"concentration","adsorbates":[{"name":"Phosphate Ion","InChIKey":"NBIIXXVUZAFLBC-UHFFFAOYSA-K"}],"adsorptionUnits":"mg/g","date":"2019-07-23","category":"exp","digitizer":"Justin Chen","pressureUnits":"bar","DOI":"10.1039/c6en00507a","adsorbent":{"name":"Nanostructured ZnFeZr (5.3:1.0:1.0 molar ratio)","hashkey":"NIST-MATDB-d01a3f13d5453f97964fc6844b682c5d"},"concentrationUnits":"","filename":"10.1039c6en00507a.Isotherm1","isotherm_type":""}