{"isotherm_data":[{"pressure":0.0487713,"total_adsorption":0.147059,"species_data":[{"composition":1,"adsorption":0.147059,"InChIKey":"CURLTUGMZLYLDI-UHFFFAOYSA-N"}]},{"pressure":0.158417,"total_adsorption":0.411765,"species_data":[{"composition":1,"adsorption":0.411765,"InChIKey":"CURLTUGMZLYLDI-UHFFFAOYSA-N"}]},{"pressure":0.519387,"total_adsorption":0.946078,"species_data":[{"composition":1,"adsorption":0.946078,"InChIKey":"CURLTUGMZLYLDI-UHFFFAOYSA-N"}]},{"pressure":0.870026,"total_adsorption":1.32353,"species_data":[{"composition":1,"adsorption":1.32353,"InChIKey":"CURLTUGMZLYLDI-UHFFFAOYSA-N"}]},{"pressure":1.016,"total_adsorption":1.51471,"species_data":[{"composition":1,"adsorption":1.51471,"InChIKey":"CURLTUGMZLYLDI-UHFFFAOYSA-N"}]}],"temperature":298,"articleSource":"UNKNOWN","compositionType":"molefraction","adsorbates":[{"name":"Carbon Dioxide","InChIKey":"CURLTUGMZLYLDI-UHFFFAOYSA-N"}],"adsorptionUnits":"mmol/g","date":"1000-01-01","category":"","digitizer":"UNKNOWN","pressureUnits":"bar","DOI":"10.1021/ja104035j","adsorbent":{"name":"ZIF-93","hashkey":"NIST-MATDB-5a53918a0d77cc8dc4fdaed222acfb5f"},"concentrationUnits":"","filename":"10.1021ja104035j.Isotherm11","isotherm_type":""}