{"isotherm_data":[{"pressure":0,"total_adsorption":56.338,"species_data":[{"composition":1,"adsorption":56.338,"InChIKey":"IJGRMHOSHXDMSA-UHFFFAOYSA-N"}]},{"pressure":0.002102,"total_adsorption":20.2864,"species_data":[{"composition":1,"adsorption":20.2864,"InChIKey":"IJGRMHOSHXDMSA-UHFFFAOYSA-N"}]},{"pressure":0.004204,"total_adsorption":139.728,"species_data":[{"composition":1,"adsorption":139.728,"InChIKey":"IJGRMHOSHXDMSA-UHFFFAOYSA-N"}]},{"pressure":0.006307,"total_adsorption":187.056,"species_data":[{"composition":1,"adsorption":187.056,"InChIKey":"IJGRMHOSHXDMSA-UHFFFAOYSA-N"}]},{"pressure":0.008409,"total_adsorption":227.624,"species_data":[{"composition":1,"adsorption":227.624,"InChIKey":"IJGRMHOSHXDMSA-UHFFFAOYSA-N"}]},{"pressure":0.010511,"total_adsorption":245.657,"species_data":[{"composition":1,"adsorption":245.657,"InChIKey":"IJGRMHOSHXDMSA-UHFFFAOYSA-N"}]},{"pressure":0.01892,"total_adsorption":272.718,"species_data":[{"composition":1,"adsorption":272.718,"InChIKey":"IJGRMHOSHXDMSA-UHFFFAOYSA-N"}]},{"pressure":0.027328,"total_adsorption":284.004,"species_data":[{"composition":1,"adsorption":284.004,"InChIKey":"IJGRMHOSHXDMSA-UHFFFAOYSA-N"}]},{"pressure":0.039941,"total_adsorption":293.047,"species_data":[{"composition":1,"adsorption":293.047,"InChIKey":"IJGRMHOSHXDMSA-UHFFFAOYSA-N"}]},{"pressure":0.046248,"total_adsorption":302.075,"species_data":[{"composition":1,"adsorption":302.075,"InChIKey":"IJGRMHOSHXDMSA-UHFFFAOYSA-N"}]},{"pressure":0.058861,"total_adsorption":311.117,"species_data":[{"composition":1,"adsorption":311.117,"InChIKey":"IJGRMHOSHXDMSA-UHFFFAOYSA-N"}]},{"pressure":0.06727,"total_adsorption":317.896,"species_data":[{"composition":1,"adsorption":317.896,"InChIKey":"IJGRMHOSHXDMSA-UHFFFAOYSA-N"}]},{"pressure":0.075678,"total_adsorption":324.675,"species_data":[{"composition":1,"adsorption":324.675,"InChIKey":"IJGRMHOSHXDMSA-UHFFFAOYSA-N"}]},{"pressure":0.088291,"total_adsorption":331.464,"species_data":[{"composition":1,"adsorption":331.464,"InChIKey":"IJGRMHOSHXDMSA-UHFFFAOYSA-N"}]},{"pressure":0.094598,"total_adsorption":342.746,"species_data":[{"composition":1,"adsorption":342.746,"InChIKey":"IJGRMHOSHXDMSA-UHFFFAOYSA-N"}]},{"pressure":0.107211,"total_adsorption":356.295,"species_data":[{"composition":1,"adsorption":356.295,"InChIKey":"IJGRMHOSHXDMSA-UHFFFAOYSA-N"}]},{"pressure":0.121926,"total_adsorption":367.595,"species_data":[{"composition":1,"adsorption":367.595,"InChIKey":"IJGRMHOSHXDMSA-UHFFFAOYSA-N"}]},{"pressure":0.128233,"total_adsorption":372.116,"species_data":[{"composition":1,"adsorption":372.116,"InChIKey":"IJGRMHOSHXDMSA-UHFFFAOYSA-N"}]},{"pressure":0.138743,"total_adsorption":383.407,"species_data":[{"composition":1,"adsorption":383.407,"InChIKey":"IJGRMHOSHXDMSA-UHFFFAOYSA-N"}]},{"pressure":0.147152,"total_adsorption":390.186,"species_data":[{"composition":1,"adsorption":390.186,"InChIKey":"IJGRMHOSHXDMSA-UHFFFAOYSA-N"}]},{"pressure":0.16397,"total_adsorption":399.238,"species_data":[{"composition":1,"adsorption":399.238,"InChIKey":"IJGRMHOSHXDMSA-UHFFFAOYSA-N"}]},{"pressure":0.172378,"total_adsorption":408.271,"species_data":[{"composition":1,"adsorption":408.271,"InChIKey":"IJGRMHOSHXDMSA-UHFFFAOYSA-N"}]},{"pressure":0.18289,"total_adsorption":417.308,"species_data":[{"composition":1,"adsorption":417.308,"InChIKey":"IJGRMHOSHXDMSA-UHFFFAOYSA-N"}]},{"pressure":0.197605,"total_adsorption":428.608,"species_data":[{"composition":1,"adsorption":428.608,"InChIKey":"IJGRMHOSHXDMSA-UHFFFAOYSA-N"}]},{"pressure":0.203911,"total_adsorption":433.13,"species_data":[{"composition":1,"adsorption":433.13,"InChIKey":"IJGRMHOSHXDMSA-UHFFFAOYSA-N"}]},{"pressure":0.229137,"total_adsorption":453.467,"species_data":[{"composition":1,"adsorption":453.467,"InChIKey":"IJGRMHOSHXDMSA-UHFFFAOYSA-N"}]},{"pressure":0.250159,"total_adsorption":471.542,"species_data":[{"composition":1,"adsorption":471.542,"InChIKey":"IJGRMHOSHXDMSA-UHFFFAOYSA-N"}]},{"pressure":0.273284,"total_adsorption":489.622,"species_data":[{"composition":1,"adsorption":489.622,"InChIKey":"IJGRMHOSHXDMSA-UHFFFAOYSA-N"}]},{"pressure":0.29851,"total_adsorption":507.706,"species_data":[{"composition":1,"adsorption":507.706,"InChIKey":"IJGRMHOSHXDMSA-UHFFFAOYSA-N"}]},{"pressure":0.325838,"total_adsorption":530.302,"species_data":[{"composition":1,"adsorption":530.302,"InChIKey":"IJGRMHOSHXDMSA-UHFFFAOYSA-N"}]},{"pressure":0.34686,"total_adsorption":548.377,"species_data":[{"composition":1,"adsorption":548.377,"InChIKey":"IJGRMHOSHXDMSA-UHFFFAOYSA-N"}]},{"pressure":0.369983,"total_adsorption":568.71,"species_data":[{"composition":1,"adsorption":568.71,"InChIKey":"IJGRMHOSHXDMSA-UHFFFAOYSA-N"}]},{"pressure":0.391005,"total_adsorption":582.278,"species_data":[{"composition":1,"adsorption":582.278,"InChIKey":"IJGRMHOSHXDMSA-UHFFFAOYSA-N"}]},{"pressure":0.418333,"total_adsorption":600.367,"species_data":[{"composition":1,"adsorption":600.367,"InChIKey":"IJGRMHOSHXDMSA-UHFFFAOYSA-N"}]},{"pressure":0.449866,"total_adsorption":616.212,"species_data":[{"composition":1,"adsorption":616.212,"InChIKey":"IJGRMHOSHXDMSA-UHFFFAOYSA-N"}]},{"pressure":0.475093,"total_adsorption":629.789,"species_data":[{"composition":1,"adsorption":629.789,"InChIKey":"IJGRMHOSHXDMSA-UHFFFAOYSA-N"}]},{"pressure":0.510829,"total_adsorption":641.136,"species_data":[{"composition":1,"adsorption":641.136,"InChIKey":"IJGRMHOSHXDMSA-UHFFFAOYSA-N"}]},{"pressure":0.554975,"total_adsorption":650.248,"species_data":[{"composition":1,"adsorption":650.248,"InChIKey":"IJGRMHOSHXDMSA-UHFFFAOYSA-N"}]},{"pressure":0.605427,"total_adsorption":659.375,"species_data":[{"composition":1,"adsorption":659.375,"InChIKey":"IJGRMHOSHXDMSA-UHFFFAOYSA-N"}]},{"pressure":0.657982,"total_adsorption":663.999,"species_data":[{"composition":1,"adsorption":663.999,"InChIKey":"IJGRMHOSHXDMSA-UHFFFAOYSA-N"}]},{"pressure":0.710536,"total_adsorption":668.623,"species_data":[{"composition":1,"adsorption":668.623,"InChIKey":"IJGRMHOSHXDMSA-UHFFFAOYSA-N"}]},{"pressure":0.760988,"total_adsorption":675.495,"species_data":[{"composition":1,"adsorption":675.495,"InChIKey":"IJGRMHOSHXDMSA-UHFFFAOYSA-N"}]},{"pressure":0.809339,"total_adsorption":680.11,"species_data":[{"composition":1,"adsorption":680.11,"InChIKey":"IJGRMHOSHXDMSA-UHFFFAOYSA-N"}]},{"pressure":0.845076,"total_adsorption":686.95,"species_data":[{"composition":1,"adsorption":686.95,"InChIKey":"IJGRMHOSHXDMSA-UHFFFAOYSA-N"}]},{"pressure":0.880813,"total_adsorption":698.297,"species_data":[{"composition":1,"adsorption":698.297,"InChIKey":"IJGRMHOSHXDMSA-UHFFFAOYSA-N"}]},{"pressure":0.910243,"total_adsorption":709.63,"species_data":[{"composition":1,"adsorption":709.63,"InChIKey":"IJGRMHOSHXDMSA-UHFFFAOYSA-N"}]},{"pressure":0.933367,"total_adsorption":723.203,"species_data":[{"composition":1,"adsorption":723.203,"InChIKey":"IJGRMHOSHXDMSA-UHFFFAOYSA-N"}]},{"pressure":0.954389,"total_adsorption":741.278,"species_data":[{"composition":1,"adsorption":741.278,"InChIKey":"IJGRMHOSHXDMSA-UHFFFAOYSA-N"}]},{"pressure":0.973309,"total_adsorption":752.587,"species_data":[{"composition":1,"adsorption":752.587,"InChIKey":"IJGRMHOSHXDMSA-UHFFFAOYSA-N"}]},{"pressure":0.979615,"total_adsorption":770.629,"species_data":[{"composition":1,"adsorption":770.629,"InChIKey":"IJGRMHOSHXDMSA-UHFFFAOYSA-N"}]},{"pressure":0.988024,"total_adsorption":775.155,"species_data":[{"composition":1,"adsorption":775.155,"InChIKey":"IJGRMHOSHXDMSA-UHFFFAOYSA-N"}]},{"pressure":0.996432,"total_adsorption":784.188,"species_data":[{"composition":1,"adsorption":784.188,"InChIKey":"IJGRMHOSHXDMSA-UHFFFAOYSA-N"}]},{"pressure":1.01745,"total_adsorption":800.009,"species_data":[{"composition":1,"adsorption":800.009,"InChIKey":"IJGRMHOSHXDMSA-UHFFFAOYSA-N"}]}],"temperature":77,"articleSource":"Figure 3b","compositionType":"molefraction","adsorbates":[{"name":"Nitrogen","InChIKey":"IJGRMHOSHXDMSA-UHFFFAOYSA-N"}],"adsorptionUnits":"cm3(STP)/g","date":"2016-06-30","category":"exp","digitizer":"Yamuna E. Satsangi","pressureUnits":"bar","DOI":"10.1039/c5cc05107j","adsorbent":{"name":"HKUST-1@AC50 (1T)","hashkey":"NIST-MATDB-4f384d34b74148db1bf59a02a6fde2e6"},"concentrationUnits":"","filename":"10.1039c5cc05107j.Isotherm6","isotherm_type":""}