{"isotherm_data":[{"pressure":0.563189,"total_adsorption":0.039133,"species_data":[{"composition":1,"adsorption":0.039133,"InChIKey":"UFHFLCQGNIYNRP-UHFFFAOYSA-N"}]},{"pressure":5.21817,"total_adsorption":1.64119,"species_data":[{"composition":1,"adsorption":1.64119,"InChIKey":"UFHFLCQGNIYNRP-UHFFFAOYSA-N"}]},{"pressure":10.186,"total_adsorption":2.06498,"species_data":[{"composition":1,"adsorption":2.06498,"InChIKey":"UFHFLCQGNIYNRP-UHFFFAOYSA-N"}]},{"pressure":15.9144,"total_adsorption":2.22196,"species_data":[{"composition":1,"adsorption":2.22196,"InChIKey":"UFHFLCQGNIYNRP-UHFFFAOYSA-N"}]},{"pressure":26.4371,"total_adsorption":2.41863,"species_data":[{"composition":1,"adsorption":2.41863,"InChIKey":"UFHFLCQGNIYNRP-UHFFFAOYSA-N"}]},{"pressure":36.6485,"total_adsorption":2.50459,"species_data":[{"composition":1,"adsorption":2.50459,"InChIKey":"UFHFLCQGNIYNRP-UHFFFAOYSA-N"}]},{"pressure":47.1988,"total_adsorption":2.60361,"species_data":[{"composition":1,"adsorption":2.60361,"InChIKey":"UFHFLCQGNIYNRP-UHFFFAOYSA-N"}]},{"pressure":56.879,"total_adsorption":2.71554,"species_data":[{"composition":1,"adsorption":2.71554,"InChIKey":"UFHFLCQGNIYNRP-UHFFFAOYSA-N"}]},{"pressure":67.2646,"total_adsorption":2.75595,"species_data":[{"composition":1,"adsorption":2.75595,"InChIKey":"UFHFLCQGNIYNRP-UHFFFAOYSA-N"}]},{"pressure":77.911,"total_adsorption":2.83546,"species_data":[{"composition":1,"adsorption":2.83546,"InChIKey":"UFHFLCQGNIYNRP-UHFFFAOYSA-N"}]},{"pressure":87.6325,"total_adsorption":2.90834,"species_data":[{"composition":1,"adsorption":2.90834,"InChIKey":"UFHFLCQGNIYNRP-UHFFFAOYSA-N"}]},{"pressure":97.9585,"total_adsorption":2.98129,"species_data":[{"composition":1,"adsorption":2.98129,"InChIKey":"UFHFLCQGNIYNRP-UHFFFAOYSA-N"}]},{"pressure":108.362,"total_adsorption":3.02821,"species_data":[{"composition":1,"adsorption":3.02821,"InChIKey":"UFHFLCQGNIYNRP-UHFFFAOYSA-N"}]}],"temperature":298,"articleSource":"UNKNOWN","compositionType":"molefraction","adsorbates":[{"name":"Hydrogen","InChIKey":"UFHFLCQGNIYNRP-UHFFFAOYSA-N"}],"adsorptionUnits":"wt%","date":"1000-01-01","category":"","digitizer":"UNKNOWN","pressureUnits":"bar","DOI":"10.1021/Jp200321y","adsorbent":{"name":"ZIF-68","hashkey":"NIST-MATDB-9e5edba55f0f609476161019d58113ed"},"concentrationUnits":"","filename":"10.1021Jp200321y.isotherm1b","isotherm_type":""}