{"isotherm_data":[{"pressure":0.00416572,"total_adsorption":0.0243436,"species_data":[{"composition":1,"adsorption":0.0243436,"InChIKey":"IJGRMHOSHXDMSA-UHFFFAOYSA-N"}]},{"pressure":0.00969949,"total_adsorption":0.0374528,"species_data":[{"composition":1,"adsorption":0.0374528,"InChIKey":"IJGRMHOSHXDMSA-UHFFFAOYSA-N"}]},{"pressure":0.0172117,"total_adsorption":0.0374528,"species_data":[{"composition":1,"adsorption":0.0374528,"InChIKey":"IJGRMHOSHXDMSA-UHFFFAOYSA-N"}]},{"pressure":0.0314782,"total_adsorption":0.0374528,"species_data":[{"composition":1,"adsorption":0.0374528,"InChIKey":"IJGRMHOSHXDMSA-UHFFFAOYSA-N"}]},{"pressure":0.0541971,"total_adsorption":0.0374528,"species_data":[{"composition":1,"adsorption":0.0374528,"InChIKey":"IJGRMHOSHXDMSA-UHFFFAOYSA-N"}]},{"pressure":0.105288,"total_adsorption":0.0505621,"species_data":[{"composition":1,"adsorption":0.0505621,"InChIKey":"IJGRMHOSHXDMSA-UHFFFAOYSA-N"}]},{"pressure":0.276614,"total_adsorption":0.155436,"species_data":[{"composition":1,"adsorption":0.155436,"InChIKey":"IJGRMHOSHXDMSA-UHFFFAOYSA-N"}]},{"pressure":0.476257,"total_adsorption":0.286528,"species_data":[{"composition":1,"adsorption":0.286528,"InChIKey":"IJGRMHOSHXDMSA-UHFFFAOYSA-N"}]},{"pressure":0.982795,"total_adsorption":0.43073,"species_data":[{"composition":1,"adsorption":0.43073,"InChIKey":"IJGRMHOSHXDMSA-UHFFFAOYSA-N"}]},{"pressure":4.72219,"total_adsorption":0.692915,"species_data":[{"composition":1,"adsorption":0.692915,"InChIKey":"IJGRMHOSHXDMSA-UHFFFAOYSA-N"}]},{"pressure":10.0433,"total_adsorption":0.745352,"species_data":[{"composition":1,"adsorption":0.745352,"InChIKey":"IJGRMHOSHXDMSA-UHFFFAOYSA-N"}]}],"temperature":298,"articleSource":"UNKNOWN","compositionType":"molefraction","adsorbates":[{"name":"Nitrogen","InChIKey":"IJGRMHOSHXDMSA-UHFFFAOYSA-N"}],"adsorptionUnits":"mmol/g","date":"1000-01-01","category":"","digitizer":"UNKNOWN","pressureUnits":"bar","DOI":"10.1039/C1cp20168a","adsorbent":{"name":"CuBTC","hashkey":"NIST-MATDB-991daf7313251e7e607e2bab2da57e33"},"concentrationUnits":"","filename":"10.1039C1cp20168a.Isotherm22","isotherm_type":""}