{"filename": "10.1007s10450-012-9421-3.Isotherm5", "DOI": "10.1007/s10450-012-9421-3", "articleSource": "UNKNOWN", "date": "1000-01-01", "digitizer": "UNKNOWN", "adsorbent": {"hashkey": "NIST-MATDB-bde004508f232057c39fee9265cfaa9a", "name": "Anthracite C H7"}, "adsorbates": [{"InChIKey": "VNWKTOKETHGBQD-UHFFFAOYSA-N", "name": "Methane"}], "category": "", "temperature": 303, "isotherm_type": "", "adsorptionUnits": "cm3(STP)/g", "pressureUnits": "bar", "compositionType": "molefraction", "concentrationUnits": "", "isotherm_data": [{"pressure": 8.6386, "total_adsorption": 15.6366, "species_data": [{"InChIKey": "VNWKTOKETHGBQD-UHFFFAOYSA-N", "composition": 1, "adsorption": 15.6366}]}, {"pressure": 16.0264, "total_adsorption": 20.8855, "species_data": [{"InChIKey": "VNWKTOKETHGBQD-UHFFFAOYSA-N", "composition": 1, "adsorption": 20.8855}]}, {"pressure": 22.5921, "total_adsorption": 24.932, "species_data": [{"InChIKey": "VNWKTOKETHGBQD-UHFFFAOYSA-N", "composition": 1, "adsorption": 24.932}]}, {"pressure": 29.462, "total_adsorption": 27.4715, "species_data": [{"InChIKey": "VNWKTOKETHGBQD-UHFFFAOYSA-N", "composition": 1, "adsorption": 27.4715}]}, {"pressure": 37.048, "total_adsorption": 29.4065, "species_data": [{"InChIKey": "VNWKTOKETHGBQD-UHFFFAOYSA-N", "composition": 1, "adsorption": 29.4065}]}, {"pressure": 44.5321, "total_adsorption": 31.643, "species_data": [{"InChIKey": "VNWKTOKETHGBQD-UHFFFAOYSA-N", "composition": 1, "adsorption": 31.643}]}]}