{"filename": "10.1021Jp305524f.Isotherm28", "DOI": "10.1021/Jp305524f", "articleSource": "UNKNOWN", "date": "1000-01-01", "digitizer": "UNKNOWN", "adsorbent": {"hashkey": "NIST-MATDB-2c9380bddc59f547484ff729eab7d7cb", "name": "IRMOF-1"}, "adsorbates": [{"InChIKey": "UFHFLCQGNIYNRP-UHFFFAOYSA-N", "name": "Hydrogen"}], "category": "", "temperature": 50, "isotherm_type": "", "adsorptionUnits": "mmol/g", "pressureUnits": "bar", "compositionType": "molefraction", "concentrationUnits": "", "isotherm_data": [{"pressure": 0.127663, "total_adsorption": 16.5948, "species_data": [{"InChIKey": "UFHFLCQGNIYNRP-UHFFFAOYSA-N", "composition": 1, "adsorption": 16.5948}]}, {"pressure": 0.480178, "total_adsorption": 24.3534, "species_data": [{"InChIKey": "UFHFLCQGNIYNRP-UHFFFAOYSA-N", "composition": 1, "adsorption": 24.3534}]}, {"pressure": 0.49418, "total_adsorption": 20.6897, "species_data": [{"InChIKey": "UFHFLCQGNIYNRP-UHFFFAOYSA-N", "composition": 1, "adsorption": 20.6897}]}, {"pressure": 0.850813, "total_adsorption": 27.3707, "species_data": [{"InChIKey": "UFHFLCQGNIYNRP-UHFFFAOYSA-N", "composition": 1, "adsorption": 27.3707}]}, {"pressure": 1.22227, "total_adsorption": 30.1724, "species_data": [{"InChIKey": "UFHFLCQGNIYNRP-UHFFFAOYSA-N", "composition": 1, "adsorption": 30.1724}]}, {"pressure": 1.59291, "total_adsorption": 33.1897, "species_data": [{"InChIKey": "UFHFLCQGNIYNRP-UHFFFAOYSA-N", "composition": 1, "adsorption": 33.1897}]}, {"pressure": 1.77905, "total_adsorption": 34.4828, "species_data": [{"InChIKey": "UFHFLCQGNIYNRP-UHFFFAOYSA-N", "composition": 1, "adsorption": 34.4828}]}, {"pressure": 2.34735, "total_adsorption": 35.7759, "species_data": [{"InChIKey": "UFHFLCQGNIYNRP-UHFFFAOYSA-N", "composition": 1, "adsorption": 35.7759}]}, {"pressure": 2.91484, "total_adsorption": 37.2845, "species_data": [{"InChIKey": "UFHFLCQGNIYNRP-UHFFFAOYSA-N", "composition": 1, "adsorption": 37.2845}]}, {"pressure": 3.86531, "total_adsorption": 38.5776, "species_data": [{"InChIKey": "UFHFLCQGNIYNRP-UHFFFAOYSA-N", "composition": 1, "adsorption": 38.5776}]}, {"pressure": 5.00522, "total_adsorption": 40.3017, "species_data": [{"InChIKey": "UFHFLCQGNIYNRP-UHFFFAOYSA-N", "composition": 1, "adsorption": 40.3017}]}, {"pressure": 6.72084, "total_adsorption": 41.3793, "species_data": [{"InChIKey": "UFHFLCQGNIYNRP-UHFFFAOYSA-N", "composition": 1, "adsorption": 41.3793}]}, {"pressure": 8.43812, "total_adsorption": 42.0259, "species_data": [{"InChIKey": "UFHFLCQGNIYNRP-UHFFFAOYSA-N", "composition": 1, "adsorption": 42.0259}]}, {"pressure": 10.3473, "total_adsorption": 42.4569, "species_data": [{"InChIKey": "UFHFLCQGNIYNRP-UHFFFAOYSA-N", "composition": 1, "adsorption": 42.4569}]}, {"pressure": 12.2581, "total_adsorption": 42.4569, "species_data": [{"InChIKey": "UFHFLCQGNIYNRP-UHFFFAOYSA-N", "composition": 1, "adsorption": 42.4569}]}, {"pressure": 13.9779, "total_adsorption": 42.4569, "species_data": [{"InChIKey": "UFHFLCQGNIYNRP-UHFFFAOYSA-N", "composition": 1, "adsorption": 42.4569}]}, {"pressure": 15.8895, "total_adsorption": 42.2414, "species_data": [{"InChIKey": "UFHFLCQGNIYNRP-UHFFFAOYSA-N", "composition": 1, "adsorption": 42.2414}]}, {"pressure": 17.6109, "total_adsorption": 41.8103, "species_data": [{"InChIKey": "UFHFLCQGNIYNRP-UHFFFAOYSA-N", "composition": 1, "adsorption": 41.8103}]}, {"pressure": 19.5234, "total_adsorption": 41.3793, "species_data": [{"InChIKey": "UFHFLCQGNIYNRP-UHFFFAOYSA-N", "composition": 1, "adsorption": 41.3793}]}, {"pressure": 21.2456, "total_adsorption": 40.7328, "species_data": [{"InChIKey": "UFHFLCQGNIYNRP-UHFFFAOYSA-N", "composition": 1, "adsorption": 40.7328}]}, {"pressure": 23.1581, "total_adsorption": 40.3017, "species_data": [{"InChIKey": "UFHFLCQGNIYNRP-UHFFFAOYSA-N", "composition": 1, "adsorption": 40.3017}]}, {"pressure": 24.8811, "total_adsorption": 39.4397, "species_data": [{"InChIKey": "UFHFLCQGNIYNRP-UHFFFAOYSA-N", "composition": 1, "adsorption": 39.4397}]}, {"pressure": 26.7944, "total_adsorption": 38.7931, "species_data": [{"InChIKey": "UFHFLCQGNIYNRP-UHFFFAOYSA-N", "composition": 1, "adsorption": 38.7931}]}, {"pressure": 28.5166, "total_adsorption": 38.1466, "species_data": [{"InChIKey": "UFHFLCQGNIYNRP-UHFFFAOYSA-N", "composition": 1, "adsorption": 38.1466}]}, {"pressure": 29.6656, "total_adsorption": 37.5, "species_data": [{"InChIKey": "UFHFLCQGNIYNRP-UHFFFAOYSA-N", "composition": 1, "adsorption": 37.5}]}]}