{"filename": "10.1016j.jcat.2014.07.010.Isotherm13", "DOI": "10.1016/j.jcat.2014.07.010", "articleSource": "UNKNOWN", "date": "1000-01-01", "digitizer": "UNKNOWN", "adsorbent": {"hashkey": "NIST-MATDB-9d023a670a2aedb5225d9cd365e24210", "name": "IRMOF-8"}, "adsorbates": [{"InChIKey": "IJGRMHOSHXDMSA-UHFFFAOYSA-N", "name": "Nitrogen"}], "category": "", "temperature": 77, "isotherm_type": "", "adsorptionUnits": "cm3(STP)/g", "pressureUnits": "bar", "compositionType": "molefraction", "concentrationUnits": "", "isotherm_data": [{"pressure": 1.04817e-06, "total_adsorption": 4.28571, "species_data": [{"InChIKey": "IJGRMHOSHXDMSA-UHFFFAOYSA-N", "composition": 1, "adsorption": 4.28571}]}, {"pressure": 1.36893e-06, "total_adsorption": 12.8571, "species_data": [{"InChIKey": "IJGRMHOSHXDMSA-UHFFFAOYSA-N", "composition": 1, "adsorption": 12.8571}]}, {"pressure": 1.65624e-06, "total_adsorption": 20, "species_data": [{"InChIKey": "IJGRMHOSHXDMSA-UHFFFAOYSA-N", "composition": 1, "adsorption": 20}]}, {"pressure": 2.0049e-06, "total_adsorption": 24.2857, "species_data": [{"InChIKey": "IJGRMHOSHXDMSA-UHFFFAOYSA-N", "composition": 1, "adsorption": 24.2857}]}, {"pressure": 2.72541e-06, "total_adsorption": 24.2857, "species_data": [{"InChIKey": "IJGRMHOSHXDMSA-UHFFFAOYSA-N", "composition": 1, "adsorption": 24.2857}]}, {"pressure": 3.16885e-05, "total_adsorption": 38.5714, "species_data": [{"InChIKey": "IJGRMHOSHXDMSA-UHFFFAOYSA-N", "composition": 1, "adsorption": 38.5714}]}, {"pressure": 6.81964e-05, "total_adsorption": 44.2857, "species_data": [{"InChIKey": "IJGRMHOSHXDMSA-UHFFFAOYSA-N", "composition": 1, "adsorption": 44.2857}]}, {"pressure": 0.000103957, "total_adsorption": 47.1429, "species_data": [{"InChIKey": "IJGRMHOSHXDMSA-UHFFFAOYSA-N", "composition": 1, "adsorption": 47.1429}]}, {"pressure": 0.000215477, "total_adsorption": 48.5714, "species_data": [{"InChIKey": "IJGRMHOSHXDMSA-UHFFFAOYSA-N", "composition": 1, "adsorption": 48.5714}]}, {"pressure": 0.000429696, "total_adsorption": 51.4286, "species_data": [{"InChIKey": "IJGRMHOSHXDMSA-UHFFFAOYSA-N", "composition": 1, "adsorption": 51.4286}]}, {"pressure": 0.000856667, "total_adsorption": 55.7143, "species_data": [{"InChIKey": "IJGRMHOSHXDMSA-UHFFFAOYSA-N", "composition": 1, "adsorption": 55.7143}]}, {"pressure": 0.00177518, "total_adsorption": 58.5714, "species_data": [{"InChIKey": "IJGRMHOSHXDMSA-UHFFFAOYSA-N", "composition": 1, "adsorption": 58.5714}]}, {"pressure": 0.00270602, "total_adsorption": 61.4286, "species_data": [{"InChIKey": "IJGRMHOSHXDMSA-UHFFFAOYSA-N", "composition": 1, "adsorption": 61.4286}]}, {"pressure": 0.00445658, "total_adsorption": 61.4286, "species_data": [{"InChIKey": "IJGRMHOSHXDMSA-UHFFFAOYSA-N", "composition": 1, "adsorption": 61.4286}]}, {"pressure": 0.00705735, "total_adsorption": 65.7143, "species_data": [{"InChIKey": "IJGRMHOSHXDMSA-UHFFFAOYSA-N", "composition": 1, "adsorption": 65.7143}]}, {"pressure": 0.0130338, "total_adsorption": 68.5714, "species_data": [{"InChIKey": "IJGRMHOSHXDMSA-UHFFFAOYSA-N", "composition": 1, "adsorption": 68.5714}]}, {"pressure": 0.0184057, "total_adsorption": 70, "species_data": [{"InChIKey": "IJGRMHOSHXDMSA-UHFFFAOYSA-N", "composition": 1, "adsorption": 70}]}, {"pressure": 0.0302874, "total_adsorption": 74.2857, "species_data": [{"InChIKey": "IJGRMHOSHXDMSA-UHFFFAOYSA-N", "composition": 1, "adsorption": 74.2857}]}, {"pressure": 0.0479757, "total_adsorption": 77.1429, "species_data": [{"InChIKey": "IJGRMHOSHXDMSA-UHFFFAOYSA-N", "composition": 1, "adsorption": 77.1429}]}, {"pressure": 0.0993877, "total_adsorption": 81.4286, "species_data": [{"InChIKey": "IJGRMHOSHXDMSA-UHFFFAOYSA-N", "composition": 1, "adsorption": 81.4286}]}, {"pressure": 0.151547, "total_adsorption": 82.8571, "species_data": [{"InChIKey": "IJGRMHOSHXDMSA-UHFFFAOYSA-N", "composition": 1, "adsorption": 82.8571}]}, {"pressure": 0.198142, "total_adsorption": 85.7143, "species_data": [{"InChIKey": "IJGRMHOSHXDMSA-UHFFFAOYSA-N", "composition": 1, "adsorption": 85.7143}]}, {"pressure": 0.290593, "total_adsorption": 90, "species_data": [{"InChIKey": "IJGRMHOSHXDMSA-UHFFFAOYSA-N", "composition": 1, "adsorption": 90}]}, {"pressure": 0.380043, "total_adsorption": 91.4286, "species_data": [{"InChIKey": "IJGRMHOSHXDMSA-UHFFFAOYSA-N", "composition": 1, "adsorption": 91.4286}]}, {"pressure": 0.477922, "total_adsorption": 97.1429, "species_data": [{"InChIKey": "IJGRMHOSHXDMSA-UHFFFAOYSA-N", "composition": 1, "adsorption": 97.1429}]}, {"pressure": 0.578381, "total_adsorption": 102.857, "species_data": [{"InChIKey": "IJGRMHOSHXDMSA-UHFFFAOYSA-N", "composition": 1, "adsorption": 102.857}]}, {"pressure": 0.673603, "total_adsorption": 108.571, "species_data": [{"InChIKey": "IJGRMHOSHXDMSA-UHFFFAOYSA-N", "composition": 1, "adsorption": 108.571}]}, {"pressure": 0.754967, "total_adsorption": 114.286, "species_data": [{"InChIKey": "IJGRMHOSHXDMSA-UHFFFAOYSA-N", "composition": 1, "adsorption": 114.286}]}, {"pressure": 0.841302, "total_adsorption": 150, "species_data": [{"InChIKey": "IJGRMHOSHXDMSA-UHFFFAOYSA-N", "composition": 1, "adsorption": 150}]}, {"pressure": 0.903202, "total_adsorption": 180, "species_data": [{"InChIKey": "IJGRMHOSHXDMSA-UHFFFAOYSA-N", "composition": 1, "adsorption": 180}]}, {"pressure": 0.972852, "total_adsorption": 192.857, "species_data": [{"InChIKey": "IJGRMHOSHXDMSA-UHFFFAOYSA-N", "composition": 1, "adsorption": 192.857}]}]}