{"isotherm_data":[{"pressure":0.00158,"total_adsorption":null,"species_data":[{"composition":1,"adsorption":0.0054,"InChIKey":"CURLTUGMZLYLDI-UHFFFAOYSA-N"}]},{"pressure":0.02767,"total_adsorption":null,"species_data":[{"composition":1,"adsorption":0.125,"InChIKey":"CURLTUGMZLYLDI-UHFFFAOYSA-N"}]},{"pressure":0.0551,"total_adsorption":null,"species_data":[{"composition":1,"adsorption":0.1897,"InChIKey":"CURLTUGMZLYLDI-UHFFFAOYSA-N"}]},{"pressure":0.08362,"total_adsorption":null,"species_data":[{"composition":1,"adsorption":0.2943,"InChIKey":"CURLTUGMZLYLDI-UHFFFAOYSA-N"}]},{"pressure":0.11189,"total_adsorption":null,"species_data":[{"composition":1,"adsorption":0.4484,"InChIKey":"CURLTUGMZLYLDI-UHFFFAOYSA-N"}]},{"pressure":0.13896,"total_adsorption":null,"species_data":[{"composition":1,"adsorption":0.4976,"InChIKey":"CURLTUGMZLYLDI-UHFFFAOYSA-N"}]},{"pressure":0.16723,"total_adsorption":null,"species_data":[{"composition":1,"adsorption":0.5941,"InChIKey":"CURLTUGMZLYLDI-UHFFFAOYSA-N"}]},{"pressure":0.19515,"total_adsorption":null,"species_data":[{"composition":1,"adsorption":0.6636,"InChIKey":"CURLTUGMZLYLDI-UHFFFAOYSA-N"}]},{"pressure":0.22269,"total_adsorption":null,"species_data":[{"composition":1,"adsorption":0.7323,"InChIKey":"CURLTUGMZLYLDI-UHFFFAOYSA-N"}]},{"pressure":0.2682,"total_adsorption":null,"species_data":[{"composition":1,"adsorption":0.8747,"InChIKey":"CURLTUGMZLYLDI-UHFFFAOYSA-N"}]},{"pressure":0.29915,"total_adsorption":null,"species_data":[{"composition":1,"adsorption":0.955,"InChIKey":"CURLTUGMZLYLDI-UHFFFAOYSA-N"}]},{"pressure":0.32925,"total_adsorption":null,"species_data":[{"composition":1,"adsorption":1.0082,"InChIKey":"CURLTUGMZLYLDI-UHFFFAOYSA-N"}]},{"pressure":0.35935,"total_adsorption":null,"species_data":[{"composition":1,"adsorption":1.058,"InChIKey":"CURLTUGMZLYLDI-UHFFFAOYSA-N"}]},{"pressure":0.38823,"total_adsorption":null,"species_data":[{"composition":1,"adsorption":1.1308,"InChIKey":"CURLTUGMZLYLDI-UHFFFAOYSA-N"}]},{"pressure":0.4187,"total_adsorption":null,"species_data":[{"composition":1,"adsorption":1.1793,"InChIKey":"CURLTUGMZLYLDI-UHFFFAOYSA-N"}]},{"pressure":0.44903,"total_adsorption":null,"species_data":[{"composition":1,"adsorption":1.3124,"InChIKey":"CURLTUGMZLYLDI-UHFFFAOYSA-N"}]},{"pressure":0.47938,"total_adsorption":null,"species_data":[{"composition":1,"adsorption":1.3656,"InChIKey":"CURLTUGMZLYLDI-UHFFFAOYSA-N"}]},{"pressure":0.50947,"total_adsorption":null,"species_data":[{"composition":1,"adsorption":1.4262,"InChIKey":"CURLTUGMZLYLDI-UHFFFAOYSA-N"}]},{"pressure":0.53981,"total_adsorption":null,"species_data":[{"composition":1,"adsorption":1.5078,"InChIKey":"CURLTUGMZLYLDI-UHFFFAOYSA-N"}]},{"pressure":0.56906,"total_adsorption":null,"species_data":[{"composition":1,"adsorption":1.5475,"InChIKey":"CURLTUGMZLYLDI-UHFFFAOYSA-N"}]},{"pressure":0.59892,"total_adsorption":null,"species_data":[{"composition":1,"adsorption":1.6095,"InChIKey":"CURLTUGMZLYLDI-UHFFFAOYSA-N"}]},{"pressure":0.62938,"total_adsorption":null,"species_data":[{"composition":1,"adsorption":1.7351,"InChIKey":"CURLTUGMZLYLDI-UHFFFAOYSA-N"}]},{"pressure":0.65924,"total_adsorption":null,"species_data":[{"composition":1,"adsorption":1.8045,"InChIKey":"CURLTUGMZLYLDI-UHFFFAOYSA-N"}]},{"pressure":0.68788,"total_adsorption":null,"species_data":[{"composition":1,"adsorption":1.8733,"InChIKey":"CURLTUGMZLYLDI-UHFFFAOYSA-N"}]},{"pressure":0.7181,"total_adsorption":null,"species_data":[{"composition":1,"adsorption":1.9143,"InChIKey":"CURLTUGMZLYLDI-UHFFFAOYSA-N"}]},{"pressure":0.74917,"total_adsorption":null,"species_data":[{"composition":1,"adsorption":1.9885,"InChIKey":"CURLTUGMZLYLDI-UHFFFAOYSA-N"}]},{"pressure":0.77902,"total_adsorption":null,"species_data":[{"composition":1,"adsorption":2.0769,"InChIKey":"CURLTUGMZLYLDI-UHFFFAOYSA-N"}]},{"pressure":0.80912,"total_adsorption":null,"species_data":[{"composition":1,"adsorption":2.1247,"InChIKey":"CURLTUGMZLYLDI-UHFFFAOYSA-N"}]},{"pressure":0.83909,"total_adsorption":null,"species_data":[{"composition":1,"adsorption":2.2496,"InChIKey":"CURLTUGMZLYLDI-UHFFFAOYSA-N"}]},{"pressure":0.86859,"total_adsorption":null,"species_data":[{"composition":1,"adsorption":2.3299,"InChIKey":"CURLTUGMZLYLDI-UHFFFAOYSA-N"}]},{"pressure":0.89856,"total_adsorption":null,"species_data":[{"composition":1,"adsorption":2.3797,"InChIKey":"CURLTUGMZLYLDI-UHFFFAOYSA-N"}]},{"pressure":0.92903,"total_adsorption":null,"species_data":[{"composition":1,"adsorption":2.4234,"InChIKey":"CURLTUGMZLYLDI-UHFFFAOYSA-N"}]},{"pressure":0.95803,"total_adsorption":null,"species_data":[{"composition":1,"adsorption":2.4814,"InChIKey":"CURLTUGMZLYLDI-UHFFFAOYSA-N"}]},{"pressure":0.98898,"total_adsorption":null,"species_data":[{"composition":1,"adsorption":2.5176,"InChIKey":"CURLTUGMZLYLDI-UHFFFAOYSA-N"}]},{"pressure":1.01847,"total_adsorption":null,"species_data":[{"composition":1,"adsorption":2.6324,"InChIKey":"CURLTUGMZLYLDI-UHFFFAOYSA-N"}]},{"pressure":1.04784,"total_adsorption":null,"species_data":[{"composition":1,"adsorption":2.6735,"InChIKey":"CURLTUGMZLYLDI-UHFFFAOYSA-N"}]},{"pressure":1.07964,"total_adsorption":null,"species_data":[{"composition":1,"adsorption":2.6935,"InChIKey":"CURLTUGMZLYLDI-UHFFFAOYSA-N"}]},{"pressure":1.10816,"total_adsorption":null,"species_data":[{"composition":1,"adsorption":2.769,"InChIKey":"CURLTUGMZLYLDI-UHFFFAOYSA-N"}]},{"pressure":1.13923,"total_adsorption":null,"species_data":[{"composition":1,"adsorption":2.8005,"InChIKey":"CURLTUGMZLYLDI-UHFFFAOYSA-N"}]}],"temperature":298,"articleSource":"Figure 7","compositionType":"molefraction","adsorbates":[{"name":"Carbon Dioxide","InChIKey":"CURLTUGMZLYLDI-UHFFFAOYSA-N"}],"adsorptionUnits":"mmol/g","date":"2018-07-30","category":"mod","digitizer":"Matthew Weiss","pressureUnits":"bar","DOI":"10.1016/j.jece.2016.01.017","adsorbent":{"name":"UiO-66/GO-5","hashkey":"NIST-MATDB-37e11b87b884c19a9b7d375d3f2826a7"},"concentrationUnits":"","filename":"10.1016j.jece.2016.01.017.Isotherm13","isotherm_type":""}