{"isotherm_data":[{"pressure":0.0506859,"total_adsorption":5.3297,"species_data":[{"composition":1,"adsorption":5.3297,"InChIKey":"CURLTUGMZLYLDI-UHFFFAOYSA-N"}]},{"pressure":0.0997,"total_adsorption":5.75787,"species_data":[{"composition":1,"adsorption":5.75787,"InChIKey":"CURLTUGMZLYLDI-UHFFFAOYSA-N"}]},{"pressure":0.152094,"total_adsorption":5.98322,"species_data":[{"composition":1,"adsorption":5.98322,"InChIKey":"CURLTUGMZLYLDI-UHFFFAOYSA-N"}]},{"pressure":0.253503,"total_adsorption":6.19731,"species_data":[{"composition":1,"adsorption":6.19731,"InChIKey":"CURLTUGMZLYLDI-UHFFFAOYSA-N"}]},{"pressure":0.361672,"total_adsorption":6.33252,"species_data":[{"composition":1,"adsorption":6.33252,"InChIKey":"CURLTUGMZLYLDI-UHFFFAOYSA-N"}]},{"pressure":0.471531,"total_adsorption":6.44519,"species_data":[{"composition":1,"adsorption":6.44519,"InChIKey":"CURLTUGMZLYLDI-UHFFFAOYSA-N"}]},{"pressure":0.567869,"total_adsorption":6.5128,"species_data":[{"composition":1,"adsorption":6.5128,"InChIKey":"CURLTUGMZLYLDI-UHFFFAOYSA-N"}]},{"pressure":0.667587,"total_adsorption":6.56914,"species_data":[{"composition":1,"adsorption":6.56914,"InChIKey":"CURLTUGMZLYLDI-UHFFFAOYSA-N"}]},{"pressure":0.772376,"total_adsorption":6.5804,"species_data":[{"composition":1,"adsorption":6.5804,"InChIKey":"CURLTUGMZLYLDI-UHFFFAOYSA-N"}]},{"pressure":0.873785,"total_adsorption":6.61421,"species_data":[{"composition":1,"adsorption":6.61421,"InChIKey":"CURLTUGMZLYLDI-UHFFFAOYSA-N"}]},{"pressure":0.927869,"total_adsorption":6.62547,"species_data":[{"composition":1,"adsorption":6.62547,"InChIKey":"CURLTUGMZLYLDI-UHFFFAOYSA-N"}]},{"pressure":0.976883,"total_adsorption":6.65928,"species_data":[{"composition":1,"adsorption":6.65928,"InChIKey":"CURLTUGMZLYLDI-UHFFFAOYSA-N"}]},{"pressure":1.01407,"total_adsorption":6.65928,"species_data":[{"composition":1,"adsorption":6.65928,"InChIKey":"CURLTUGMZLYLDI-UHFFFAOYSA-N"}]}],"temperature":230,"articleSource":"UNKNOWN","compositionType":"molefraction","adsorbates":[{"name":"Carbon Dioxide","InChIKey":"CURLTUGMZLYLDI-UHFFFAOYSA-N"}],"adsorptionUnits":"mmol/g","date":"1000-01-01","category":"","digitizer":"UNKNOWN","pressureUnits":"bar","DOI":"10.1016/j.micromeso.2007.02.037","adsorbent":{"name":"H-SAPO-34","hashkey":"NIST-MATDB-37a3f23f3917bbe9f7498e4314e84a10"},"concentrationUnits":"","filename":"10.1016j.micromeso.2007.02.037.isotherm5","isotherm_type":""}