{"filename": "10.1039C2jm15734a.Isotherm16", "DOI": "10.1039/C2jm15734a", "articleSource": "UNKNOWN", "date": "1000-01-01", "digitizer": "UNKNOWN", "adsorbent": {"hashkey": "NIST-MATDB-385731bbd2ce68b60b4ad2830acf20cd", "name": "Inf-3[Cu-Me-4py-trz-ia]"}, "adsorbates": [{"InChIKey": "IJGRMHOSHXDMSA-UHFFFAOYSA-N", "name": "Nitrogen"}], "category": "", "temperature": 323, "isotherm_type": "", "adsorptionUnits": "mmol/g", "pressureUnits": "bar", "compositionType": "molefraction", "concentrationUnits": "", "isotherm_data": [{"pressure": 0.977654, "total_adsorption": 0.177122, "species_data": [{"InChIKey": "IJGRMHOSHXDMSA-UHFFFAOYSA-N", "composition": 1, "adsorption": 0.177122}]}, {"pressure": 2.09497, "total_adsorption": 0.383764, "species_data": [{"InChIKey": "IJGRMHOSHXDMSA-UHFFFAOYSA-N", "composition": 1, "adsorption": 0.383764}]}, {"pressure": 3.77095, "total_adsorption": 0.649446, "species_data": [{"InChIKey": "IJGRMHOSHXDMSA-UHFFFAOYSA-N", "composition": 1, "adsorption": 0.649446}]}, {"pressure": 5.30726, "total_adsorption": 0.856089, "species_data": [{"InChIKey": "IJGRMHOSHXDMSA-UHFFFAOYSA-N", "composition": 1, "adsorption": 0.856089}]}, {"pressure": 7.82123, "total_adsorption": 1.18081, "species_data": [{"InChIKey": "IJGRMHOSHXDMSA-UHFFFAOYSA-N", "composition": 1, "adsorption": 1.18081}]}, {"pressure": 10.1955, "total_adsorption": 1.44649, "species_data": [{"InChIKey": "IJGRMHOSHXDMSA-UHFFFAOYSA-N", "composition": 1, "adsorption": 1.44649}]}, {"pressure": 15.3631, "total_adsorption": 1.94834, "species_data": [{"InChIKey": "IJGRMHOSHXDMSA-UHFFFAOYSA-N", "composition": 1, "adsorption": 1.94834}]}, {"pressure": 20.5307, "total_adsorption": 2.3321, "species_data": [{"InChIKey": "IJGRMHOSHXDMSA-UHFFFAOYSA-N", "composition": 1, "adsorption": 2.3321}]}, {"pressure": 26.1173, "total_adsorption": 2.68635, "species_data": [{"InChIKey": "IJGRMHOSHXDMSA-UHFFFAOYSA-N", "composition": 1, "adsorption": 2.68635}]}, {"pressure": 30.8659, "total_adsorption": 2.92251, "species_data": [{"InChIKey": "IJGRMHOSHXDMSA-UHFFFAOYSA-N", "composition": 1, "adsorption": 2.92251}]}, {"pressure": 36.0335, "total_adsorption": 3.12915, "species_data": [{"InChIKey": "IJGRMHOSHXDMSA-UHFFFAOYSA-N", "composition": 1, "adsorption": 3.12915}]}, {"pressure": 40.5028, "total_adsorption": 3.27675, "species_data": [{"InChIKey": "IJGRMHOSHXDMSA-UHFFFAOYSA-N", "composition": 1, "adsorption": 3.27675}]}, {"pressure": 46.3687, "total_adsorption": 3.45387, "species_data": [{"InChIKey": "IJGRMHOSHXDMSA-UHFFFAOYSA-N", "composition": 1, "adsorption": 3.45387}]}, {"pressure": 50, "total_adsorption": 3.54244, "species_data": [{"InChIKey": "IJGRMHOSHXDMSA-UHFFFAOYSA-N", "composition": 1, "adsorption": 3.54244}]}]}