{"isotherm_data":[{"pressure":1.01325,"total_adsorption":null,"species_data":[{"composition":0.093225,"adsorption":0.140002,"InChIKey":"BQPIGGFYSBELGY-UHFFFAOYSA-N"}]},{"pressure":1.01325,"total_adsorption":null,"species_data":[{"composition":0.113039,"adsorption":0.148279,"InChIKey":"BQPIGGFYSBELGY-UHFFFAOYSA-N"}]},{"pressure":1.01325,"total_adsorption":null,"species_data":[{"composition":0.123214,"adsorption":0.153684,"InChIKey":"BQPIGGFYSBELGY-UHFFFAOYSA-N"}]},{"pressure":1.01325,"total_adsorption":null,"species_data":[{"composition":0.143692,"adsorption":0.160649,"InChIKey":"BQPIGGFYSBELGY-UHFFFAOYSA-N"}]},{"pressure":1.01325,"total_adsorption":null,"species_data":[{"composition":0.1532,"adsorption":0.165006,"InChIKey":"BQPIGGFYSBELGY-UHFFFAOYSA-N"}]},{"pressure":1.01325,"total_adsorption":null,"species_data":[{"composition":0.163372,"adsorption":0.16814,"InChIKey":"BQPIGGFYSBELGY-UHFFFAOYSA-N"}]},{"pressure":1.01325,"total_adsorption":null,"species_data":[{"composition":0.178475,"adsorption":0.171879,"InChIKey":"BQPIGGFYSBELGY-UHFFFAOYSA-N"}]},{"pressure":1.01325,"total_adsorption":null,"species_data":[{"composition":0.198552,"adsorption":0.17618,"InChIKey":"BQPIGGFYSBELGY-UHFFFAOYSA-N"}]},{"pressure":1.01325,"total_adsorption":null,"species_data":[{"composition":0.199307,"adsorption":0.176965,"InChIKey":"BQPIGGFYSBELGY-UHFFFAOYSA-N"}]}],"temperature":323,"articleSource":"Figure 8","compositionType":"concentration","adsorbates":[{"name":"Hg(II)","InChIKey":"BQPIGGFYSBELGY-UHFFFAOYSA-N"}],"adsorptionUnits":"mmol/g","date":"2019-07-09","category":"exp","digitizer":"Justin Chen","pressureUnits":"bar","DOI":"10.1016/j.micromeso.2017.03.032","adsorbent":{"name":"Wastepaper nanocomposite","hashkey":"NIST-MATDB-6f1e4baf126535c046fd5c13db592f54"},"concentrationUnits":"","filename":"10.1016j.micromeso.2017.03.032.Isotherm18","isotherm_type":""}