{"isotherm_data":[{"pressure":0.065217,"total_adsorption":-0.003486,"species_data":[{"composition":1,"adsorption":-0.003486,"InChIKey":"VNWKTOKETHGBQD-UHFFFAOYSA-N"}]},{"pressure":1.82609,"total_adsorption":0.474074,"species_data":[{"composition":1,"adsorption":0.474074,"InChIKey":"VNWKTOKETHGBQD-UHFFFAOYSA-N"}]},{"pressure":3.71739,"total_adsorption":0.742484,"species_data":[{"composition":1,"adsorption":0.742484,"InChIKey":"VNWKTOKETHGBQD-UHFFFAOYSA-N"}]},{"pressure":5.47826,"total_adsorption":0.920261,"species_data":[{"composition":1,"adsorption":0.920261,"InChIKey":"VNWKTOKETHGBQD-UHFFFAOYSA-N"}]},{"pressure":7.43478,"total_adsorption":1.06318,"species_data":[{"composition":1,"adsorption":1.06318,"InChIKey":"VNWKTOKETHGBQD-UHFFFAOYSA-N"}]},{"pressure":8.73913,"total_adsorption":1.14336,"species_data":[{"composition":1,"adsorption":1.14336,"InChIKey":"VNWKTOKETHGBQD-UHFFFAOYSA-N"}]},{"pressure":12.4565,"total_adsorption":1.23747,"species_data":[{"composition":1,"adsorption":1.23747,"InChIKey":"VNWKTOKETHGBQD-UHFFFAOYSA-N"}]},{"pressure":16.3043,"total_adsorption":1.29325,"species_data":[{"composition":1,"adsorption":1.29325,"InChIKey":"VNWKTOKETHGBQD-UHFFFAOYSA-N"}]},{"pressure":20.087,"total_adsorption":1.3037,"species_data":[{"composition":1,"adsorption":1.3037,"InChIKey":"VNWKTOKETHGBQD-UHFFFAOYSA-N"}]},{"pressure":23.8043,"total_adsorption":1.31068,"species_data":[{"composition":1,"adsorption":1.31068,"InChIKey":"VNWKTOKETHGBQD-UHFFFAOYSA-N"}]},{"pressure":27.6522,"total_adsorption":1.32462,"species_data":[{"composition":1,"adsorption":1.32462,"InChIKey":"VNWKTOKETHGBQD-UHFFFAOYSA-N"}]}],"temperature":303,"articleSource":"Figure S12a","compositionType":"molefraction","adsorbates":[{"name":"Methane","InChIKey":"VNWKTOKETHGBQD-UHFFFAOYSA-N"}],"adsorptionUnits":"mmol/g","date":"2016-07-15","category":"exp","digitizer":"David A. Anderegg","pressureUnits":"bar","DOI":"10.1039/c4ta03992k","adsorbent":{"name":"UiO-66(Zr)-(COOH)2 (423K)","hashkey":"NIST-MATDB-b8633e438eb4b3b1963008b5ffb3e34e"},"concentrationUnits":"","filename":"10.1039c4ta03992k.Isotherm18","isotherm_type":""}