{"isotherm_data":[{"pressure":0.044846,"total_adsorption":null,"species_data":[{"composition":1,"adsorption":20.78,"InChIKey":"IJGRMHOSHXDMSA-UHFFFAOYSA-N"}]},{"pressure":0.050531,"total_adsorption":null,"species_data":[{"composition":1,"adsorption":21.16,"InChIKey":"IJGRMHOSHXDMSA-UHFFFAOYSA-N"}]},{"pressure":0.095367,"total_adsorption":null,"species_data":[{"composition":1,"adsorption":28.95,"InChIKey":"IJGRMHOSHXDMSA-UHFFFAOYSA-N"}]},{"pressure":0.099744,"total_adsorption":null,"species_data":[{"composition":1,"adsorption":25.3,"InChIKey":"IJGRMHOSHXDMSA-UHFFFAOYSA-N"}]},{"pressure":0.146546,"total_adsorption":null,"species_data":[{"composition":1,"adsorption":32.44,"InChIKey":"IJGRMHOSHXDMSA-UHFFFAOYSA-N"}]},{"pressure":0.147205,"total_adsorption":null,"species_data":[{"composition":1,"adsorption":32.45,"InChIKey":"IJGRMHOSHXDMSA-UHFFFAOYSA-N"}]},{"pressure":0.196854,"total_adsorption":null,"species_data":[{"composition":1,"adsorption":32.71,"InChIKey":"IJGRMHOSHXDMSA-UHFFFAOYSA-N"}]},{"pressure":0.200127,"total_adsorption":null,"species_data":[{"composition":1,"adsorption":30.78,"InChIKey":"IJGRMHOSHXDMSA-UHFFFAOYSA-N"}]},{"pressure":0.248682,"total_adsorption":null,"species_data":[{"composition":1,"adsorption":32.37,"InChIKey":"IJGRMHOSHXDMSA-UHFFFAOYSA-N"}]},{"pressure":0.249776,"total_adsorption":null,"species_data":[{"composition":1,"adsorption":32.12,"InChIKey":"IJGRMHOSHXDMSA-UHFFFAOYSA-N"}]},{"pressure":0.299638,"total_adsorption":null,"species_data":[{"composition":1,"adsorption":32.61,"InChIKey":"IJGRMHOSHXDMSA-UHFFFAOYSA-N"}]},{"pressure":0.299648,"total_adsorption":null,"species_data":[{"composition":1,"adsorption":32.61,"InChIKey":"IJGRMHOSHXDMSA-UHFFFAOYSA-N"}]},{"pressure":0.349075,"total_adsorption":null,"species_data":[{"composition":1,"adsorption":43.62,"InChIKey":"IJGRMHOSHXDMSA-UHFFFAOYSA-N"}]},{"pressure":0.353229,"total_adsorption":null,"species_data":[{"composition":1,"adsorption":36.53,"InChIKey":"IJGRMHOSHXDMSA-UHFFFAOYSA-N"}]},{"pressure":0.401348,"total_adsorption":null,"species_data":[{"composition":1,"adsorption":37.57,"InChIKey":"IJGRMHOSHXDMSA-UHFFFAOYSA-N"}]},{"pressure":0.40222,"total_adsorption":null,"species_data":[{"composition":1,"adsorption":37.66,"InChIKey":"IJGRMHOSHXDMSA-UHFFFAOYSA-N"}]},{"pressure":0.447938,"total_adsorption":null,"species_data":[{"composition":1,"adsorption":48.24,"InChIKey":"IJGRMHOSHXDMSA-UHFFFAOYSA-N"}]},{"pressure":0.455365,"total_adsorption":null,"species_data":[{"composition":1,"adsorption":39.65,"InChIKey":"IJGRMHOSHXDMSA-UHFFFAOYSA-N"}]},{"pressure":0.497364,"total_adsorption":null,"species_data":[{"composition":1,"adsorption":54.75,"InChIKey":"IJGRMHOSHXDMSA-UHFFFAOYSA-N"}]},{"pressure":0.505014,"total_adsorption":null,"species_data":[{"composition":1,"adsorption":44.65,"InChIKey":"IJGRMHOSHXDMSA-UHFFFAOYSA-N"}]},{"pressure":0.554015,"total_adsorption":null,"species_data":[{"composition":1,"adsorption":58.46,"InChIKey":"IJGRMHOSHXDMSA-UHFFFAOYSA-N"}]},{"pressure":0.556193,"total_adsorption":null,"species_data":[{"composition":1,"adsorption":46.85,"InChIKey":"IJGRMHOSHXDMSA-UHFFFAOYSA-N"}]},{"pressure":0.607372,"total_adsorption":null,"species_data":[{"composition":1,"adsorption":49.49,"InChIKey":"IJGRMHOSHXDMSA-UHFFFAOYSA-N"}]},{"pressure":0.607383,"total_adsorption":null,"species_data":[{"composition":1,"adsorption":49.49,"InChIKey":"IJGRMHOSHXDMSA-UHFFFAOYSA-N"}]},{"pressure":0.655056,"total_adsorption":null,"species_data":[{"composition":1,"adsorption":69.1,"InChIKey":"IJGRMHOSHXDMSA-UHFFFAOYSA-N"}]},{"pressure":0.656576,"total_adsorption":null,"species_data":[{"composition":1,"adsorption":56.42,"InChIKey":"IJGRMHOSHXDMSA-UHFFFAOYSA-N"}]},{"pressure":0.706245,"total_adsorption":null,"species_data":[{"composition":1,"adsorption":79.26,"InChIKey":"IJGRMHOSHXDMSA-UHFFFAOYSA-N"}]},{"pressure":0.710167,"total_adsorption":null,"species_data":[{"composition":1,"adsorption":61.85,"InChIKey":"IJGRMHOSHXDMSA-UHFFFAOYSA-N"}]},{"pressure":0.755895,"total_adsorption":null,"species_data":[{"composition":1,"adsorption":68.12,"InChIKey":"IJGRMHOSHXDMSA-UHFFFAOYSA-N"}]},{"pressure":0.756097,"total_adsorption":null,"species_data":[{"composition":1,"adsorption":68.14,"InChIKey":"IJGRMHOSHXDMSA-UHFFFAOYSA-N"}]},{"pressure":0.809475,"total_adsorption":null,"species_data":[{"composition":1,"adsorption":93.78,"InChIKey":"IJGRMHOSHXDMSA-UHFFFAOYSA-N"}]},{"pressure":0.812971,"total_adsorption":null,"species_data":[{"composition":1,"adsorption":79.38,"InChIKey":"IJGRMHOSHXDMSA-UHFFFAOYSA-N"}]},{"pressure":0.85803,"total_adsorption":null,"species_data":[{"composition":1,"adsorption":98.35,"InChIKey":"IJGRMHOSHXDMSA-UHFFFAOYSA-N"}]},{"pressure":0.858486,"total_adsorption":null,"species_data":[{"composition":1,"adsorption":98.82,"InChIKey":"IJGRMHOSHXDMSA-UHFFFAOYSA-N"}]},{"pressure":0.910547,"total_adsorption":null,"species_data":[{"composition":1,"adsorption":135.6,"InChIKey":"IJGRMHOSHXDMSA-UHFFFAOYSA-N"}]},{"pressure":0.912503,"total_adsorption":null,"species_data":[{"composition":1,"adsorption":135.49,"InChIKey":"IJGRMHOSHXDMSA-UHFFFAOYSA-N"}]},{"pressure":0.93527,"total_adsorption":null,"species_data":[{"composition":1,"adsorption":144.87,"InChIKey":"IJGRMHOSHXDMSA-UHFFFAOYSA-N"}]},{"pressure":0.961078,"total_adsorption":null,"species_data":[{"composition":1,"adsorption":154.79,"InChIKey":"IJGRMHOSHXDMSA-UHFFFAOYSA-N"}]},{"pressure":0.961088,"total_adsorption":null,"species_data":[{"composition":1,"adsorption":154.79,"InChIKey":"IJGRMHOSHXDMSA-UHFFFAOYSA-N"}]},{"pressure":0.968525,"total_adsorption":null,"species_data":[{"composition":1,"adsorption":172.64,"InChIKey":"IJGRMHOSHXDMSA-UHFFFAOYSA-N"}]},{"pressure":0.981221,"total_adsorption":null,"species_data":[{"composition":1,"adsorption":179.53,"InChIKey":"IJGRMHOSHXDMSA-UHFFFAOYSA-N"}]},{"pressure":0.98494,"total_adsorption":null,"species_data":[{"composition":1,"adsorption":187.92,"InChIKey":"IJGRMHOSHXDMSA-UHFFFAOYSA-N"}]},{"pressure":0.988233,"total_adsorption":null,"species_data":[{"composition":1,"adsorption":200.83,"InChIKey":"IJGRMHOSHXDMSA-UHFFFAOYSA-N"}]},{"pressure":0.996329,"total_adsorption":null,"species_data":[{"composition":1,"adsorption":214.6,"InChIKey":"IJGRMHOSHXDMSA-UHFFFAOYSA-N"}]},{"pressure":1.00225,"total_adsorption":null,"species_data":[{"composition":1,"adsorption":225.14,"InChIKey":"IJGRMHOSHXDMSA-UHFFFAOYSA-N"}]},{"pressure":1.00487,"total_adsorption":null,"species_data":[{"composition":1,"adsorption":235.46,"InChIKey":"IJGRMHOSHXDMSA-UHFFFAOYSA-N"}]},{"pressure":1.00641,"total_adsorption":null,"species_data":[{"composition":1,"adsorption":246,"InChIKey":"IJGRMHOSHXDMSA-UHFFFAOYSA-N"}]},{"pressure":1.00795,"total_adsorption":null,"species_data":[{"composition":1,"adsorption":258.68,"InChIKey":"IJGRMHOSHXDMSA-UHFFFAOYSA-N"}]}],"temperature":77,"articleSource":"figure 1a","compositionType":"molefraction","adsorbates":[{"name":"Nitrogen","InChIKey":"IJGRMHOSHXDMSA-UHFFFAOYSA-N"}],"adsorptionUnits":"cm3(STP)/g","date":"2018-08-01","category":"mod","digitizer":"Matthew Weiss","pressureUnits":"bar","DOI":"10.1016/j.enconman.2016.03.075","adsorbent":{"name":"CuO-ZnO-ZrO2","hashkey":"NIST-MATDB-c674bf90ee46439e648f8e34e0ad9c89"},"concentrationUnits":"","filename":"10.1016j.enconman.2016.03.075.Isotherm7","isotherm_type":""}