{"filename": "10.1021La9020383.Isotherm6", "DOI": "10.1021/La9020383", "articleSource": "UNKNOWN", "date": "1000-01-01", "digitizer": "UNKNOWN", "adsorbent": {"hashkey": "NIST-MATDB-1733c0f5ae26290495f099f06d0dd880", "name": "COF-105"}, "adsorbates": [{"InChIKey": "VNWKTOKETHGBQD-UHFFFAOYSA-N", "name": "Methane"}], "category": "", "temperature": 243, "isotherm_type": "", "adsorptionUnits": "wt%", "pressureUnits": "bar", "compositionType": "molefraction", "concentrationUnits": "", "isotherm_data": [{"pressure": 0.746269, "total_adsorption": 1.50538, "species_data": [{"InChIKey": "VNWKTOKETHGBQD-UHFFFAOYSA-N", "composition": 1, "adsorption": 1.50538}]}, {"pressure": 5.22388, "total_adsorption": 6.66667, "species_data": [{"InChIKey": "VNWKTOKETHGBQD-UHFFFAOYSA-N", "composition": 1, "adsorption": 6.66667}]}, {"pressure": 10.0746, "total_adsorption": 11.828, "species_data": [{"InChIKey": "VNWKTOKETHGBQD-UHFFFAOYSA-N", "composition": 1, "adsorption": 11.828}]}, {"pressure": 20.1493, "total_adsorption": 20.8602, "species_data": [{"InChIKey": "VNWKTOKETHGBQD-UHFFFAOYSA-N", "composition": 1, "adsorption": 20.8602}]}, {"pressure": 29.8507, "total_adsorption": 27.5269, "species_data": [{"InChIKey": "VNWKTOKETHGBQD-UHFFFAOYSA-N", "composition": 1, "adsorption": 27.5269}]}, {"pressure": 39.9254, "total_adsorption": 32.4731, "species_data": [{"InChIKey": "VNWKTOKETHGBQD-UHFFFAOYSA-N", "composition": 1, "adsorption": 32.4731}]}, {"pressure": 50, "total_adsorption": 35.914, "species_data": [{"InChIKey": "VNWKTOKETHGBQD-UHFFFAOYSA-N", "composition": 1, "adsorption": 35.914}]}, {"pressure": 60.0746, "total_adsorption": 38.2796, "species_data": [{"InChIKey": "VNWKTOKETHGBQD-UHFFFAOYSA-N", "composition": 1, "adsorption": 38.2796}]}, {"pressure": 70.1493, "total_adsorption": 39.1398, "species_data": [{"InChIKey": "VNWKTOKETHGBQD-UHFFFAOYSA-N", "composition": 1, "adsorption": 39.1398}]}, {"pressure": 79.8507, "total_adsorption": 39.3548, "species_data": [{"InChIKey": "VNWKTOKETHGBQD-UHFFFAOYSA-N", "composition": 1, "adsorption": 39.3548}]}, {"pressure": 89.9254, "total_adsorption": 38.7097, "species_data": [{"InChIKey": "VNWKTOKETHGBQD-UHFFFAOYSA-N", "composition": 1, "adsorption": 38.7097}]}, {"pressure": 100, "total_adsorption": 37.6344, "species_data": [{"InChIKey": "VNWKTOKETHGBQD-UHFFFAOYSA-N", "composition": 1, "adsorption": 37.6344}]}]}