{"isotherm_data":[{"pressure":0.01124,"total_adsorption":null,"species_data":[{"composition":1,"adsorption":0.83466,"InChIKey":"ATUOYWHBWRKTHZ-UHFFFAOYSA-N"}]},{"pressure":0.0335,"total_adsorption":null,"species_data":[{"composition":1,"adsorption":2.08332,"InChIKey":"ATUOYWHBWRKTHZ-UHFFFAOYSA-N"}]},{"pressure":0.05376,"total_adsorption":null,"species_data":[{"composition":1,"adsorption":2.41543,"InChIKey":"ATUOYWHBWRKTHZ-UHFFFAOYSA-N"}]},{"pressure":0.08365,"total_adsorption":null,"species_data":[{"composition":1,"adsorption":2.77158,"InChIKey":"ATUOYWHBWRKTHZ-UHFFFAOYSA-N"}]},{"pressure":0.1826,"total_adsorption":null,"species_data":[{"composition":1,"adsorption":3.32184,"InChIKey":"ATUOYWHBWRKTHZ-UHFFFAOYSA-N"}]},{"pressure":0.31545,"total_adsorption":null,"species_data":[{"composition":1,"adsorption":3.63183,"InChIKey":"ATUOYWHBWRKTHZ-UHFFFAOYSA-N"}]},{"pressure":0.46462,"total_adsorption":null,"species_data":[{"composition":1,"adsorption":3.90265,"InChIKey":"ATUOYWHBWRKTHZ-UHFFFAOYSA-N"}]},{"pressure":0.56217,"total_adsorption":null,"species_data":[{"composition":1,"adsorption":4.16826,"InChIKey":"ATUOYWHBWRKTHZ-UHFFFAOYSA-N"}]},{"pressure":0.74264,"total_adsorption":null,"species_data":[{"composition":1,"adsorption":4.63995,"InChIKey":"ATUOYWHBWRKTHZ-UHFFFAOYSA-N"}]},{"pressure":0.92838,"total_adsorption":null,"species_data":[{"composition":1,"adsorption":5.07611,"InChIKey":"ATUOYWHBWRKTHZ-UHFFFAOYSA-N"}]},{"pressure":1.01862,"total_adsorption":null,"species_data":[{"composition":1,"adsorption":5.22019,"InChIKey":"ATUOYWHBWRKTHZ-UHFFFAOYSA-N"}]},{"pressure":1.1253,"total_adsorption":null,"species_data":[{"composition":1,"adsorption":5.35216,"InChIKey":"ATUOYWHBWRKTHZ-UHFFFAOYSA-N"}]},{"pressure":1.22068,"total_adsorption":null,"species_data":[{"composition":1,"adsorption":5.46732,"InChIKey":"ATUOYWHBWRKTHZ-UHFFFAOYSA-N"}]}],"temperature":303,"articleSource":"Figure 4b- C3H8 model at 303 K","compositionType":"molefraction","adsorbates":[{"name":"N-propane","InChIKey":"ATUOYWHBWRKTHZ-UHFFFAOYSA-N"}],"adsorptionUnits":"mmol/g","date":"2018-07-17","category":"mod","digitizer":"Julie Yagodich","pressureUnits":"bar","DOI":"10.1016/j.fluid.2016.09.008","adsorbent":{"name":"Activated Carbon","hashkey":"NIST-MATDB-b2cbe7a27aa1570f2ff2c04b82289f25"},"concentrationUnits":"","filename":"10.1016j.fluid.2016.09.008.Isotherm23","isotherm_type":""}