{"filename": "10.1007s10450-013-9579-3.Isotherm8", "DOI": "10.1007/s10450-013-9579-3", "articleSource": "UNKNOWN", "date": "1000-01-01", "digitizer": "UNKNOWN", "adsorbent": {"hashkey": "NIST-MATDB-453276ee992ed07dc207ed08b2b221ce", "name": "Carbon"}, "adsorbates": [{"InChIKey": "VNWKTOKETHGBQD-UHFFFAOYSA-N", "name": "Methane"}], "category": "", "temperature": 298, "isotherm_type": "", "adsorptionUnits": "mmol/g", "pressureUnits": "bar", "compositionType": "molefraction", "concentrationUnits": "", "isotherm_data": [{"pressure": 2.08768, "total_adsorption": 1.65882, "species_data": [{"InChIKey": "VNWKTOKETHGBQD-UHFFFAOYSA-N", "composition": 1, "adsorption": 1.65882}]}, {"pressure": 3.34029, "total_adsorption": 2.32941, "species_data": [{"InChIKey": "VNWKTOKETHGBQD-UHFFFAOYSA-N", "composition": 1, "adsorption": 2.32941}]}, {"pressure": 5.21921, "total_adsorption": 3.24706, "species_data": [{"InChIKey": "VNWKTOKETHGBQD-UHFFFAOYSA-N", "composition": 1, "adsorption": 3.24706}]}, {"pressure": 8.14196, "total_adsorption": 4.23529, "species_data": [{"InChIKey": "VNWKTOKETHGBQD-UHFFFAOYSA-N", "composition": 1, "adsorption": 4.23529}]}, {"pressure": 10.2296, "total_adsorption": 4.87059, "species_data": [{"InChIKey": "VNWKTOKETHGBQD-UHFFFAOYSA-N", "composition": 1, "adsorption": 4.87059}]}, {"pressure": 17.3278, "total_adsorption": 6.21176, "species_data": [{"InChIKey": "VNWKTOKETHGBQD-UHFFFAOYSA-N", "composition": 1, "adsorption": 6.21176}]}, {"pressure": 23.382, "total_adsorption": 6.98824, "species_data": [{"InChIKey": "VNWKTOKETHGBQD-UHFFFAOYSA-N", "composition": 1, "adsorption": 6.98824}]}, {"pressure": 30.4802, "total_adsorption": 7.76471, "species_data": [{"InChIKey": "VNWKTOKETHGBQD-UHFFFAOYSA-N", "composition": 1, "adsorption": 7.76471}]}, {"pressure": 42.1712, "total_adsorption": 8.68235, "species_data": [{"InChIKey": "VNWKTOKETHGBQD-UHFFFAOYSA-N", "composition": 1, "adsorption": 8.68235}]}, {"pressure": 44.4676, "total_adsorption": 8.82353, "species_data": [{"InChIKey": "VNWKTOKETHGBQD-UHFFFAOYSA-N", "composition": 1, "adsorption": 8.82353}]}, {"pressure": 49.8956, "total_adsorption": 9.14118, "species_data": [{"InChIKey": "VNWKTOKETHGBQD-UHFFFAOYSA-N", "composition": 1, "adsorption": 9.14118}]}, {"pressure": 59.2902, "total_adsorption": 9.6, "species_data": [{"InChIKey": "VNWKTOKETHGBQD-UHFFFAOYSA-N", "composition": 1, "adsorption": 9.6}]}, {"pressure": 65.5532, "total_adsorption": 9.84706, "species_data": [{"InChIKey": "VNWKTOKETHGBQD-UHFFFAOYSA-N", "composition": 1, "adsorption": 9.84706}]}, {"pressure": 68.6848, "total_adsorption": 9.98824, "species_data": [{"InChIKey": "VNWKTOKETHGBQD-UHFFFAOYSA-N", "composition": 1, "adsorption": 9.98824}]}, {"pressure": 74.1127, "total_adsorption": 10.1294, "species_data": [{"InChIKey": "VNWKTOKETHGBQD-UHFFFAOYSA-N", "composition": 1, "adsorption": 10.1294}]}, {"pressure": 80.5846, "total_adsorption": 10.3412, "species_data": [{"InChIKey": "VNWKTOKETHGBQD-UHFFFAOYSA-N", "composition": 1, "adsorption": 10.3412}]}, {"pressure": 86.4301, "total_adsorption": 10.4824, "species_data": [{"InChIKey": "VNWKTOKETHGBQD-UHFFFAOYSA-N", "composition": 1, "adsorption": 10.4824}]}, {"pressure": 91.6493, "total_adsorption": 10.5529, "species_data": [{"InChIKey": "VNWKTOKETHGBQD-UHFFFAOYSA-N", "composition": 1, "adsorption": 10.5529}]}]}