{"isotherm_data":[{"pressure":0,"total_adsorption":0,"species_data":[{"composition":1,"adsorption":0,"InChIKey":"IJGRMHOSHXDMSA-UHFFFAOYSA-N"}]},{"pressure":0.001533,"total_adsorption":3.09761,"species_data":[{"composition":1,"adsorption":3.09761,"InChIKey":"IJGRMHOSHXDMSA-UHFFFAOYSA-N"}]},{"pressure":0.003066,"total_adsorption":61.9803,"species_data":[{"composition":1,"adsorption":61.9803,"InChIKey":"IJGRMHOSHXDMSA-UHFFFAOYSA-N"}]},{"pressure":0.004599,"total_adsorption":204.541,"species_data":[{"composition":1,"adsorption":204.541,"InChIKey":"IJGRMHOSHXDMSA-UHFFFAOYSA-N"}]},{"pressure":0.006132,"total_adsorption":81.6053,"species_data":[{"composition":1,"adsorption":81.6053,"InChIKey":"IJGRMHOSHXDMSA-UHFFFAOYSA-N"}]},{"pressure":0.007665,"total_adsorption":171.48,"species_data":[{"composition":1,"adsorption":171.48,"InChIKey":"IJGRMHOSHXDMSA-UHFFFAOYSA-N"}]},{"pressure":0.009197,"total_adsorption":233.462,"species_data":[{"composition":1,"adsorption":233.462,"InChIKey":"IJGRMHOSHXDMSA-UHFFFAOYSA-N"}]},{"pressure":0.029125,"total_adsorption":258.235,"species_data":[{"composition":1,"adsorption":258.235,"InChIKey":"IJGRMHOSHXDMSA-UHFFFAOYSA-N"}]},{"pressure":0.061316,"total_adsorption":266.466,"species_data":[{"composition":1,"adsorption":266.466,"InChIKey":"IJGRMHOSHXDMSA-UHFFFAOYSA-N"}]},{"pressure":0.079711,"total_adsorption":270.58,"species_data":[{"composition":1,"adsorption":270.58,"InChIKey":"IJGRMHOSHXDMSA-UHFFFAOYSA-N"}]},{"pressure":0.099639,"total_adsorption":274.692,"species_data":[{"composition":1,"adsorption":274.692,"InChIKey":"IJGRMHOSHXDMSA-UHFFFAOYSA-N"}]},{"pressure":0.1211,"total_adsorption":276.736,"species_data":[{"composition":1,"adsorption":276.736,"InChIKey":"IJGRMHOSHXDMSA-UHFFFAOYSA-N"}]},{"pressure":0.14256,"total_adsorption":278.78,"species_data":[{"composition":1,"adsorption":278.78,"InChIKey":"IJGRMHOSHXDMSA-UHFFFAOYSA-N"}]},{"pressure":0.164021,"total_adsorption":280.825,"species_data":[{"composition":1,"adsorption":280.825,"InChIKey":"IJGRMHOSHXDMSA-UHFFFAOYSA-N"}]},{"pressure":0.180882,"total_adsorption":281.84,"species_data":[{"composition":1,"adsorption":281.84,"InChIKey":"IJGRMHOSHXDMSA-UHFFFAOYSA-N"}]},{"pressure":0.203876,"total_adsorption":283.883,"species_data":[{"composition":1,"adsorption":283.883,"InChIKey":"IJGRMHOSHXDMSA-UHFFFAOYSA-N"}]},{"pressure":0.205409,"total_adsorption":282.848,"species_data":[{"composition":1,"adsorption":282.848,"InChIKey":"IJGRMHOSHXDMSA-UHFFFAOYSA-N"}]},{"pressure":0.251396,"total_adsorption":287.967,"species_data":[{"composition":1,"adsorption":287.967,"InChIKey":"IJGRMHOSHXDMSA-UHFFFAOYSA-N"}]},{"pressure":0.252929,"total_adsorption":285.899,"species_data":[{"composition":1,"adsorption":285.899,"InChIKey":"IJGRMHOSHXDMSA-UHFFFAOYSA-N"}]},{"pressure":0.303515,"total_adsorption":289.98,"species_data":[{"composition":1,"adsorption":289.98,"InChIKey":"IJGRMHOSHXDMSA-UHFFFAOYSA-N"}]},{"pressure":0.3541,"total_adsorption":291.994,"species_data":[{"composition":1,"adsorption":291.994,"InChIKey":"IJGRMHOSHXDMSA-UHFFFAOYSA-N"}]},{"pressure":0.355634,"total_adsorption":291.993,"species_data":[{"composition":1,"adsorption":291.993,"InChIKey":"IJGRMHOSHXDMSA-UHFFFAOYSA-N"}]},{"pressure":0.404687,"total_adsorption":294.009,"species_data":[{"composition":1,"adsorption":294.009,"InChIKey":"IJGRMHOSHXDMSA-UHFFFAOYSA-N"}]},{"pressure":0.407753,"total_adsorption":294.006,"species_data":[{"composition":1,"adsorption":294.006,"InChIKey":"IJGRMHOSHXDMSA-UHFFFAOYSA-N"}]},{"pressure":0.455272,"total_adsorption":296.023,"species_data":[{"composition":1,"adsorption":296.023,"InChIKey":"IJGRMHOSHXDMSA-UHFFFAOYSA-N"}]},{"pressure":0.459872,"total_adsorption":297.052,"species_data":[{"composition":1,"adsorption":297.052,"InChIKey":"IJGRMHOSHXDMSA-UHFFFAOYSA-N"}]},{"pressure":0.505859,"total_adsorption":299.071,"species_data":[{"composition":1,"adsorption":299.071,"InChIKey":"IJGRMHOSHXDMSA-UHFFFAOYSA-N"}]},{"pressure":0.507391,"total_adsorption":302.169,"species_data":[{"composition":1,"adsorption":302.169,"InChIKey":"IJGRMHOSHXDMSA-UHFFFAOYSA-N"}]},{"pressure":0.556444,"total_adsorption":301.086,"species_data":[{"composition":1,"adsorption":301.086,"InChIKey":"IJGRMHOSHXDMSA-UHFFFAOYSA-N"}]},{"pressure":0.557978,"total_adsorption":305.216,"species_data":[{"composition":1,"adsorption":305.216,"InChIKey":"IJGRMHOSHXDMSA-UHFFFAOYSA-N"}]},{"pressure":0.608563,"total_adsorption":308.264,"species_data":[{"composition":1,"adsorption":308.264,"InChIKey":"IJGRMHOSHXDMSA-UHFFFAOYSA-N"}]},{"pressure":0.65915,"total_adsorption":308.212,"species_data":[{"composition":1,"adsorption":308.212,"InChIKey":"IJGRMHOSHXDMSA-UHFFFAOYSA-N"}]},{"pressure":0.660682,"total_adsorption":311.31,"species_data":[{"composition":1,"adsorption":311.31,"InChIKey":"IJGRMHOSHXDMSA-UHFFFAOYSA-N"}]},{"pressure":0.708202,"total_adsorption":310.228,"species_data":[{"composition":1,"adsorption":310.228,"InChIKey":"IJGRMHOSHXDMSA-UHFFFAOYSA-N"}]},{"pressure":0.711268,"total_adsorption":314.357,"species_data":[{"composition":1,"adsorption":314.357,"InChIKey":"IJGRMHOSHXDMSA-UHFFFAOYSA-N"}]},{"pressure":0.758787,"total_adsorption":313.276,"species_data":[{"composition":1,"adsorption":313.276,"InChIKey":"IJGRMHOSHXDMSA-UHFFFAOYSA-N"}]},{"pressure":0.761854,"total_adsorption":319.471,"species_data":[{"composition":1,"adsorption":319.471,"InChIKey":"IJGRMHOSHXDMSA-UHFFFAOYSA-N"}]},{"pressure":0.807841,"total_adsorption":319.424,"species_data":[{"composition":1,"adsorption":319.424,"InChIKey":"IJGRMHOSHXDMSA-UHFFFAOYSA-N"}]},{"pressure":0.812439,"total_adsorption":325.618,"species_data":[{"composition":1,"adsorption":325.618,"InChIKey":"IJGRMHOSHXDMSA-UHFFFAOYSA-N"}]},{"pressure":0.821637,"total_adsorption":326.642,"species_data":[{"composition":1,"adsorption":326.642,"InChIKey":"IJGRMHOSHXDMSA-UHFFFAOYSA-N"}]},{"pressure":0.835433,"total_adsorption":324.561,"species_data":[{"composition":1,"adsorption":324.561,"InChIKey":"IJGRMHOSHXDMSA-UHFFFAOYSA-N"}]},{"pressure":0.847696,"total_adsorption":331.78,"species_data":[{"composition":1,"adsorption":331.78,"InChIKey":"IJGRMHOSHXDMSA-UHFFFAOYSA-N"}]},{"pressure":0.859959,"total_adsorption":328.669,"species_data":[{"composition":1,"adsorption":328.669,"InChIKey":"IJGRMHOSHXDMSA-UHFFFAOYSA-N"}]},{"pressure":0.876822,"total_adsorption":338.982,"species_data":[{"composition":1,"adsorption":338.982,"InChIKey":"IJGRMHOSHXDMSA-UHFFFAOYSA-N"}]},{"pressure":0.887552,"total_adsorption":334.839,"species_data":[{"composition":1,"adsorption":334.839,"InChIKey":"IJGRMHOSHXDMSA-UHFFFAOYSA-N"}]},{"pressure":0.910545,"total_adsorption":349.278,"species_data":[{"composition":1,"adsorption":349.278,"InChIKey":"IJGRMHOSHXDMSA-UHFFFAOYSA-N"}]},{"pressure":0.935072,"total_adsorption":352.352,"species_data":[{"composition":1,"adsorption":352.352,"InChIKey":"IJGRMHOSHXDMSA-UHFFFAOYSA-N"}]},{"pressure":0.939671,"total_adsorption":367.844,"species_data":[{"composition":1,"adsorption":367.844,"InChIKey":"IJGRMHOSHXDMSA-UHFFFAOYSA-N"}]},{"pressure":0.958065,"total_adsorption":367.825,"species_data":[{"composition":1,"adsorption":367.825,"InChIKey":"IJGRMHOSHXDMSA-UHFFFAOYSA-N"}]},{"pressure":0.967263,"total_adsorption":397.774,"species_data":[{"composition":1,"adsorption":397.774,"InChIKey":"IJGRMHOSHXDMSA-UHFFFAOYSA-N"}]},{"pressure":0.984125,"total_adsorption":407.054,"species_data":[{"composition":1,"adsorption":407.054,"InChIKey":"IJGRMHOSHXDMSA-UHFFFAOYSA-N"}]},{"pressure":0.98719,"total_adsorption":447.341,"species_data":[{"composition":1,"adsorption":447.341,"InChIKey":"IJGRMHOSHXDMSA-UHFFFAOYSA-N"}]},{"pressure":0.990256,"total_adsorption":427.709,"species_data":[{"composition":1,"adsorption":427.709,"InChIKey":"IJGRMHOSHXDMSA-UHFFFAOYSA-N"}]},{"pressure":0.991789,"total_adsorption":465.931,"species_data":[{"composition":1,"adsorption":465.931,"InChIKey":"IJGRMHOSHXDMSA-UHFFFAOYSA-N"}]},{"pressure":0.997921,"total_adsorption":487.619,"species_data":[{"composition":1,"adsorption":487.619,"InChIKey":"IJGRMHOSHXDMSA-UHFFFAOYSA-N"}]},{"pressure":1.00099,"total_adsorption":464.889,"species_data":[{"composition":1,"adsorption":464.889,"InChIKey":"IJGRMHOSHXDMSA-UHFFFAOYSA-N"}]},{"pressure":1.00559,"total_adsorption":504.14,"species_data":[{"composition":1,"adsorption":504.14,"InChIKey":"IJGRMHOSHXDMSA-UHFFFAOYSA-N"}]}],"temperature":77,"articleSource":"Figure 4","compositionType":"molefraction","adsorbates":[{"name":"Nitrogen","InChIKey":"IJGRMHOSHXDMSA-UHFFFAOYSA-N"}],"adsorptionUnits":"cm3(STP)/g","date":"2016-07-12","category":"exp","digitizer":"Yamuna E. Satsangi","pressureUnits":"bar","DOI":"10.1016/j.jiec.2014.12.021","adsorbent":{"name":"UiO-66/GO-10","hashkey":"NIST-MATDB-c545044aea679921ec5ca79ada2ca7da"},"concentrationUnits":"","filename":"10.1016j.jiec.2014.12.021.Isotherm13","isotherm_type":""}