{"isotherm_data":[{"pressure":0.0018938,"total_adsorption":332.824,"species_data":[{"composition":1,"adsorption":332.824,"InChIKey":"IJGRMHOSHXDMSA-UHFFFAOYSA-N"}]},{"pressure":0.0037876,"total_adsorption":357.252,"species_data":[{"composition":1,"adsorption":357.252,"InChIKey":"IJGRMHOSHXDMSA-UHFFFAOYSA-N"}]},{"pressure":0.0056814,"total_adsorption":377.099,"species_data":[{"composition":1,"adsorption":377.099,"InChIKey":"IJGRMHOSHXDMSA-UHFFFAOYSA-N"}]},{"pressure":0.0151504,"total_adsorption":390.84,"species_data":[{"composition":1,"adsorption":390.84,"InChIKey":"IJGRMHOSHXDMSA-UHFFFAOYSA-N"}]},{"pressure":0.0265132,"total_adsorption":396.947,"species_data":[{"composition":1,"adsorption":396.947,"InChIKey":"IJGRMHOSHXDMSA-UHFFFAOYSA-N"}]},{"pressure":0.0435574,"total_adsorption":401.527,"species_data":[{"composition":1,"adsorption":401.527,"InChIKey":"IJGRMHOSHXDMSA-UHFFFAOYSA-N"}]},{"pressure":0.0643892,"total_adsorption":407.634,"species_data":[{"composition":1,"adsorption":407.634,"InChIKey":"IJGRMHOSHXDMSA-UHFFFAOYSA-N"}]},{"pressure":0.075752,"total_adsorption":415.267,"species_data":[{"composition":1,"adsorption":415.267,"InChIKey":"IJGRMHOSHXDMSA-UHFFFAOYSA-N"}]},{"pressure":0.100371,"total_adsorption":418.321,"species_data":[{"composition":1,"adsorption":418.321,"InChIKey":"IJGRMHOSHXDMSA-UHFFFAOYSA-N"}]},{"pressure":0.132566,"total_adsorption":421.374,"species_data":[{"composition":1,"adsorption":421.374,"InChIKey":"IJGRMHOSHXDMSA-UHFFFAOYSA-N"}]},{"pressure":0.160973,"total_adsorption":425.954,"species_data":[{"composition":1,"adsorption":425.954,"InChIKey":"IJGRMHOSHXDMSA-UHFFFAOYSA-N"}]},{"pressure":0.212106,"total_adsorption":425.954,"species_data":[{"composition":1,"adsorption":425.954,"InChIKey":"IJGRMHOSHXDMSA-UHFFFAOYSA-N"}]},{"pressure":0.278389,"total_adsorption":429.008,"species_data":[{"composition":1,"adsorption":429.008,"InChIKey":"IJGRMHOSHXDMSA-UHFFFAOYSA-N"}]},{"pressure":0.348459,"total_adsorption":429.008,"species_data":[{"composition":1,"adsorption":429.008,"InChIKey":"IJGRMHOSHXDMSA-UHFFFAOYSA-N"}]},{"pressure":0.410955,"total_adsorption":429.008,"species_data":[{"composition":1,"adsorption":429.008,"InChIKey":"IJGRMHOSHXDMSA-UHFFFAOYSA-N"}]},{"pressure":0.47345,"total_adsorption":432.061,"species_data":[{"composition":1,"adsorption":432.061,"InChIKey":"IJGRMHOSHXDMSA-UHFFFAOYSA-N"}]},{"pressure":0.524583,"total_adsorption":430.534,"species_data":[{"composition":1,"adsorption":430.534,"InChIKey":"IJGRMHOSHXDMSA-UHFFFAOYSA-N"}]},{"pressure":0.587078,"total_adsorption":430.534,"species_data":[{"composition":1,"adsorption":430.534,"InChIKey":"IJGRMHOSHXDMSA-UHFFFAOYSA-N"}]},{"pressure":0.655255,"total_adsorption":430.534,"species_data":[{"composition":1,"adsorption":430.534,"InChIKey":"IJGRMHOSHXDMSA-UHFFFAOYSA-N"}]},{"pressure":0.723432,"total_adsorption":432.061,"species_data":[{"composition":1,"adsorption":432.061,"InChIKey":"IJGRMHOSHXDMSA-UHFFFAOYSA-N"}]},{"pressure":0.801078,"total_adsorption":432.061,"species_data":[{"composition":1,"adsorption":432.061,"InChIKey":"IJGRMHOSHXDMSA-UHFFFAOYSA-N"}]},{"pressure":0.869255,"total_adsorption":430.534,"species_data":[{"composition":1,"adsorption":430.534,"InChIKey":"IJGRMHOSHXDMSA-UHFFFAOYSA-N"}]},{"pressure":0.943113,"total_adsorption":433.588,"species_data":[{"composition":1,"adsorption":433.588,"InChIKey":"IJGRMHOSHXDMSA-UHFFFAOYSA-N"}]}],"temperature":77,"articleSource":"UNKNOWN","compositionType":"molefraction","adsorbates":[{"name":"Nitrogen","InChIKey":"IJGRMHOSHXDMSA-UHFFFAOYSA-N"}],"adsorptionUnits":"cm3(STP)/g","date":"1000-01-01","category":"","digitizer":"UNKNOWN","pressureUnits":"bar","DOI":"10.1021/Ic200328q","adsorbent":{"name":"C15H7NO4Zn","hashkey":"NIST-MATDB-8d6a4f344275a825a2ca5455c92a1a28"},"concentrationUnits":"","filename":"10.1021Ic200328q.Isotherm4","isotherm_type":""}