{"filename": "10.1039C1cc11054c.Isotherm2", "DOI": "10.1039/C1cc11054c", "articleSource": "UNKNOWN", "date": "1000-01-01", "digitizer": "UNKNOWN", "adsorbent": {"hashkey": "NIST-MATDB-35093292dad40d845a2b74a2194d3d75", "name": "CH3-IRMOF-1"}, "adsorbates": [{"InChIKey": "UFHFLCQGNIYNRP-UHFFFAOYSA-N", "name": "Hydrogen"}], "category": "", "temperature": 77, "isotherm_type": "", "adsorptionUnits": "wt%", "pressureUnits": "bar", "compositionType": "molefraction", "concentrationUnits": "", "isotherm_data": [{"pressure": 0.0918728, "total_adsorption": 0.396166, "species_data": [{"InChIKey": "UFHFLCQGNIYNRP-UHFFFAOYSA-N", "composition": 1, "adsorption": 0.396166}]}, {"pressure": 0.282686, "total_adsorption": 0.715655, "species_data": [{"InChIKey": "UFHFLCQGNIYNRP-UHFFFAOYSA-N", "composition": 1, "adsorption": 0.715655}]}, {"pressure": 0.459364, "total_adsorption": 0.958466, "species_data": [{"InChIKey": "UFHFLCQGNIYNRP-UHFFFAOYSA-N", "composition": 1, "adsorption": 0.958466}]}, {"pressure": 0.64311, "total_adsorption": 1.13099, "species_data": [{"InChIKey": "UFHFLCQGNIYNRP-UHFFFAOYSA-N", "composition": 1, "adsorption": 1.13099}]}, {"pressure": 0.770318, "total_adsorption": 1.24601, "species_data": [{"InChIKey": "UFHFLCQGNIYNRP-UHFFFAOYSA-N", "composition": 1, "adsorption": 1.24601}]}, {"pressure": 0.869258, "total_adsorption": 1.32907, "species_data": [{"InChIKey": "UFHFLCQGNIYNRP-UHFFFAOYSA-N", "composition": 1, "adsorption": 1.32907}]}, {"pressure": 0.968198, "total_adsorption": 1.39297, "species_data": [{"InChIKey": "UFHFLCQGNIYNRP-UHFFFAOYSA-N", "composition": 1, "adsorption": 1.39297}]}, {"pressure": 1.0318, "total_adsorption": 1.4377, "species_data": [{"InChIKey": "UFHFLCQGNIYNRP-UHFFFAOYSA-N", "composition": 1, "adsorption": 1.4377}]}, {"pressure": 1.18728, "total_adsorption": 1.53355, "species_data": [{"InChIKey": "UFHFLCQGNIYNRP-UHFFFAOYSA-N", "composition": 1, "adsorption": 1.53355}]}, {"pressure": 1.26502, "total_adsorption": 1.58466, "species_data": [{"InChIKey": "UFHFLCQGNIYNRP-UHFFFAOYSA-N", "composition": 1, "adsorption": 1.58466}]}, {"pressure": 1.42756, "total_adsorption": 1.67412, "species_data": [{"InChIKey": "UFHFLCQGNIYNRP-UHFFFAOYSA-N", "composition": 1, "adsorption": 1.67412}]}, {"pressure": 1.62544, "total_adsorption": 1.76997, "species_data": [{"InChIKey": "UFHFLCQGNIYNRP-UHFFFAOYSA-N", "composition": 1, "adsorption": 1.76997}]}, {"pressure": 1.77385, "total_adsorption": 1.84026, "species_data": [{"InChIKey": "UFHFLCQGNIYNRP-UHFFFAOYSA-N", "composition": 1, "adsorption": 1.84026}]}, {"pressure": 1.92226, "total_adsorption": 1.90415, "species_data": [{"InChIKey": "UFHFLCQGNIYNRP-UHFFFAOYSA-N", "composition": 1, "adsorption": 1.90415}]}, {"pressure": 1.99293, "total_adsorption": 1.94888, "species_data": [{"InChIKey": "UFHFLCQGNIYNRP-UHFFFAOYSA-N", "composition": 1, "adsorption": 1.94888}]}]}