{"isotherm_data":[{"pressure":0.0507785,"total_adsorption":0.506486,"species_data":[{"composition":1,"adsorption":0.506486,"InChIKey":"CURLTUGMZLYLDI-UHFFFAOYSA-N"}]},{"pressure":0.100876,"total_adsorption":0.923185,"species_data":[{"composition":1,"adsorption":0.923185,"InChIKey":"CURLTUGMZLYLDI-UHFFFAOYSA-N"}]},{"pressure":0.151738,"total_adsorption":1.14538,"species_data":[{"composition":1,"adsorption":1.14538,"InChIKey":"CURLTUGMZLYLDI-UHFFFAOYSA-N"}]}],"temperature":294,"articleSource":"UNKNOWN","compositionType":"molefraction","adsorbates":[{"name":"Carbon Dioxide","InChIKey":"CURLTUGMZLYLDI-UHFFFAOYSA-N"}],"adsorptionUnits":"mmol/g","date":"1000-01-01","category":"","digitizer":"UNKNOWN","pressureUnits":"bar","DOI":"10.1016/j.powtec.2014.08.062","adsorbent":{"name":"CuBTC","hashkey":"NIST-MATDB-991daf7313251e7e607e2bab2da57e33"},"concentrationUnits":"","filename":"10.1016j.powtec.2014.08.062.Isotherm6","isotherm_type":""}