{"filename": "10.1038Srep06247.Isotherm7", "DOI": "10.1038/Srep06247", "articleSource": "UNKNOWN", "date": "1000-01-01", "digitizer": "UNKNOWN", "adsorbent": {"hashkey": "NIST-MATDB-991daf7313251e7e607e2bab2da57e33", "name": "CuBTC"}, "adsorbates": [{"InChIKey": "IMNFDUFMRHMDMM-UHFFFAOYSA-N", "name": "N-Heptane"}], "category": "", "temperature": 333, "isotherm_type": "", "adsorptionUnits": "mmol/g", "pressureUnits": "bar", "compositionType": "molefraction", "concentrationUnits": "", "isotherm_data": [{"pressure": 0.000267333, "total_adsorption": 0.722942, "species_data": [{"InChIKey": "IMNFDUFMRHMDMM-UHFFFAOYSA-N", "composition": 1, "adsorption": 0.722942}]}, {"pressure": 0.000572855, "total_adsorption": 0.870464, "species_data": [{"InChIKey": "IMNFDUFMRHMDMM-UHFFFAOYSA-N", "composition": 1, "adsorption": 0.870464}]}, {"pressure": 0.000916569, "total_adsorption": 0.954847, "species_data": [{"InChIKey": "IMNFDUFMRHMDMM-UHFFFAOYSA-N", "composition": 1, "adsorption": 0.954847}]}, {"pressure": 0.00122209, "total_adsorption": 1.01114, "species_data": [{"InChIKey": "IMNFDUFMRHMDMM-UHFFFAOYSA-N", "composition": 1, "adsorption": 1.01114}]}, {"pressure": 0.00152762, "total_adsorption": 1.04638, "species_data": [{"InChIKey": "IMNFDUFMRHMDMM-UHFFFAOYSA-N", "composition": 1, "adsorption": 1.04638}]}, {"pressure": 0.00309343, "total_adsorption": 1.23665, "species_data": [{"InChIKey": "IMNFDUFMRHMDMM-UHFFFAOYSA-N", "composition": 1, "adsorption": 1.23665}]}, {"pressure": 0.00611046, "total_adsorption": 1.3715, "species_data": [{"InChIKey": "IMNFDUFMRHMDMM-UHFFFAOYSA-N", "composition": 1, "adsorption": 1.3715}]}, {"pressure": 0.0122209, "total_adsorption": 1.4658, "species_data": [{"InChIKey": "IMNFDUFMRHMDMM-UHFFFAOYSA-N", "composition": 1, "adsorption": 1.4658}]}]}