{"filename": "10.1021ef060318y.Isotherm7", "DOI": "10.1021/ef060318y", "articleSource": "UNKNOWN", "date": "1000-01-01", "digitizer": "UNKNOWN", "adsorbent": {"hashkey": "NIST-MATDB-95fa35ae9b5dee4c6f3c03663a027998", "name": "Coal B"}, "adsorbates": [{"InChIKey": "XKRFYHLGVUSROY-UHFFFAOYSA-N", "name": "Argon"}], "category": "", "temperature": 313, "isotherm_type": "", "adsorptionUnits": "mmol/g", "pressureUnits": "bar", "compositionType": "molefraction", "concentrationUnits": "", "isotherm_data": [{"pressure": 1.11524, "total_adsorption": 0.0473008, "species_data": [{"InChIKey": "XKRFYHLGVUSROY-UHFFFAOYSA-N", "composition": 1, "adsorption": 0.0473008}]}, {"pressure": 2.41636, "total_adsorption": 0.0987147, "species_data": [{"InChIKey": "XKRFYHLGVUSROY-UHFFFAOYSA-N", "composition": 1, "adsorption": 0.0987147}]}, {"pressure": 4.46097, "total_adsorption": 0.148072, "species_data": [{"InChIKey": "XKRFYHLGVUSROY-UHFFFAOYSA-N", "composition": 1, "adsorption": 0.148072}]}, {"pressure": 6.3197, "total_adsorption": 0.193316, "species_data": [{"InChIKey": "XKRFYHLGVUSROY-UHFFFAOYSA-N", "composition": 1, "adsorption": 0.193316}]}, {"pressure": 8.17844, "total_adsorption": 0.230334, "species_data": [{"InChIKey": "XKRFYHLGVUSROY-UHFFFAOYSA-N", "composition": 1, "adsorption": 0.230334}]}, {"pressure": 10.5948, "total_adsorption": 0.275578, "species_data": [{"InChIKey": "XKRFYHLGVUSROY-UHFFFAOYSA-N", "composition": 1, "adsorption": 0.275578}]}, {"pressure": 12.5465, "total_adsorption": 0.30437, "species_data": [{"InChIKey": "XKRFYHLGVUSROY-UHFFFAOYSA-N", "composition": 1, "adsorption": 0.30437}]}, {"pressure": 15.6134, "total_adsorption": 0.349614, "species_data": [{"InChIKey": "XKRFYHLGVUSROY-UHFFFAOYSA-N", "composition": 1, "adsorption": 0.349614}]}, {"pressure": 19.9814, "total_adsorption": 0.394859, "species_data": [{"InChIKey": "XKRFYHLGVUSROY-UHFFFAOYSA-N", "composition": 1, "adsorption": 0.394859}]}, {"pressure": 25.0929, "total_adsorption": 0.446272, "species_data": [{"InChIKey": "XKRFYHLGVUSROY-UHFFFAOYSA-N", "composition": 1, "adsorption": 0.446272}]}, {"pressure": 31.4126, "total_adsorption": 0.493573, "species_data": [{"InChIKey": "XKRFYHLGVUSROY-UHFFFAOYSA-N", "composition": 1, "adsorption": 0.493573}]}, {"pressure": 37.8253, "total_adsorption": 0.536761, "species_data": [{"InChIKey": "XKRFYHLGVUSROY-UHFFFAOYSA-N", "composition": 1, "adsorption": 0.536761}]}, {"pressure": 43.4944, "total_adsorption": 0.565553, "species_data": [{"InChIKey": "XKRFYHLGVUSROY-UHFFFAOYSA-N", "composition": 1, "adsorption": 0.565553}]}]}