{"filename": "10.1007s10450-012-9407-1.Isotherm12", "DOI": "10.1007/s10450-012-9407-1", "articleSource": "UNKNOWN", "date": "1000-01-01", "digitizer": "UNKNOWN", "adsorbent": {"hashkey": "NIST-MATDB-b2dc02871a66ac38e4b195796cf3e00b", "name": "ZIF-8"}, "adsorbates": [{"InChIKey": "CURLTUGMZLYLDI-UHFFFAOYSA-N", "name": "Carbon Dioxide"}], "category": "", "temperature": 298, "isotherm_type": "", "adsorptionUnits": "mmol/g", "pressureUnits": "bar", "compositionType": "molefraction", "concentrationUnits": "", "isotherm_data": [{"pressure": 0.520833, "total_adsorption": 0.266239, "species_data": [{"InChIKey": "CURLTUGMZLYLDI-UHFFFAOYSA-N", "composition": 1, "adsorption": 0.266239}]}, {"pressure": 0.983796, "total_adsorption": 0.470988, "species_data": [{"InChIKey": "CURLTUGMZLYLDI-UHFFFAOYSA-N", "composition": 1, "adsorption": 0.470988}]}, {"pressure": 5.03472, "total_adsorption": 2.17023, "species_data": [{"InChIKey": "CURLTUGMZLYLDI-UHFFFAOYSA-N", "composition": 1, "adsorption": 2.17023}]}, {"pressure": 10.0694, "total_adsorption": 3.58148, "species_data": [{"InChIKey": "CURLTUGMZLYLDI-UHFFFAOYSA-N", "composition": 1, "adsorption": 3.58148}]}, {"pressure": 15.0463, "total_adsorption": 4.39791, "species_data": [{"InChIKey": "CURLTUGMZLYLDI-UHFFFAOYSA-N", "composition": 1, "adsorption": 4.39791}]}, {"pressure": 20.081, "total_adsorption": 4.98865, "species_data": [{"InChIKey": "CURLTUGMZLYLDI-UHFFFAOYSA-N", "composition": 1, "adsorption": 4.98865}]}, {"pressure": 25.1157, "total_adsorption": 5.29221, "species_data": [{"InChIKey": "CURLTUGMZLYLDI-UHFFFAOYSA-N", "composition": 1, "adsorption": 5.29221}]}]}