{"isotherm_data":[{"pressure":0.013986,"total_adsorption":0.0765238,"species_data":[{"composition":1,"adsorption":0.0765238,"InChIKey":"UFHFLCQGNIYNRP-UHFFFAOYSA-N"}]},{"pressure":0.0454545,"total_adsorption":0.2677,"species_data":[{"composition":1,"adsorption":0.2677,"InChIKey":"UFHFLCQGNIYNRP-UHFFFAOYSA-N"}]},{"pressure":0.0944056,"total_adsorption":0.459541,"species_data":[{"composition":1,"adsorption":0.459541,"InChIKey":"UFHFLCQGNIYNRP-UHFFFAOYSA-N"}]},{"pressure":0.132867,"total_adsorption":0.650984,"species_data":[{"composition":1,"adsorption":0.650984,"InChIKey":"UFHFLCQGNIYNRP-UHFFFAOYSA-N"}]},{"pressure":0.174825,"total_adsorption":0.766566,"species_data":[{"composition":1,"adsorption":0.766566,"InChIKey":"UFHFLCQGNIYNRP-UHFFFAOYSA-N"}]},{"pressure":0.199301,"total_adsorption":0.843489,"species_data":[{"composition":1,"adsorption":0.843489,"InChIKey":"UFHFLCQGNIYNRP-UHFFFAOYSA-N"}]},{"pressure":0.22028,"total_adsorption":0.920278,"species_data":[{"composition":1,"adsorption":0.920278,"InChIKey":"UFHFLCQGNIYNRP-UHFFFAOYSA-N"}]},{"pressure":0.251748,"total_adsorption":1.07346,"species_data":[{"composition":1,"adsorption":1.07346,"InChIKey":"UFHFLCQGNIYNRP-UHFFFAOYSA-N"}]},{"pressure":0.286713,"total_adsorption":1.18878,"species_data":[{"composition":1,"adsorption":1.18878,"InChIKey":"UFHFLCQGNIYNRP-UHFFFAOYSA-N"}]},{"pressure":0.328671,"total_adsorption":1.30436,"species_data":[{"composition":1,"adsorption":1.30436,"InChIKey":"UFHFLCQGNIYNRP-UHFFFAOYSA-N"}]},{"pressure":0.374126,"total_adsorption":1.53406,"species_data":[{"composition":1,"adsorption":1.53406,"InChIKey":"UFHFLCQGNIYNRP-UHFFFAOYSA-N"}]},{"pressure":0.416084,"total_adsorption":1.68764,"species_data":[{"composition":1,"adsorption":1.68764,"InChIKey":"UFHFLCQGNIYNRP-UHFFFAOYSA-N"}]},{"pressure":0.458042,"total_adsorption":1.84122,"species_data":[{"composition":1,"adsorption":1.84122,"InChIKey":"UFHFLCQGNIYNRP-UHFFFAOYSA-N"}]},{"pressure":0.496503,"total_adsorption":2.07066,"species_data":[{"composition":1,"adsorption":2.07066,"InChIKey":"UFHFLCQGNIYNRP-UHFFFAOYSA-N"}]},{"pressure":0.538462,"total_adsorption":2.26223,"species_data":[{"composition":1,"adsorption":2.26223,"InChIKey":"UFHFLCQGNIYNRP-UHFFFAOYSA-N"}]},{"pressure":0.576923,"total_adsorption":2.41568,"species_data":[{"composition":1,"adsorption":2.41568,"InChIKey":"UFHFLCQGNIYNRP-UHFFFAOYSA-N"}]},{"pressure":0.618881,"total_adsorption":2.56926,"species_data":[{"composition":1,"adsorption":2.56926,"InChIKey":"UFHFLCQGNIYNRP-UHFFFAOYSA-N"}]},{"pressure":0.667832,"total_adsorption":2.7231,"species_data":[{"composition":1,"adsorption":2.7231,"InChIKey":"UFHFLCQGNIYNRP-UHFFFAOYSA-N"}]},{"pressure":0.699301,"total_adsorption":2.80029,"species_data":[{"composition":1,"adsorption":2.80029,"InChIKey":"UFHFLCQGNIYNRP-UHFFFAOYSA-N"}]},{"pressure":0.737762,"total_adsorption":2.91574,"species_data":[{"composition":1,"adsorption":2.91574,"InChIKey":"UFHFLCQGNIYNRP-UHFFFAOYSA-N"}]},{"pressure":0.783217,"total_adsorption":3.03146,"species_data":[{"composition":1,"adsorption":3.03146,"InChIKey":"UFHFLCQGNIYNRP-UHFFFAOYSA-N"}]},{"pressure":0.821678,"total_adsorption":3.10891,"species_data":[{"composition":1,"adsorption":3.10891,"InChIKey":"UFHFLCQGNIYNRP-UHFFFAOYSA-N"}]},{"pressure":0.863636,"total_adsorption":3.30049,"species_data":[{"composition":1,"adsorption":3.30049,"InChIKey":"UFHFLCQGNIYNRP-UHFFFAOYSA-N"}]},{"pressure":0.916084,"total_adsorption":3.49246,"species_data":[{"composition":1,"adsorption":3.49246,"InChIKey":"UFHFLCQGNIYNRP-UHFFFAOYSA-N"}]},{"pressure":0.958042,"total_adsorption":3.72203,"species_data":[{"composition":1,"adsorption":3.72203,"InChIKey":"UFHFLCQGNIYNRP-UHFFFAOYSA-N"}]},{"pressure":0.982517,"total_adsorption":3.83695,"species_data":[{"composition":1,"adsorption":3.83695,"InChIKey":"UFHFLCQGNIYNRP-UHFFFAOYSA-N"}]},{"pressure":1,"total_adsorption":3.91361,"species_data":[{"composition":1,"adsorption":3.91361,"InChIKey":"UFHFLCQGNIYNRP-UHFFFAOYSA-N"}]}],"temperature":77,"articleSource":"UNKNOWN","compositionType":"molefraction","adsorbates":[{"name":"Hydrogen","InChIKey":"UFHFLCQGNIYNRP-UHFFFAOYSA-N"}],"adsorptionUnits":"mmol/g","date":"1000-01-01","category":"","digitizer":"UNKNOWN","pressureUnits":"bar","DOI":"10.1007/s10450-011-9358-y","adsorbent":{"name":"Int-SWCNT","hashkey":"NIST-MATDB-b4ee4a2efdf9a65d2ee99aa7ac481503"},"concentrationUnits":"","filename":"10.1007s10450-011-9358-y.Isotherm10","isotherm_type":""}