{"isotherm_data":[{"pressure":1.58371,"total_adsorption":0.03125,"species_data":[{"composition":1,"adsorption":0.03125,"InChIKey":"XKRFYHLGVUSROY-UHFFFAOYSA-N"}]},{"pressure":5.65611,"total_adsorption":0.114583,"species_data":[{"composition":1,"adsorption":0.114583,"InChIKey":"XKRFYHLGVUSROY-UHFFFAOYSA-N"}]},{"pressure":8.37104,"total_adsorption":0.15625,"species_data":[{"composition":1,"adsorption":0.15625,"InChIKey":"XKRFYHLGVUSROY-UHFFFAOYSA-N"}]},{"pressure":10.181,"total_adsorption":0.197917,"species_data":[{"composition":1,"adsorption":0.197917,"InChIKey":"XKRFYHLGVUSROY-UHFFFAOYSA-N"}]},{"pressure":12.4434,"total_adsorption":0.229167,"species_data":[{"composition":1,"adsorption":0.229167,"InChIKey":"XKRFYHLGVUSROY-UHFFFAOYSA-N"}]},{"pressure":14.9321,"total_adsorption":0.28125,"species_data":[{"composition":1,"adsorption":0.28125,"InChIKey":"XKRFYHLGVUSROY-UHFFFAOYSA-N"}]},{"pressure":16.7421,"total_adsorption":0.3125,"species_data":[{"composition":1,"adsorption":0.3125,"InChIKey":"XKRFYHLGVUSROY-UHFFFAOYSA-N"}]},{"pressure":18.3258,"total_adsorption":0.34375,"species_data":[{"composition":1,"adsorption":0.34375,"InChIKey":"XKRFYHLGVUSROY-UHFFFAOYSA-N"}]},{"pressure":19.9095,"total_adsorption":0.364583,"species_data":[{"composition":1,"adsorption":0.364583,"InChIKey":"XKRFYHLGVUSROY-UHFFFAOYSA-N"}]},{"pressure":21.9457,"total_adsorption":0.40625,"species_data":[{"composition":1,"adsorption":0.40625,"InChIKey":"XKRFYHLGVUSROY-UHFFFAOYSA-N"}]},{"pressure":23.9819,"total_adsorption":0.4375,"species_data":[{"composition":1,"adsorption":0.4375,"InChIKey":"XKRFYHLGVUSROY-UHFFFAOYSA-N"}]},{"pressure":25.7919,"total_adsorption":0.46875,"species_data":[{"composition":1,"adsorption":0.46875,"InChIKey":"XKRFYHLGVUSROY-UHFFFAOYSA-N"}]},{"pressure":27.3756,"total_adsorption":0.489583,"species_data":[{"composition":1,"adsorption":0.489583,"InChIKey":"XKRFYHLGVUSROY-UHFFFAOYSA-N"}]},{"pressure":29.1855,"total_adsorption":0.510417,"species_data":[{"composition":1,"adsorption":0.510417,"InChIKey":"XKRFYHLGVUSROY-UHFFFAOYSA-N"}]},{"pressure":31.6742,"total_adsorption":0.5625,"species_data":[{"composition":1,"adsorption":0.5625,"InChIKey":"XKRFYHLGVUSROY-UHFFFAOYSA-N"}]},{"pressure":33.7104,"total_adsorption":0.583333,"species_data":[{"composition":1,"adsorption":0.583333,"InChIKey":"XKRFYHLGVUSROY-UHFFFAOYSA-N"}]},{"pressure":35.7466,"total_adsorption":0.614583,"species_data":[{"composition":1,"adsorption":0.614583,"InChIKey":"XKRFYHLGVUSROY-UHFFFAOYSA-N"}]},{"pressure":37.1041,"total_adsorption":0.635417,"species_data":[{"composition":1,"adsorption":0.635417,"InChIKey":"XKRFYHLGVUSROY-UHFFFAOYSA-N"}]},{"pressure":39.3665,"total_adsorption":0.65625,"species_data":[{"composition":1,"adsorption":0.65625,"InChIKey":"XKRFYHLGVUSROY-UHFFFAOYSA-N"}]},{"pressure":41.629,"total_adsorption":0.6875,"species_data":[{"composition":1,"adsorption":0.6875,"InChIKey":"XKRFYHLGVUSROY-UHFFFAOYSA-N"}]},{"pressure":43.6652,"total_adsorption":0.697917,"species_data":[{"composition":1,"adsorption":0.697917,"InChIKey":"XKRFYHLGVUSROY-UHFFFAOYSA-N"}]},{"pressure":45.7014,"total_adsorption":0.729167,"species_data":[{"composition":1,"adsorption":0.729167,"InChIKey":"XKRFYHLGVUSROY-UHFFFAOYSA-N"}]},{"pressure":47.7376,"total_adsorption":0.75,"species_data":[{"composition":1,"adsorption":0.75,"InChIKey":"XKRFYHLGVUSROY-UHFFFAOYSA-N"}]},{"pressure":49.7738,"total_adsorption":0.78125,"species_data":[{"composition":1,"adsorption":0.78125,"InChIKey":"XKRFYHLGVUSROY-UHFFFAOYSA-N"}]}],"temperature":298,"articleSource":"UNKNOWN","compositionType":"molefraction","adsorbates":[{"name":"Argon","InChIKey":"XKRFYHLGVUSROY-UHFFFAOYSA-N"}],"adsorptionUnits":"mol/mol","date":"1000-01-01","category":"","digitizer":"UNKNOWN","pressureUnits":"bar","DOI":"10.1021/Jp065321x","adsorbent":{"name":"C32H24Ar1.04Cu2N2O8","hashkey":"NIST-MATDB-1530c515df6671475765545bfd578e23"},"concentrationUnits":"","filename":"10.1021Jp065321x.Isotherm4-1","isotherm_type":""}