{"isotherm_data":[{"pressure":6.68e-5,"total_adsorption":0.079798,"species_data":[{"composition":1,"adsorption":0.079798,"InChIKey":"CURLTUGMZLYLDI-UHFFFAOYSA-N"}]},{"pressure":0.000392,"total_adsorption":0.0597097,"species_data":[{"composition":1,"adsorption":0.0597097,"InChIKey":"CURLTUGMZLYLDI-UHFFFAOYSA-N"}]},{"pressure":0.00218691,"total_adsorption":0.0998863,"species_data":[{"composition":1,"adsorption":0.0998863,"InChIKey":"CURLTUGMZLYLDI-UHFFFAOYSA-N"}]},{"pressure":0.0112598,"total_adsorption":0.381123,"species_data":[{"composition":1,"adsorption":0.381123,"InChIKey":"CURLTUGMZLYLDI-UHFFFAOYSA-N"}]},{"pressure":0.0644388,"total_adsorption":1.18465,"species_data":[{"composition":1,"adsorption":1.18465,"InChIKey":"CURLTUGMZLYLDI-UHFFFAOYSA-N"}]},{"pressure":0.349788,"total_adsorption":2.47031,"species_data":[{"composition":1,"adsorption":2.47031,"InChIKey":"CURLTUGMZLYLDI-UHFFFAOYSA-N"}]},{"pressure":2.05542,"total_adsorption":4.23808,"species_data":[{"composition":1,"adsorption":4.23808,"InChIKey":"CURLTUGMZLYLDI-UHFFFAOYSA-N"}]},{"pressure":10.8662,"total_adsorption":6.6085,"species_data":[{"composition":1,"adsorption":6.6085,"InChIKey":"CURLTUGMZLYLDI-UHFFFAOYSA-N"}]},{"pressure":58.9843,"total_adsorption":8.97892,"species_data":[{"composition":1,"adsorption":8.97892,"InChIKey":"CURLTUGMZLYLDI-UHFFFAOYSA-N"}]},{"pressure":114.212,"total_adsorption":9.32042,"species_data":[{"composition":1,"adsorption":9.32042,"InChIKey":"CURLTUGMZLYLDI-UHFFFAOYSA-N"}]},{"pressure":152.75,"total_adsorption":9.54139,"species_data":[{"composition":1,"adsorption":9.54139,"InChIKey":"CURLTUGMZLYLDI-UHFFFAOYSA-N"}]}],"temperature":298,"articleSource":"UNKNOWN","compositionType":"molefraction","adsorbates":[{"name":"Carbon Dioxide","InChIKey":"CURLTUGMZLYLDI-UHFFFAOYSA-N"}],"adsorptionUnits":"mmol/g","date":"1000-01-01","category":"","digitizer":"UNKNOWN","pressureUnits":"bar","DOI":"10.1080/08927022.2011.602974","adsorbent":{"name":"NH4-Rho-ZMOF","hashkey":"NIST-MATDB-7eaaa346f9da8b5cbfb9f57acfe66a67"},"concentrationUnits":"","filename":"10.108008927022.2011.602974.Isotherm15","isotherm_type":""}