{"filename": "10.1002adfm.201101479.Isotherm15", "DOI": "10.1002/adfm.201101479", "articleSource": "UNKNOWN", "date": "1000-01-01", "digitizer": "UNKNOWN", "adsorbent": {"hashkey": "NIST-MATDB-655315f090663b4723680a6683f06403", "name": "Zn(BDC)(DMBPY) 0.5"}, "adsorbates": [{"InChIKey": "CURLTUGMZLYLDI-UHFFFAOYSA-N", "name": "Carbon Dioxide"}], "category": "", "temperature": 303, "isotherm_type": "", "adsorptionUnits": "wt%", "pressureUnits": "bar", "compositionType": "molefraction", "concentrationUnits": "", "isotherm_data": [{"pressure": 0.0324727, "total_adsorption": 0.0736051, "species_data": [{"InChIKey": "CURLTUGMZLYLDI-UHFFFAOYSA-N", "composition": 1, "adsorption": 0.0736051}]}, {"pressure": 0.0443168, "total_adsorption": 0.136862, "species_data": [{"InChIKey": "CURLTUGMZLYLDI-UHFFFAOYSA-N", "composition": 1, "adsorption": 0.136862}]}, {"pressure": 0.0591063, "total_adsorption": 0.200088, "species_data": [{"InChIKey": "CURLTUGMZLYLDI-UHFFFAOYSA-N", "composition": 1, "adsorption": 0.200088}]}, {"pressure": 0.0827219, "total_adsorption": 0.252659, "species_data": [{"InChIKey": "CURLTUGMZLYLDI-UHFFFAOYSA-N", "composition": 1, "adsorption": 0.252659}]}, {"pressure": 0.103402, "total_adsorption": 0.315823, "species_data": [{"InChIKey": "CURLTUGMZLYLDI-UHFFFAOYSA-N", "composition": 1, "adsorption": 0.315823}]}, {"pressure": 0.127049, "total_adsorption": 0.400084, "species_data": [{"InChIKey": "CURLTUGMZLYLDI-UHFFFAOYSA-N", "composition": 1, "adsorption": 0.400084}]}, {"pressure": 0.162478, "total_adsorption": 0.484222, "species_data": [{"InChIKey": "CURLTUGMZLYLDI-UHFFFAOYSA-N", "composition": 1, "adsorption": 0.484222}]}, {"pressure": 0.200883, "total_adsorption": 0.600018, "species_data": [{"InChIKey": "CURLTUGMZLYLDI-UHFFFAOYSA-N", "composition": 1, "adsorption": 0.600018}]}, {"pressure": 0.251101, "total_adsorption": 0.747382, "species_data": [{"InChIKey": "CURLTUGMZLYLDI-UHFFFAOYSA-N", "composition": 1, "adsorption": 0.747382}]}, {"pressure": 0.319012, "total_adsorption": 0.915688, "species_data": [{"InChIKey": "CURLTUGMZLYLDI-UHFFFAOYSA-N", "composition": 1, "adsorption": 0.915688}]}, {"pressure": 0.401662, "total_adsorption": 1.0944, "species_data": [{"InChIKey": "CURLTUGMZLYLDI-UHFFFAOYSA-N", "composition": 1, "adsorption": 1.0944}]}, {"pressure": 0.507906, "total_adsorption": 1.30456, "species_data": [{"InChIKey": "CURLTUGMZLYLDI-UHFFFAOYSA-N", "composition": 1, "adsorption": 1.30456}]}, {"pressure": 0.57282, "total_adsorption": 1.42008, "species_data": [{"InChIKey": "CURLTUGMZLYLDI-UHFFFAOYSA-N", "composition": 1, "adsorption": 1.42008}]}, {"pressure": 0.64068, "total_adsorption": 1.53557, "species_data": [{"InChIKey": "CURLTUGMZLYLDI-UHFFFAOYSA-N", "composition": 1, "adsorption": 1.53557}]}, {"pressure": 0.717397, "total_adsorption": 1.6721, "species_data": [{"InChIKey": "CURLTUGMZLYLDI-UHFFFAOYSA-N", "composition": 1, "adsorption": 1.6721}]}, {"pressure": 0.805875, "total_adsorption": 1.78737, "species_data": [{"InChIKey": "CURLTUGMZLYLDI-UHFFFAOYSA-N", "composition": 1, "adsorption": 1.78737}]}, {"pressure": 0.90321, "total_adsorption": 1.92368, "species_data": [{"InChIKey": "CURLTUGMZLYLDI-UHFFFAOYSA-N", "composition": 1, "adsorption": 1.92368}]}, {"pressure": 1.00937, "total_adsorption": 2.04934, "species_data": [{"InChIKey": "CURLTUGMZLYLDI-UHFFFAOYSA-N", "composition": 1, "adsorption": 2.04934}]}]}