{"isotherm_data":[{"pressure":0.0193923,"total_adsorption":13.5272,"species_data":[{"composition":1,"adsorption":13.5272,"InChIKey":"VNWKTOKETHGBQD-UHFFFAOYSA-N"}]},{"pressure":0.0611951,"total_adsorption":28.1751,"species_data":[{"composition":1,"adsorption":28.1751,"InChIKey":"VNWKTOKETHGBQD-UHFFFAOYSA-N"}]},{"pressure":0.100012,"total_adsorption":40.5695,"species_data":[{"composition":1,"adsorption":40.5695,"InChIKey":"VNWKTOKETHGBQD-UHFFFAOYSA-N"}]},{"pressure":0.152266,"total_adsorption":56.9075,"species_data":[{"composition":1,"adsorption":56.9075,"InChIKey":"VNWKTOKETHGBQD-UHFFFAOYSA-N"}]},{"pressure":0.20004,"total_adsorption":68.7385,"species_data":[{"composition":1,"adsorption":68.7385,"InChIKey":"VNWKTOKETHGBQD-UHFFFAOYSA-N"}]},{"pressure":0.249308,"total_adsorption":82.2596,"species_data":[{"composition":1,"adsorption":82.2596,"InChIKey":"VNWKTOKETHGBQD-UHFFFAOYSA-N"}]},{"pressure":0.307533,"total_adsorption":95.2174,"species_data":[{"composition":1,"adsorption":95.2174,"InChIKey":"VNWKTOKETHGBQD-UHFFFAOYSA-N"}]},{"pressure":0.413533,"total_adsorption":118.316,"species_data":[{"composition":1,"adsorption":118.316,"InChIKey":"VNWKTOKETHGBQD-UHFFFAOYSA-N"}]},{"pressure":0.521026,"total_adsorption":138.034,"species_data":[{"composition":1,"adsorption":138.034,"InChIKey":"VNWKTOKETHGBQD-UHFFFAOYSA-N"}]},{"pressure":0.628519,"total_adsorption":156.062,"species_data":[{"composition":1,"adsorption":156.062,"InChIKey":"VNWKTOKETHGBQD-UHFFFAOYSA-N"}]},{"pressure":0.731533,"total_adsorption":171.837,"species_data":[{"composition":1,"adsorption":171.837,"InChIKey":"VNWKTOKETHGBQD-UHFFFAOYSA-N"}]},{"pressure":0.837533,"total_adsorption":186.485,"species_data":[{"composition":1,"adsorption":186.485,"InChIKey":"VNWKTOKETHGBQD-UHFFFAOYSA-N"}]},{"pressure":0.946519,"total_adsorption":197.753,"species_data":[{"composition":1,"adsorption":197.753,"InChIKey":"VNWKTOKETHGBQD-UHFFFAOYSA-N"}]},{"pressure":0.998773,"total_adsorption":203.95,"species_data":[{"composition":1,"adsorption":203.95,"InChIKey":"VNWKTOKETHGBQD-UHFFFAOYSA-N"}]},{"pressure":1.04804,"total_adsorption":208.457,"species_data":[{"composition":1,"adsorption":208.457,"InChIKey":"VNWKTOKETHGBQD-UHFFFAOYSA-N"}]}],"temperature":195,"articleSource":"UNKNOWN","compositionType":"molefraction","adsorbates":[{"name":"Methane","InChIKey":"VNWKTOKETHGBQD-UHFFFAOYSA-N"}],"adsorptionUnits":"cm3(STP)/g","date":"1000-01-01","category":"","digitizer":"UNKNOWN","pressureUnits":"bar","DOI":"10.1021/Ic302583a","adsorbent":{"name":"(Me2NH2)2(DMF)9(H2O)5","hashkey":"NIST-MATDB-0fc6fe0e88747d6206743f79868a947c"},"concentrationUnits":"","filename":"10.1021Ic302583a.isotherm7","isotherm_type":""}