{"isotherm_data":[{"pressure":0.002496,"total_adsorption":null,"species_data":[{"composition":1,"adsorption":0.00741,"InChIKey":"UFHFLCQGNIYNRP-UHFFFAOYSA-N"}]},{"pressure":0.012446,"total_adsorption":null,"species_data":[{"composition":1,"adsorption":0.04232,"InChIKey":"UFHFLCQGNIYNRP-UHFFFAOYSA-N"}]},{"pressure":0.027047,"total_adsorption":null,"species_data":[{"composition":1,"adsorption":0.09666,"InChIKey":"UFHFLCQGNIYNRP-UHFFFAOYSA-N"}]},{"pressure":0.040566,"total_adsorption":null,"species_data":[{"composition":1,"adsorption":0.13157,"InChIKey":"UFHFLCQGNIYNRP-UHFFFAOYSA-N"}]},{"pressure":0.052572,"total_adsorption":null,"species_data":[{"composition":1,"adsorption":0.16756,"InChIKey":"UFHFLCQGNIYNRP-UHFFFAOYSA-N"}]},{"pressure":0.065984,"total_adsorption":null,"species_data":[{"composition":1,"adsorption":0.19743,"InChIKey":"UFHFLCQGNIYNRP-UHFFFAOYSA-N"}]},{"pressure":0.066416,"total_adsorption":null,"species_data":[{"composition":1,"adsorption":0.20089,"InChIKey":"UFHFLCQGNIYNRP-UHFFFAOYSA-N"}]},{"pressure":0.080152,"total_adsorption":null,"species_data":[{"composition":1,"adsorption":0.22911,"InChIKey":"UFHFLCQGNIYNRP-UHFFFAOYSA-N"}]},{"pressure":0.113789,"total_adsorption":null,"species_data":[{"composition":1,"adsorption":0.29391,"InChIKey":"UFHFLCQGNIYNRP-UHFFFAOYSA-N"}]},{"pressure":0.132716,"total_adsorption":null,"species_data":[{"composition":1,"adsorption":0.35869,"InChIKey":"UFHFLCQGNIYNRP-UHFFFAOYSA-N"}]},{"pressure":0.148832,"total_adsorption":null,"species_data":[{"composition":1,"adsorption":0.3544,"InChIKey":"UFHFLCQGNIYNRP-UHFFFAOYSA-N"}]},{"pressure":0.173924,"total_adsorption":null,"species_data":[{"composition":1,"adsorption":0.4199,"InChIKey":"UFHFLCQGNIYNRP-UHFFFAOYSA-N"}]},{"pressure":0.183117,"total_adsorption":null,"species_data":[{"composition":1,"adsorption":0.40445,"InChIKey":"UFHFLCQGNIYNRP-UHFFFAOYSA-N"}]},{"pressure":0.214374,"total_adsorption":null,"species_data":[{"composition":1,"adsorption":0.47229,"InChIKey":"UFHFLCQGNIYNRP-UHFFFAOYSA-N"}]},{"pressure":0.214916,"total_adsorption":null,"species_data":[{"composition":1,"adsorption":0.47285,"InChIKey":"UFHFLCQGNIYNRP-UHFFFAOYSA-N"}]},{"pressure":0.250066,"total_adsorption":null,"species_data":[{"composition":1,"adsorption":0.49161,"InChIKey":"UFHFLCQGNIYNRP-UHFFFAOYSA-N"}]},{"pressure":0.256123,"total_adsorption":null,"species_data":[{"composition":1,"adsorption":0.52183,"InChIKey":"UFHFLCQGNIYNRP-UHFFFAOYSA-N"}]},{"pressure":0.282189,"total_adsorption":null,"species_data":[{"composition":1,"adsorption":0.52691,"InChIKey":"UFHFLCQGNIYNRP-UHFFFAOYSA-N"}]},{"pressure":0.296574,"total_adsorption":null,"species_data":[{"composition":1,"adsorption":0.56578,"InChIKey":"UFHFLCQGNIYNRP-UHFFFAOYSA-N"}]},{"pressure":0.317773,"total_adsorption":null,"species_data":[{"composition":1,"adsorption":0.56618,"InChIKey":"UFHFLCQGNIYNRP-UHFFFAOYSA-N"}]},{"pressure":0.339624,"total_adsorption":null,"species_data":[{"composition":1,"adsorption":0.60792,"InChIKey":"UFHFLCQGNIYNRP-UHFFFAOYSA-N"}]},{"pressure":0.351042,"total_adsorption":null,"species_data":[{"composition":1,"adsorption":0.5988,"InChIKey":"UFHFLCQGNIYNRP-UHFFFAOYSA-N"}]},{"pressure":0.380229,"total_adsorption":null,"species_data":[{"composition":1,"adsorption":0.64624,"InChIKey":"UFHFLCQGNIYNRP-UHFFFAOYSA-N"}]},{"pressure":0.385466,"total_adsorption":null,"species_data":[{"composition":1,"adsorption":0.62883,"InChIKey":"UFHFLCQGNIYNRP-UHFFFAOYSA-N"}]},{"pressure":0.417571,"total_adsorption":null,"species_data":[{"composition":1,"adsorption":0.65858,"InChIKey":"UFHFLCQGNIYNRP-UHFFFAOYSA-N"}]},{"pressure":0.420661,"total_adsorption":null,"species_data":[{"composition":1,"adsorption":0.68314,"InChIKey":"UFHFLCQGNIYNRP-UHFFFAOYSA-N"}]},{"pressure":0.452619,"total_adsorption":null,"species_data":[{"composition":1,"adsorption":0.68891,"InChIKey":"UFHFLCQGNIYNRP-UHFFFAOYSA-N"}]},{"pressure":0.462021,"total_adsorption":null,"species_data":[{"composition":1,"adsorption":0.71884,"InChIKey":"UFHFLCQGNIYNRP-UHFFFAOYSA-N"}]},{"pressure":0.484845,"total_adsorption":null,"species_data":[{"composition":1,"adsorption":0.71774,"InChIKey":"UFHFLCQGNIYNRP-UHFFFAOYSA-N"}]},{"pressure":0.502697,"total_adsorption":null,"species_data":[{"composition":1,"adsorption":0.74972,"InChIKey":"UFHFLCQGNIYNRP-UHFFFAOYSA-N"}]},{"pressure":0.517619,"total_adsorption":null,"species_data":[{"composition":1,"adsorption":0.74454,"InChIKey":"UFHFLCQGNIYNRP-UHFFFAOYSA-N"}]},{"pressure":0.543305,"total_adsorption":null,"species_data":[{"composition":1,"adsorption":0.78219,"InChIKey":"UFHFLCQGNIYNRP-UHFFFAOYSA-N"}]},{"pressure":0.553321,"total_adsorption":null,"species_data":[{"composition":1,"adsorption":0.77292,"InChIKey":"UFHFLCQGNIYNRP-UHFFFAOYSA-N"}]},{"pressure":0.584195,"total_adsorption":null,"species_data":[{"composition":1,"adsorption":0.81131,"InChIKey":"UFHFLCQGNIYNRP-UHFFFAOYSA-N"}]},{"pressure":0.5878,"total_adsorption":null,"species_data":[{"composition":1,"adsorption":0.79618,"InChIKey":"UFHFLCQGNIYNRP-UHFFFAOYSA-N"}]},{"pressure":0.620506,"total_adsorption":null,"species_data":[{"composition":1,"adsorption":0.82079,"InChIKey":"UFHFLCQGNIYNRP-UHFFFAOYSA-N"}]},{"pressure":0.625057,"total_adsorption":null,"species_data":[{"composition":1,"adsorption":0.83878,"InChIKey":"UFHFLCQGNIYNRP-UHFFFAOYSA-N"}]},{"pressure":0.6539,"total_adsorption":null,"species_data":[{"composition":1,"adsorption":0.84654,"InChIKey":"UFHFLCQGNIYNRP-UHFFFAOYSA-N"}]},{"pressure":0.666176,"total_adsorption":null,"species_data":[{"composition":1,"adsorption":0.86426,"InChIKey":"UFHFLCQGNIYNRP-UHFFFAOYSA-N"}]},{"pressure":0.686178,"total_adsorption":null,"species_data":[{"composition":1,"adsorption":0.86858,"InChIKey":"UFHFLCQGNIYNRP-UHFFFAOYSA-N"}]},{"pressure":0.707038,"total_adsorption":null,"species_data":[{"composition":1,"adsorption":0.89202,"InChIKey":"UFHFLCQGNIYNRP-UHFFFAOYSA-N"}]},{"pressure":0.720773,"total_adsorption":null,"species_data":[{"composition":1,"adsorption":0.88919,"InChIKey":"UFHFLCQGNIYNRP-UHFFFAOYSA-N"}]},{"pressure":0.7488,"total_adsorption":null,"species_data":[{"composition":1,"adsorption":0.91759,"InChIKey":"UFHFLCQGNIYNRP-UHFFFAOYSA-N"}]},{"pressure":0.755341,"total_adsorption":null,"species_data":[{"composition":1,"adsorption":0.91125,"InChIKey":"UFHFLCQGNIYNRP-UHFFFAOYSA-N"}]},{"pressure":0.787227,"total_adsorption":null,"species_data":[{"composition":1,"adsorption":0.93125,"InChIKey":"UFHFLCQGNIYNRP-UHFFFAOYSA-N"}]},{"pressure":0.789135,"total_adsorption":null,"species_data":[{"composition":1,"adsorption":0.94122,"InChIKey":"UFHFLCQGNIYNRP-UHFFFAOYSA-N"}]},{"pressure":0.821294,"total_adsorption":null,"species_data":[{"composition":1,"adsorption":0.95079,"InChIKey":"UFHFLCQGNIYNRP-UHFFFAOYSA-N"}]},{"pressure":0.828789,"total_adsorption":null,"species_data":[{"composition":1,"adsorption":0.96485,"InChIKey":"UFHFLCQGNIYNRP-UHFFFAOYSA-N"}]},{"pressure":0.856179,"total_adsorption":null,"species_data":[{"composition":1,"adsorption":0.97532,"InChIKey":"UFHFLCQGNIYNRP-UHFFFAOYSA-N"}]},{"pressure":0.87076,"total_adsorption":null,"species_data":[{"composition":1,"adsorption":0.9903,"InChIKey":"UFHFLCQGNIYNRP-UHFFFAOYSA-N"}]},{"pressure":0.890111,"total_adsorption":null,"species_data":[{"composition":1,"adsorption":0.99215,"InChIKey":"UFHFLCQGNIYNRP-UHFFFAOYSA-N"}]},{"pressure":0.911777,"total_adsorption":null,"species_data":[{"composition":1,"adsorption":1.01212,"InChIKey":"UFHFLCQGNIYNRP-UHFFFAOYSA-N"}]},{"pressure":0.923769,"total_adsorption":null,"species_data":[{"composition":1,"adsorption":1.00988,"InChIKey":"UFHFLCQGNIYNRP-UHFFFAOYSA-N"}]},{"pressure":0.931809,"total_adsorption":null,"species_data":[{"composition":1,"adsorption":1.02303,"InChIKey":"UFHFLCQGNIYNRP-UHFFFAOYSA-N"}]},{"pressure":0.957188,"total_adsorption":null,"species_data":[{"composition":1,"adsorption":1.03091,"InChIKey":"UFHFLCQGNIYNRP-UHFFFAOYSA-N"}]},{"pressure":0.973327,"total_adsorption":null,"species_data":[{"composition":1,"adsorption":1.04435,"InChIKey":"UFHFLCQGNIYNRP-UHFFFAOYSA-N"}]},{"pressure":0.990753,"total_adsorption":null,"species_data":[{"composition":1,"adsorption":1.04638,"InChIKey":"UFHFLCQGNIYNRP-UHFFFAOYSA-N"}]},{"pressure":1.01548,"total_adsorption":null,"species_data":[{"composition":1,"adsorption":1.06669,"InChIKey":"UFHFLCQGNIYNRP-UHFFFAOYSA-N"}]},{"pressure":1.02586,"total_adsorption":null,"species_data":[{"composition":1,"adsorption":1.06813,"InChIKey":"UFHFLCQGNIYNRP-UHFFFAOYSA-N"}]},{"pressure":1.05831,"total_adsorption":null,"species_data":[{"composition":1,"adsorption":1.08475,"InChIKey":"UFHFLCQGNIYNRP-UHFFFAOYSA-N"}]}],"temperature":87,"articleSource":"Figure 8","compositionType":"molefraction","adsorbates":[{"name":"Hydrogen","InChIKey":"UFHFLCQGNIYNRP-UHFFFAOYSA-N"}],"adsorptionUnits":"wt%","date":"2018-07-02","category":"exp","digitizer":"Soojin Jang","pressureUnits":"bar","DOI":"10.1016/j.micromeso.2015.05.030","adsorbent":{"name":"UiO-67","hashkey":"NIST-MATDB-f7dc4657c1d121aa6da15e936391c2cb"},"concentrationUnits":"","filename":"10.1016j.micromeso.2015.05.030.Isotherm6","isotherm_type":""}