{"filename": "10.1007s1045001596588.Isotherm9", "DOI": "10.1007/s10450-015-9658-8", "articleSource": "Figure 2- experiment at 273 K", "date": "2018-07-17", "digitizer": "Julie Yagodich", "adsorbent": {"hashkey": "NIST-MATDB-d972efac2be9eeffd8056ce5efa0521d", "name": "ZNT"}, "adsorbates": [{"InChIKey": "VGGSQFUCUMXWEO-UHFFFAOYSA-N", "name": "Ethene"}], "category": "exp", "temperature": 273, "isotherm_type": "", "adsorptionUnits": "mmol/g", "pressureUnits": "bar", "compositionType": "molefraction", "concentrationUnits": "", "isotherm_data": [{"pressure": 7.7e-05, "total_adsorption": null, "species_data": [{"InChIKey": "VGGSQFUCUMXWEO-UHFFFAOYSA-N", "composition": 1, "adsorption": 0.05278}]}, {"pressure": 0.002156, "total_adsorption": null, "species_data": [{"InChIKey": "VGGSQFUCUMXWEO-UHFFFAOYSA-N", "composition": 1, "adsorption": 0.35274}]}, {"pressure": 0.003669, "total_adsorption": null, "species_data": [{"InChIKey": "VGGSQFUCUMXWEO-UHFFFAOYSA-N", "composition": 1, "adsorption": 0.50078}]}, {"pressure": 0.00428, "total_adsorption": null, "species_data": [{"InChIKey": "VGGSQFUCUMXWEO-UHFFFAOYSA-N", "composition": 1, "adsorption": 0.57922}]}, {"pressure": 0.005892, "total_adsorption": null, "species_data": [{"InChIKey": "VGGSQFUCUMXWEO-UHFFFAOYSA-N", "composition": 1, "adsorption": 0.64958}]}, {"pressure": 0.010751, "total_adsorption": null, "species_data": [{"InChIKey": "VGGSQFUCUMXWEO-UHFFFAOYSA-N", "composition": 1, "adsorption": 0.72406}]}, {"pressure": 0.012362, "total_adsorption": null, "species_data": [{"InChIKey": "VGGSQFUCUMXWEO-UHFFFAOYSA-N", "composition": 1, "adsorption": 0.79123}]}, {"pressure": 0.020585, "total_adsorption": null, "species_data": [{"InChIKey": "VGGSQFUCUMXWEO-UHFFFAOYSA-N", "composition": 1, "adsorption": 0.85946}]}, {"pressure": 0.031759, "total_adsorption": null, "species_data": [{"InChIKey": "VGGSQFUCUMXWEO-UHFFFAOYSA-N", "composition": 1, "adsorption": 0.91977}]}, {"pressure": 0.047183, "total_adsorption": null, "species_data": [{"InChIKey": "VGGSQFUCUMXWEO-UHFFFAOYSA-N", "composition": 1, "adsorption": 0.98099}]}, {"pressure": 0.070106, "total_adsorption": null, "species_data": [{"InChIKey": "VGGSQFUCUMXWEO-UHFFFAOYSA-N", "composition": 1, "adsorption": 1.04434}]}, {"pressure": 0.098101, "total_adsorption": null, "species_data": [{"InChIKey": "VGGSQFUCUMXWEO-UHFFFAOYSA-N", "composition": 1, "adsorption": 1.08698}]}, {"pressure": 0.136485, "total_adsorption": null, "species_data": [{"InChIKey": "VGGSQFUCUMXWEO-UHFFFAOYSA-N", "composition": 1, "adsorption": 1.12581}]}, {"pressure": 0.177641, "total_adsorption": null, "species_data": [{"InChIKey": "VGGSQFUCUMXWEO-UHFFFAOYSA-N", "composition": 1, "adsorption": 1.15245}]}, {"pressure": 0.226709, "total_adsorption": null, "species_data": [{"InChIKey": "VGGSQFUCUMXWEO-UHFFFAOYSA-N", "composition": 1, "adsorption": 1.18061}]}, {"pressure": 0.28593, "total_adsorption": null, "species_data": [{"InChIKey": "VGGSQFUCUMXWEO-UHFFFAOYSA-N", "composition": 1, "adsorption": 1.20497}]}, {"pressure": 0.361149, "total_adsorption": null, "species_data": [{"InChIKey": "VGGSQFUCUMXWEO-UHFFFAOYSA-N", "composition": 1, "adsorption": 1.22398}]}, {"pressure": 0.431231, "total_adsorption": null, "species_data": [{"InChIKey": "VGGSQFUCUMXWEO-UHFFFAOYSA-N", "composition": 1, "adsorption": 1.23935}]}, {"pressure": 0.544885, "total_adsorption": null, "species_data": [{"InChIKey": "VGGSQFUCUMXWEO-UHFFFAOYSA-N", "composition": 1, "adsorption": 1.25866}]}]}