{"filename": "10.1039C3dt00083d.isotherm9", "DOI": "10.1039/C3dt00083d", "articleSource": "UNKNOWN", "date": "1000-01-01", "digitizer": "UNKNOWN", "adsorbent": {"hashkey": "NIST-MATDB-a0ccfbbbc17279f073aa1146a3a79ee1", "name": "Zn(NDC)(DPMBI)"}, "adsorbates": [{"InChIKey": "IJGRMHOSHXDMSA-UHFFFAOYSA-N", "name": "Nitrogen"}], "category": "", "temperature": 298, "isotherm_type": "", "adsorptionUnits": "mmol/g", "pressureUnits": "bar", "compositionType": "molefraction", "concentrationUnits": "", "isotherm_data": [{"pressure": 0.179519, "total_adsorption": 0.0327197, "species_data": [{"InChIKey": "IJGRMHOSHXDMSA-UHFFFAOYSA-N", "composition": 1, "adsorption": 0.0327197}]}, {"pressure": 0.243018, "total_adsorption": 0.0498814, "species_data": [{"InChIKey": "IJGRMHOSHXDMSA-UHFFFAOYSA-N", "composition": 1, "adsorption": 0.0498814}]}, {"pressure": 0.308232, "total_adsorption": 0.0627527, "species_data": [{"InChIKey": "IJGRMHOSHXDMSA-UHFFFAOYSA-N", "composition": 1, "adsorption": 0.0627527}]}, {"pressure": 0.375163, "total_adsorption": 0.075624, "species_data": [{"InChIKey": "IJGRMHOSHXDMSA-UHFFFAOYSA-N", "composition": 1, "adsorption": 0.075624}]}, {"pressure": 0.510741, "total_adsorption": 0.0842049, "species_data": [{"InChIKey": "IJGRMHOSHXDMSA-UHFFFAOYSA-N", "composition": 1, "adsorption": 0.0842049}]}, {"pressure": 0.64117, "total_adsorption": 0.109947, "species_data": [{"InChIKey": "IJGRMHOSHXDMSA-UHFFFAOYSA-N", "composition": 1, "adsorption": 0.109947}]}, {"pressure": 0.775031, "total_adsorption": 0.122819, "species_data": [{"InChIKey": "IJGRMHOSHXDMSA-UHFFFAOYSA-N", "composition": 1, "adsorption": 0.122819}]}, {"pressure": 0.907176, "total_adsorption": 0.13569, "species_data": [{"InChIKey": "IJGRMHOSHXDMSA-UHFFFAOYSA-N", "composition": 1, "adsorption": 0.13569}]}, {"pressure": 0.977539, "total_adsorption": 0.144271, "species_data": [{"InChIKey": "IJGRMHOSHXDMSA-UHFFFAOYSA-N", "composition": 1, "adsorption": 0.144271}]}, {"pressure": 1.03932, "total_adsorption": 0.157142, "species_data": [{"InChIKey": "IJGRMHOSHXDMSA-UHFFFAOYSA-N", "composition": 1, "adsorption": 0.157142}]}, {"pressure": 1.1114, "total_adsorption": 0.165723, "species_data": [{"InChIKey": "IJGRMHOSHXDMSA-UHFFFAOYSA-N", "composition": 1, "adsorption": 0.165723}]}]}