{"filename": "10.1039C3dt52509k.Isotherm1", "DOI": "10.1039/C3dt52509k", "articleSource": "UNKNOWN", "date": "1000-01-01", "digitizer": "UNKNOWN", "adsorbent": {"hashkey": "NIST-MATDB-8ca97181a915b3315c51f6f45cfaa192", "name": "JLU-Liu2"}, "adsorbates": [{"InChIKey": "CURLTUGMZLYLDI-UHFFFAOYSA-N", "name": "Carbon Dioxide"}], "category": "", "temperature": 273, "isotherm_type": "", "adsorptionUnits": "mmol/g", "pressureUnits": "bar", "compositionType": "molefraction", "concentrationUnits": "", "isotherm_data": [{"pressure": 0.00730533, "total_adsorption": 0.0489297, "species_data": [{"InChIKey": "CURLTUGMZLYLDI-UHFFFAOYSA-N", "composition": 1, "adsorption": 0.0489297}]}, {"pressure": 0.0146107, "total_adsorption": 0.122324, "species_data": [{"InChIKey": "CURLTUGMZLYLDI-UHFFFAOYSA-N", "composition": 1, "adsorption": 0.122324}]}, {"pressure": 0.0194809, "total_adsorption": 0.183486, "species_data": [{"InChIKey": "CURLTUGMZLYLDI-UHFFFAOYSA-N", "composition": 1, "adsorption": 0.183486}]}, {"pressure": 0.0292213, "total_adsorption": 0.232416, "species_data": [{"InChIKey": "CURLTUGMZLYLDI-UHFFFAOYSA-N", "composition": 1, "adsorption": 0.232416}]}, {"pressure": 0.0389617, "total_adsorption": 0.281346, "species_data": [{"InChIKey": "CURLTUGMZLYLDI-UHFFFAOYSA-N", "composition": 1, "adsorption": 0.281346}]}, {"pressure": 0.0487023, "total_adsorption": 0.318043, "species_data": [{"InChIKey": "CURLTUGMZLYLDI-UHFFFAOYSA-N", "composition": 1, "adsorption": 0.318043}]}, {"pressure": 0.0584427, "total_adsorption": 0.342508, "species_data": [{"InChIKey": "CURLTUGMZLYLDI-UHFFFAOYSA-N", "composition": 1, "adsorption": 0.342508}]}, {"pressure": 0.0657481, "total_adsorption": 0.40367, "species_data": [{"InChIKey": "CURLTUGMZLYLDI-UHFFFAOYSA-N", "composition": 1, "adsorption": 0.40367}]}, {"pressure": 0.0779236, "total_adsorption": 0.440367, "species_data": [{"InChIKey": "CURLTUGMZLYLDI-UHFFFAOYSA-N", "composition": 1, "adsorption": 0.440367}]}, {"pressure": 0.087664, "total_adsorption": 0.501529, "species_data": [{"InChIKey": "CURLTUGMZLYLDI-UHFFFAOYSA-N", "composition": 1, "adsorption": 0.501529}]}, {"pressure": 0.102275, "total_adsorption": 0.538226, "species_data": [{"InChIKey": "CURLTUGMZLYLDI-UHFFFAOYSA-N", "composition": 1, "adsorption": 0.538226}]}, {"pressure": 0.148542, "total_adsorption": 0.75841, "species_data": [{"InChIKey": "CURLTUGMZLYLDI-UHFFFAOYSA-N", "composition": 1, "adsorption": 0.75841}]}, {"pressure": 0.20455, "total_adsorption": 0.966361, "species_data": [{"InChIKey": "CURLTUGMZLYLDI-UHFFFAOYSA-N", "composition": 1, "adsorption": 0.966361}]}, {"pressure": 0.255687, "total_adsorption": 1.17431, "species_data": [{"InChIKey": "CURLTUGMZLYLDI-UHFFFAOYSA-N", "composition": 1, "adsorption": 1.17431}]}, {"pressure": 0.306824, "total_adsorption": 1.3578, "species_data": [{"InChIKey": "CURLTUGMZLYLDI-UHFFFAOYSA-N", "composition": 1, "adsorption": 1.3578}]}, {"pressure": 0.355527, "total_adsorption": 1.51682, "species_data": [{"InChIKey": "CURLTUGMZLYLDI-UHFFFAOYSA-N", "composition": 1, "adsorption": 1.51682}]}, {"pressure": 0.406664, "total_adsorption": 1.70031, "species_data": [{"InChIKey": "CURLTUGMZLYLDI-UHFFFAOYSA-N", "composition": 1, "adsorption": 1.70031}]}, {"pressure": 0.455367, "total_adsorption": 1.85933, "species_data": [{"InChIKey": "CURLTUGMZLYLDI-UHFFFAOYSA-N", "composition": 1, "adsorption": 1.85933}]}, {"pressure": 0.506504, "total_adsorption": 2.04281, "species_data": [{"InChIKey": "CURLTUGMZLYLDI-UHFFFAOYSA-N", "composition": 1, "adsorption": 2.04281}]}, {"pressure": 0.552771, "total_adsorption": 2.1896, "species_data": [{"InChIKey": "CURLTUGMZLYLDI-UHFFFAOYSA-N", "composition": 1, "adsorption": 2.1896}]}, {"pressure": 0.611212, "total_adsorption": 2.36086, "species_data": [{"InChIKey": "CURLTUGMZLYLDI-UHFFFAOYSA-N", "composition": 1, "adsorption": 2.36086}]}, {"pressure": 0.664785, "total_adsorption": 2.49541, "species_data": [{"InChIKey": "CURLTUGMZLYLDI-UHFFFAOYSA-N", "composition": 1, "adsorption": 2.49541}]}, {"pressure": 0.708618, "total_adsorption": 2.66667, "species_data": [{"InChIKey": "CURLTUGMZLYLDI-UHFFFAOYSA-N", "composition": 1, "adsorption": 2.66667}]}, {"pressure": 0.762189, "total_adsorption": 2.82569, "species_data": [{"InChIKey": "CURLTUGMZLYLDI-UHFFFAOYSA-N", "composition": 1, "adsorption": 2.82569}]}, {"pressure": 0.810892, "total_adsorption": 2.97248, "species_data": [{"InChIKey": "CURLTUGMZLYLDI-UHFFFAOYSA-N", "composition": 1, "adsorption": 2.97248}]}, {"pressure": 0.864465, "total_adsorption": 3.1315, "species_data": [{"InChIKey": "CURLTUGMZLYLDI-UHFFFAOYSA-N", "composition": 1, "adsorption": 3.1315}]}, {"pressure": 0.915602, "total_adsorption": 3.26606, "species_data": [{"InChIKey": "CURLTUGMZLYLDI-UHFFFAOYSA-N", "composition": 1, "adsorption": 3.26606}]}, {"pressure": 0.966739, "total_adsorption": 3.41284, "species_data": [{"InChIKey": "CURLTUGMZLYLDI-UHFFFAOYSA-N", "composition": 1, "adsorption": 3.41284}]}, {"pressure": 1.01057, "total_adsorption": 3.5474, "species_data": [{"InChIKey": "CURLTUGMZLYLDI-UHFFFAOYSA-N", "composition": 1, "adsorption": 3.5474}]}]}