{"filename": "10.1016j.micromeso.2011.10.011.isotherm9", "DOI": "10.1016/j.micromeso.2011.10.011", "articleSource": "UNKNOWN", "date": "1000-01-01", "digitizer": "UNKNOWN", "adsorbent": {"hashkey": "NIST-MATDB-453276ee992ed07dc207ed08b2b221ce", "name": "Carbon"}, "adsorbates": [{"InChIKey": "UFHFLCQGNIYNRP-UHFFFAOYSA-N", "name": "Hydrogen"}], "category": "", "temperature": 77, "isotherm_type": "", "adsorptionUnits": "mmol/cm3", "pressureUnits": "bar", "compositionType": "molefraction", "concentrationUnits": "", "isotherm_data": [{"pressure": 0.737131, "total_adsorption": 7.21188, "species_data": [{"InChIKey": "UFHFLCQGNIYNRP-UHFFFAOYSA-N", "composition": 1, "adsorption": 7.21188}]}, {"pressure": 1.13099, "total_adsorption": 9.69075, "species_data": [{"InChIKey": "UFHFLCQGNIYNRP-UHFFFAOYSA-N", "composition": 1, "adsorption": 9.69075}]}, {"pressure": 1.62632, "total_adsorption": 12.4513, "species_data": [{"InChIKey": "UFHFLCQGNIYNRP-UHFFFAOYSA-N", "composition": 1, "adsorption": 12.4513}]}, {"pressure": 2.36912, "total_adsorption": 15.2682, "species_data": [{"InChIKey": "UFHFLCQGNIYNRP-UHFFFAOYSA-N", "composition": 1, "adsorption": 15.2682}]}, {"pressure": 3.45118, "total_adsorption": 18.3105, "species_data": [{"InChIKey": "UFHFLCQGNIYNRP-UHFFFAOYSA-N", "composition": 1, "adsorption": 18.3105}]}, {"pressure": 3.92921, "total_adsorption": 19.4936, "species_data": [{"InChIKey": "UFHFLCQGNIYNRP-UHFFFAOYSA-N", "composition": 1, "adsorption": 19.4936}]}, {"pressure": 5.72381, "total_adsorption": 21.8034, "species_data": [{"InChIKey": "UFHFLCQGNIYNRP-UHFFFAOYSA-N", "composition": 1, "adsorption": 21.8034}]}, {"pressure": 8.23061, "total_adsorption": 24.6767, "species_data": [{"InChIKey": "UFHFLCQGNIYNRP-UHFFFAOYSA-N", "composition": 1, "adsorption": 24.6767}]}, {"pressure": 11.8353, "total_adsorption": 26.7612, "species_data": [{"InChIKey": "UFHFLCQGNIYNRP-UHFFFAOYSA-N", "composition": 1, "adsorption": 26.7612}]}, {"pressure": 13.8288, "total_adsorption": 27.6062, "species_data": [{"InChIKey": "UFHFLCQGNIYNRP-UHFFFAOYSA-N", "composition": 1, "adsorption": 27.6062}]}, {"pressure": 19.8852, "total_adsorption": 29.6344, "species_data": [{"InChIKey": "UFHFLCQGNIYNRP-UHFFFAOYSA-N", "composition": 1, "adsorption": 29.6344}]}]}