{"filename": "10.1016j.inoche.2010.12.004.isotherm1", "DOI": "10.1016/j.inoche.2010.12.004", "articleSource": "UNKNOWN", "date": "1000-01-01", "digitizer": "UNKNOWN", "adsorbent": {"hashkey": "NIST-MATDB-1d09dfac6171aca8900bd5bf74c40808", "name": "[(CH3)2NH2]2[Cd3(BPTC)2]*(DMF)"}, "adsorbates": [{"InChIKey": "CURLTUGMZLYLDI-UHFFFAOYSA-N", "name": "Carbon Dioxide"}], "category": "", "temperature": 273, "isotherm_type": "", "adsorptionUnits": "cm3(STP)/g", "pressureUnits": "bar", "compositionType": "molefraction", "concentrationUnits": "", "isotherm_data": [{"pressure": 0.0621497, "total_adsorption": 9.38199, "species_data": [{"InChIKey": "CURLTUGMZLYLDI-UHFFFAOYSA-N", "composition": 1, "adsorption": 9.38199}]}, {"pressure": 0.145525, "total_adsorption": 14.4509, "species_data": [{"InChIKey": "CURLTUGMZLYLDI-UHFFFAOYSA-N", "composition": 1, "adsorption": 14.4509}]}, {"pressure": 0.233531, "total_adsorption": 17.8156, "species_data": [{"InChIKey": "CURLTUGMZLYLDI-UHFFFAOYSA-N", "composition": 1, "adsorption": 17.8156}]}, {"pressure": 0.328486, "total_adsorption": 20.3501, "species_data": [{"InChIKey": "CURLTUGMZLYLDI-UHFFFAOYSA-N", "composition": 1, "adsorption": 20.3501}]}, {"pressure": 0.418809, "total_adsorption": 22.3164, "species_data": [{"InChIKey": "CURLTUGMZLYLDI-UHFFFAOYSA-N", "composition": 1, "adsorption": 22.3164}]}, {"pressure": 0.518395, "total_adsorption": 24.0206, "species_data": [{"InChIKey": "CURLTUGMZLYLDI-UHFFFAOYSA-N", "composition": 1, "adsorption": 24.0206}]}, {"pressure": 0.615666, "total_adsorption": 25.2442, "species_data": [{"InChIKey": "CURLTUGMZLYLDI-UHFFFAOYSA-N", "composition": 1, "adsorption": 25.2442}]}, {"pressure": 0.717568, "total_adsorption": 26.4677, "species_data": [{"InChIKey": "CURLTUGMZLYLDI-UHFFFAOYSA-N", "composition": 1, "adsorption": 26.4677}]}, {"pressure": 0.812523, "total_adsorption": 27.429, "species_data": [{"InChIKey": "CURLTUGMZLYLDI-UHFFFAOYSA-N", "composition": 1, "adsorption": 27.429}]}, {"pressure": 0.914425, "total_adsorption": 28.4341, "species_data": [{"InChIKey": "CURLTUGMZLYLDI-UHFFFAOYSA-N", "composition": 1, "adsorption": 28.4341}]}, {"pressure": 1.01633, "total_adsorption": 29.308, "species_data": [{"InChIKey": "CURLTUGMZLYLDI-UHFFFAOYSA-N", "composition": 1, "adsorption": 29.308}]}, {"pressure": 1.11591, "total_adsorption": 30.182, "species_data": [{"InChIKey": "CURLTUGMZLYLDI-UHFFFAOYSA-N", "composition": 1, "adsorption": 30.182}]}]}