{"isotherm_data":[{"pressure":6.8,"total_adsorption":null,"species_data":[{"composition":0.208,"adsorption":0.007,"InChIKey":"IJGRMHOSHXDMSA-UHFFFAOYSA-N"},{"composition":0.792,"adsorption":0.065,"InChIKey":"VNWKTOKETHGBQD-UHFFFAOYSA-N"}]},{"pressure":14,"total_adsorption":null,"species_data":[{"composition":0.208,"adsorption":0.013,"InChIKey":"IJGRMHOSHXDMSA-UHFFFAOYSA-N"},{"composition":0.792,"adsorption":0.117,"InChIKey":"VNWKTOKETHGBQD-UHFFFAOYSA-N"}]},{"pressure":27.9,"total_adsorption":null,"species_data":[{"composition":0.208,"adsorption":0.015,"InChIKey":"IJGRMHOSHXDMSA-UHFFFAOYSA-N"},{"composition":0.792,"adsorption":0.176,"InChIKey":"VNWKTOKETHGBQD-UHFFFAOYSA-N"}]},{"pressure":42.1,"total_adsorption":null,"species_data":[{"composition":0.208,"adsorption":0.015,"InChIKey":"IJGRMHOSHXDMSA-UHFFFAOYSA-N"},{"composition":0.792,"adsorption":0.214,"InChIKey":"VNWKTOKETHGBQD-UHFFFAOYSA-N"}]},{"pressure":55.3,"total_adsorption":null,"species_data":[{"composition":0.208,"adsorption":0.017,"InChIKey":"IJGRMHOSHXDMSA-UHFFFAOYSA-N"},{"composition":0.792,"adsorption":0.249,"InChIKey":"VNWKTOKETHGBQD-UHFFFAOYSA-N"}]},{"pressure":68.9,"total_adsorption":null,"species_data":[{"composition":0.208,"adsorption":0.013,"InChIKey":"IJGRMHOSHXDMSA-UHFFFAOYSA-N"},{"composition":0.792,"adsorption":0.273,"InChIKey":"VNWKTOKETHGBQD-UHFFFAOYSA-N"}]},{"pressure":82.7,"total_adsorption":null,"species_data":[{"composition":0.208,"adsorption":0.008,"InChIKey":"IJGRMHOSHXDMSA-UHFFFAOYSA-N"},{"composition":0.792,"adsorption":0.299,"InChIKey":"VNWKTOKETHGBQD-UHFFFAOYSA-N"}]},{"pressure":96.6,"total_adsorption":null,"species_data":[{"composition":0.208,"adsorption":0.002,"InChIKey":"IJGRMHOSHXDMSA-UHFFFAOYSA-N"},{"composition":0.792,"adsorption":0.314,"InChIKey":"VNWKTOKETHGBQD-UHFFFAOYSA-N"}]},{"pressure":110.4,"total_adsorption":null,"species_data":[{"composition":0.208,"adsorption":0.003,"InChIKey":"IJGRMHOSHXDMSA-UHFFFAOYSA-N"},{"composition":0.792,"adsorption":0.327,"InChIKey":"VNWKTOKETHGBQD-UHFFFAOYSA-N"}]},{"pressure":124.8,"total_adsorption":null,"species_data":[{"composition":0.208,"adsorption":-0.003,"InChIKey":"IJGRMHOSHXDMSA-UHFFFAOYSA-N"},{"composition":0.792,"adsorption":0.323,"InChIKey":"VNWKTOKETHGBQD-UHFFFAOYSA-N"}]}],"temperature":319,"articleSource":"Table 6","compositionType":"molefraction","adsorbates":[{"name":"Nitrogen","InChIKey":"IJGRMHOSHXDMSA-UHFFFAOYSA-N"},{"name":"Methane","InChIKey":"VNWKTOKETHGBQD-UHFFFAOYSA-N"}],"adsorptionUnits":"mmol/g","date":"2017-07-06","category":"exp","digitizer":"John Luo","pressureUnits":"bar","DOI":"10.1021/ef300197a","adsorbent":{"name":"Illinois No. 6 Coal","hashkey":"NIST-MATDB-784890325e458a7d19187ddf7433a16c"},"concentrationUnits":"","filename":"10.1021ef300197a.Isotherm7","isotherm_type":"excess"}