{"isotherm_data":[{"pressure":0.00108815,"total_adsorption":0.00569073,"species_data":[{"composition":1,"adsorption":0.00569073,"InChIKey":"XLYOFNOQVPJJNP-UHFFFAOYSA-N"}]},{"pressure":0.0023668,"total_adsorption":0.0171832,"species_data":[{"composition":1,"adsorption":0.0171832,"InChIKey":"XLYOFNOQVPJJNP-UHFFFAOYSA-N"}]},{"pressure":0.00281438,"total_adsorption":0.0210113,"species_data":[{"composition":1,"adsorption":0.0210113,"InChIKey":"XLYOFNOQVPJJNP-UHFFFAOYSA-N"}]},{"pressure":0.00383904,"total_adsorption":0.0247682,"species_data":[{"composition":1,"adsorption":0.0247682,"InChIKey":"XLYOFNOQVPJJNP-UHFFFAOYSA-N"}]},{"pressure":0.00435075,"total_adsorption":0.0285884,"species_data":[{"composition":1,"adsorption":0.0285884,"InChIKey":"XLYOFNOQVPJJNP-UHFFFAOYSA-N"}]},{"pressure":0.00505543,"total_adsorption":0.0304431,"species_data":[{"composition":1,"adsorption":0.0304431,"InChIKey":"XLYOFNOQVPJJNP-UHFFFAOYSA-N"}]},{"pressure":0.00582361,"total_adsorption":0.0342316,"species_data":[{"composition":1,"adsorption":0.0342316,"InChIKey":"XLYOFNOQVPJJNP-UHFFFAOYSA-N"}]},{"pressure":0.0062077,"total_adsorption":0.0361259,"species_data":[{"composition":1,"adsorption":0.0361259,"InChIKey":"XLYOFNOQVPJJNP-UHFFFAOYSA-N"}]},{"pressure":0.00716824,"total_adsorption":0.0398906,"species_data":[{"composition":1,"adsorption":0.0398906,"InChIKey":"XLYOFNOQVPJJNP-UHFFFAOYSA-N"}]},{"pressure":0.00793518,"total_adsorption":0.0475628,"species_data":[{"composition":1,"adsorption":0.0475628,"InChIKey":"XLYOFNOQVPJJNP-UHFFFAOYSA-N"}]},{"pressure":0.00908869,"total_adsorption":0.049362,"species_data":[{"composition":1,"adsorption":0.049362,"InChIKey":"XLYOFNOQVPJJNP-UHFFFAOYSA-N"}]},{"pressure":0.00972864,"total_adsorption":0.0531664,"species_data":[{"composition":1,"adsorption":0.0531664,"InChIKey":"XLYOFNOQVPJJNP-UHFFFAOYSA-N"}]},{"pressure":0.0110079,"total_adsorption":0.062717,"species_data":[{"composition":1,"adsorption":0.062717,"InChIKey":"XLYOFNOQVPJJNP-UHFFFAOYSA-N"}]},{"pressure":0.0122878,"total_adsorption":0.0703258,"species_data":[{"composition":1,"adsorption":0.0703258,"InChIKey":"XLYOFNOQVPJJNP-UHFFFAOYSA-N"}]},{"pressure":0.01408,"total_adsorption":0.079813,"species_data":[{"composition":1,"adsorption":0.079813,"InChIKey":"XLYOFNOQVPJJNP-UHFFFAOYSA-N"}]},{"pressure":0.0153586,"total_adsorption":0.0913054,"species_data":[{"composition":1,"adsorption":0.0913054,"InChIKey":"XLYOFNOQVPJJNP-UHFFFAOYSA-N"}]},{"pressure":0.0166995,"total_adsorption":0.108615,"species_data":[{"composition":1,"adsorption":0.108615,"InChIKey":"XLYOFNOQVPJJNP-UHFFFAOYSA-N"}]},{"pressure":0.0177205,"total_adsorption":0.124023,"species_data":[{"composition":1,"adsorption":0.124023,"InChIKey":"XLYOFNOQVPJJNP-UHFFFAOYSA-N"}]},{"pressure":0.018996,"total_adsorption":0.145225,"species_data":[{"composition":1,"adsorption":0.145225,"InChIKey":"XLYOFNOQVPJJNP-UHFFFAOYSA-N"}]},{"pressure":0.0202074,"total_adsorption":0.166434,"species_data":[{"composition":1,"adsorption":0.166434,"InChIKey":"XLYOFNOQVPJJNP-UHFFFAOYSA-N"}]},{"pressure":0.0213553,"total_adsorption":0.18571,"species_data":[{"composition":1,"adsorption":0.18571,"InChIKey":"XLYOFNOQVPJJNP-UHFFFAOYSA-N"}]},{"pressure":0.022568,"total_adsorption":0.203036,"species_data":[{"composition":1,"adsorption":0.203036,"InChIKey":"XLYOFNOQVPJJNP-UHFFFAOYSA-N"}]},{"pressure":0.023653,"total_adsorption":0.218435,"species_data":[{"composition":1,"adsorption":0.218435,"InChIKey":"XLYOFNOQVPJJNP-UHFFFAOYSA-N"}]},{"pressure":0.0248009,"total_adsorption":0.237711,"species_data":[{"composition":1,"adsorption":0.237711,"InChIKey":"XLYOFNOQVPJJNP-UHFFFAOYSA-N"}]},{"pressure":0.0262066,"total_adsorption":0.253071,"species_data":[{"composition":1,"adsorption":0.253071,"InChIKey":"XLYOFNOQVPJJNP-UHFFFAOYSA-N"}]},{"pressure":0.0271659,"total_adsorption":0.26072,"species_data":[{"composition":1,"adsorption":0.26072,"InChIKey":"XLYOFNOQVPJJNP-UHFFFAOYSA-N"}]},{"pressure":0.028508,"total_adsorption":0.274146,"species_data":[{"composition":1,"adsorption":0.274146,"InChIKey":"XLYOFNOQVPJJNP-UHFFFAOYSA-N"}]}],"temperature":298,"articleSource":"UNKNOWN","compositionType":"molefraction","adsorbates":[{"name":"Water","InChIKey":"XLYOFNOQVPJJNP-UHFFFAOYSA-N"}],"adsorptionUnits":"cm3(STP)/g","date":"1000-01-01","category":"","digitizer":"UNKNOWN","pressureUnits":"bar","DOI":"10.1016/j.jcis.2007.04.016","adsorbent":{"name":"GOC16Si-6-823","hashkey":"NIST-MATDB-f418de79c2e84bb2d8c54f59a407907a"},"concentrationUnits":"","filename":"10.1016j.jcis.2007.04.016.Isotherm3","isotherm_type":""}