{"filename": "10.1021Ja802474b.isotherm4", "DOI": "10.1021/Ja802474b", "articleSource": "UNKNOWN", "date": "1000-01-01", "digitizer": "UNKNOWN", "adsorbent": {"hashkey": "NIST-MATDB-2d66f217cfb755bb09f32b72eec35b0f", "name": "NiBpeneNiCN"}, "adsorbates": [{"InChIKey": "CURLTUGMZLYLDI-UHFFFAOYSA-N", "name": "Carbon Dioxide"}], "category": "", "temperature": 313, "isotherm_type": "", "adsorptionUnits": "mg/g", "pressureUnits": "bar", "compositionType": "molefraction", "concentrationUnits": "", "isotherm_data": [{"pressure": 1.30193, "total_adsorption": 0.0908272, "species_data": [{"InChIKey": "CURLTUGMZLYLDI-UHFFFAOYSA-N", "composition": 1, "adsorption": 0.0908272}]}, {"pressure": 3.54143, "total_adsorption": 0.176037, "species_data": [{"InChIKey": "CURLTUGMZLYLDI-UHFFFAOYSA-N", "composition": 1, "adsorption": 0.176037}]}, {"pressure": 6.92798, "total_adsorption": 0.313684, "species_data": [{"InChIKey": "CURLTUGMZLYLDI-UHFFFAOYSA-N", "composition": 1, "adsorption": 0.313684}]}, {"pressure": 8.94899, "total_adsorption": 0.418558, "species_data": [{"InChIKey": "CURLTUGMZLYLDI-UHFFFAOYSA-N", "composition": 1, "adsorption": 0.418558}]}, {"pressure": 11.1885, "total_adsorption": 0.661079, "species_data": [{"InChIKey": "CURLTUGMZLYLDI-UHFFFAOYSA-N", "composition": 1, "adsorption": 0.661079}]}, {"pressure": 12.9364, "total_adsorption": 1.14612, "species_data": [{"InChIKey": "CURLTUGMZLYLDI-UHFFFAOYSA-N", "composition": 1, "adsorption": 1.14612}]}, {"pressure": 15.1213, "total_adsorption": 1.72293, "species_data": [{"InChIKey": "CURLTUGMZLYLDI-UHFFFAOYSA-N", "composition": 1, "adsorption": 1.72293}]}, {"pressure": 15.7767, "total_adsorption": 1.91957, "species_data": [{"InChIKey": "CURLTUGMZLYLDI-UHFFFAOYSA-N", "composition": 1, "adsorption": 1.91957}]}, {"pressure": 17.6339, "total_adsorption": 2.19486, "species_data": [{"InChIKey": "CURLTUGMZLYLDI-UHFFFAOYSA-N", "composition": 1, "adsorption": 2.19486}]}, {"pressure": 19.2725, "total_adsorption": 2.35217, "species_data": [{"InChIKey": "CURLTUGMZLYLDI-UHFFFAOYSA-N", "composition": 1, "adsorption": 2.35217}]}, {"pressure": 23.8061, "total_adsorption": 2.50948, "species_data": [{"InChIKey": "CURLTUGMZLYLDI-UHFFFAOYSA-N", "composition": 1, "adsorption": 2.50948}]}]}