{"filename": "10.1016j.molcata.2015.01.014.Isotherm1", "DOI": "10.1016/j.molcata.2015.01.014", "articleSource": "Figure 6", "date": "2016-06-09", "digitizer": "David Anderegg", "adsorbent": {"hashkey": "NIST-MATDB-991daf7313251e7e607e2bab2da57e33", "name": "CuBTC"}, "adsorbates": [{"InChIKey": "IJGRMHOSHXDMSA-UHFFFAOYSA-N", "name": "Nitrogen"}], "category": "exp", "temperature": 77, "isotherm_type": "", "adsorptionUnits": "ml/g", "pressureUnits": "bar", "compositionType": "molefraction", "concentrationUnits": "", "isotherm_data": [{"pressure": 0.035438, "total_adsorption": 258.537, "species_data": [{"InChIKey": "IJGRMHOSHXDMSA-UHFFFAOYSA-N", "composition": 1, "adsorption": 258.537}]}, {"pressure": 0.052115, "total_adsorption": 262.602, "species_data": [{"InChIKey": "IJGRMHOSHXDMSA-UHFFFAOYSA-N", "composition": 1, "adsorption": 262.602}]}, {"pressure": 0.096093, "total_adsorption": 269.919, "species_data": [{"InChIKey": "IJGRMHOSHXDMSA-UHFFFAOYSA-N", "composition": 1, "adsorption": 269.919}]}, {"pressure": 0.105198, "total_adsorption": 269.919, "species_data": [{"InChIKey": "IJGRMHOSHXDMSA-UHFFFAOYSA-N", "composition": 1, "adsorption": 269.919}]}, {"pressure": 0.146147, "total_adsorption": 275.61, "species_data": [{"InChIKey": "IJGRMHOSHXDMSA-UHFFFAOYSA-N", "composition": 1, "adsorption": 275.61}]}, {"pressure": 0.150712, "total_adsorption": 272.358, "species_data": [{"InChIKey": "IJGRMHOSHXDMSA-UHFFFAOYSA-N", "composition": 1, "adsorption": 272.358}]}, {"pressure": 0.197728, "total_adsorption": 278.862, "species_data": [{"InChIKey": "IJGRMHOSHXDMSA-UHFFFAOYSA-N", "composition": 1, "adsorption": 278.862}]}, {"pressure": 0.200772, "total_adsorption": 276.423, "species_data": [{"InChIKey": "IJGRMHOSHXDMSA-UHFFFAOYSA-N", "composition": 1, "adsorption": 276.423}]}, {"pressure": 0.243245, "total_adsorption": 280.488, "species_data": [{"InChIKey": "IJGRMHOSHXDMSA-UHFFFAOYSA-N", "composition": 1, "adsorption": 280.488}]}, {"pressure": 0.246287, "total_adsorption": 278.862, "species_data": [{"InChIKey": "IJGRMHOSHXDMSA-UHFFFAOYSA-N", "composition": 1, "adsorption": 278.862}]}, {"pressure": 0.296344, "total_adsorption": 283.74, "species_data": [{"InChIKey": "IJGRMHOSHXDMSA-UHFFFAOYSA-N", "composition": 1, "adsorption": 283.74}]}, {"pressure": 0.299385, "total_adsorption": 282.114, "species_data": [{"InChIKey": "IJGRMHOSHXDMSA-UHFFFAOYSA-N", "composition": 1, "adsorption": 282.114}]}, {"pressure": 0.347934, "total_adsorption": 284.553, "species_data": [{"InChIKey": "IJGRMHOSHXDMSA-UHFFFAOYSA-N", "composition": 1, "adsorption": 284.553}]}, {"pressure": 0.38889, "total_adsorption": 288.618, "species_data": [{"InChIKey": "IJGRMHOSHXDMSA-UHFFFAOYSA-N", "composition": 1, "adsorption": 288.618}]}, {"pressure": 0.394972, "total_adsorption": 285.366, "species_data": [{"InChIKey": "IJGRMHOSHXDMSA-UHFFFAOYSA-N", "composition": 1, "adsorption": 285.366}]}, {"pressure": 0.498079, "total_adsorption": 306.504, "species_data": [{"InChIKey": "IJGRMHOSHXDMSA-UHFFFAOYSA-N", "composition": 1, "adsorption": 306.504}]}, {"pressure": 0.498143, "total_adsorption": 289.431, "species_data": [{"InChIKey": "IJGRMHOSHXDMSA-UHFFFAOYSA-N", "composition": 1, "adsorption": 289.431}]}, {"pressure": 0.596697, "total_adsorption": 310.569, "species_data": [{"InChIKey": "IJGRMHOSHXDMSA-UHFFFAOYSA-N", "composition": 1, "adsorption": 310.569}]}, {"pressure": 0.599797, "total_adsorption": 293.496, "species_data": [{"InChIKey": "IJGRMHOSHXDMSA-UHFFFAOYSA-N", "composition": 1, "adsorption": 293.496}]}, {"pressure": 0.698354, "total_adsorption": 313.821, "species_data": [{"InChIKey": "IJGRMHOSHXDMSA-UHFFFAOYSA-N", "composition": 1, "adsorption": 313.821}]}, {"pressure": 0.698419, "total_adsorption": 296.748, "species_data": [{"InChIKey": "IJGRMHOSHXDMSA-UHFFFAOYSA-N", "composition": 1, "adsorption": 296.748}]}, {"pressure": 0.795449, "total_adsorption": 319.512, "species_data": [{"InChIKey": "IJGRMHOSHXDMSA-UHFFFAOYSA-N", "composition": 1, "adsorption": 319.512}]}, {"pressure": 0.795517, "total_adsorption": 301.626, "species_data": [{"InChIKey": "IJGRMHOSHXDMSA-UHFFFAOYSA-N", "composition": 1, "adsorption": 301.626}]}, {"pressure": 0.892557, "total_adsorption": 321.951, "species_data": [{"InChIKey": "IJGRMHOSHXDMSA-UHFFFAOYSA-N", "composition": 1, "adsorption": 321.951}]}, {"pressure": 0.897131, "total_adsorption": 316.26, "species_data": [{"InChIKey": "IJGRMHOSHXDMSA-UHFFFAOYSA-N", "composition": 1, "adsorption": 316.26}]}, {"pressure": 0.985026, "total_adsorption": 347.154, "species_data": [{"InChIKey": "IJGRMHOSHXDMSA-UHFFFAOYSA-N", "composition": 1, "adsorption": 347.154}]}]}