{"isotherm_data":[{"pressure":0.0467131,"total_adsorption":0.039496,"species_data":[{"composition":1,"adsorption":0.039496,"InChIKey":"IJGRMHOSHXDMSA-UHFFFAOYSA-N"}]},{"pressure":0.0541969,"total_adsorption":0.0473807,"species_data":[{"composition":1,"adsorption":0.0473807,"InChIKey":"IJGRMHOSHXDMSA-UHFFFAOYSA-N"}]},{"pressure":0.0765675,"total_adsorption":0.0579905,"species_data":[{"composition":1,"adsorption":0.0579905,"InChIKey":"IJGRMHOSHXDMSA-UHFFFAOYSA-N"}]},{"pressure":0.0933616,"total_adsorption":0.0685567,"species_data":[{"composition":1,"adsorption":0.0685567,"InChIKey":"IJGRMHOSHXDMSA-UHFFFAOYSA-N"}]},{"pressure":0.128809,"total_adsorption":0.0897037,"species_data":[{"composition":1,"adsorption":0.0897037,"InChIKey":"IJGRMHOSHXDMSA-UHFFFAOYSA-N"}]},{"pressure":0.149369,"total_adsorption":0.108125,"species_data":[{"composition":1,"adsorption":0.108125,"InChIKey":"IJGRMHOSHXDMSA-UHFFFAOYSA-N"}]},{"pressure":0.175538,"total_adsorption":0.131809,"species_data":[{"composition":1,"adsorption":0.131809,"InChIKey":"IJGRMHOSHXDMSA-UHFFFAOYSA-N"}]},{"pressure":0.1998,"total_adsorption":0.147651,"species_data":[{"composition":1,"adsorption":0.147651,"InChIKey":"IJGRMHOSHXDMSA-UHFFFAOYSA-N"}]},{"pressure":0.248355,"total_adsorption":0.184552,"species_data":[{"composition":1,"adsorption":0.184552,"InChIKey":"IJGRMHOSHXDMSA-UHFFFAOYSA-N"}]},{"pressure":0.29877,"total_adsorption":0.221469,"species_data":[{"composition":1,"adsorption":0.221469,"InChIKey":"IJGRMHOSHXDMSA-UHFFFAOYSA-N"}]},{"pressure":0.401474,"total_adsorption":0.297925,"species_data":[{"composition":1,"adsorption":0.297925,"InChIKey":"IJGRMHOSHXDMSA-UHFFFAOYSA-N"}]},{"pressure":0.504146,"total_adsorption":0.369163,"species_data":[{"composition":1,"adsorption":0.369163,"InChIKey":"IJGRMHOSHXDMSA-UHFFFAOYSA-N"}]},{"pressure":0.604943,"total_adsorption":0.437778,"species_data":[{"composition":1,"adsorption":0.437778,"InChIKey":"IJGRMHOSHXDMSA-UHFFFAOYSA-N"}]},{"pressure":0.707615,"total_adsorption":0.509016,"species_data":[{"composition":1,"adsorption":0.509016,"InChIKey":"IJGRMHOSHXDMSA-UHFFFAOYSA-N"}]},{"pressure":0.802851,"total_adsorption":0.580196,"species_data":[{"composition":1,"adsorption":0.580196,"InChIKey":"IJGRMHOSHXDMSA-UHFFFAOYSA-N"}]},{"pressure":0.903616,"total_adsorption":0.643594,"species_data":[{"composition":1,"adsorption":0.643594,"InChIKey":"IJGRMHOSHXDMSA-UHFFFAOYSA-N"}]},{"pressure":0.955873,"total_adsorption":0.677916,"species_data":[{"composition":1,"adsorption":0.677916,"InChIKey":"IJGRMHOSHXDMSA-UHFFFAOYSA-N"}]},{"pressure":1.00065,"total_adsorption":0.704353,"species_data":[{"composition":1,"adsorption":0.704353,"InChIKey":"IJGRMHOSHXDMSA-UHFFFAOYSA-N"}]}],"temperature":308,"articleSource":"UNKNOWN","compositionType":"molefraction","adsorbates":[{"name":"Nitrogen","InChIKey":"IJGRMHOSHXDMSA-UHFFFAOYSA-N"}],"adsorptionUnits":"mmol/g","date":"1000-01-01","category":"","digitizer":"UNKNOWN","pressureUnits":"bar","DOI":"10.1016/j.micromeso.2014.02.028","adsorbent":{"name":"Mg-MOF-74","hashkey":"NIST-MATDB-f5e80ffaaaf05f4ed655664fd22defb9"},"concentrationUnits":"","filename":"10.1016j.micromeso.2014.02.028.Isotherm14","isotherm_type":""}