{"filename": "10.1039B702986a.Isotherm4", "DOI": "10.1039/B702986a", "articleSource": "UNKNOWN", "date": "1000-01-01", "digitizer": "UNKNOWN", "adsorbent": {"hashkey": "NIST-MATDB-1b85b1862d4e9cc2e0f46d0e2698ab79", "name": "MIL-53(Al)"}, "adsorbates": [{"InChIKey": "CURLTUGMZLYLDI-UHFFFAOYSA-N", "name": "Carbon Dioxide"}], "category": "", "temperature": 300, "isotherm_type": "", "adsorptionUnits": "molecules/unitcell", "pressureUnits": "bar", "compositionType": "molefraction", "concentrationUnits": "", "isotherm_data": [{"pressure": 0.245902, "total_adsorption": 1.36029, "species_data": [{"InChIKey": "CURLTUGMZLYLDI-UHFFFAOYSA-N", "composition": 1, "adsorption": 1.36029}]}, {"pressure": 0.491803, "total_adsorption": 1.83824, "species_data": [{"InChIKey": "CURLTUGMZLYLDI-UHFFFAOYSA-N", "composition": 1, "adsorption": 1.83824}]}, {"pressure": 0.901639, "total_adsorption": 1.98529, "species_data": [{"InChIKey": "CURLTUGMZLYLDI-UHFFFAOYSA-N", "composition": 1, "adsorption": 1.98529}]}, {"pressure": 1.63934, "total_adsorption": 2.31618, "species_data": [{"InChIKey": "CURLTUGMZLYLDI-UHFFFAOYSA-N", "composition": 1, "adsorption": 2.31618}]}, {"pressure": 2.04918, "total_adsorption": 2.31618, "species_data": [{"InChIKey": "CURLTUGMZLYLDI-UHFFFAOYSA-N", "composition": 1, "adsorption": 2.31618}]}, {"pressure": 2.70492, "total_adsorption": 2.57353, "species_data": [{"InChIKey": "CURLTUGMZLYLDI-UHFFFAOYSA-N", "composition": 1, "adsorption": 2.57353}]}, {"pressure": 3.36066, "total_adsorption": 2.57353, "species_data": [{"InChIKey": "CURLTUGMZLYLDI-UHFFFAOYSA-N", "composition": 1, "adsorption": 2.57353}]}, {"pressure": 3.77049, "total_adsorption": 2.64706, "species_data": [{"InChIKey": "CURLTUGMZLYLDI-UHFFFAOYSA-N", "composition": 1, "adsorption": 2.64706}]}, {"pressure": 4.67213, "total_adsorption": 2.72059, "species_data": [{"InChIKey": "CURLTUGMZLYLDI-UHFFFAOYSA-N", "composition": 1, "adsorption": 2.72059}]}, {"pressure": 5.65574, "total_adsorption": 2.79412, "species_data": [{"InChIKey": "CURLTUGMZLYLDI-UHFFFAOYSA-N", "composition": 1, "adsorption": 2.79412}]}, {"pressure": 6.39344, "total_adsorption": 3.01471, "species_data": [{"InChIKey": "CURLTUGMZLYLDI-UHFFFAOYSA-N", "composition": 1, "adsorption": 3.01471}]}, {"pressure": 6.80328, "total_adsorption": 3.30882, "species_data": [{"InChIKey": "CURLTUGMZLYLDI-UHFFFAOYSA-N", "composition": 1, "adsorption": 3.30882}]}, {"pressure": 7.13115, "total_adsorption": 3.82353, "species_data": [{"InChIKey": "CURLTUGMZLYLDI-UHFFFAOYSA-N", "composition": 1, "adsorption": 3.82353}]}, {"pressure": 7.45902, "total_adsorption": 4.41176, "species_data": [{"InChIKey": "CURLTUGMZLYLDI-UHFFFAOYSA-N", "composition": 1, "adsorption": 4.41176}]}, {"pressure": 9.34426, "total_adsorption": 6.76471, "species_data": [{"InChIKey": "CURLTUGMZLYLDI-UHFFFAOYSA-N", "composition": 1, "adsorption": 6.76471}]}, {"pressure": 12.1311, "total_adsorption": 7.35294, "species_data": [{"InChIKey": "CURLTUGMZLYLDI-UHFFFAOYSA-N", "composition": 1, "adsorption": 7.35294}]}, {"pressure": 14.4262, "total_adsorption": 7.68382, "species_data": [{"InChIKey": "CURLTUGMZLYLDI-UHFFFAOYSA-N", "composition": 1, "adsorption": 7.68382}]}, {"pressure": 16.5574, "total_adsorption": 7.94118, "species_data": [{"InChIKey": "CURLTUGMZLYLDI-UHFFFAOYSA-N", "composition": 1, "adsorption": 7.94118}]}, {"pressure": 18.4426, "total_adsorption": 8.08824, "species_data": [{"InChIKey": "CURLTUGMZLYLDI-UHFFFAOYSA-N", "composition": 1, "adsorption": 8.08824}]}, {"pressure": 20.082, "total_adsorption": 8.27206, "species_data": [{"InChIKey": "CURLTUGMZLYLDI-UHFFFAOYSA-N", "composition": 1, "adsorption": 8.27206}]}, {"pressure": 21.5574, "total_adsorption": 8.30882, "species_data": [{"InChIKey": "CURLTUGMZLYLDI-UHFFFAOYSA-N", "composition": 1, "adsorption": 8.30882}]}, {"pressure": 22.8689, "total_adsorption": 8.38235, "species_data": [{"InChIKey": "CURLTUGMZLYLDI-UHFFFAOYSA-N", "composition": 1, "adsorption": 8.38235}]}, {"pressure": 24.7541, "total_adsorption": 8.52941, "species_data": [{"InChIKey": "CURLTUGMZLYLDI-UHFFFAOYSA-N", "composition": 1, "adsorption": 8.52941}]}, {"pressure": 26.3934, "total_adsorption": 8.60294, "species_data": [{"InChIKey": "CURLTUGMZLYLDI-UHFFFAOYSA-N", "composition": 1, "adsorption": 8.60294}]}, {"pressure": 27.623, "total_adsorption": 8.67647, "species_data": [{"InChIKey": "CURLTUGMZLYLDI-UHFFFAOYSA-N", "composition": 1, "adsorption": 8.67647}]}, {"pressure": 28.8525, "total_adsorption": 8.78676, "species_data": [{"InChIKey": "CURLTUGMZLYLDI-UHFFFAOYSA-N", "composition": 1, "adsorption": 8.78676}]}, {"pressure": 30.2459, "total_adsorption": 8.86029, "species_data": [{"InChIKey": "CURLTUGMZLYLDI-UHFFFAOYSA-N", "composition": 1, "adsorption": 8.86029}]}, {"pressure": 31.3934, "total_adsorption": 8.89706, "species_data": [{"InChIKey": "CURLTUGMZLYLDI-UHFFFAOYSA-N", "composition": 1, "adsorption": 8.89706}]}]}