{"isotherm_data":[{"pressure":0.046812,"total_adsorption":null,"species_data":[{"composition":1,"adsorption":0.04032,"InChIKey":"IJGRMHOSHXDMSA-UHFFFAOYSA-N"}]},{"pressure":0.110748,"total_adsorption":null,"species_data":[{"composition":1,"adsorption":0.10933,"InChIKey":"IJGRMHOSHXDMSA-UHFFFAOYSA-N"}]},{"pressure":0.614131,"total_adsorption":null,"species_data":[{"composition":1,"adsorption":0.577,"InChIKey":"IJGRMHOSHXDMSA-UHFFFAOYSA-N"}]},{"pressure":1.11579,"total_adsorption":null,"species_data":[{"composition":1,"adsorption":0.84141,"InChIKey":"IJGRMHOSHXDMSA-UHFFFAOYSA-N"}]},{"pressure":1.73033,"total_adsorption":null,"species_data":[{"composition":1,"adsorption":1.09056,"InChIKey":"IJGRMHOSHXDMSA-UHFFFAOYSA-N"}]},{"pressure":2.47081,"total_adsorption":null,"species_data":[{"composition":1,"adsorption":1.30476,"InChIKey":"IJGRMHOSHXDMSA-UHFFFAOYSA-N"}]},{"pressure":3.21413,"total_adsorption":null,"species_data":[{"composition":1,"adsorption":1.48,"InChIKey":"IJGRMHOSHXDMSA-UHFFFAOYSA-N"}]},{"pressure":3.97062,"total_adsorption":null,"species_data":[{"composition":1,"adsorption":1.59273,"InChIKey":"IJGRMHOSHXDMSA-UHFFFAOYSA-N"}]},{"pressure":4.70543,"total_adsorption":null,"species_data":[{"composition":1,"adsorption":1.7055,"InChIKey":"IJGRMHOSHXDMSA-UHFFFAOYSA-N"}]},{"pressure":5.44733,"total_adsorption":null,"species_data":[{"composition":1,"adsorption":1.78161,"InChIKey":"IJGRMHOSHXDMSA-UHFFFAOYSA-N"}]},{"pressure":6.18062,"total_adsorption":null,"species_data":[{"composition":1,"adsorption":1.85311,"InChIKey":"IJGRMHOSHXDMSA-UHFFFAOYSA-N"}]}],"temperature":303,"articleSource":"Figure 1A","compositionType":"molefraction","adsorbates":[{"name":"Nitrogen","InChIKey":"IJGRMHOSHXDMSA-UHFFFAOYSA-N"}],"adsorptionUnits":"mmol/g","date":"2018-08-09","category":"mod","digitizer":"Matthew Weiss","pressureUnits":"bar","DOI":"10.1021/acs.iecr.5b04570","adsorbent":{"name":"LiLSX Zeolite","hashkey":"NIST-MATDB-abf66157d5cc57c8d394c02171df4c1a"},"concentrationUnits":"","filename":"10.1021acs.iecr.5b04570.Isotherm5","isotherm_type":""}