{"isotherm_data":[{"pressure":0.00294362,"total_adsorption":2.11224,"species_data":[{"composition":1,"adsorption":2.11224,"InChIKey":"OKKJLVBELUTLKV-UHFFFAOYSA-N"}]},{"pressure":0.00785489,"total_adsorption":5.54082,"species_data":[{"composition":1,"adsorption":5.54082,"InChIKey":"OKKJLVBELUTLKV-UHFFFAOYSA-N"}]},{"pressure":0.0159928,"total_adsorption":6.09184,"species_data":[{"composition":1,"adsorption":6.09184,"InChIKey":"OKKJLVBELUTLKV-UHFFFAOYSA-N"}]},{"pressure":0.0333229,"total_adsorption":6.61224,"species_data":[{"composition":1,"adsorption":6.61224,"InChIKey":"OKKJLVBELUTLKV-UHFFFAOYSA-N"}]},{"pressure":0.0501511,"total_adsorption":6.97959,"species_data":[{"composition":1,"adsorption":6.97959,"InChIKey":"OKKJLVBELUTLKV-UHFFFAOYSA-N"}]},{"pressure":0.0675001,"total_adsorption":7.16327,"species_data":[{"composition":1,"adsorption":7.16327,"InChIKey":"OKKJLVBELUTLKV-UHFFFAOYSA-N"}]},{"pressure":0.0838282,"total_adsorption":7.34694,"species_data":[{"composition":1,"adsorption":7.34694,"InChIKey":"OKKJLVBELUTLKV-UHFFFAOYSA-N"}]},{"pressure":0.101181,"total_adsorption":7.46939,"species_data":[{"composition":1,"adsorption":7.46939,"InChIKey":"OKKJLVBELUTLKV-UHFFFAOYSA-N"}]},{"pressure":0.118023,"total_adsorption":7.59184,"species_data":[{"composition":1,"adsorption":7.59184,"InChIKey":"OKKJLVBELUTLKV-UHFFFAOYSA-N"}]},{"pressure":0.134358,"total_adsorption":7.65306,"species_data":[{"composition":1,"adsorption":7.65306,"InChIKey":"OKKJLVBELUTLKV-UHFFFAOYSA-N"}]},{"pressure":0.15171,"total_adsorption":7.77551,"species_data":[{"composition":1,"adsorption":7.77551,"InChIKey":"OKKJLVBELUTLKV-UHFFFAOYSA-N"}]},{"pressure":0.159878,"total_adsorption":7.80612,"species_data":[{"composition":1,"adsorption":7.80612,"InChIKey":"OKKJLVBELUTLKV-UHFFFAOYSA-N"}]}],"temperature":298,"articleSource":"UNKNOWN","compositionType":"molefraction","adsorbates":[{"name":"Methanol","InChIKey":"OKKJLVBELUTLKV-UHFFFAOYSA-N"}],"adsorptionUnits":"mmol/g","date":"1000-01-01","category":"","digitizer":"UNKNOWN","pressureUnits":"bar","DOI":"10.1002/adfm.201302854","adsorbent":{"name":"[Zn4O(dmcapz)3]n","hashkey":"NIST-MATDB-3feab5fe94539466e86bde4670ea2696"},"concentrationUnits":"","filename":"10.1002adfm.201302854.Isotherm27","isotherm_type":""}