{"filename": "10.1002ceat.201300046.Isotherm29", "DOI": "10.1002/ceat.201300046", "articleSource": "Figure 3", "date": "2017-06-21", "digitizer": "Toyosi Afolabi", "adsorbent": {"hashkey": "NIST-MATDB-1b85b1862d4e9cc2e0f46d0e2698ab79", "name": "MIL-53(Al)"}, "adsorbates": [{"InChIKey": "CURLTUGMZLYLDI-UHFFFAOYSA-N", "name": "Carbon Dioxide"}], "category": "exp", "temperature": 303, "isotherm_type": "", "adsorptionUnits": "mmol/g", "pressureUnits": "bar", "compositionType": "molefraction", "concentrationUnits": "", "isotherm_data": [{"pressure": 1, "total_adsorption": 1.26866, "species_data": [{"InChIKey": "CURLTUGMZLYLDI-UHFFFAOYSA-N", "composition": 1, "adsorption": 1.26866}]}, {"pressure": 2.21212, "total_adsorption": 1.56716, "species_data": [{"InChIKey": "CURLTUGMZLYLDI-UHFFFAOYSA-N", "composition": 1, "adsorption": 1.56716}]}, {"pressure": 3.21212, "total_adsorption": 1.79104, "species_data": [{"InChIKey": "CURLTUGMZLYLDI-UHFFFAOYSA-N", "composition": 1, "adsorption": 1.79104}]}, {"pressure": 4, "total_adsorption": 1.86567, "species_data": [{"InChIKey": "CURLTUGMZLYLDI-UHFFFAOYSA-N", "composition": 1, "adsorption": 1.86567}]}, {"pressure": 4.80303, "total_adsorption": 2.01493, "species_data": [{"InChIKey": "CURLTUGMZLYLDI-UHFFFAOYSA-N", "composition": 1, "adsorption": 2.01493}]}, {"pressure": 6.21212, "total_adsorption": 2.38806, "species_data": [{"InChIKey": "CURLTUGMZLYLDI-UHFFFAOYSA-N", "composition": 1, "adsorption": 2.38806}]}, {"pressure": 7, "total_adsorption": 3.13433, "species_data": [{"InChIKey": "CURLTUGMZLYLDI-UHFFFAOYSA-N", "composition": 1, "adsorption": 3.13433}]}]}