{"isotherm_data":[{"pressure":0,"total_adsorption":0,"species_data":[{"composition":1,"adsorption":0,"InChIKey":"IJGRMHOSHXDMSA-UHFFFAOYSA-N"}]},{"pressure":0.201188,"total_adsorption":4.4997,"species_data":[{"composition":1,"adsorption":4.4997,"InChIKey":"IJGRMHOSHXDMSA-UHFFFAOYSA-N"}]},{"pressure":0.250273,"total_adsorption":12.1901,"species_data":[{"composition":1,"adsorption":12.1901,"InChIKey":"IJGRMHOSHXDMSA-UHFFFAOYSA-N"}]},{"pressure":0.301786,"total_adsorption":8.6267,"species_data":[{"composition":1,"adsorption":8.6267,"InChIKey":"IJGRMHOSHXDMSA-UHFFFAOYSA-N"}]},{"pressure":0.353299,"total_adsorption":5.0633,"species_data":[{"composition":1,"adsorption":5.0633,"InChIKey":"IJGRMHOSHXDMSA-UHFFFAOYSA-N"}]},{"pressure":0.40483,"total_adsorption":9.0085,"species_data":[{"composition":1,"adsorption":9.0085,"InChIKey":"IJGRMHOSHXDMSA-UHFFFAOYSA-N"}]},{"pressure":0.441622,"total_adsorption":5.39055,"species_data":[{"composition":1,"adsorption":5.39055,"InChIKey":"IJGRMHOSHXDMSA-UHFFFAOYSA-N"}]},{"pressure":0.453897,"total_adsorption":9.1903,"species_data":[{"composition":1,"adsorption":9.1903,"InChIKey":"IJGRMHOSHXDMSA-UHFFFAOYSA-N"}]},{"pressure":0.507872,"total_adsorption":9.39029,"species_data":[{"composition":1,"adsorption":9.39029,"InChIKey":"IJGRMHOSHXDMSA-UHFFFAOYSA-N"}]},{"pressure":0.547128,"total_adsorption":9.53573,"species_data":[{"composition":1,"adsorption":9.53573,"InChIKey":"IJGRMHOSHXDMSA-UHFFFAOYSA-N"}]},{"pressure":0.559394,"total_adsorption":9.58118,"species_data":[{"composition":1,"adsorption":9.58118,"InChIKey":"IJGRMHOSHXDMSA-UHFFFAOYSA-N"}]},{"pressure":0.608463,"total_adsorption":9.76299,"species_data":[{"composition":1,"adsorption":9.76299,"InChIKey":"IJGRMHOSHXDMSA-UHFFFAOYSA-N"}]},{"pressure":0.632988,"total_adsorption":6.0996,"species_data":[{"composition":1,"adsorption":6.0996,"InChIKey":"IJGRMHOSHXDMSA-UHFFFAOYSA-N"}]},{"pressure":0.659993,"total_adsorption":13.7082,"species_data":[{"composition":1,"adsorption":13.7082,"InChIKey":"IJGRMHOSHXDMSA-UHFFFAOYSA-N"}]},{"pressure":0.686971,"total_adsorption":10.0539,"species_data":[{"composition":1,"adsorption":10.0539,"InChIKey":"IJGRMHOSHXDMSA-UHFFFAOYSA-N"}]},{"pressure":0.70906,"total_adsorption":13.89,"species_data":[{"composition":1,"adsorption":13.89,"InChIKey":"IJGRMHOSHXDMSA-UHFFFAOYSA-N"}]},{"pressure":0.738501,"total_adsorption":13.9991,"species_data":[{"composition":1,"adsorption":13.9991,"InChIKey":"IJGRMHOSHXDMSA-UHFFFAOYSA-N"}]},{"pressure":0.763036,"total_adsorption":14.09,"species_data":[{"composition":1,"adsorption":14.09,"InChIKey":"IJGRMHOSHXDMSA-UHFFFAOYSA-N"}]},{"pressure":0.78757,"total_adsorption":14.1809,"species_data":[{"composition":1,"adsorption":14.1809,"InChIKey":"IJGRMHOSHXDMSA-UHFFFAOYSA-N"}]},{"pressure":0.812104,"total_adsorption":14.2718,"species_data":[{"composition":1,"adsorption":14.2718,"InChIKey":"IJGRMHOSHXDMSA-UHFFFAOYSA-N"}]},{"pressure":0.836647,"total_adsorption":18.117,"species_data":[{"composition":1,"adsorption":18.117,"InChIKey":"IJGRMHOSHXDMSA-UHFFFAOYSA-N"}]},{"pressure":0.86118,"total_adsorption":18.2079,"species_data":[{"composition":1,"adsorption":18.2079,"InChIKey":"IJGRMHOSHXDMSA-UHFFFAOYSA-N"}]},{"pressure":0.890621,"total_adsorption":18.317,"species_data":[{"composition":1,"adsorption":18.317,"InChIKey":"IJGRMHOSHXDMSA-UHFFFAOYSA-N"}]},{"pressure":0.912702,"total_adsorption":18.3988,"species_data":[{"composition":1,"adsorption":18.3988,"InChIKey":"IJGRMHOSHXDMSA-UHFFFAOYSA-N"}]},{"pressure":0.937253,"total_adsorption":25.9983,"species_data":[{"composition":1,"adsorption":25.9983,"InChIKey":"IJGRMHOSHXDMSA-UHFFFAOYSA-N"}]},{"pressure":0.991228,"total_adsorption":26.1983,"species_data":[{"composition":1,"adsorption":26.1983,"InChIKey":"IJGRMHOSHXDMSA-UHFFFAOYSA-N"}]},{"pressure":0.998588,"total_adsorption":26.2255,"species_data":[{"composition":1,"adsorption":26.2255,"InChIKey":"IJGRMHOSHXDMSA-UHFFFAOYSA-N"}]}],"temperature":77,"articleSource":"Figure 5","compositionType":"molefraction","adsorbates":[{"name":"Nitrogen","InChIKey":"IJGRMHOSHXDMSA-UHFFFAOYSA-N"}],"adsorptionUnits":"cm3(STP)/g","date":"2016-07-12","category":"exp","digitizer":"Adithya Varadan","pressureUnits":"bar","DOI":"10.1016/j.jssc.2014.06.017","adsorbent":{"name":"SiO2@Fe3O4","hashkey":"NIST-MATDB-2c546f5e9f02798d5a56357cdbca3add"},"concentrationUnits":"","filename":"10.1016j.jssc.2014.06.017.Isotherm6","isotherm_type":""}