{"filename": "10.1021acs.inorgchem.5b00561.Isotherm10", "DOI": "10.1021/acs.inorgchem.5b00561", "articleSource": "Figure 6b", "date": "2016-07-01", "digitizer": "Yamuna E. Satsangi", "adsorbent": {"hashkey": "NIST-MATDB-020667879dbefe5573dc639d5cba61d4", "name": "C36H24Cu3N13O12"}, "adsorbates": [{"InChIKey": "VNWKTOKETHGBQD-UHFFFAOYSA-N", "name": "Methane"}], "category": "exp", "temperature": 273, "isotherm_type": "", "adsorptionUnits": "cm3(STP)/g", "pressureUnits": "bar", "compositionType": "molefraction", "concentrationUnits": "", "isotherm_data": [{"pressure": 0, "total_adsorption": 0, "species_data": [{"InChIKey": "VNWKTOKETHGBQD-UHFFFAOYSA-N", "composition": 1, "adsorption": 0}]}, {"pressure": 0.026226, "total_adsorption": 0.478636, "species_data": [{"InChIKey": "VNWKTOKETHGBQD-UHFFFAOYSA-N", "composition": 1, "adsorption": 0.478636}]}, {"pressure": 0.028468, "total_adsorption": 0.715386, "species_data": [{"InChIKey": "VNWKTOKETHGBQD-UHFFFAOYSA-N", "composition": 1, "adsorption": 0.715386}]}, {"pressure": 0.05252, "total_adsorption": 1.19351, "species_data": [{"InChIKey": "VNWKTOKETHGBQD-UHFFFAOYSA-N", "composition": 1, "adsorption": 1.19351}]}, {"pressure": 0.054694, "total_adsorption": 1.19402, "species_data": [{"InChIKey": "VNWKTOKETHGBQD-UHFFFAOYSA-N", "composition": 1, "adsorption": 1.19402}]}, {"pressure": 0.076708, "total_adsorption": 2.1441, "species_data": [{"InChIKey": "VNWKTOKETHGBQD-UHFFFAOYSA-N", "composition": 1, "adsorption": 2.1441}]}, {"pressure": 0.080988, "total_adsorption": 1.90889, "species_data": [{"InChIKey": "VNWKTOKETHGBQD-UHFFFAOYSA-N", "composition": 1, "adsorption": 1.90889}]}, {"pressure": 0.105108, "total_adsorption": 2.62325, "species_data": [{"InChIKey": "VNWKTOKETHGBQD-UHFFFAOYSA-N", "composition": 1, "adsorption": 2.62325}]}, {"pressure": 0.107351, "total_adsorption": 2.86, "species_data": [{"InChIKey": "VNWKTOKETHGBQD-UHFFFAOYSA-N", "composition": 1, "adsorption": 2.86}]}, {"pressure": 0.12488, "total_adsorption": 3.33659, "species_data": [{"InChIKey": "VNWKTOKETHGBQD-UHFFFAOYSA-N", "composition": 1, "adsorption": 3.33659}]}, {"pressure": 0.131334, "total_adsorption": 3.10189, "species_data": [{"InChIKey": "VNWKTOKETHGBQD-UHFFFAOYSA-N", "composition": 1, "adsorption": 3.10189}]}, {"pressure": 0.148863, "total_adsorption": 3.57847, "species_data": [{"InChIKey": "VNWKTOKETHGBQD-UHFFFAOYSA-N", "composition": 1, "adsorption": 3.57847}]}, {"pressure": 0.159597, "total_adsorption": 3.10857, "species_data": [{"InChIKey": "VNWKTOKETHGBQD-UHFFFAOYSA-N", "composition": 1, "adsorption": 3.10857}]}, {"pressure": 0.181611, "total_adsorption": 4.05865, "species_data": [{"InChIKey": "VNWKTOKETHGBQD-UHFFFAOYSA-N", "composition": 1, "adsorption": 4.05865}]}, {"pressure": 0.185891, "total_adsorption": 3.82344, "species_data": [{"InChIKey": "VNWKTOKETHGBQD-UHFFFAOYSA-N", "composition": 1, "adsorption": 3.82344}]}, {"pressure": 0.203489, "total_adsorption": 4.53626, "species_data": [{"InChIKey": "VNWKTOKETHGBQD-UHFFFAOYSA-N", "composition": 1, "adsorption": 4.53626}]}, {"pressure": 0.210011, "total_adsorption": 4.5378, "species_data": [{"InChIKey": "VNWKTOKETHGBQD-UHFFFAOYSA-N", "composition": 1, "adsorption": 4.5378}]}, {"pressure": 0.22754, "total_adsorption": 5.01438, "species_data": [{"InChIKey": "VNWKTOKETHGBQD-UHFFFAOYSA-N", "composition": 1, "adsorption": 5.01438}]}, {"pressure": 0.2361, "total_adsorption": 4.54396, "species_data": [{"InChIKey": "VNWKTOKETHGBQD-UHFFFAOYSA-N", "composition": 1, "adsorption": 4.54396}]}, {"pressure": 0.25594, "total_adsorption": 5.49353, "species_data": [{"InChIKey": "VNWKTOKETHGBQD-UHFFFAOYSA-N", "composition": 1, "adsorption": 5.49353}]}, {"pressure": 0.257977, "total_adsorption": 5.02157, "species_data": [{"InChIKey": "VNWKTOKETHGBQD-UHFFFAOYSA-N", "composition": 1, "adsorption": 5.02157}]}, {"pressure": 0.277681, "total_adsorption": 5.49866, "species_data": [{"InChIKey": "VNWKTOKETHGBQD-UHFFFAOYSA-N", "composition": 1, "adsorption": 5.49866}]}, {"pressure": 0.28196, "total_adsorption": 5.26346, "species_data": [{"InChIKey": "VNWKTOKETHGBQD-UHFFFAOYSA-N", "composition": 1, "adsorption": 5.26346}]}, {"pressure": 0.303975, "total_adsorption": 6.21354, "species_data": [{"InChIKey": "VNWKTOKETHGBQD-UHFFFAOYSA-N", "composition": 1, "adsorption": 6.21354}]}, {"pressure": 0.310429, "total_adsorption": 5.97884, "species_data": [{"InChIKey": "VNWKTOKETHGBQD-UHFFFAOYSA-N", "composition": 1, "adsorption": 5.97884}]}, {"pressure": 0.330132, "total_adsorption": 6.45594, "species_data": [{"InChIKey": "VNWKTOKETHGBQD-UHFFFAOYSA-N", "composition": 1, "adsorption": 6.45594}]}, {"pressure": 0.336586, "total_adsorption": 6.22124, "species_data": [{"InChIKey": "VNWKTOKETHGBQD-UHFFFAOYSA-N", "composition": 1, "adsorption": 6.22124}]}, {"pressure": 0.35201, "total_adsorption": 6.93355, "species_data": [{"InChIKey": "VNWKTOKETHGBQD-UHFFFAOYSA-N", "composition": 1, "adsorption": 6.93355}]}, {"pressure": 0.358395, "total_adsorption": 6.46261, "species_data": [{"InChIKey": "VNWKTOKETHGBQD-UHFFFAOYSA-N", "composition": 1, "adsorption": 6.46261}]}, {"pressure": 0.380341, "total_adsorption": 7.17646, "species_data": [{"InChIKey": "VNWKTOKETHGBQD-UHFFFAOYSA-N", "composition": 1, "adsorption": 7.17646}]}, {"pressure": 0.384621, "total_adsorption": 6.94125, "species_data": [{"InChIKey": "VNWKTOKETHGBQD-UHFFFAOYSA-N", "composition": 1, "adsorption": 6.94125}]}, {"pressure": 0.404256, "total_adsorption": 7.18211, "species_data": [{"InChIKey": "VNWKTOKETHGBQD-UHFFFAOYSA-N", "composition": 1, "adsorption": 7.18211}]}, {"pressure": 0.404393, "total_adsorption": 7.65458, "species_data": [{"InChIKey": "VNWKTOKETHGBQD-UHFFFAOYSA-N", "composition": 1, "adsorption": 7.65458}]}, {"pressure": 0.43055, "total_adsorption": 7.89698, "species_data": [{"InChIKey": "VNWKTOKETHGBQD-UHFFFAOYSA-N", "composition": 1, "adsorption": 7.89698}]}, {"pressure": 0.434761, "total_adsorption": 7.42553, "species_data": [{"InChIKey": "VNWKTOKETHGBQD-UHFFFAOYSA-N", "composition": 1, "adsorption": 7.42553}]}, {"pressure": 0.456707, "total_adsorption": 8.13938, "species_data": [{"InChIKey": "VNWKTOKETHGBQD-UHFFFAOYSA-N", "composition": 1, "adsorption": 8.13938}]}, {"pressure": 0.458813, "total_adsorption": 7.90366, "species_data": [{"InChIKey": "VNWKTOKETHGBQD-UHFFFAOYSA-N", "composition": 1, "adsorption": 7.90366}]}, {"pressure": 0.478585, "total_adsorption": 8.61699, "species_data": [{"InChIKey": "VNWKTOKETHGBQD-UHFFFAOYSA-N", "composition": 1, "adsorption": 8.61699}]}, {"pressure": 0.484901, "total_adsorption": 7.90982, "species_data": [{"InChIKey": "VNWKTOKETHGBQD-UHFFFAOYSA-N", "composition": 1, "adsorption": 7.90982}]}, {"pressure": 0.504742, "total_adsorption": 8.85939, "species_data": [{"InChIKey": "VNWKTOKETHGBQD-UHFFFAOYSA-N", "composition": 1, "adsorption": 8.85939}]}, {"pressure": 0.508953, "total_adsorption": 8.38794, "species_data": [{"InChIKey": "VNWKTOKETHGBQD-UHFFFAOYSA-N", "composition": 1, "adsorption": 8.38794}]}, {"pressure": 0.530968, "total_adsorption": 9.33802, "species_data": [{"InChIKey": "VNWKTOKETHGBQD-UHFFFAOYSA-N", "composition": 1, "adsorption": 9.33802}]}, {"pressure": 0.53511, "total_adsorption": 8.63034, "species_data": [{"InChIKey": "VNWKTOKETHGBQD-UHFFFAOYSA-N", "composition": 1, "adsorption": 8.63034}]}, {"pressure": 0.552708, "total_adsorption": 9.34316, "species_data": [{"InChIKey": "VNWKTOKETHGBQD-UHFFFAOYSA-N", "composition": 1, "adsorption": 9.34316}]}, {"pressure": 0.561336, "total_adsorption": 9.10898, "species_data": [{"InChIKey": "VNWKTOKETHGBQD-UHFFFAOYSA-N", "composition": 1, "adsorption": 9.10898}]}, {"pressure": 0.581039, "total_adsorption": 9.58607, "species_data": [{"InChIKey": "VNWKTOKETHGBQD-UHFFFAOYSA-N", "composition": 1, "adsorption": 9.58607}]}, {"pressure": 0.585251, "total_adsorption": 9.11463, "species_data": [{"InChIKey": "VNWKTOKETHGBQD-UHFFFAOYSA-N", "composition": 1, "adsorption": 9.11463}]}, {"pressure": 0.602849, "total_adsorption": 9.82744, "species_data": [{"InChIKey": "VNWKTOKETHGBQD-UHFFFAOYSA-N", "composition": 1, "adsorption": 9.82744}]}, {"pressure": 0.613582, "total_adsorption": 9.35754, "species_data": [{"InChIKey": "VNWKTOKETHGBQD-UHFFFAOYSA-N", "composition": 1, "adsorption": 9.35754}]}, {"pressure": 0.629006, "total_adsorption": 10.0698, "species_data": [{"InChIKey": "VNWKTOKETHGBQD-UHFFFAOYSA-N", "composition": 1, "adsorption": 10.0698}]}, {"pressure": 0.635391, "total_adsorption": 9.59891, "species_data": [{"InChIKey": "VNWKTOKETHGBQD-UHFFFAOYSA-N", "composition": 1, "adsorption": 9.59891}]}, {"pressure": 0.652989, "total_adsorption": 10.3117, "species_data": [{"InChIKey": "VNWKTOKETHGBQD-UHFFFAOYSA-N", "composition": 1, "adsorption": 10.3117}]}, {"pressure": 0.659443, "total_adsorption": 10.077, "species_data": [{"InChIKey": "VNWKTOKETHGBQD-UHFFFAOYSA-N", "composition": 1, "adsorption": 10.077}]}, {"pressure": 0.679146, "total_adsorption": 10.5541, "species_data": [{"InChIKey": "VNWKTOKETHGBQD-UHFFFAOYSA-N", "composition": 1, "adsorption": 10.5541}]}, {"pressure": 0.6856, "total_adsorption": 10.3194, "species_data": [{"InChIKey": "VNWKTOKETHGBQD-UHFFFAOYSA-N", "composition": 1, "adsorption": 10.3194}]}, {"pressure": 0.698713, "total_adsorption": 10.5588, "species_data": [{"InChIKey": "VNWKTOKETHGBQD-UHFFFAOYSA-N", "composition": 1, "adsorption": 10.5588}]}, {"pressure": 0.709583, "total_adsorption": 10.5613, "species_data": [{"InChIKey": "VNWKTOKETHGBQD-UHFFFAOYSA-N", "composition": 1, "adsorption": 10.5613}]}, {"pressure": 0.731392, "total_adsorption": 10.8027, "species_data": [{"InChIKey": "VNWKTOKETHGBQD-UHFFFAOYSA-N", "composition": 1, "adsorption": 10.8027}]}, {"pressure": 0.733635, "total_adsorption": 11.0394, "species_data": [{"InChIKey": "VNWKTOKETHGBQD-UHFFFAOYSA-N", "composition": 1, "adsorption": 11.0394}]}, {"pressure": 0.755375, "total_adsorption": 11.0446, "species_data": [{"InChIKey": "VNWKTOKETHGBQD-UHFFFAOYSA-N", "composition": 1, "adsorption": 11.0446}]}, {"pressure": 0.777253, "total_adsorption": 11.5222, "species_data": [{"InChIKey": "VNWKTOKETHGBQD-UHFFFAOYSA-N", "composition": 1, "adsorption": 11.5222}]}, {"pressure": 0.779358, "total_adsorption": 11.2865, "species_data": [{"InChIKey": "VNWKTOKETHGBQD-UHFFFAOYSA-N", "composition": 1, "adsorption": 11.2865}]}, {"pressure": 0.803342, "total_adsorption": 11.5283, "species_data": [{"InChIKey": "VNWKTOKETHGBQD-UHFFFAOYSA-N", "composition": 1, "adsorption": 11.5283}]}, {"pressure": 0.80769, "total_adsorption": 11.5294, "species_data": [{"InChIKey": "VNWKTOKETHGBQD-UHFFFAOYSA-N", "composition": 1, "adsorption": 11.5294}]}, {"pressure": 0.829567, "total_adsorption": 12.007, "species_data": [{"InChIKey": "VNWKTOKETHGBQD-UHFFFAOYSA-N", "composition": 1, "adsorption": 12.007}]}, {"pressure": 0.833847, "total_adsorption": 11.7718, "species_data": [{"InChIKey": "VNWKTOKETHGBQD-UHFFFAOYSA-N", "composition": 1, "adsorption": 11.7718}]}, {"pressure": 0.855656, "total_adsorption": 12.0131, "species_data": [{"InChIKey": "VNWKTOKETHGBQD-UHFFFAOYSA-N", "composition": 1, "adsorption": 12.0131}]}, {"pressure": 0.877397, "total_adsorption": 12.0183, "species_data": [{"InChIKey": "VNWKTOKETHGBQD-UHFFFAOYSA-N", "composition": 1, "adsorption": 12.0183}]}, {"pressure": 0.883987, "total_adsorption": 12.2561, "species_data": [{"InChIKey": "VNWKTOKETHGBQD-UHFFFAOYSA-N", "composition": 1, "adsorption": 12.2561}]}, {"pressure": 0.90797, "total_adsorption": 12.4979, "species_data": [{"InChIKey": "VNWKTOKETHGBQD-UHFFFAOYSA-N", "composition": 1, "adsorption": 12.4979}]}, {"pressure": 0.929711, "total_adsorption": 12.5031, "species_data": [{"InChIKey": "VNWKTOKETHGBQD-UHFFFAOYSA-N", "composition": 1, "adsorption": 12.5031}]}, {"pressure": 0.934128, "total_adsorption": 12.7403, "species_data": [{"InChIKey": "VNWKTOKETHGBQD-UHFFFAOYSA-N", "composition": 1, "adsorption": 12.7403}]}, {"pressure": 0.953694, "total_adsorption": 12.745, "species_data": [{"InChIKey": "VNWKTOKETHGBQD-UHFFFAOYSA-N", "composition": 1, "adsorption": 12.745}]}, {"pressure": 0.955868, "total_adsorption": 12.7455, "species_data": [{"InChIKey": "VNWKTOKETHGBQD-UHFFFAOYSA-N", "composition": 1, "adsorption": 12.7455}]}, {"pressure": 0.982094, "total_adsorption": 13.2241, "species_data": [{"InChIKey": "VNWKTOKETHGBQD-UHFFFAOYSA-N", "composition": 1, "adsorption": 13.2241}]}, {"pressure": 0.9842, "total_adsorption": 12.9884, "species_data": [{"InChIKey": "VNWKTOKETHGBQD-UHFFFAOYSA-N", "composition": 1, "adsorption": 12.9884}]}, {"pressure": 0.995138, "total_adsorption": 13.2272, "species_data": [{"InChIKey": "VNWKTOKETHGBQD-UHFFFAOYSA-N", "composition": 1, "adsorption": 13.2272}]}, {"pressure": 0.999486, "total_adsorption": 13.2282, "species_data": [{"InChIKey": "VNWKTOKETHGBQD-UHFFFAOYSA-N", "composition": 1, "adsorption": 13.2282}]}, {"pressure": 1.00383, "total_adsorption": 13.2293, "species_data": [{"InChIKey": "VNWKTOKETHGBQD-UHFFFAOYSA-N", "composition": 1, "adsorption": 13.2293}]}]}