{"filename": "10.1039C2nj20587d.isotherm3", "DOI": "10.1039/C2nj20587d", "articleSource": "UNKNOWN", "date": "1000-01-01", "digitizer": "UNKNOWN", "adsorbent": {"hashkey": "NIST-MATDB-979e667be7fe222f20d8bad36617dc66", "name": "MIL-100"}, "adsorbates": [{"InChIKey": "IJGRMHOSHXDMSA-UHFFFAOYSA-N", "name": "Nitrogen"}], "category": "", "temperature": 77, "isotherm_type": "", "adsorptionUnits": "cm3(STP)/g", "pressureUnits": "bar", "compositionType": "molefraction", "concentrationUnits": "", "isotherm_data": [{"pressure": 0.00687801, "total_adsorption": 145.079, "species_data": [{"InChIKey": "IJGRMHOSHXDMSA-UHFFFAOYSA-N", "composition": 1, "adsorption": 145.079}]}, {"pressure": 0.0499573, "total_adsorption": 201.764, "species_data": [{"InChIKey": "IJGRMHOSHXDMSA-UHFFFAOYSA-N", "composition": 1, "adsorption": 201.764}]}, {"pressure": 0.12606, "total_adsorption": 239.455, "species_data": [{"InChIKey": "IJGRMHOSHXDMSA-UHFFFAOYSA-N", "composition": 1, "adsorption": 239.455}]}, {"pressure": 0.198837, "total_adsorption": 266.638, "species_data": [{"InChIKey": "IJGRMHOSHXDMSA-UHFFFAOYSA-N", "composition": 1, "adsorption": 266.638}]}, {"pressure": 0.283176, "total_adsorption": 289.591, "species_data": [{"InChIKey": "IJGRMHOSHXDMSA-UHFFFAOYSA-N", "composition": 1, "adsorption": 289.591}]}, {"pressure": 0.374128, "total_adsorption": 312.531, "species_data": [{"InChIKey": "IJGRMHOSHXDMSA-UHFFFAOYSA-N", "composition": 1, "adsorption": 312.531}]}, {"pressure": 0.455158, "total_adsorption": 333.389, "species_data": [{"InChIKey": "IJGRMHOSHXDMSA-UHFFFAOYSA-N", "composition": 1, "adsorption": 333.389}]}, {"pressure": 0.485029, "total_adsorption": 398.513, "species_data": [{"InChIKey": "IJGRMHOSHXDMSA-UHFFFAOYSA-N", "composition": 1, "adsorption": 398.513}]}, {"pressure": 0.554451, "total_adsorption": 398.367, "species_data": [{"InChIKey": "IJGRMHOSHXDMSA-UHFFFAOYSA-N", "composition": 1, "adsorption": 398.367}]}, {"pressure": 0.640397, "total_adsorption": 396.083, "species_data": [{"InChIKey": "IJGRMHOSHXDMSA-UHFFFAOYSA-N", "composition": 1, "adsorption": 396.083}]}, {"pressure": 0.989191, "total_adsorption": 414.275, "species_data": [{"InChIKey": "IJGRMHOSHXDMSA-UHFFFAOYSA-N", "composition": 1, "adsorption": 414.275}]}]}