{"filename": "10.1039c4ta06832g.Isotherm2", "DOI": "10.1039/c4ta06832g", "articleSource": "Figure 2b", "date": "2016-07-07", "digitizer": "Adithya Varadan", "adsorbent": {"hashkey": "NIST-MATDB-e23e0f3921a269533d74caae8c5a12bf", "name": "Cr-MIL(101)"}, "adsorbates": [{"InChIKey": "VEXZGXHMUGYJMC-UHFFFAOYSA-N", "name": "Hydrogen Chloride"}], "category": "exp", "temperature": 298, "isotherm_type": "", "adsorptionUnits": "mmol/g", "pressureUnits": "bar", "compositionType": "molefraction", "concentrationUnits": "", "isotherm_data": [{"pressure": 0, "total_adsorption": 0, "species_data": [{"InChIKey": "VEXZGXHMUGYJMC-UHFFFAOYSA-N", "composition": 1, "adsorption": 0}]}, {"pressure": 0.009944, "total_adsorption": 4.9453, "species_data": [{"InChIKey": "VEXZGXHMUGYJMC-UHFFFAOYSA-N", "composition": 1, "adsorption": 4.9453}]}, {"pressure": 0.021268, "total_adsorption": 6.13377, "species_data": [{"InChIKey": "VEXZGXHMUGYJMC-UHFFFAOYSA-N", "composition": 1, "adsorption": 6.13377}]}, {"pressure": 0.02911, "total_adsorption": 6.57619, "species_data": [{"InChIKey": "VEXZGXHMUGYJMC-UHFFFAOYSA-N", "composition": 1, "adsorption": 6.57619}]}, {"pressure": 0.041333, "total_adsorption": 6.82549, "species_data": [{"InChIKey": "VEXZGXHMUGYJMC-UHFFFAOYSA-N", "composition": 1, "adsorption": 6.82549}]}, {"pressure": 0.050201, "total_adsorption": 6.90885, "species_data": [{"InChIKey": "VEXZGXHMUGYJMC-UHFFFAOYSA-N", "composition": 1, "adsorption": 6.90885}]}, {"pressure": 0.101239, "total_adsorption": 7.60228, "species_data": [{"InChIKey": "VEXZGXHMUGYJMC-UHFFFAOYSA-N", "composition": 1, "adsorption": 7.60228}]}, {"pressure": 0.199765, "total_adsorption": 7.93921, "species_data": [{"InChIKey": "VEXZGXHMUGYJMC-UHFFFAOYSA-N", "composition": 1, "adsorption": 7.93921}]}, {"pressure": 0.304922, "total_adsorption": 8.24889, "species_data": [{"InChIKey": "VEXZGXHMUGYJMC-UHFFFAOYSA-N", "composition": 1, "adsorption": 8.24889}]}, {"pressure": 0.404554, "total_adsorption": 8.58589, "species_data": [{"InChIKey": "VEXZGXHMUGYJMC-UHFFFAOYSA-N", "composition": 1, "adsorption": 8.58589}]}, {"pressure": 0.506429, "total_adsorption": 9.06113, "species_data": [{"InChIKey": "VEXZGXHMUGYJMC-UHFFFAOYSA-N", "composition": 1, "adsorption": 9.06113}]}]}