{"isotherm_data":[{"pressure":0.000104,"total_adsorption":3.5799,"species_data":[{"composition":1,"adsorption":3.5799,"InChIKey":"IJDNQMDRQITEOD-UHFFFAOYSA-N"}]},{"pressure":0.000258,"total_adsorption":9.0502,"species_data":[{"composition":1,"adsorption":9.0502,"InChIKey":"IJDNQMDRQITEOD-UHFFFAOYSA-N"}]},{"pressure":0.000526,"total_adsorption":19.0254,"species_data":[{"composition":1,"adsorption":19.0254,"InChIKey":"IJDNQMDRQITEOD-UHFFFAOYSA-N"}]},{"pressure":0.00105121,"total_adsorption":25.3324,"species_data":[{"composition":1,"adsorption":25.3324,"InChIKey":"IJDNQMDRQITEOD-UHFFFAOYSA-N"}]},{"pressure":0.00245848,"total_adsorption":29.773,"species_data":[{"composition":1,"adsorption":29.773,"InChIKey":"IJDNQMDRQITEOD-UHFFFAOYSA-N"}]},{"pressure":0.00500699,"total_adsorption":31.4462,"species_data":[{"composition":1,"adsorption":31.4462,"InChIKey":"IJDNQMDRQITEOD-UHFFFAOYSA-N"}]},{"pressure":0.0101974,"total_adsorption":33.3126,"species_data":[{"composition":1,"adsorption":33.3126,"InChIKey":"IJDNQMDRQITEOD-UHFFFAOYSA-N"}]},{"pressure":0.0243246,"total_adsorption":34.7284,"species_data":[{"composition":1,"adsorption":34.7284,"InChIKey":"IJDNQMDRQITEOD-UHFFFAOYSA-N"}]},{"pressure":0.0505286,"total_adsorption":35.6938,"species_data":[{"composition":1,"adsorption":35.6938,"InChIKey":"IJDNQMDRQITEOD-UHFFFAOYSA-N"}]},{"pressure":0.100895,"total_adsorption":37.3027,"species_data":[{"composition":1,"adsorption":37.3027,"InChIKey":"IJDNQMDRQITEOD-UHFFFAOYSA-N"}]},{"pressure":0.260465,"total_adsorption":38.3324,"species_data":[{"composition":1,"adsorption":38.3324,"InChIKey":"IJDNQMDRQITEOD-UHFFFAOYSA-N"}]},{"pressure":0.509915,"total_adsorption":39.2334,"species_data":[{"composition":1,"adsorption":39.2334,"InChIKey":"IJDNQMDRQITEOD-UHFFFAOYSA-N"}]},{"pressure":1.03851,"total_adsorption":39.8769,"species_data":[{"composition":1,"adsorption":39.8769,"InChIKey":"IJDNQMDRQITEOD-UHFFFAOYSA-N"}]}],"temperature":300,"articleSource":"UNKNOWN","compositionType":"molefraction","adsorbates":[{"name":"N-Butane","InChIKey":"IJDNQMDRQITEOD-UHFFFAOYSA-N"}],"adsorptionUnits":"molecules/unitcell","date":"1000-01-01","category":"","digitizer":"UNKNOWN","pressureUnits":"bar","DOI":"10.1021/Ie901732s","adsorbent":{"name":"Zeolite 13X","hashkey":"NIST-MATDB-b76bbf3e404395a8b5d1b9ec08bf2d8f"},"concentrationUnits":"","filename":"10.1021Ie901732s.isotherm1","isotherm_type":""}