{"filename": "10.1016S1383-5866(02)00012-6.isotherm1d", "DOI": "10.1016/S1383-5866(02)00012-6", "articleSource": "UNKNOWN", "date": "1000-01-01", "digitizer": "UNKNOWN", "adsorbent": {"hashkey": "NIST-MATDB-035dc75dddd00241bd76627f78cbef2d", "name": "Zeolite 5A"}, "adsorbates": [{"InChIKey": "UGFAIRIUMAVXCW-UHFFFAOYSA-N", "name": "Carbon monoxide"}], "category": "", "temperature": 373, "isotherm_type": "", "adsorptionUnits": "mmol/g", "pressureUnits": "bar", "compositionType": "molefraction", "concentrationUnits": "", "isotherm_data": [{"pressure": 0.0440367, "total_adsorption": 0.0309882, "species_data": [{"InChIKey": "UGFAIRIUMAVXCW-UHFFFAOYSA-N", "composition": 1, "adsorption": 0.0309882}]}, {"pressure": 0.352294, "total_adsorption": 0.185986, "species_data": [{"InChIKey": "UGFAIRIUMAVXCW-UHFFFAOYSA-N", "composition": 1, "adsorption": 0.185986}]}, {"pressure": 0.814679, "total_adsorption": 0.472662, "species_data": [{"InChIKey": "UGFAIRIUMAVXCW-UHFFFAOYSA-N", "composition": 1, "adsorption": 0.472662}]}, {"pressure": 1.49725, "total_adsorption": 0.798179, "species_data": [{"InChIKey": "UGFAIRIUMAVXCW-UHFFFAOYSA-N", "composition": 1, "adsorption": 0.798179}]}, {"pressure": 2.11376, "total_adsorption": 0.992075, "species_data": [{"InChIKey": "UGFAIRIUMAVXCW-UHFFFAOYSA-N", "composition": 1, "adsorption": 0.992075}]}, {"pressure": 2.97248, "total_adsorption": 1.15517, "species_data": [{"InChIKey": "UGFAIRIUMAVXCW-UHFFFAOYSA-N", "composition": 1, "adsorption": 1.15517}]}, {"pressure": 3.9633, "total_adsorption": 1.28739, "species_data": [{"InChIKey": "UGFAIRIUMAVXCW-UHFFFAOYSA-N", "composition": 1, "adsorption": 1.28739}]}, {"pressure": 4.8, "total_adsorption": 1.35759, "species_data": [{"InChIKey": "UGFAIRIUMAVXCW-UHFFFAOYSA-N", "composition": 1, "adsorption": 1.35759}]}, {"pressure": 5.59266, "total_adsorption": 1.40454, "species_data": [{"InChIKey": "UGFAIRIUMAVXCW-UHFFFAOYSA-N", "composition": 1, "adsorption": 1.40454}]}, {"pressure": 6.42936, "total_adsorption": 1.44378, "species_data": [{"InChIKey": "UGFAIRIUMAVXCW-UHFFFAOYSA-N", "composition": 1, "adsorption": 1.44378}]}, {"pressure": 7.50826, "total_adsorption": 1.48317, "species_data": [{"InChIKey": "UGFAIRIUMAVXCW-UHFFFAOYSA-N", "composition": 1, "adsorption": 1.48317}]}, {"pressure": 8.63119, "total_adsorption": 1.51486, "species_data": [{"InChIKey": "UGFAIRIUMAVXCW-UHFFFAOYSA-N", "composition": 1, "adsorption": 1.51486}]}, {"pressure": 9.95229, "total_adsorption": 1.54667, "species_data": [{"InChIKey": "UGFAIRIUMAVXCW-UHFFFAOYSA-N", "composition": 1, "adsorption": 1.54667}]}]}