{"isotherm_data":[{"pressure":0.0791304,"total_adsorption":0.0545468,"species_data":[{"composition":1,"adsorption":0.0545468,"InChIKey":"VNWKTOKETHGBQD-UHFFFAOYSA-N"}]},{"pressure":0.183696,"total_adsorption":0.128916,"species_data":[{"composition":1,"adsorption":0.128916,"InChIKey":"VNWKTOKETHGBQD-UHFFFAOYSA-N"}]},{"pressure":0.265652,"total_adsorption":0.183473,"species_data":[{"composition":1,"adsorption":0.183473,"InChIKey":"VNWKTOKETHGBQD-UHFFFAOYSA-N"}]},{"pressure":0.356087,"total_adsorption":0.252858,"species_data":[{"composition":1,"adsorption":0.252858,"InChIKey":"VNWKTOKETHGBQD-UHFFFAOYSA-N"}]},{"pressure":0.455,"total_adsorption":0.317342,"species_data":[{"composition":1,"adsorption":0.317342,"InChIKey":"VNWKTOKETHGBQD-UHFFFAOYSA-N"}]},{"pressure":0.548261,"total_adsorption":0.367011,"species_data":[{"composition":1,"adsorption":0.367011,"InChIKey":"VNWKTOKETHGBQD-UHFFFAOYSA-N"}]},{"pressure":0.65,"total_adsorption":0.426575,"species_data":[{"composition":1,"adsorption":0.426575,"InChIKey":"VNWKTOKETHGBQD-UHFFFAOYSA-N"}]},{"pressure":0.743261,"total_adsorption":0.466381,"species_data":[{"composition":1,"adsorption":0.466381,"InChIKey":"VNWKTOKETHGBQD-UHFFFAOYSA-N"}]},{"pressure":0.839348,"total_adsorption":0.516061,"species_data":[{"composition":1,"adsorption":0.516061,"InChIKey":"VNWKTOKETHGBQD-UHFFFAOYSA-N"}]},{"pressure":0.938261,"total_adsorption":0.550957,"species_data":[{"composition":1,"adsorption":0.550957,"InChIKey":"VNWKTOKETHGBQD-UHFFFAOYSA-N"}]},{"pressure":1.03717,"total_adsorption":0.600647,"species_data":[{"composition":1,"adsorption":0.600647,"InChIKey":"VNWKTOKETHGBQD-UHFFFAOYSA-N"}]},{"pressure":1.13326,"total_adsorption":0.635532,"species_data":[{"composition":1,"adsorption":0.635532,"InChIKey":"VNWKTOKETHGBQD-UHFFFAOYSA-N"}]},{"pressure":1.22652,"total_adsorption":0.675338,"species_data":[{"composition":1,"adsorption":0.675338,"InChIKey":"VNWKTOKETHGBQD-UHFFFAOYSA-N"}]}],"temperature":298,"articleSource":"UNKNOWN","compositionType":"molefraction","adsorbates":[{"name":"Methane","InChIKey":"VNWKTOKETHGBQD-UHFFFAOYSA-N"}],"adsorptionUnits":"mmol/g","date":"1000-01-01","category":"","digitizer":"UNKNOWN","pressureUnits":"bar","DOI":"10.1021/Ja5042226","adsorbent":{"name":"MONT 3","hashkey":"NIST-MATDB-a88ffaca24692eb41554507d2a407b33"},"concentrationUnits":"","filename":"10.1021Ja5042226.Isotherm2","isotherm_type":""}