{"isotherm_data":[{"pressure":0.5,"total_adsorption":null,"species_data":[{"composition":0.00437,"adsorption":0.0015,"InChIKey":"IJGRMHOSHXDMSA-UHFFFAOYSA-N"}]},{"pressure":0.5,"total_adsorption":null,"species_data":[{"composition":0.01314,"adsorption":0.00823,"InChIKey":"IJGRMHOSHXDMSA-UHFFFAOYSA-N"}]},{"pressure":0.5,"total_adsorption":null,"species_data":[{"composition":0.035,"adsorption":0.01721,"InChIKey":"IJGRMHOSHXDMSA-UHFFFAOYSA-N"}]},{"pressure":0.5,"total_adsorption":null,"species_data":[{"composition":0.0822,"adsorption":0.03067,"InChIKey":"IJGRMHOSHXDMSA-UHFFFAOYSA-N"}]},{"pressure":0.5,"total_adsorption":null,"species_data":[{"composition":0.11627,"adsorption":0.03741,"InChIKey":"IJGRMHOSHXDMSA-UHFFFAOYSA-N"}]},{"pressure":0.5,"total_adsorption":null,"species_data":[{"composition":0.1678,"adsorption":0.04414,"InChIKey":"IJGRMHOSHXDMSA-UHFFFAOYSA-N"}]},{"pressure":0.5,"total_adsorption":null,"species_data":[{"composition":0.27168,"adsorption":0.052,"InChIKey":"IJGRMHOSHXDMSA-UHFFFAOYSA-N"}]},{"pressure":0.5,"total_adsorption":null,"species_data":[{"composition":0.38692,"adsorption":0.06135,"InChIKey":"IJGRMHOSHXDMSA-UHFFFAOYSA-N"}]},{"pressure":0.5,"total_adsorption":null,"species_data":[{"composition":0.51351,"adsorption":0.07257,"InChIKey":"IJGRMHOSHXDMSA-UHFFFAOYSA-N"}]},{"pressure":0.5,"total_adsorption":null,"species_data":[{"composition":0.67502,"adsorption":0.08641,"InChIKey":"IJGRMHOSHXDMSA-UHFFFAOYSA-N"}]},{"pressure":0.5,"total_adsorption":null,"species_data":[{"composition":0.80687,"adsorption":0.10025,"InChIKey":"IJGRMHOSHXDMSA-UHFFFAOYSA-N"}]},{"pressure":0.5,"total_adsorption":null,"species_data":[{"composition":0.8645,"adsorption":0.10773,"InChIKey":"IJGRMHOSHXDMSA-UHFFFAOYSA-N"}]},{"pressure":0.5,"total_adsorption":null,"species_data":[{"composition":0.91777,"adsorption":0.11446,"InChIKey":"IJGRMHOSHXDMSA-UHFFFAOYSA-N"}]},{"pressure":0.5,"total_adsorption":null,"species_data":[{"composition":0.98851,"adsorption":0.12494,"InChIKey":"IJGRMHOSHXDMSA-UHFFFAOYSA-N"}]}],"temperature":293,"articleSource":"Figure 9a","compositionType":"moleratio","adsorbates":[{"name":"Nitrogen","InChIKey":"IJGRMHOSHXDMSA-UHFFFAOYSA-N"}],"adsorptionUnits":"","date":"2019-07-05","category":"sim","digitizer":"Justin Chen","pressureUnits":"bar","DOI":"10.1007/s10450-017-9908-z","adsorbent":{"name":"RF-ACX","hashkey":"NIST-MATDB-db99f5fb93c860766321a88122e2da27"},"concentrationUnits":"","filename":"10.1007s104500179908z.Isotherm43","isotherm_type":""}