{"filename": "10.1021Cm3006953.Isotherm1", "DOI": "10.1021/Cm3006953", "articleSource": "UNKNOWN", "date": "1000-01-01", "digitizer": "UNKNOWN", "adsorbent": {"hashkey": "NIST-MATDB-9c77536255297bb39e05d43a7867ed8d", "name": "ZIF-8-90"}, "adsorbates": [{"InChIKey": "IJGRMHOSHXDMSA-UHFFFAOYSA-N", "name": "Nitrogen"}], "category": "", "temperature": 77, "isotherm_type": "", "adsorptionUnits": "cm3(STP)/g", "pressureUnits": "bar", "compositionType": "molefraction", "concentrationUnits": "", "isotherm_data": [{"pressure": 1.00689e-05, "total_adsorption": 1213.74, "species_data": [{"InChIKey": "IJGRMHOSHXDMSA-UHFFFAOYSA-N", "composition": 1, "adsorption": 1213.74}]}, {"pressure": 3.92737e-05, "total_adsorption": 1273.28, "species_data": [{"InChIKey": "IJGRMHOSHXDMSA-UHFFFAOYSA-N", "composition": 1, "adsorption": 1273.28}]}, {"pressure": 7.85962e-05, "total_adsorption": 1296.18, "species_data": [{"InChIKey": "IJGRMHOSHXDMSA-UHFFFAOYSA-N", "composition": 1, "adsorption": 1296.18}]}, {"pressure": 0.000149132, "total_adsorption": 1323.66, "species_data": [{"InChIKey": "IJGRMHOSHXDMSA-UHFFFAOYSA-N", "composition": 1, "adsorption": 1323.66}]}, {"pressure": 0.000298656, "total_adsorption": 1392.37, "species_data": [{"InChIKey": "IJGRMHOSHXDMSA-UHFFFAOYSA-N", "composition": 1, "adsorption": 1392.37}]}, {"pressure": 0.000630786, "total_adsorption": 1451.91, "species_data": [{"InChIKey": "IJGRMHOSHXDMSA-UHFFFAOYSA-N", "composition": 1, "adsorption": 1451.91}]}, {"pressure": 0.00116531, "total_adsorption": 1474.81, "species_data": [{"InChIKey": "IJGRMHOSHXDMSA-UHFFFAOYSA-N", "composition": 1, "adsorption": 1474.81}]}, {"pressure": 0.00239514, "total_adsorption": 1497.71, "species_data": [{"InChIKey": "IJGRMHOSHXDMSA-UHFFFAOYSA-N", "composition": 1, "adsorption": 1497.71}]}, {"pressure": 0.00479261, "total_adsorption": 1511.45, "species_data": [{"InChIKey": "IJGRMHOSHXDMSA-UHFFFAOYSA-N", "composition": 1, "adsorption": 1511.45}]}, {"pressure": 0.0106726, "total_adsorption": 1543.51, "species_data": [{"InChIKey": "IJGRMHOSHXDMSA-UHFFFAOYSA-N", "composition": 1, "adsorption": 1543.51}]}, {"pressure": 0.0202494, "total_adsorption": 1566.41, "species_data": [{"InChIKey": "IJGRMHOSHXDMSA-UHFFFAOYSA-N", "composition": 1, "adsorption": 1566.41}]}, {"pressure": 0.0416113, "total_adsorption": 1575.57, "species_data": [{"InChIKey": "IJGRMHOSHXDMSA-UHFFFAOYSA-N", "composition": 1, "adsorption": 1575.57}]}, {"pressure": 0.0690704, "total_adsorption": 1575.57, "species_data": [{"InChIKey": "IJGRMHOSHXDMSA-UHFFFAOYSA-N", "composition": 1, "adsorption": 1575.57}]}, {"pressure": 0.0810628, "total_adsorption": 1580.15, "species_data": [{"InChIKey": "IJGRMHOSHXDMSA-UHFFFAOYSA-N", "composition": 1, "adsorption": 1580.15}]}, {"pressure": 0.120946, "total_adsorption": 1584.73, "species_data": [{"InChIKey": "IJGRMHOSHXDMSA-UHFFFAOYSA-N", "composition": 1, "adsorption": 1584.73}]}, {"pressure": 0.157903, "total_adsorption": 1580.15, "species_data": [{"InChIKey": "IJGRMHOSHXDMSA-UHFFFAOYSA-N", "composition": 1, "adsorption": 1580.15}]}, {"pressure": 0.283973, "total_adsorption": 1589.31, "species_data": [{"InChIKey": "IJGRMHOSHXDMSA-UHFFFAOYSA-N", "composition": 1, "adsorption": 1589.31}]}, {"pressure": 0.351585, "total_adsorption": 1603.05, "species_data": [{"InChIKey": "IJGRMHOSHXDMSA-UHFFFAOYSA-N", "composition": 1, "adsorption": 1603.05}]}, {"pressure": 0.44706, "total_adsorption": 1616.79, "species_data": [{"InChIKey": "IJGRMHOSHXDMSA-UHFFFAOYSA-N", "composition": 1, "adsorption": 1616.79}]}, {"pressure": 0.847926, "total_adsorption": 1616.79, "species_data": [{"InChIKey": "IJGRMHOSHXDMSA-UHFFFAOYSA-N", "composition": 1, "adsorption": 1616.79}]}, {"pressure": 0.969084, "total_adsorption": 1630.53, "species_data": [{"InChIKey": "IJGRMHOSHXDMSA-UHFFFAOYSA-N", "composition": 1, "adsorption": 1630.53}]}]}