{"filename": "10.1021Ja211864w.Isotherm1", "DOI": "10.1021/Ja211864w", "articleSource": "UNKNOWN", "date": "1000-01-01", "digitizer": "UNKNOWN", "adsorbent": {"hashkey": "NIST-MATDB-b2dc02871a66ac38e4b195796cf3e00b", "name": "ZIF-8"}, "adsorbates": [{"InChIKey": "TVMXDCGIABBOFY-UHFFFAOYSA-N", "name": "N-Octane"}], "category": "", "temperature": 298, "isotherm_type": "", "adsorptionUnits": "mmol/g", "pressureUnits": "bar", "compositionType": "molefraction", "concentrationUnits": "", "isotherm_data": [{"pressure": 0.00101695, "total_adsorption": 0.34669, "species_data": [{"InChIKey": "TVMXDCGIABBOFY-UHFFFAOYSA-N", "composition": 1, "adsorption": 0.34669}]}, {"pressure": 0.002, "total_adsorption": 0.659152, "species_data": [{"InChIKey": "TVMXDCGIABBOFY-UHFFFAOYSA-N", "composition": 1, "adsorption": 0.659152}]}, {"pressure": 0.003, "total_adsorption": 0.922674, "species_data": [{"InChIKey": "TVMXDCGIABBOFY-UHFFFAOYSA-N", "composition": 1, "adsorption": 0.922674}]}, {"pressure": 0.004, "total_adsorption": 1.10791, "species_data": [{"InChIKey": "TVMXDCGIABBOFY-UHFFFAOYSA-N", "composition": 1, "adsorption": 1.10791}]}, {"pressure": 0.00498305, "total_adsorption": 1.23444, "species_data": [{"InChIKey": "TVMXDCGIABBOFY-UHFFFAOYSA-N", "composition": 1, "adsorption": 1.23444}]}, {"pressure": 0.0059661, "total_adsorption": 1.35118, "species_data": [{"InChIKey": "TVMXDCGIABBOFY-UHFFFAOYSA-N", "composition": 1, "adsorption": 1.35118}]}, {"pressure": 0.00698305, "total_adsorption": 1.44344, "species_data": [{"InChIKey": "TVMXDCGIABBOFY-UHFFFAOYSA-N", "composition": 1, "adsorption": 1.44344}]}]}