{"isotherm_data":[{"pressure":0,"total_adsorption":0,"species_data":[{"composition":1,"adsorption":0,"InChIKey":"VEXZGXHMUGYJMC-UHFFFAOYSA-N"}]},{"pressure":0.009944,"total_adsorption":4.9453,"species_data":[{"composition":1,"adsorption":4.9453,"InChIKey":"VEXZGXHMUGYJMC-UHFFFAOYSA-N"}]},{"pressure":0.021268,"total_adsorption":6.13377,"species_data":[{"composition":1,"adsorption":6.13377,"InChIKey":"VEXZGXHMUGYJMC-UHFFFAOYSA-N"}]},{"pressure":0.02911,"total_adsorption":6.57619,"species_data":[{"composition":1,"adsorption":6.57619,"InChIKey":"VEXZGXHMUGYJMC-UHFFFAOYSA-N"}]},{"pressure":0.041333,"total_adsorption":6.82549,"species_data":[{"composition":1,"adsorption":6.82549,"InChIKey":"VEXZGXHMUGYJMC-UHFFFAOYSA-N"}]},{"pressure":0.050201,"total_adsorption":6.90885,"species_data":[{"composition":1,"adsorption":6.90885,"InChIKey":"VEXZGXHMUGYJMC-UHFFFAOYSA-N"}]},{"pressure":0.101239,"total_adsorption":7.60228,"species_data":[{"composition":1,"adsorption":7.60228,"InChIKey":"VEXZGXHMUGYJMC-UHFFFAOYSA-N"}]},{"pressure":0.199765,"total_adsorption":7.93921,"species_data":[{"composition":1,"adsorption":7.93921,"InChIKey":"VEXZGXHMUGYJMC-UHFFFAOYSA-N"}]},{"pressure":0.304922,"total_adsorption":8.24889,"species_data":[{"composition":1,"adsorption":8.24889,"InChIKey":"VEXZGXHMUGYJMC-UHFFFAOYSA-N"}]},{"pressure":0.404554,"total_adsorption":8.58589,"species_data":[{"composition":1,"adsorption":8.58589,"InChIKey":"VEXZGXHMUGYJMC-UHFFFAOYSA-N"}]},{"pressure":0.506429,"total_adsorption":9.06113,"species_data":[{"composition":1,"adsorption":9.06113,"InChIKey":"VEXZGXHMUGYJMC-UHFFFAOYSA-N"}]}],"temperature":298,"articleSource":"Figure 2b","compositionType":"molefraction","adsorbates":[{"name":"Hydrogen Chloride","InChIKey":"VEXZGXHMUGYJMC-UHFFFAOYSA-N"}],"adsorptionUnits":"mmol/g","date":"2016-07-07","category":"exp","digitizer":"Adithya Varadan","pressureUnits":"bar","DOI":"10.1039/c4ta06832g","adsorbent":{"name":"Cr-MIL(101)","hashkey":"NIST-MATDB-e23e0f3921a269533d74caae8c5a12bf"},"concentrationUnits":"","filename":"10.1039c4ta06832g.Isotherm2","isotherm_type":""}