{"filename": "10.1016j.ijggc.2011.10.007.isotherm1", "DOI": "10.1016/j.ijggc.2011.10.007", "articleSource": "UNKNOWN", "date": "1000-01-01", "digitizer": "UNKNOWN", "adsorbent": {"hashkey": "NIST-MATDB-499290019152654e4f76dc66546b6475", "name": "Zeolite X"}, "adsorbates": [{"InChIKey": "CURLTUGMZLYLDI-UHFFFAOYSA-N", "name": "Carbon Dioxide"}], "category": "", "temperature": 308, "isotherm_type": "", "adsorptionUnits": "mmol/g", "pressureUnits": "bar", "compositionType": "molefraction", "concentrationUnits": "", "isotherm_data": [{"pressure": 0.011236, "total_adsorption": 0.072738, "species_data": [{"InChIKey": "CURLTUGMZLYLDI-UHFFFAOYSA-N", "composition": 1, "adsorption": 0.072738}]}, {"pressure": 0.11236, "total_adsorption": 0.399445, "species_data": [{"InChIKey": "CURLTUGMZLYLDI-UHFFFAOYSA-N", "composition": 1, "adsorption": 0.399445}]}, {"pressure": 0.162921, "total_adsorption": 1.30976, "species_data": [{"InChIKey": "CURLTUGMZLYLDI-UHFFFAOYSA-N", "composition": 1, "adsorption": 1.30976}]}, {"pressure": 0.219101, "total_adsorption": 2.07426, "species_data": [{"InChIKey": "CURLTUGMZLYLDI-UHFFFAOYSA-N", "composition": 1, "adsorption": 2.07426}]}, {"pressure": 0.308989, "total_adsorption": 2.61973, "species_data": [{"InChIKey": "CURLTUGMZLYLDI-UHFFFAOYSA-N", "composition": 1, "adsorption": 2.61973}]}, {"pressure": 0.398876, "total_adsorption": 3.00123, "species_data": [{"InChIKey": "CURLTUGMZLYLDI-UHFFFAOYSA-N", "composition": 1, "adsorption": 3.00123}]}, {"pressure": 0.533708, "total_adsorption": 3.34574, "species_data": [{"InChIKey": "CURLTUGMZLYLDI-UHFFFAOYSA-N", "composition": 1, "adsorption": 3.34574}]}, {"pressure": 0.679775, "total_adsorption": 3.58081, "species_data": [{"InChIKey": "CURLTUGMZLYLDI-UHFFFAOYSA-N", "composition": 1, "adsorption": 3.58081}]}, {"pressure": 0.842697, "total_adsorption": 3.76102, "species_data": [{"InChIKey": "CURLTUGMZLYLDI-UHFFFAOYSA-N", "composition": 1, "adsorption": 3.76102}]}, {"pressure": 1.01685, "total_adsorption": 3.90465, "species_data": [{"InChIKey": "CURLTUGMZLYLDI-UHFFFAOYSA-N", "composition": 1, "adsorption": 3.90465}]}, {"pressure": 1.11236, "total_adsorption": 3.97637, "species_data": [{"InChIKey": "CURLTUGMZLYLDI-UHFFFAOYSA-N", "composition": 1, "adsorption": 3.97637}]}]}