{"filename": "10.1039c4cc09999k.Isotherm1", "DOI": "10.1039/c4cc09999k", "articleSource": "Figure 2- C2H2", "date": "2018-07-05", "digitizer": "Julie Yagodich", "adsorbent": {"hashkey": "NIST-MATDB-68615d6a447d8682688c6dd8d0609823", "name": "UTSA-60a"}, "adsorbates": [{"InChIKey": "HSFWRNGVRCDJHI-UHFFFAOYSA-N", "name": "Acetylene"}], "category": "exp", "temperature": 296, "isotherm_type": "", "adsorptionUnits": "cm3(STP)/g", "pressureUnits": "bar", "compositionType": "molefraction", "concentrationUnits": "", "isotherm_data": [{"pressure": 0.001355, "total_adsorption": null, "species_data": [{"InChIKey": "HSFWRNGVRCDJHI-UHFFFAOYSA-N", "composition": 1, "adsorption": 3.061}]}, {"pressure": 0.005428, "total_adsorption": null, "species_data": [{"InChIKey": "HSFWRNGVRCDJHI-UHFFFAOYSA-N", "composition": 1, "adsorption": 10.529}]}, {"pressure": 0.009353, "total_adsorption": null, "species_data": [{"InChIKey": "HSFWRNGVRCDJHI-UHFFFAOYSA-N", "composition": 1, "adsorption": 15.159}]}, {"pressure": 0.013203, "total_adsorption": null, "species_data": [{"InChIKey": "HSFWRNGVRCDJHI-UHFFFAOYSA-N", "composition": 1, "adsorption": 18.85}]}, {"pressure": 0.017056, "total_adsorption": null, "species_data": [{"InChIKey": "HSFWRNGVRCDJHI-UHFFFAOYSA-N", "composition": 1, "adsorption": 21.981}]}, {"pressure": 0.031681, "total_adsorption": null, "species_data": [{"InChIKey": "HSFWRNGVRCDJHI-UHFFFAOYSA-N", "composition": 1, "adsorption": 30.366}]}, {"pressure": 0.064993, "total_adsorption": null, "species_data": [{"InChIKey": "HSFWRNGVRCDJHI-UHFFFAOYSA-N", "composition": 1, "adsorption": 41.026}]}, {"pressure": 0.093738, "total_adsorption": null, "species_data": [{"InChIKey": "HSFWRNGVRCDJHI-UHFFFAOYSA-N", "composition": 1, "adsorption": 46.579}]}, {"pressure": 0.126276, "total_adsorption": null, "species_data": [{"InChIKey": "HSFWRNGVRCDJHI-UHFFFAOYSA-N", "composition": 1, "adsorption": 50.92}]}, {"pressure": 0.157852, "total_adsorption": null, "species_data": [{"InChIKey": "HSFWRNGVRCDJHI-UHFFFAOYSA-N", "composition": 1, "adsorption": 54.119}]}, {"pressure": 0.189352, "total_adsorption": null, "species_data": [{"InChIKey": "HSFWRNGVRCDJHI-UHFFFAOYSA-N", "composition": 1, "adsorption": 56.597}]}, {"pressure": 0.220935, "total_adsorption": null, "species_data": [{"InChIKey": "HSFWRNGVRCDJHI-UHFFFAOYSA-N", "composition": 1, "adsorption": 58.598}]}, {"pressure": 0.252187, "total_adsorption": null, "species_data": [{"InChIKey": "HSFWRNGVRCDJHI-UHFFFAOYSA-N", "composition": 1, "adsorption": 60.198}]}, {"pressure": 0.283218, "total_adsorption": null, "species_data": [{"InChIKey": "HSFWRNGVRCDJHI-UHFFFAOYSA-N", "composition": 1, "adsorption": 61.67}]}, {"pressure": 0.314481, "total_adsorption": null, "species_data": [{"InChIKey": "HSFWRNGVRCDJHI-UHFFFAOYSA-N", "composition": 1, "adsorption": 63.293}]}, {"pressure": 0.347037, "total_adsorption": null, "species_data": [{"InChIKey": "HSFWRNGVRCDJHI-UHFFFAOYSA-N", "composition": 1, "adsorption": 64.173}]}, {"pressure": 0.378464, "total_adsorption": null, "species_data": [{"InChIKey": "HSFWRNGVRCDJHI-UHFFFAOYSA-N", "composition": 1, "adsorption": 64.956}]}, {"pressure": 0.410296, "total_adsorption": null, "species_data": [{"InChIKey": "HSFWRNGVRCDJHI-UHFFFAOYSA-N", "composition": 1, "adsorption": 65.605}]}, {"pressure": 0.441644, "total_adsorption": null, "species_data": [{"InChIKey": "HSFWRNGVRCDJHI-UHFFFAOYSA-N", "composition": 1, "adsorption": 66.073}]}, {"pressure": 0.472428, "total_adsorption": null, "species_data": [{"InChIKey": "HSFWRNGVRCDJHI-UHFFFAOYSA-N", "composition": 1, "adsorption": 66.512}]}, {"pressure": 0.504341, "total_adsorption": null, "species_data": [{"InChIKey": "HSFWRNGVRCDJHI-UHFFFAOYSA-N", "composition": 1, "adsorption": 66.888}]}, {"pressure": 0.534724, "total_adsorption": null, "species_data": [{"InChIKey": "HSFWRNGVRCDJHI-UHFFFAOYSA-N", "composition": 1, "adsorption": 67.138}]}, {"pressure": 0.566075, "total_adsorption": null, "species_data": [{"InChIKey": "HSFWRNGVRCDJHI-UHFFFAOYSA-N", "composition": 1, "adsorption": 67.381}]}, {"pressure": 0.59686, "total_adsorption": null, "species_data": [{"InChIKey": "HSFWRNGVRCDJHI-UHFFFAOYSA-N", "composition": 1, "adsorption": 67.526}]}, {"pressure": 0.6295, "total_adsorption": null, "species_data": [{"InChIKey": "HSFWRNGVRCDJHI-UHFFFAOYSA-N", "composition": 1, "adsorption": 67.685}]}, {"pressure": 0.660287, "total_adsorption": null, "species_data": [{"InChIKey": "HSFWRNGVRCDJHI-UHFFFAOYSA-N", "composition": 1, "adsorption": 67.746}]}, {"pressure": 0.691475, "total_adsorption": null, "species_data": [{"InChIKey": "HSFWRNGVRCDJHI-UHFFFAOYSA-N", "composition": 1, "adsorption": 67.871}]}, {"pressure": 0.722665, "total_adsorption": null, "species_data": [{"InChIKey": "HSFWRNGVRCDJHI-UHFFFAOYSA-N", "composition": 1, "adsorption": 68.023}]}, {"pressure": 0.754257, "total_adsorption": null, "species_data": [{"InChIKey": "HSFWRNGVRCDJHI-UHFFFAOYSA-N", "composition": 1, "adsorption": 68.077}]}, {"pressure": 0.785689, "total_adsorption": null, "species_data": [{"InChIKey": "HSFWRNGVRCDJHI-UHFFFAOYSA-N", "composition": 1, "adsorption": 68.194}]}, {"pressure": 0.816233, "total_adsorption": null, "species_data": [{"InChIKey": "HSFWRNGVRCDJHI-UHFFFAOYSA-N", "composition": 1, "adsorption": 68.276}]}, {"pressure": 0.847986, "total_adsorption": null, "species_data": [{"InChIKey": "HSFWRNGVRCDJHI-UHFFFAOYSA-N", "composition": 1, "adsorption": 68.302}]}, {"pressure": 0.879498, "total_adsorption": null, "species_data": [{"InChIKey": "HSFWRNGVRCDJHI-UHFFFAOYSA-N", "composition": 1, "adsorption": 68.384}]}, {"pressure": 0.911172, "total_adsorption": null, "species_data": [{"InChIKey": "HSFWRNGVRCDJHI-UHFFFAOYSA-N", "composition": 1, "adsorption": 68.41}]}, {"pressure": 0.94228, "total_adsorption": null, "species_data": [{"InChIKey": "HSFWRNGVRCDJHI-UHFFFAOYSA-N", "composition": 1, "adsorption": 68.583}]}, {"pressure": 0.992973, "total_adsorption": null, "species_data": [{"InChIKey": "HSFWRNGVRCDJHI-UHFFFAOYSA-N", "composition": 1, "adsorption": 68.712}]}, {"pressure": 1.02376, "total_adsorption": null, "species_data": [{"InChIKey": "HSFWRNGVRCDJHI-UHFFFAOYSA-N", "composition": 1, "adsorption": 68.675}]}, {"pressure": 1.03649, "total_adsorption": null, "species_data": [{"InChIKey": "HSFWRNGVRCDJHI-UHFFFAOYSA-N", "composition": 1, "adsorption": 68.731}]}, {"pressure": 1.06599, "total_adsorption": null, "species_data": [{"InChIKey": "HSFWRNGVRCDJHI-UHFFFAOYSA-N", "composition": 1, "adsorption": 68.757}]}]}