{"filename": "10.1021Jp2112389.Isotherm6", "DOI": "10.1021/Jp2112389", "articleSource": "UNKNOWN", "date": "1000-01-01", "digitizer": "UNKNOWN", "adsorbent": {"hashkey": "NIST-MATDB-7326726fbec7781f77d541a72930c610", "name": "Zeolite AFI"}, "adsorbates": [{"InChIKey": "IJDNQMDRQITEOD-UHFFFAOYSA-N", "name": "N-Butane"}], "category": "", "temperature": 446, "isotherm_type": "", "adsorptionUnits": "molecules/unitcell", "pressureUnits": "bar", "compositionType": "molefraction", "concentrationUnits": "", "isotherm_data": [{"pressure": 0.0363292, "total_adsorption": 0.122172, "species_data": [{"InChIKey": "IJDNQMDRQITEOD-UHFFFAOYSA-N", "composition": 1, "adsorption": 0.122172}]}, {"pressure": 0.0516222, "total_adsorption": 0.20362, "species_data": [{"InChIKey": "IJDNQMDRQITEOD-UHFFFAOYSA-N", "composition": 1, "adsorption": 0.20362}]}, {"pressure": 0.0680356, "total_adsorption": 0.325792, "species_data": [{"InChIKey": "IJDNQMDRQITEOD-UHFFFAOYSA-N", "composition": 1, "adsorption": 0.325792}]}, {"pressure": 0.0942814, "total_adsorption": 0.40724, "species_data": [{"InChIKey": "IJDNQMDRQITEOD-UHFFFAOYSA-N", "composition": 1, "adsorption": 0.40724}]}, {"pressure": 0.127414, "total_adsorption": 0.529412, "species_data": [{"InChIKey": "IJDNQMDRQITEOD-UHFFFAOYSA-N", "composition": 1, "adsorption": 0.529412}]}, {"pressure": 0.155742, "total_adsorption": 0.61086, "species_data": [{"InChIKey": "IJDNQMDRQITEOD-UHFFFAOYSA-N", "composition": 1, "adsorption": 0.61086}]}, {"pressure": 0.190369, "total_adsorption": 0.733032, "species_data": [{"InChIKey": "IJDNQMDRQITEOD-UHFFFAOYSA-N", "composition": 1, "adsorption": 0.733032}]}, {"pressure": 0.2327, "total_adsorption": 0.81448, "species_data": [{"InChIKey": "IJDNQMDRQITEOD-UHFFFAOYSA-N", "composition": 1, "adsorption": 0.81448}]}, {"pressure": 0.299079, "total_adsorption": 0.977376, "species_data": [{"InChIKey": "IJDNQMDRQITEOD-UHFFFAOYSA-N", "composition": 1, "adsorption": 0.977376}]}, {"pressure": 0.365575, "total_adsorption": 1.14027, "species_data": [{"InChIKey": "IJDNQMDRQITEOD-UHFFFAOYSA-N", "composition": 1, "adsorption": 1.14027}]}, {"pressure": 0.446855, "total_adsorption": 1.30317, "species_data": [{"InChIKey": "IJDNQMDRQITEOD-UHFFFAOYSA-N", "composition": 1, "adsorption": 1.30317}]}, {"pressure": 0.546218, "total_adsorption": 1.42534, "species_data": [{"InChIKey": "IJDNQMDRQITEOD-UHFFFAOYSA-N", "composition": 1, "adsorption": 1.42534}]}, {"pressure": 0.667661, "total_adsorption": 1.54751, "species_data": [{"InChIKey": "IJDNQMDRQITEOD-UHFFFAOYSA-N", "composition": 1, "adsorption": 1.54751}]}, {"pressure": 0.816124, "total_adsorption": 1.71041, "species_data": [{"InChIKey": "IJDNQMDRQITEOD-UHFFFAOYSA-N", "composition": 1, "adsorption": 1.71041}]}, {"pressure": 0.972851, "total_adsorption": 1.83258, "species_data": [{"InChIKey": "IJDNQMDRQITEOD-UHFFFAOYSA-N", "composition": 1, "adsorption": 1.83258}]}, {"pressure": 1.18915, "total_adsorption": 1.95475, "species_data": [{"InChIKey": "IJDNQMDRQITEOD-UHFFFAOYSA-N", "composition": 1, "adsorption": 1.95475}]}, {"pressure": 1.56721, "total_adsorption": 2.11765, "species_data": [{"InChIKey": "IJDNQMDRQITEOD-UHFFFAOYSA-N", "composition": 1, "adsorption": 2.11765}]}, {"pressure": 1.86821, "total_adsorption": 2.1991, "species_data": [{"InChIKey": "IJDNQMDRQITEOD-UHFFFAOYSA-N", "composition": 1, "adsorption": 2.1991}]}, {"pressure": 2.28358, "total_adsorption": 2.28054, "species_data": [{"InChIKey": "IJDNQMDRQITEOD-UHFFFAOYSA-N", "composition": 1, "adsorption": 2.28054}]}, {"pressure": 2.93499, "total_adsorption": 2.40271, "species_data": [{"InChIKey": "IJDNQMDRQITEOD-UHFFFAOYSA-N", "composition": 1, "adsorption": 2.40271}]}, {"pressure": 3.7723, "total_adsorption": 2.48416, "species_data": [{"InChIKey": "IJDNQMDRQITEOD-UHFFFAOYSA-N", "composition": 1, "adsorption": 2.48416}]}, {"pressure": 4.72818, "total_adsorption": 2.56561, "species_data": [{"InChIKey": "IJDNQMDRQITEOD-UHFFFAOYSA-N", "composition": 1, "adsorption": 2.56561}]}, {"pressure": 5.77946, "total_adsorption": 2.64706, "species_data": [{"InChIKey": "IJDNQMDRQITEOD-UHFFFAOYSA-N", "composition": 1, "adsorption": 2.64706}]}, {"pressure": 6.88941, "total_adsorption": 2.72851, "species_data": [{"InChIKey": "IJDNQMDRQITEOD-UHFFFAOYSA-N", "composition": 1, "adsorption": 2.72851}]}, {"pressure": 8.21252, "total_adsorption": 2.76923, "species_data": [{"InChIKey": "IJDNQMDRQITEOD-UHFFFAOYSA-N", "composition": 1, "adsorption": 2.76923}]}, {"pressure": 9.54709, "total_adsorption": 2.76923, "species_data": [{"InChIKey": "IJDNQMDRQITEOD-UHFFFAOYSA-N", "composition": 1, "adsorption": 2.76923}]}]}