{"filename": "10.1021Jp065321x.Isotherm4-1", "DOI": "10.1021/Jp065321x", "articleSource": "UNKNOWN", "date": "1000-01-01", "digitizer": "UNKNOWN", "adsorbent": {"hashkey": "NIST-MATDB-1530c515df6671475765545bfd578e23", "name": "C32H24Ar1.04Cu2N2O8"}, "adsorbates": [{"InChIKey": "XKRFYHLGVUSROY-UHFFFAOYSA-N", "name": "Argon"}], "category": "", "temperature": 298, "isotherm_type": "", "adsorptionUnits": "mol/mol", "pressureUnits": "bar", "compositionType": "molefraction", "concentrationUnits": "", "isotherm_data": [{"pressure": 1.58371, "total_adsorption": 0.03125, "species_data": [{"InChIKey": "XKRFYHLGVUSROY-UHFFFAOYSA-N", "composition": 1, "adsorption": 0.03125}]}, {"pressure": 5.65611, "total_adsorption": 0.114583, "species_data": [{"InChIKey": "XKRFYHLGVUSROY-UHFFFAOYSA-N", "composition": 1, "adsorption": 0.114583}]}, {"pressure": 8.37104, "total_adsorption": 0.15625, "species_data": [{"InChIKey": "XKRFYHLGVUSROY-UHFFFAOYSA-N", "composition": 1, "adsorption": 0.15625}]}, {"pressure": 10.181, "total_adsorption": 0.197917, "species_data": [{"InChIKey": "XKRFYHLGVUSROY-UHFFFAOYSA-N", "composition": 1, "adsorption": 0.197917}]}, {"pressure": 12.4434, "total_adsorption": 0.229167, "species_data": [{"InChIKey": "XKRFYHLGVUSROY-UHFFFAOYSA-N", "composition": 1, "adsorption": 0.229167}]}, {"pressure": 14.9321, "total_adsorption": 0.28125, "species_data": [{"InChIKey": "XKRFYHLGVUSROY-UHFFFAOYSA-N", "composition": 1, "adsorption": 0.28125}]}, {"pressure": 16.7421, "total_adsorption": 0.3125, "species_data": [{"InChIKey": "XKRFYHLGVUSROY-UHFFFAOYSA-N", "composition": 1, "adsorption": 0.3125}]}, {"pressure": 18.3258, "total_adsorption": 0.34375, "species_data": [{"InChIKey": "XKRFYHLGVUSROY-UHFFFAOYSA-N", "composition": 1, "adsorption": 0.34375}]}, {"pressure": 19.9095, "total_adsorption": 0.364583, "species_data": [{"InChIKey": "XKRFYHLGVUSROY-UHFFFAOYSA-N", "composition": 1, "adsorption": 0.364583}]}, {"pressure": 21.9457, "total_adsorption": 0.40625, "species_data": [{"InChIKey": "XKRFYHLGVUSROY-UHFFFAOYSA-N", "composition": 1, "adsorption": 0.40625}]}, {"pressure": 23.9819, "total_adsorption": 0.4375, "species_data": [{"InChIKey": "XKRFYHLGVUSROY-UHFFFAOYSA-N", "composition": 1, "adsorption": 0.4375}]}, {"pressure": 25.7919, "total_adsorption": 0.46875, "species_data": [{"InChIKey": "XKRFYHLGVUSROY-UHFFFAOYSA-N", "composition": 1, "adsorption": 0.46875}]}, {"pressure": 27.3756, "total_adsorption": 0.489583, "species_data": [{"InChIKey": "XKRFYHLGVUSROY-UHFFFAOYSA-N", "composition": 1, "adsorption": 0.489583}]}, {"pressure": 29.1855, "total_adsorption": 0.510417, "species_data": [{"InChIKey": "XKRFYHLGVUSROY-UHFFFAOYSA-N", "composition": 1, "adsorption": 0.510417}]}, {"pressure": 31.6742, "total_adsorption": 0.5625, "species_data": [{"InChIKey": "XKRFYHLGVUSROY-UHFFFAOYSA-N", "composition": 1, "adsorption": 0.5625}]}, {"pressure": 33.7104, "total_adsorption": 0.583333, "species_data": [{"InChIKey": "XKRFYHLGVUSROY-UHFFFAOYSA-N", "composition": 1, "adsorption": 0.583333}]}, {"pressure": 35.7466, "total_adsorption": 0.614583, "species_data": [{"InChIKey": "XKRFYHLGVUSROY-UHFFFAOYSA-N", "composition": 1, "adsorption": 0.614583}]}, {"pressure": 37.1041, "total_adsorption": 0.635417, "species_data": [{"InChIKey": "XKRFYHLGVUSROY-UHFFFAOYSA-N", "composition": 1, "adsorption": 0.635417}]}, {"pressure": 39.3665, "total_adsorption": 0.65625, "species_data": [{"InChIKey": "XKRFYHLGVUSROY-UHFFFAOYSA-N", "composition": 1, "adsorption": 0.65625}]}, {"pressure": 41.629, "total_adsorption": 0.6875, "species_data": [{"InChIKey": "XKRFYHLGVUSROY-UHFFFAOYSA-N", "composition": 1, "adsorption": 0.6875}]}, {"pressure": 43.6652, "total_adsorption": 0.697917, "species_data": [{"InChIKey": "XKRFYHLGVUSROY-UHFFFAOYSA-N", "composition": 1, "adsorption": 0.697917}]}, {"pressure": 45.7014, "total_adsorption": 0.729167, "species_data": [{"InChIKey": "XKRFYHLGVUSROY-UHFFFAOYSA-N", "composition": 1, "adsorption": 0.729167}]}, {"pressure": 47.7376, "total_adsorption": 0.75, "species_data": [{"InChIKey": "XKRFYHLGVUSROY-UHFFFAOYSA-N", "composition": 1, "adsorption": 0.75}]}, {"pressure": 49.7738, "total_adsorption": 0.78125, "species_data": [{"InChIKey": "XKRFYHLGVUSROY-UHFFFAOYSA-N", "composition": 1, "adsorption": 0.78125}]}]}