{"isotherm_data":[{"pressure":0,"total_adsorption":0,"species_data":[{"composition":1,"adsorption":0,"InChIKey":"IJGRMHOSHXDMSA-UHFFFAOYSA-N"}]},{"pressure":0.004691,"total_adsorption":118.343,"species_data":[{"composition":1,"adsorption":118.343,"InChIKey":"IJGRMHOSHXDMSA-UHFFFAOYSA-N"}]},{"pressure":0.009382,"total_adsorption":147.929,"species_data":[{"composition":1,"adsorption":147.929,"InChIKey":"IJGRMHOSHXDMSA-UHFFFAOYSA-N"}]},{"pressure":0.014073,"total_adsorption":171.598,"species_data":[{"composition":1,"adsorption":171.598,"InChIKey":"IJGRMHOSHXDMSA-UHFFFAOYSA-N"}]},{"pressure":0.028146,"total_adsorption":189.349,"species_data":[{"composition":1,"adsorption":189.349,"InChIKey":"IJGRMHOSHXDMSA-UHFFFAOYSA-N"}]},{"pressure":0.037528,"total_adsorption":195.266,"species_data":[{"composition":1,"adsorption":195.266,"InChIKey":"IJGRMHOSHXDMSA-UHFFFAOYSA-N"}]},{"pressure":0.056292,"total_adsorption":201.183,"species_data":[{"composition":1,"adsorption":201.183,"InChIKey":"IJGRMHOSHXDMSA-UHFFFAOYSA-N"}]},{"pressure":0.070365,"total_adsorption":207.101,"species_data":[{"composition":1,"adsorption":207.101,"InChIKey":"IJGRMHOSHXDMSA-UHFFFAOYSA-N"}]},{"pressure":0.089129,"total_adsorption":207.101,"species_data":[{"composition":1,"adsorption":207.101,"InChIKey":"IJGRMHOSHXDMSA-UHFFFAOYSA-N"}]},{"pressure":0.107892,"total_adsorption":213.018,"species_data":[{"composition":1,"adsorption":213.018,"InChIKey":"IJGRMHOSHXDMSA-UHFFFAOYSA-N"}]},{"pressure":0.164184,"total_adsorption":224.852,"species_data":[{"composition":1,"adsorption":224.852,"InChIKey":"IJGRMHOSHXDMSA-UHFFFAOYSA-N"}]},{"pressure":0.206403,"total_adsorption":230.769,"species_data":[{"composition":1,"adsorption":230.769,"InChIKey":"IJGRMHOSHXDMSA-UHFFFAOYSA-N"}]},{"pressure":0.253312,"total_adsorption":236.686,"species_data":[{"composition":1,"adsorption":236.686,"InChIKey":"IJGRMHOSHXDMSA-UHFFFAOYSA-N"}]},{"pressure":0.262694,"total_adsorption":236.686,"species_data":[{"composition":1,"adsorption":236.686,"InChIKey":"IJGRMHOSHXDMSA-UHFFFAOYSA-N"}]},{"pressure":0.309605,"total_adsorption":242.604,"species_data":[{"composition":1,"adsorption":242.604,"InChIKey":"IJGRMHOSHXDMSA-UHFFFAOYSA-N"}]},{"pressure":0.356514,"total_adsorption":242.604,"species_data":[{"composition":1,"adsorption":242.604,"InChIKey":"IJGRMHOSHXDMSA-UHFFFAOYSA-N"}]},{"pressure":0.38466,"total_adsorption":248.521,"species_data":[{"composition":1,"adsorption":248.521,"InChIKey":"IJGRMHOSHXDMSA-UHFFFAOYSA-N"}]},{"pressure":0.408115,"total_adsorption":248.521,"species_data":[{"composition":1,"adsorption":248.521,"InChIKey":"IJGRMHOSHXDMSA-UHFFFAOYSA-N"}]},{"pressure":0.469097,"total_adsorption":248.521,"species_data":[{"composition":1,"adsorption":248.521,"InChIKey":"IJGRMHOSHXDMSA-UHFFFAOYSA-N"}]},{"pressure":0.511316,"total_adsorption":254.438,"species_data":[{"composition":1,"adsorption":254.438,"InChIKey":"IJGRMHOSHXDMSA-UHFFFAOYSA-N"}]},{"pressure":0.562917,"total_adsorption":260.355,"species_data":[{"composition":1,"adsorption":260.355,"InChIKey":"IJGRMHOSHXDMSA-UHFFFAOYSA-N"}]},{"pressure":0.609827,"total_adsorption":260.355,"species_data":[{"composition":1,"adsorption":260.355,"InChIKey":"IJGRMHOSHXDMSA-UHFFFAOYSA-N"}]},{"pressure":0.656736,"total_adsorption":260.355,"species_data":[{"composition":1,"adsorption":260.355,"InChIKey":"IJGRMHOSHXDMSA-UHFFFAOYSA-N"}]},{"pressure":0.717718,"total_adsorption":266.272,"species_data":[{"composition":1,"adsorption":266.272,"InChIKey":"IJGRMHOSHXDMSA-UHFFFAOYSA-N"}]},{"pressure":0.759938,"total_adsorption":266.272,"species_data":[{"composition":1,"adsorption":266.272,"InChIKey":"IJGRMHOSHXDMSA-UHFFFAOYSA-N"}]},{"pressure":0.811538,"total_adsorption":272.189,"species_data":[{"composition":1,"adsorption":272.189,"InChIKey":"IJGRMHOSHXDMSA-UHFFFAOYSA-N"}]},{"pressure":0.858448,"total_adsorption":278.107,"species_data":[{"composition":1,"adsorption":278.107,"InChIKey":"IJGRMHOSHXDMSA-UHFFFAOYSA-N"}]},{"pressure":0.924121,"total_adsorption":307.692,"species_data":[{"composition":1,"adsorption":307.692,"InChIKey":"IJGRMHOSHXDMSA-UHFFFAOYSA-N"}]},{"pressure":0.971031,"total_adsorption":579.882,"species_data":[{"composition":1,"adsorption":579.882,"InChIKey":"IJGRMHOSHXDMSA-UHFFFAOYSA-N"}]},{"pressure":0.999177,"total_adsorption":650.888,"species_data":[{"composition":1,"adsorption":650.888,"InChIKey":"IJGRMHOSHXDMSA-UHFFFAOYSA-N"}]}],"temperature":77,"articleSource":"Figure 4b","compositionType":"molefraction","adsorbates":[{"name":"Nitrogen","InChIKey":"IJGRMHOSHXDMSA-UHFFFAOYSA-N"}],"adsorptionUnits":"cm3(STP)/g","date":"2016-07-14","category":"exp","digitizer":"Adithya Varadan","pressureUnits":"bar","DOI":"10.1021/acs.jpcc.5b01519","adsorbent":{"name":"ZIF-8-M_250_2d","hashkey":"NIST-MATDB-852d85c1bfb55d0aa334c749ae6be48a"},"concentrationUnits":"","filename":"10.1021acs.jpcc.5b01519.Isotherm6","isotherm_type":""}