{"filename": "10.1021Ie0705655.isotherm59", "DOI": "10.1021/Ie0705655", "articleSource": "UNKNOWN", "date": "1000-01-01", "digitizer": "UNKNOWN", "adsorbent": {"hashkey": "NIST-MATDB-b76bbf3e404395a8b5d1b9ec08bf2d8f", "name": "Zeolite 13X"}, "adsorbates": [{"InChIKey": "QQONPFPTGQHPMA-UHFFFAOYSA-N", "name": "Propene"}], "category": "", "temperature": 373, "isotherm_type": "", "adsorptionUnits": "molecules/unitcell", "pressureUnits": "bar", "compositionType": "molefraction", "concentrationUnits": "", "isotherm_data": [{"pressure": 0.00463112, "total_adsorption": 8.38104, "species_data": [{"InChIKey": "QQONPFPTGQHPMA-UHFFFAOYSA-N", "composition": 1, "adsorption": 8.38104}]}, {"pressure": 0.0325184, "total_adsorption": 12.8881, "species_data": [{"InChIKey": "QQONPFPTGQHPMA-UHFFFAOYSA-N", "composition": 1, "adsorption": 12.8881}]}, {"pressure": 0.0789973, "total_adsorption": 19.5782, "species_data": [{"InChIKey": "QQONPFPTGQHPMA-UHFFFAOYSA-N", "composition": 1, "adsorption": 19.5782}]}, {"pressure": 0.181251, "total_adsorption": 25.9867, "species_data": [{"InChIKey": "QQONPFPTGQHPMA-UHFFFAOYSA-N", "composition": 1, "adsorption": 25.9867}]}, {"pressure": 0.280406, "total_adsorption": 29.1557, "species_data": [{"InChIKey": "QQONPFPTGQHPMA-UHFFFAOYSA-N", "composition": 1, "adsorption": 29.1557}]}, {"pressure": 0.407448, "total_adsorption": 31.1275, "species_data": [{"InChIKey": "QQONPFPTGQHPMA-UHFFFAOYSA-N", "composition": 1, "adsorption": 31.1275}]}, {"pressure": 0.501955, "total_adsorption": 32.1839, "species_data": [{"InChIKey": "QQONPFPTGQHPMA-UHFFFAOYSA-N", "composition": 1, "adsorption": 32.1839}]}, {"pressure": 0.636744, "total_adsorption": 33.2402, "species_data": [{"InChIKey": "QQONPFPTGQHPMA-UHFFFAOYSA-N", "composition": 1, "adsorption": 33.2402}]}, {"pressure": 0.740547, "total_adsorption": 34.4374, "species_data": [{"InChIKey": "QQONPFPTGQHPMA-UHFFFAOYSA-N", "composition": 1, "adsorption": 34.4374}]}, {"pressure": 0.844349, "total_adsorption": 35.1416, "species_data": [{"InChIKey": "QQONPFPTGQHPMA-UHFFFAOYSA-N", "composition": 1, "adsorption": 35.1416}]}, {"pressure": 1.01167, "total_adsorption": 36.1275, "species_data": [{"InChIKey": "QQONPFPTGQHPMA-UHFFFAOYSA-N", "composition": 1, "adsorption": 36.1275}]}]}