{"isotherm_data":[{"pressure":0.17969,"total_adsorption":null,"species_data":[{"composition":1,"adsorption":0.0678,"InChIKey":"IJGRMHOSHXDMSA-UHFFFAOYSA-N"}]},{"pressure":0.40816,"total_adsorption":null,"species_data":[{"composition":1,"adsorption":0.0841,"InChIKey":"IJGRMHOSHXDMSA-UHFFFAOYSA-N"}]},{"pressure":0.81942,"total_adsorption":null,"species_data":[{"composition":1,"adsorption":0.12782,"InChIKey":"IJGRMHOSHXDMSA-UHFFFAOYSA-N"}]},{"pressure":0.99649,"total_adsorption":null,"species_data":[{"composition":1,"adsorption":0.14419,"InChIKey":"IJGRMHOSHXDMSA-UHFFFAOYSA-N"}]},{"pressure":1.51057,"total_adsorption":null,"species_data":[{"composition":1,"adsorption":0.19885,"InChIKey":"IJGRMHOSHXDMSA-UHFFFAOYSA-N"}]},{"pressure":1.99607,"total_adsorption":null,"species_data":[{"composition":1,"adsorption":0.23693,"InChIKey":"IJGRMHOSHXDMSA-UHFFFAOYSA-N"}]},{"pressure":2.51014,"total_adsorption":null,"species_data":[{"composition":1,"adsorption":0.28051,"InChIKey":"IJGRMHOSHXDMSA-UHFFFAOYSA-N"}]},{"pressure":3.00708,"total_adsorption":null,"species_data":[{"composition":1,"adsorption":0.32966,"InChIKey":"IJGRMHOSHXDMSA-UHFFFAOYSA-N"}]},{"pressure":3.52114,"total_adsorption":null,"species_data":[{"composition":1,"adsorption":0.3677,"InChIKey":"IJGRMHOSHXDMSA-UHFFFAOYSA-N"}]},{"pressure":4.00094,"total_adsorption":null,"species_data":[{"composition":1,"adsorption":0.41687,"InChIKey":"IJGRMHOSHXDMSA-UHFFFAOYSA-N"}]},{"pressure":4.49217,"total_adsorption":null,"species_data":[{"composition":1,"adsorption":0.46602,"InChIKey":"IJGRMHOSHXDMSA-UHFFFAOYSA-N"}]},{"pressure":4.98911,"total_adsorption":null,"species_data":[{"composition":1,"adsorption":0.51517,"InChIKey":"IJGRMHOSHXDMSA-UHFFFAOYSA-N"}]}],"temperature":313,"articleSource":"Figure 1b","compositionType":"moleratio","adsorbates":[{"name":"Nitrogen","InChIKey":"IJGRMHOSHXDMSA-UHFFFAOYSA-N"}],"adsorptionUnits":"mmol/g","date":"2019-07-22","category":"exp","digitizer":"Justin Chen","pressureUnits":"bar","DOI":"10.1021/acs.iecr.7b00229","adsorbent":{"name":"Cu(I)Y","hashkey":"NIST-MATDB-810f774ed06a6416ba74c19ba4d8d6c9"},"concentrationUnits":"","filename":"10.1021acs.iecr.7b00229.Isotherm39","isotherm_type":""}