{"filename": "10.1016j.ijhydene.2009.01.079.Isotherm14", "DOI": "10.1016/j.ijhydene.2009.01.079", "articleSource": "Table 3 (figure 8)- Code7", "date": "2018-06-13", "digitizer": "Julie Yagodich", "adsorbent": {"hashkey": "NIST-MATDB-c568a3a58788af4c6f9bc2e41314b936", "name": "CMS 4A"}, "adsorbates": [{"InChIKey": "UFHFLCQGNIYNRP-UHFFFAOYSA-N", "name": "Hydrogen"}], "category": "exp", "temperature": 294, "isotherm_type": "", "adsorptionUnits": "wt%", "pressureUnits": "bar", "compositionType": "moleratio", "concentrationUnits": "", "isotherm_data": [{"pressure": 3, "total_adsorption": null, "species_data": [{"InChIKey": "UFHFLCQGNIYNRP-UHFFFAOYSA-N", "composition": 1, "adsorption": 0.03}]}, {"pressure": 7, "total_adsorption": null, "species_data": [{"InChIKey": "UFHFLCQGNIYNRP-UHFFFAOYSA-N", "composition": 1, "adsorption": 0.05}]}, {"pressure": 10, "total_adsorption": null, "species_data": [{"InChIKey": "UFHFLCQGNIYNRP-UHFFFAOYSA-N", "composition": 1, "adsorption": 0.07}]}, {"pressure": 15, "total_adsorption": null, "species_data": [{"InChIKey": "UFHFLCQGNIYNRP-UHFFFAOYSA-N", "composition": 1, "adsorption": 0.09}]}, {"pressure": 18, "total_adsorption": null, "species_data": [{"InChIKey": "UFHFLCQGNIYNRP-UHFFFAOYSA-N", "composition": 1, "adsorption": 0.1}]}]}