{"isotherm_data":[{"pressure":0.00735682,"total_adsorption":1.62291,"species_data":[{"composition":1,"adsorption":1.62291,"InChIKey":"UGFAIRIUMAVXCW-UHFFFAOYSA-N"}]},{"pressure":0.230507,"total_adsorption":2.49685,"species_data":[{"composition":1,"adsorption":2.49685,"InChIKey":"UGFAIRIUMAVXCW-UHFFFAOYSA-N"}]},{"pressure":0.43979,"total_adsorption":2.49685,"species_data":[{"composition":1,"adsorption":2.49685,"InChIKey":"UGFAIRIUMAVXCW-UHFFFAOYSA-N"}]},{"pressure":0.550735,"total_adsorption":3.3708,"species_data":[{"composition":1,"adsorption":3.3708,"InChIKey":"UGFAIRIUMAVXCW-UHFFFAOYSA-N"}]},{"pressure":0.569646,"total_adsorption":6.8666,"species_data":[{"composition":1,"adsorption":6.8666,"InChIKey":"UGFAIRIUMAVXCW-UHFFFAOYSA-N"}]}],"temperature":77,"articleSource":"UNKNOWN","compositionType":"molefraction","adsorbates":[{"name":"Carbon monoxide","InChIKey":"UGFAIRIUMAVXCW-UHFFFAOYSA-N"}],"adsorptionUnits":"cm3(STP)/g","date":"1000-01-01","category":"","digitizer":"UNKNOWN","pressureUnits":"bar","DOI":"10.1246/bcsj.20130157","adsorbent":{"name":"PCP-1","hashkey":"NIST-MATDB-41c2805a6520a1ee656e0804d78c64b9"},"concentrationUnits":"","filename":"10.1246bcsj.20130157.isotherm14","isotherm_type":""}