{"isotherm_data":[{"pressure":0.004225,"total_adsorption":null,"species_data":[{"composition":1,"adsorption":1.0892,"InChIKey":"IJGRMHOSHXDMSA-UHFFFAOYSA-N"}]},{"pressure":0.011369,"total_adsorption":null,"species_data":[{"composition":1,"adsorption":1.1914,"InChIKey":"IJGRMHOSHXDMSA-UHFFFAOYSA-N"}]},{"pressure":0.035443,"total_adsorption":null,"species_data":[{"composition":1,"adsorption":1.3195,"InChIKey":"IJGRMHOSHXDMSA-UHFFFAOYSA-N"}]},{"pressure":0.047065,"total_adsorption":null,"species_data":[{"composition":1,"adsorption":1.7929,"InChIKey":"IJGRMHOSHXDMSA-UHFFFAOYSA-N"}]},{"pressure":0.0719,"total_adsorption":null,"species_data":[{"composition":1,"adsorption":1.3771,"InChIKey":"IJGRMHOSHXDMSA-UHFFFAOYSA-N"}]},{"pressure":0.081445,"total_adsorption":null,"species_data":[{"composition":1,"adsorption":1.8418,"InChIKey":"IJGRMHOSHXDMSA-UHFFFAOYSA-N"}]},{"pressure":0.095479,"total_adsorption":null,"species_data":[{"composition":1,"adsorption":1.4045,"InChIKey":"IJGRMHOSHXDMSA-UHFFFAOYSA-N"}]},{"pressure":0.108428,"total_adsorption":null,"species_data":[{"composition":1,"adsorption":1.8433,"InChIKey":"IJGRMHOSHXDMSA-UHFFFAOYSA-N"}]},{"pressure":0.118571,"total_adsorption":null,"species_data":[{"composition":1,"adsorption":1.4405,"InChIKey":"IJGRMHOSHXDMSA-UHFFFAOYSA-N"}]},{"pressure":0.141814,"total_adsorption":null,"species_data":[{"composition":1,"adsorption":1.8156,"InChIKey":"IJGRMHOSHXDMSA-UHFFFAOYSA-N"}]},{"pressure":0.144216,"total_adsorption":null,"species_data":[{"composition":1,"adsorption":1.8578,"InChIKey":"IJGRMHOSHXDMSA-UHFFFAOYSA-N"}]},{"pressure":0.182334,"total_adsorption":null,"species_data":[{"composition":1,"adsorption":1.8477,"InChIKey":"IJGRMHOSHXDMSA-UHFFFAOYSA-N"}]},{"pressure":0.183084,"total_adsorption":null,"species_data":[{"composition":1,"adsorption":1.8335,"InChIKey":"IJGRMHOSHXDMSA-UHFFFAOYSA-N"}]},{"pressure":0.223938,"total_adsorption":null,"species_data":[{"composition":1,"adsorption":1.5068,"InChIKey":"IJGRMHOSHXDMSA-UHFFFAOYSA-N"}]},{"pressure":0.233159,"total_adsorption":null,"species_data":[{"composition":1,"adsorption":1.832,"InChIKey":"IJGRMHOSHXDMSA-UHFFFAOYSA-N"}]},{"pressure":0.273355,"total_adsorption":null,"species_data":[{"composition":1,"adsorption":1.5126,"InChIKey":"IJGRMHOSHXDMSA-UHFFFAOYSA-N"}]},{"pressure":0.283315,"total_adsorption":null,"species_data":[{"composition":1,"adsorption":1.7946,"InChIKey":"IJGRMHOSHXDMSA-UHFFFAOYSA-N"}]},{"pressure":0.323338,"total_adsorption":null,"species_data":[{"composition":1,"adsorption":1.5357,"InChIKey":"IJGRMHOSHXDMSA-UHFFFAOYSA-N"}]},{"pressure":0.333633,"total_adsorption":null,"species_data":[{"composition":1,"adsorption":1.7731,"InChIKey":"IJGRMHOSHXDMSA-UHFFFAOYSA-N"}]},{"pressure":0.373666,"total_adsorption":null,"species_data":[{"composition":1,"adsorption":1.5444,"InChIKey":"IJGRMHOSHXDMSA-UHFFFAOYSA-N"}]},{"pressure":0.384954,"total_adsorption":null,"species_data":[{"composition":1,"adsorption":1.7372,"InChIKey":"IJGRMHOSHXDMSA-UHFFFAOYSA-N"}]},{"pressure":0.423903,"total_adsorption":null,"species_data":[{"composition":1,"adsorption":1.5502,"InChIKey":"IJGRMHOSHXDMSA-UHFFFAOYSA-N"}]},{"pressure":0.435444,"total_adsorption":null,"species_data":[{"composition":1,"adsorption":1.7057,"InChIKey":"IJGRMHOSHXDMSA-UHFFFAOYSA-N"}]},{"pressure":0.474718,"total_adsorption":null,"species_data":[{"composition":1,"adsorption":1.5805,"InChIKey":"IJGRMHOSHXDMSA-UHFFFAOYSA-N"}]},{"pressure":0.487343,"total_adsorption":null,"species_data":[{"composition":1,"adsorption":1.7216,"InChIKey":"IJGRMHOSHXDMSA-UHFFFAOYSA-N"}]},{"pressure":0.525289,"total_adsorption":null,"species_data":[{"composition":1,"adsorption":1.6195,"InChIKey":"IJGRMHOSHXDMSA-UHFFFAOYSA-N"}]},{"pressure":0.53758,"total_adsorption":null,"species_data":[{"composition":1,"adsorption":1.7475,"InChIKey":"IJGRMHOSHXDMSA-UHFFFAOYSA-N"}]},{"pressure":0.575779,"total_adsorption":null,"species_data":[{"composition":1,"adsorption":1.6598,"InChIKey":"IJGRMHOSHXDMSA-UHFFFAOYSA-N"}]},{"pressure":0.58807,"total_adsorption":null,"species_data":[{"composition":1,"adsorption":1.7476,"InChIKey":"IJGRMHOSHXDMSA-UHFFFAOYSA-N"}]},{"pressure":0.626097,"total_adsorption":null,"species_data":[{"composition":1,"adsorption":1.7117,"InChIKey":"IJGRMHOSHXDMSA-UHFFFAOYSA-N"}]},{"pressure":0.6393,"total_adsorption":null,"species_data":[{"composition":1,"adsorption":1.7851,"InChIKey":"IJGRMHOSHXDMSA-UHFFFAOYSA-N"}]},{"pressure":0.67675,"total_adsorption":null,"species_data":[{"composition":1,"adsorption":1.801,"InChIKey":"IJGRMHOSHXDMSA-UHFFFAOYSA-N"}]},{"pressure":0.690206,"total_adsorption":null,"species_data":[{"composition":1,"adsorption":1.86,"InChIKey":"IJGRMHOSHXDMSA-UHFFFAOYSA-N"}]},{"pressure":0.727412,"total_adsorption":null,"species_data":[{"composition":1,"adsorption":1.9363,"InChIKey":"IJGRMHOSHXDMSA-UHFFFAOYSA-N"}]},{"pressure":0.740696,"total_adsorption":null,"species_data":[{"composition":1,"adsorption":1.9953,"InChIKey":"IJGRMHOSHXDMSA-UHFFFAOYSA-N"}]},{"pressure":0.776899,"total_adsorption":null,"species_data":[{"composition":1,"adsorption":2.1364,"InChIKey":"IJGRMHOSHXDMSA-UHFFFAOYSA-N"}]},{"pressure":0.790842,"total_adsorption":null,"species_data":[{"composition":1,"adsorption":2.2371,"InChIKey":"IJGRMHOSHXDMSA-UHFFFAOYSA-N"}]},{"pressure":0.816588,"total_adsorption":null,"species_data":[{"composition":1,"adsorption":2.4012,"InChIKey":"IJGRMHOSHXDMSA-UHFFFAOYSA-N"}]},{"pressure":0.827633,"total_adsorption":null,"species_data":[{"composition":1,"adsorption":2.4746,"InChIKey":"IJGRMHOSHXDMSA-UHFFFAOYSA-N"}]},{"pressure":0.842406,"total_adsorption":null,"species_data":[{"composition":1,"adsorption":2.6314,"InChIKey":"IJGRMHOSHXDMSA-UHFFFAOYSA-N"}]},{"pressure":0.847888,"total_adsorption":null,"species_data":[{"composition":1,"adsorption":2.6688,"InChIKey":"IJGRMHOSHXDMSA-UHFFFAOYSA-N"}]},{"pressure":0.859925,"total_adsorption":null,"species_data":[{"composition":1,"adsorption":2.7911,"InChIKey":"IJGRMHOSHXDMSA-UHFFFAOYSA-N"}]},{"pressure":0.867403,"total_adsorption":null,"species_data":[{"composition":1,"adsorption":2.9192,"InChIKey":"IJGRMHOSHXDMSA-UHFFFAOYSA-N"}]},{"pressure":0.884091,"total_adsorption":null,"species_data":[{"composition":1,"adsorption":3.1308,"InChIKey":"IJGRMHOSHXDMSA-UHFFFAOYSA-N"}]},{"pressure":0.893636,"total_adsorption":null,"species_data":[{"composition":1,"adsorption":3.3077,"InChIKey":"IJGRMHOSHXDMSA-UHFFFAOYSA-N"}]},{"pressure":0.909493,"total_adsorption":null,"species_data":[{"composition":1,"adsorption":3.5811,"InChIKey":"IJGRMHOSHXDMSA-UHFFFAOYSA-N"}]},{"pressure":0.920284,"total_adsorption":null,"species_data":[{"composition":1,"adsorption":3.9337,"InChIKey":"IJGRMHOSHXDMSA-UHFFFAOYSA-N"}]},{"pressure":0.934652,"total_adsorption":null,"species_data":[{"composition":1,"adsorption":4.1567,"InChIKey":"IJGRMHOSHXDMSA-UHFFFAOYSA-N"}]},{"pressure":0.948513,"total_adsorption":null,"species_data":[{"composition":1,"adsorption":5.0733,"InChIKey":"IJGRMHOSHXDMSA-UHFFFAOYSA-N"}]},{"pressure":0.958808,"total_adsorption":null,"species_data":[{"composition":1,"adsorption":5.256,"InChIKey":"IJGRMHOSHXDMSA-UHFFFAOYSA-N"}]},{"pressure":0.975557,"total_adsorption":null,"species_data":[{"composition":1,"adsorption":7.5812,"InChIKey":"IJGRMHOSHXDMSA-UHFFFAOYSA-N"}]},{"pressure":0.982194,"total_adsorption":null,"species_data":[{"composition":1,"adsorption":7.528,"InChIKey":"IJGRMHOSHXDMSA-UHFFFAOYSA-N"}]},{"pressure":0.991151,"total_adsorption":null,"species_data":[{"composition":1,"adsorption":9.0877,"InChIKey":"IJGRMHOSHXDMSA-UHFFFAOYSA-N"}]},{"pressure":0.991384,"total_adsorption":null,"species_data":[{"composition":1,"adsorption":9.241,"InChIKey":"IJGRMHOSHXDMSA-UHFFFAOYSA-N"}]},{"pressure":1.00092,"total_adsorption":null,"species_data":[{"composition":1,"adsorption":11.8503,"InChIKey":"IJGRMHOSHXDMSA-UHFFFAOYSA-N"}]},{"pressure":1.00728,"total_adsorption":null,"species_data":[{"composition":1,"adsorption":14.6892,"InChIKey":"IJGRMHOSHXDMSA-UHFFFAOYSA-N"}]}],"temperature":77,"articleSource":"Figure 3","compositionType":"molefraction","adsorbates":[{"name":"Nitrogen","InChIKey":"IJGRMHOSHXDMSA-UHFFFAOYSA-N"}],"adsorptionUnits":"cm3(STP)/g","date":"2018-07-09","category":"exp","digitizer":"Soojin Jang","pressureUnits":"bar","DOI":"10.1016/j.mssp.2015.03.025","adsorbent":{"name":"N-K2Ti4O9","hashkey":"NIST-MATDB-54c17a19ed9593a692dced7ce5d9d4e4"},"concentrationUnits":"","filename":"10.1016j.mssp.2015.03.025.Isotherm1","isotherm_type":""}