{"filename": "10.1021Jp2112389.Isotherm13", "DOI": "10.1021/Jp2112389", "articleSource": "UNKNOWN", "date": "1000-01-01", "digitizer": "UNKNOWN", "adsorbent": {"hashkey": "NIST-MATDB-96a23204b82bca5adf8cc2d6f16d1fff", "name": "Zeolite LTL"}, "adsorbates": [{"InChIKey": "VLKZOEOYAKHREP-UHFFFAOYSA-N", "name": "N-Hexane"}], "category": "", "temperature": 533, "isotherm_type": "", "adsorptionUnits": "molecules/unitcell", "pressureUnits": "bar", "compositionType": "molefraction", "concentrationUnits": "", "isotherm_data": [{"pressure": 0.075859, "total_adsorption": 0, "species_data": [{"InChIKey": "VLKZOEOYAKHREP-UHFFFAOYSA-N", "composition": 1, "adsorption": 0}]}, {"pressure": 0.0979754, "total_adsorption": 0.145455, "species_data": [{"InChIKey": "VLKZOEOYAKHREP-UHFFFAOYSA-N", "composition": 1, "adsorption": 0.145455}]}, {"pressure": 0.147536, "total_adsorption": 0.145455, "species_data": [{"InChIKey": "VLKZOEOYAKHREP-UHFFFAOYSA-N", "composition": 1, "adsorption": 0.145455}]}, {"pressure": 0.181045, "total_adsorption": 0.218182, "species_data": [{"InChIKey": "VLKZOEOYAKHREP-UHFFFAOYSA-N", "composition": 1, "adsorption": 0.218182}]}, {"pressure": 0.239887, "total_adsorption": 0.290909, "species_data": [{"InChIKey": "VLKZOEOYAKHREP-UHFFFAOYSA-N", "composition": 1, "adsorption": 0.290909}]}, {"pressure": 0.309825, "total_adsorption": 0.363636, "species_data": [{"InChIKey": "VLKZOEOYAKHREP-UHFFFAOYSA-N", "composition": 1, "adsorption": 0.363636}]}, {"pressure": 0.390047, "total_adsorption": 0.509091, "species_data": [{"InChIKey": "VLKZOEOYAKHREP-UHFFFAOYSA-N", "composition": 1, "adsorption": 0.509091}]}, {"pressure": 0.503764, "total_adsorption": 0.654545, "species_data": [{"InChIKey": "VLKZOEOYAKHREP-UHFFFAOYSA-N", "composition": 1, "adsorption": 0.654545}]}, {"pressure": 0.634201, "total_adsorption": 0.8, "species_data": [{"InChIKey": "VLKZOEOYAKHREP-UHFFFAOYSA-N", "composition": 1, "adsorption": 0.8}]}, {"pressure": 0.798412, "total_adsorption": 1.01818, "species_data": [{"InChIKey": "VLKZOEOYAKHREP-UHFFFAOYSA-N", "composition": 1, "adsorption": 1.01818}]}, {"pressure": 1.00514, "total_adsorption": 1.30909, "species_data": [{"InChIKey": "VLKZOEOYAKHREP-UHFFFAOYSA-N", "composition": 1, "adsorption": 1.30909}]}, {"pressure": 1.29819, "total_adsorption": 1.52727, "species_data": [{"InChIKey": "VLKZOEOYAKHREP-UHFFFAOYSA-N", "composition": 1, "adsorption": 1.52727}]}, {"pressure": 1.63432, "total_adsorption": 1.81818, "species_data": [{"InChIKey": "VLKZOEOYAKHREP-UHFFFAOYSA-N", "composition": 1, "adsorption": 1.81818}]}, {"pressure": 2.05749, "total_adsorption": 2.10909, "species_data": [{"InChIKey": "VLKZOEOYAKHREP-UHFFFAOYSA-N", "composition": 1, "adsorption": 2.10909}]}, {"pressure": 2.65734, "total_adsorption": 2.32727, "species_data": [{"InChIKey": "VLKZOEOYAKHREP-UHFFFAOYSA-N", "composition": 1, "adsorption": 2.32727}]}, {"pressure": 3.34542, "total_adsorption": 2.61818, "species_data": [{"InChIKey": "VLKZOEOYAKHREP-UHFFFAOYSA-N", "composition": 1, "adsorption": 2.61818}]}, {"pressure": 4.21164, "total_adsorption": 2.83636, "species_data": [{"InChIKey": "VLKZOEOYAKHREP-UHFFFAOYSA-N", "composition": 1, "adsorption": 2.83636}]}, {"pressure": 5.43955, "total_adsorption": 3.05455, "species_data": [{"InChIKey": "VLKZOEOYAKHREP-UHFFFAOYSA-N", "composition": 1, "adsorption": 3.05455}]}, {"pressure": 6.84799, "total_adsorption": 3.27273, "species_data": [{"InChIKey": "VLKZOEOYAKHREP-UHFFFAOYSA-N", "composition": 1, "adsorption": 3.27273}]}, {"pressure": 8.84451, "total_adsorption": 3.41818, "species_data": [{"InChIKey": "VLKZOEOYAKHREP-UHFFFAOYSA-N", "composition": 1, "adsorption": 3.41818}]}, {"pressure": 10.0515, "total_adsorption": 3.49091, "species_data": [{"InChIKey": "VLKZOEOYAKHREP-UHFFFAOYSA-N", "composition": 1, "adsorption": 3.49091}]}]}