{"filename": "10.1021la052545i.isotherm18", "DOI": "10.1021/la052545i", "articleSource": "UNKNOWN", "date": "1000-01-01", "digitizer": "UNKNOWN", "adsorbent": {"hashkey": "NIST-MATDB-453276ee992ed07dc207ed08b2b221ce", "name": "Carbon"}, "adsorbates": [{"InChIKey": "UHOVQNZJYSORNB-UHFFFAOYSA-N", "name": "Benzene"}], "category": "", "temperature": 323, "isotherm_type": "", "adsorptionUnits": "mol/m2", "pressureUnits": "bar", "compositionType": "molefraction", "concentrationUnits": "", "isotherm_data": [{"pressure": 0.000217, "total_adsorption": 1.05e-07, "species_data": [{"InChIKey": "UHOVQNZJYSORNB-UHFFFAOYSA-N", "composition": 1, "adsorption": 1.05e-07}]}, {"pressure": 0.000429, "total_adsorption": 1.98e-07, "species_data": [{"InChIKey": "UHOVQNZJYSORNB-UHFFFAOYSA-N", "composition": 1, "adsorption": 1.98e-07}]}, {"pressure": 0.000592, "total_adsorption": 2.93e-07, "species_data": [{"InChIKey": "UHOVQNZJYSORNB-UHFFFAOYSA-N", "composition": 1, "adsorption": 2.93e-07}]}, {"pressure": 0.000834, "total_adsorption": 4.13e-07, "species_data": [{"InChIKey": "UHOVQNZJYSORNB-UHFFFAOYSA-N", "composition": 1, "adsorption": 4.13e-07}]}, {"pressure": 0.00115102, "total_adsorption": 5.64e-07, "species_data": [{"InChIKey": "UHOVQNZJYSORNB-UHFFFAOYSA-N", "composition": 1, "adsorption": 5.64e-07}]}, {"pressure": 0.00262664, "total_adsorption": 1.05e-06, "species_data": [{"InChIKey": "UHOVQNZJYSORNB-UHFFFAOYSA-N", "composition": 1, "adsorption": 1.05e-06}]}, {"pressure": 0.00490146, "total_adsorption": 1.64e-06, "species_data": [{"InChIKey": "UHOVQNZJYSORNB-UHFFFAOYSA-N", "composition": 1, "adsorption": 1.64e-06}]}, {"pressure": 0.00933232, "total_adsorption": 2.52e-06, "species_data": [{"InChIKey": "UHOVQNZJYSORNB-UHFFFAOYSA-N", "composition": 1, "adsorption": 2.52e-06}]}, {"pressure": 0.0170677, "total_adsorption": 3.28e-06, "species_data": [{"InChIKey": "UHOVQNZJYSORNB-UHFFFAOYSA-N", "composition": 1, "adsorption": 3.28e-06}]}, {"pressure": 0.0374123, "total_adsorption": 4.09e-06, "species_data": [{"InChIKey": "UHOVQNZJYSORNB-UHFFFAOYSA-N", "composition": 1, "adsorption": 4.09e-06}]}, {"pressure": 0.0820078, "total_adsorption": 4.85e-06, "species_data": [{"InChIKey": "UHOVQNZJYSORNB-UHFFFAOYSA-N", "composition": 1, "adsorption": 4.85e-06}]}]}