{"isotherm_data":[{"pressure":0.000155452,"total_adsorption":0.9298,"species_data":[{"composition":1,"adsorption":0.9298,"InChIKey":"IJGRMHOSHXDMSA-UHFFFAOYSA-N"}]},{"pressure":0.201,"total_adsorption":2.23171,"species_data":[{"composition":1,"adsorption":2.23171,"InChIKey":"IJGRMHOSHXDMSA-UHFFFAOYSA-N"}]},{"pressure":0.395419,"total_adsorption":2.60189,"species_data":[{"composition":1,"adsorption":2.60189,"InChIKey":"IJGRMHOSHXDMSA-UHFFFAOYSA-N"}]},{"pressure":0.602378,"total_adsorption":2.97594,"species_data":[{"composition":1,"adsorption":2.97594,"InChIKey":"IJGRMHOSHXDMSA-UHFFFAOYSA-N"}]},{"pressure":0.702697,"total_adsorption":3.00703,"species_data":[{"composition":1,"adsorption":3.00703,"InChIKey":"IJGRMHOSHXDMSA-UHFFFAOYSA-N"}]},{"pressure":0.803171,"total_adsorption":3.96792,"species_data":[{"composition":1,"adsorption":3.96792,"InChIKey":"IJGRMHOSHXDMSA-UHFFFAOYSA-N"}]},{"pressure":0.909812,"total_adsorption":4.31089,"species_data":[{"composition":1,"adsorption":4.31089,"InChIKey":"IJGRMHOSHXDMSA-UHFFFAOYSA-N"}]},{"pressure":0.947638,"total_adsorption":5.56228,"species_data":[{"composition":1,"adsorption":5.56228,"InChIKey":"IJGRMHOSHXDMSA-UHFFFAOYSA-N"}]},{"pressure":0.976268,"total_adsorption":8.0505,"species_data":[{"composition":1,"adsorption":8.0505,"InChIKey":"IJGRMHOSHXDMSA-UHFFFAOYSA-N"}]},{"pressure":0.993445,"total_adsorption":17.0434,"species_data":[{"composition":1,"adsorption":17.0434,"InChIKey":"IJGRMHOSHXDMSA-UHFFFAOYSA-N"}]}],"temperature":77,"articleSource":"UNKNOWN","compositionType":"molefraction","adsorbates":[{"name":"Nitrogen","InChIKey":"IJGRMHOSHXDMSA-UHFFFAOYSA-N"}],"adsorptionUnits":"cm3(STP)/g","date":"1000-01-01","category":"","digitizer":"UNKNOWN","pressureUnits":"bar","DOI":"10.1021/Ja302991b","adsorbent":{"name":"[Zn2(fu-bdc)2(dabco)]n","hashkey":"NIST-MATDB-6095235b2153bda1d4ec9c98592b3c89"},"concentrationUnits":"","filename":"10.1021Ja302991b.isotherm12","isotherm_type":""}