{"isotherm_data":[{"pressure":0.000116788,"total_adsorption":0.623306,"species_data":[{"composition":1,"adsorption":0.623306,"InChIKey":"XSTXAVWGXDQKEL-UHFFFAOYSA-N"}]},{"pressure":0.000145985,"total_adsorption":0.894329,"species_data":[{"composition":1,"adsorption":0.894329,"InChIKey":"XSTXAVWGXDQKEL-UHFFFAOYSA-N"}]},{"pressure":0.000233577,"total_adsorption":1.0623,"species_data":[{"composition":1,"adsorption":1.0623,"InChIKey":"XSTXAVWGXDQKEL-UHFFFAOYSA-N"}]},{"pressure":0.000350365,"total_adsorption":1.28445,"species_data":[{"composition":1,"adsorption":1.28445,"InChIKey":"XSTXAVWGXDQKEL-UHFFFAOYSA-N"}]},{"pressure":0.000525547,"total_adsorption":1.39272,"species_data":[{"composition":1,"adsorption":1.39272,"InChIKey":"XSTXAVWGXDQKEL-UHFFFAOYSA-N"}]},{"pressure":0.000875912,"total_adsorption":1.46829,"species_data":[{"composition":1,"adsorption":1.46829,"InChIKey":"XSTXAVWGXDQKEL-UHFFFAOYSA-N"}]},{"pressure":0.00148905,"total_adsorption":1.53821,"species_data":[{"composition":1,"adsorption":1.53821,"InChIKey":"XSTXAVWGXDQKEL-UHFFFAOYSA-N"}]},{"pressure":0.00221898,"total_adsorption":1.57008,"species_data":[{"composition":1,"adsorption":1.57008,"InChIKey":"XSTXAVWGXDQKEL-UHFFFAOYSA-N"}]},{"pressure":0.00274453,"total_adsorption":1.58044,"species_data":[{"composition":1,"adsorption":1.58044,"InChIKey":"XSTXAVWGXDQKEL-UHFFFAOYSA-N"}]},{"pressure":0.00385401,"total_adsorption":1.59028,"species_data":[{"composition":1,"adsorption":1.59028,"InChIKey":"XSTXAVWGXDQKEL-UHFFFAOYSA-N"}]},{"pressure":0.00443796,"total_adsorption":1.60602,"species_data":[{"composition":1,"adsorption":1.60602,"InChIKey":"XSTXAVWGXDQKEL-UHFFFAOYSA-N"}]},{"pressure":0.00472993,"total_adsorption":1.60033,"species_data":[{"composition":1,"adsorption":1.60033,"InChIKey":"XSTXAVWGXDQKEL-UHFFFAOYSA-N"}]},{"pressure":0.0050219,"total_adsorption":1.60007,"species_data":[{"composition":1,"adsorption":1.60007,"InChIKey":"XSTXAVWGXDQKEL-UHFFFAOYSA-N"}]},{"pressure":0.00545985,"total_adsorption":1.6051,"species_data":[{"composition":1,"adsorption":1.6051,"InChIKey":"XSTXAVWGXDQKEL-UHFFFAOYSA-N"}]},{"pressure":0.00575182,"total_adsorption":1.60483,"species_data":[{"composition":1,"adsorption":1.60483,"InChIKey":"XSTXAVWGXDQKEL-UHFFFAOYSA-N"}]},{"pressure":0.0060438,"total_adsorption":1.60457,"species_data":[{"composition":1,"adsorption":1.60457,"InChIKey":"XSTXAVWGXDQKEL-UHFFFAOYSA-N"}]},{"pressure":0.00633577,"total_adsorption":1.6043,"species_data":[{"composition":1,"adsorption":1.6043,"InChIKey":"XSTXAVWGXDQKEL-UHFFFAOYSA-N"}]},{"pressure":0.00654015,"total_adsorption":1.60954,"species_data":[{"composition":1,"adsorption":1.60954,"InChIKey":"XSTXAVWGXDQKEL-UHFFFAOYSA-N"}]},{"pressure":0.00683212,"total_adsorption":1.60928,"species_data":[{"composition":1,"adsorption":1.60928,"InChIKey":"XSTXAVWGXDQKEL-UHFFFAOYSA-N"}]},{"pressure":0.00712409,"total_adsorption":1.60901,"species_data":[{"composition":1,"adsorption":1.60901,"InChIKey":"XSTXAVWGXDQKEL-UHFFFAOYSA-N"}]},{"pressure":0.00741606,"total_adsorption":1.60875,"species_data":[{"composition":1,"adsorption":1.60875,"InChIKey":"XSTXAVWGXDQKEL-UHFFFAOYSA-N"}]},{"pressure":0.00770803,"total_adsorption":1.60849,"species_data":[{"composition":1,"adsorption":1.60849,"InChIKey":"XSTXAVWGXDQKEL-UHFFFAOYSA-N"}]},{"pressure":0.00849635,"total_adsorption":1.61319,"species_data":[{"composition":1,"adsorption":1.61319,"InChIKey":"XSTXAVWGXDQKEL-UHFFFAOYSA-N"}]},{"pressure":0.00878832,"total_adsorption":1.61293,"species_data":[{"composition":1,"adsorption":1.61293,"InChIKey":"XSTXAVWGXDQKEL-UHFFFAOYSA-N"}]},{"pressure":0.00908029,"total_adsorption":1.61267,"species_data":[{"composition":1,"adsorption":1.61267,"InChIKey":"XSTXAVWGXDQKEL-UHFFFAOYSA-N"}]},{"pressure":0.00948905,"total_adsorption":1.6123,"species_data":[{"composition":1,"adsorption":1.6123,"InChIKey":"XSTXAVWGXDQKEL-UHFFFAOYSA-N"}]},{"pressure":0.00978102,"total_adsorption":1.61203,"species_data":[{"composition":1,"adsorption":1.61203,"InChIKey":"XSTXAVWGXDQKEL-UHFFFAOYSA-N"}]},{"pressure":0.010365,"total_adsorption":1.60609,"species_data":[{"composition":1,"adsorption":1.60609,"InChIKey":"XSTXAVWGXDQKEL-UHFFFAOYSA-N"}]}],"temperature":298,"articleSource":"UNKNOWN","compositionType":"molefraction","adsorbates":[{"name":"1,1,2-Trichloroethene","InChIKey":"XSTXAVWGXDQKEL-UHFFFAOYSA-N"}],"adsorptionUnits":"mmol/g","date":"1000-01-01","category":"","digitizer":"UNKNOWN","pressureUnits":"bar","DOI":"10.1016/S1387-1811(02)00428-6","adsorbent":{"name":"Silicalite MFI","hashkey":"NIST-MATDB-5d0728ebc1e0053aa120288307a704c8"},"concentrationUnits":"","filename":"10.1016S1387-1811(02)00428-6.isotherm3","isotherm_type":""}