{"filename": "10.1016j.micromeso.2011.12.009.Isotherm1", "DOI": "10.1016/j.micromeso.2011.12.009", "articleSource": "UNKNOWN", "date": "1000-01-01", "digitizer": "UNKNOWN", "adsorbent": {"hashkey": "NIST-MATDB-09de4ab275dd446651a68a5312b87ab0", "name": "Zn(Im)1.25(5-ClbIM)0.75"}, "adsorbates": [{"InChIKey": "CURLTUGMZLYLDI-UHFFFAOYSA-N", "name": "Carbon Dioxide"}], "category": "", "temperature": 303, "isotherm_type": "", "adsorptionUnits": "mmol/g", "pressureUnits": "bar", "compositionType": "molefraction", "concentrationUnits": "", "isotherm_data": [{"pressure": 0.663158, "total_adsorption": 0.821808, "species_data": [{"InChIKey": "CURLTUGMZLYLDI-UHFFFAOYSA-N", "composition": 1, "adsorption": 0.821808}]}, {"pressure": 0.852632, "total_adsorption": 1.05661, "species_data": [{"InChIKey": "CURLTUGMZLYLDI-UHFFFAOYSA-N", "composition": 1, "adsorption": 1.05661}]}, {"pressure": 1.13684, "total_adsorption": 1.49673, "species_data": [{"InChIKey": "CURLTUGMZLYLDI-UHFFFAOYSA-N", "composition": 1, "adsorption": 1.49673}]}, {"pressure": 1.95789, "total_adsorption": 2.08441, "species_data": [{"InChIKey": "CURLTUGMZLYLDI-UHFFFAOYSA-N", "composition": 1, "adsorption": 2.08441}]}, {"pressure": 3.91579, "total_adsorption": 3.17249, "species_data": [{"InChIKey": "CURLTUGMZLYLDI-UHFFFAOYSA-N", "composition": 1, "adsorption": 3.17249}]}, {"pressure": 5.87368, "total_adsorption": 4.14334, "species_data": [{"InChIKey": "CURLTUGMZLYLDI-UHFFFAOYSA-N", "composition": 1, "adsorption": 4.14334}]}, {"pressure": 7.92632, "total_adsorption": 5.05578, "species_data": [{"InChIKey": "CURLTUGMZLYLDI-UHFFFAOYSA-N", "composition": 1, "adsorption": 5.05578}]}, {"pressure": 9.91579, "total_adsorption": 5.82157, "species_data": [{"InChIKey": "CURLTUGMZLYLDI-UHFFFAOYSA-N", "composition": 1, "adsorption": 5.82157}]}, {"pressure": 14.9053, "total_adsorption": 7.41373, "species_data": [{"InChIKey": "CURLTUGMZLYLDI-UHFFFAOYSA-N", "composition": 1, "adsorption": 7.41373}]}]}