{"isotherm_data":[{"pressure":2.46201,"total_adsorption":2.23214,"species_data":[{"composition":1,"adsorption":2.23214,"InChIKey":"VNWKTOKETHGBQD-UHFFFAOYSA-N"}]},{"pressure":5.19757,"total_adsorption":4.24107,"species_data":[{"composition":1,"adsorption":4.24107,"InChIKey":"VNWKTOKETHGBQD-UHFFFAOYSA-N"}]},{"pressure":5.74468,"total_adsorption":4.46429,"species_data":[{"composition":1,"adsorption":4.46429,"InChIKey":"VNWKTOKETHGBQD-UHFFFAOYSA-N"}]},{"pressure":7.11246,"total_adsorption":5.35714,"species_data":[{"composition":1,"adsorption":5.35714,"InChIKey":"VNWKTOKETHGBQD-UHFFFAOYSA-N"}]},{"pressure":8.7538,"total_adsorption":6.36161,"species_data":[{"composition":1,"adsorption":6.36161,"InChIKey":"VNWKTOKETHGBQD-UHFFFAOYSA-N"}]},{"pressure":10.1216,"total_adsorption":7.25446,"species_data":[{"composition":1,"adsorption":7.25446,"InChIKey":"VNWKTOKETHGBQD-UHFFFAOYSA-N"}]},{"pressure":11.7629,"total_adsorption":8.03571,"species_data":[{"composition":1,"adsorption":8.03571,"InChIKey":"VNWKTOKETHGBQD-UHFFFAOYSA-N"}]},{"pressure":13.4043,"total_adsorption":8.92857,"species_data":[{"composition":1,"adsorption":8.92857,"InChIKey":"VNWKTOKETHGBQD-UHFFFAOYSA-N"}]},{"pressure":15.0456,"total_adsorption":9.82143,"species_data":[{"composition":1,"adsorption":9.82143,"InChIKey":"VNWKTOKETHGBQD-UHFFFAOYSA-N"}]},{"pressure":15.8663,"total_adsorption":10.2679,"species_data":[{"composition":1,"adsorption":10.2679,"InChIKey":"VNWKTOKETHGBQD-UHFFFAOYSA-N"}]},{"pressure":17.7812,"total_adsorption":11.0491,"species_data":[{"composition":1,"adsorption":11.0491,"InChIKey":"VNWKTOKETHGBQD-UHFFFAOYSA-N"}]},{"pressure":19.696,"total_adsorption":11.8304,"species_data":[{"composition":1,"adsorption":11.8304,"InChIKey":"VNWKTOKETHGBQD-UHFFFAOYSA-N"}]},{"pressure":20.7903,"total_adsorption":12.1652,"species_data":[{"composition":1,"adsorption":12.1652,"InChIKey":"VNWKTOKETHGBQD-UHFFFAOYSA-N"}]},{"pressure":22.7052,"total_adsorption":12.9464,"species_data":[{"composition":1,"adsorption":12.9464,"InChIKey":"VNWKTOKETHGBQD-UHFFFAOYSA-N"}]},{"pressure":24.8936,"total_adsorption":13.6161,"species_data":[{"composition":1,"adsorption":13.6161,"InChIKey":"VNWKTOKETHGBQD-UHFFFAOYSA-N"}]},{"pressure":27.0821,"total_adsorption":14.2857,"species_data":[{"composition":1,"adsorption":14.2857,"InChIKey":"VNWKTOKETHGBQD-UHFFFAOYSA-N"}]},{"pressure":28.997,"total_adsorption":14.9554,"species_data":[{"composition":1,"adsorption":14.9554,"InChIKey":"VNWKTOKETHGBQD-UHFFFAOYSA-N"}]},{"pressure":30.6383,"total_adsorption":15.4018,"species_data":[{"composition":1,"adsorption":15.4018,"InChIKey":"VNWKTOKETHGBQD-UHFFFAOYSA-N"}]},{"pressure":32.8267,"total_adsorption":15.9598,"species_data":[{"composition":1,"adsorption":15.9598,"InChIKey":"VNWKTOKETHGBQD-UHFFFAOYSA-N"}]},{"pressure":35.2888,"total_adsorption":16.6295,"species_data":[{"composition":1,"adsorption":16.6295,"InChIKey":"VNWKTOKETHGBQD-UHFFFAOYSA-N"}]},{"pressure":37.4772,"total_adsorption":17.1875,"species_data":[{"composition":1,"adsorption":17.1875,"InChIKey":"VNWKTOKETHGBQD-UHFFFAOYSA-N"}]},{"pressure":39.6657,"total_adsorption":17.7455,"species_data":[{"composition":1,"adsorption":17.7455,"InChIKey":"VNWKTOKETHGBQD-UHFFFAOYSA-N"}]},{"pressure":42.4012,"total_adsorption":18.192,"species_data":[{"composition":1,"adsorption":18.192,"InChIKey":"VNWKTOKETHGBQD-UHFFFAOYSA-N"}]},{"pressure":44.8632,"total_adsorption":18.6384,"species_data":[{"composition":1,"adsorption":18.6384,"InChIKey":"VNWKTOKETHGBQD-UHFFFAOYSA-N"}]},{"pressure":47.3252,"total_adsorption":18.9732,"species_data":[{"composition":1,"adsorption":18.9732,"InChIKey":"VNWKTOKETHGBQD-UHFFFAOYSA-N"}]},{"pressure":49.7872,"total_adsorption":19.4196,"species_data":[{"composition":1,"adsorption":19.4196,"InChIKey":"VNWKTOKETHGBQD-UHFFFAOYSA-N"}]},{"pressure":52.5228,"total_adsorption":19.8661,"species_data":[{"composition":1,"adsorption":19.8661,"InChIKey":"VNWKTOKETHGBQD-UHFFFAOYSA-N"}]},{"pressure":54.9848,"total_adsorption":20.2009,"species_data":[{"composition":1,"adsorption":20.2009,"InChIKey":"VNWKTOKETHGBQD-UHFFFAOYSA-N"}]},{"pressure":57.4468,"total_adsorption":20.6473,"species_data":[{"composition":1,"adsorption":20.6473,"InChIKey":"VNWKTOKETHGBQD-UHFFFAOYSA-N"}]},{"pressure":59.9088,"total_adsorption":21.0938,"species_data":[{"composition":1,"adsorption":21.0938,"InChIKey":"VNWKTOKETHGBQD-UHFFFAOYSA-N"}]},{"pressure":60.4559,"total_adsorption":21.2054,"species_data":[{"composition":1,"adsorption":21.2054,"InChIKey":"VNWKTOKETHGBQD-UHFFFAOYSA-N"}]},{"pressure":63.1915,"total_adsorption":21.4286,"species_data":[{"composition":1,"adsorption":21.4286,"InChIKey":"VNWKTOKETHGBQD-UHFFFAOYSA-N"}]},{"pressure":65.6535,"total_adsorption":21.7634,"species_data":[{"composition":1,"adsorption":21.7634,"InChIKey":"VNWKTOKETHGBQD-UHFFFAOYSA-N"}]},{"pressure":68.3891,"total_adsorption":21.9866,"species_data":[{"composition":1,"adsorption":21.9866,"InChIKey":"VNWKTOKETHGBQD-UHFFFAOYSA-N"}]},{"pressure":70.8511,"total_adsorption":22.3214,"species_data":[{"composition":1,"adsorption":22.3214,"InChIKey":"VNWKTOKETHGBQD-UHFFFAOYSA-N"}]},{"pressure":73.5866,"total_adsorption":22.6563,"species_data":[{"composition":1,"adsorption":22.6563,"InChIKey":"VNWKTOKETHGBQD-UHFFFAOYSA-N"}]},{"pressure":76.0486,"total_adsorption":22.9911,"species_data":[{"composition":1,"adsorption":22.9911,"InChIKey":"VNWKTOKETHGBQD-UHFFFAOYSA-N"}]},{"pressure":78.7842,"total_adsorption":23.2143,"species_data":[{"composition":1,"adsorption":23.2143,"InChIKey":"VNWKTOKETHGBQD-UHFFFAOYSA-N"}]},{"pressure":79.6049,"total_adsorption":23.4375,"species_data":[{"composition":1,"adsorption":23.4375,"InChIKey":"VNWKTOKETHGBQD-UHFFFAOYSA-N"}]}],"temperature":305,"articleSource":"UNKNOWN","compositionType":"molefraction","adsorbates":[{"name":"Methane","InChIKey":"VNWKTOKETHGBQD-UHFFFAOYSA-N"}],"adsorptionUnits":"cm3(STP)/g","date":"1000-01-01","category":"","digitizer":"UNKNOWN","pressureUnits":"bar","DOI":"10.1016/j.coal.2008.04.004","adsorbent":{"name":"Coal RU1","hashkey":"NIST-MATDB-e7226db49dc599b25f63ce325d2c4cc0"},"concentrationUnits":"","filename":"10.1016j.coal.2008.04.004.Isotherm8","isotherm_type":""}