{"filename": "10.1039c4ta05225k.Isotherm2", "DOI": "10.1039/c4ta05225k", "articleSource": "Figure 1- MMM I PA", "date": "2018-07-02", "digitizer": "Julie Yagodich", "adsorbent": {"hashkey": "NIST-MATDB-d4941f2a1f2a17909d9422249807d7b2", "name": "MMM-I_PA"}, "adsorbates": [{"InChIKey": "IJGRMHOSHXDMSA-UHFFFAOYSA-N", "name": "Nitrogen"}], "category": "exp", "temperature": 77, "isotherm_type": "", "adsorptionUnits": "cm3(STP)/g", "pressureUnits": "bar", "compositionType": "molefraction", "concentrationUnits": "", "isotherm_data": [{"pressure": 0.000111, "total_adsorption": null, "species_data": [{"InChIKey": "IJGRMHOSHXDMSA-UHFFFAOYSA-N", "composition": 1, "adsorption": 160.652}]}, {"pressure": 0.000182, "total_adsorption": null, "species_data": [{"InChIKey": "IJGRMHOSHXDMSA-UHFFFAOYSA-N", "composition": 1, "adsorption": 163.129}]}, {"pressure": 0.001327, "total_adsorption": null, "species_data": [{"InChIKey": "IJGRMHOSHXDMSA-UHFFFAOYSA-N", "composition": 1, "adsorption": 174.167}]}, {"pressure": 0.00304, "total_adsorption": null, "species_data": [{"InChIKey": "IJGRMHOSHXDMSA-UHFFFAOYSA-N", "composition": 1, "adsorption": 192.593}]}, {"pressure": 0.006951, "total_adsorption": null, "species_data": [{"InChIKey": "IJGRMHOSHXDMSA-UHFFFAOYSA-N", "composition": 1, "adsorption": 208.914}]}, {"pressure": 0.007843, "total_adsorption": null, "species_data": [{"InChIKey": "IJGRMHOSHXDMSA-UHFFFAOYSA-N", "composition": 1, "adsorption": 213.939}]}, {"pressure": 0.01528, "total_adsorption": null, "species_data": [{"InChIKey": "IJGRMHOSHXDMSA-UHFFFAOYSA-N", "composition": 1, "adsorption": 221.626}]}, {"pressure": 0.020184, "total_adsorption": null, "species_data": [{"InChIKey": "IJGRMHOSHXDMSA-UHFFFAOYSA-N", "composition": 1, "adsorption": 224.675}]}, {"pressure": 0.025493, "total_adsorption": null, "species_data": [{"InChIKey": "IJGRMHOSHXDMSA-UHFFFAOYSA-N", "composition": 1, "adsorption": 227.982}]}, {"pressure": 0.029739, "total_adsorption": null, "species_data": [{"InChIKey": "IJGRMHOSHXDMSA-UHFFFAOYSA-N", "composition": 1, "adsorption": 229.27}]}, {"pressure": 0.037176, "total_adsorption": null, "species_data": [{"InChIKey": "IJGRMHOSHXDMSA-UHFFFAOYSA-N", "composition": 1, "adsorption": 231.116}]}, {"pressure": 0.044279, "total_adsorption": null, "species_data": [{"InChIKey": "IJGRMHOSHXDMSA-UHFFFAOYSA-N", "composition": 1, "adsorption": 232.704}]}, {"pressure": 0.052527, "total_adsorption": null, "species_data": [{"InChIKey": "IJGRMHOSHXDMSA-UHFFFAOYSA-N", "composition": 1, "adsorption": 234.808}]}, {"pressure": 0.062822, "total_adsorption": null, "species_data": [{"InChIKey": "IJGRMHOSHXDMSA-UHFFFAOYSA-N", "composition": 1, "adsorption": 236.052}]}, {"pressure": 0.072873, "total_adsorption": null, "species_data": [{"InChIKey": "IJGRMHOSHXDMSA-UHFFFAOYSA-N", "composition": 1, "adsorption": 236.867}]}, {"pressure": 0.081942, "total_adsorption": null, "species_data": [{"InChIKey": "IJGRMHOSHXDMSA-UHFFFAOYSA-N", "composition": 1, "adsorption": 238.841}]}, {"pressure": 0.10098, "total_adsorption": null, "species_data": [{"InChIKey": "IJGRMHOSHXDMSA-UHFFFAOYSA-N", "composition": 1, "adsorption": 239.999}]}, {"pressure": 0.153426, "total_adsorption": null, "species_data": [{"InChIKey": "IJGRMHOSHXDMSA-UHFFFAOYSA-N", "composition": 1, "adsorption": 243.815}]}, {"pressure": 0.19959, "total_adsorption": null, "species_data": [{"InChIKey": "IJGRMHOSHXDMSA-UHFFFAOYSA-N", "composition": 1, "adsorption": 246.171}]}, {"pressure": 0.25236, "total_adsorption": null, "species_data": [{"InChIKey": "IJGRMHOSHXDMSA-UHFFFAOYSA-N", "composition": 1, "adsorption": 248.956}]}, {"pressure": 0.303347, "total_adsorption": null, "species_data": [{"InChIKey": "IJGRMHOSHXDMSA-UHFFFAOYSA-N", "composition": 1, "adsorption": 251.097}]}, {"pressure": 0.354323, "total_adsorption": null, "species_data": [{"InChIKey": "IJGRMHOSHXDMSA-UHFFFAOYSA-N", "composition": 1, "adsorption": 252.68}]}, {"pressure": 0.404489, "total_adsorption": null, "species_data": [{"InChIKey": "IJGRMHOSHXDMSA-UHFFFAOYSA-N", "composition": 1, "adsorption": 254.606}]}, {"pressure": 0.455881, "total_adsorption": null, "species_data": [{"InChIKey": "IJGRMHOSHXDMSA-UHFFFAOYSA-N", "composition": 1, "adsorption": 255.974}]}, {"pressure": 0.505632, "total_adsorption": null, "species_data": [{"InChIKey": "IJGRMHOSHXDMSA-UHFFFAOYSA-N", "composition": 1, "adsorption": 257.428}]}, {"pressure": 0.557429, "total_adsorption": null, "species_data": [{"InChIKey": "IJGRMHOSHXDMSA-UHFFFAOYSA-N", "composition": 1, "adsorption": 258.839}]}, {"pressure": 0.605549, "total_adsorption": null, "species_data": [{"InChIKey": "IJGRMHOSHXDMSA-UHFFFAOYSA-N", "composition": 1, "adsorption": 260.594}]}, {"pressure": 0.658167, "total_adsorption": null, "species_data": [{"InChIKey": "IJGRMHOSHXDMSA-UHFFFAOYSA-N", "composition": 1, "adsorption": 262.262}]}, {"pressure": 0.709305, "total_adsorption": null, "species_data": [{"InChIKey": "IJGRMHOSHXDMSA-UHFFFAOYSA-N", "composition": 1, "adsorption": 264.06}]}, {"pressure": 0.762086, "total_adsorption": null, "species_data": [{"InChIKey": "IJGRMHOSHXDMSA-UHFFFAOYSA-N", "composition": 1, "adsorption": 264.912}]}, {"pressure": 0.807591, "total_adsorption": null, "species_data": [{"InChIKey": "IJGRMHOSHXDMSA-UHFFFAOYSA-N", "composition": 1, "adsorption": 267.183}]}, {"pressure": 0.81135, "total_adsorption": null, "species_data": [{"InChIKey": "IJGRMHOSHXDMSA-UHFFFAOYSA-N", "composition": 1, "adsorption": 267.44}]}, {"pressure": 0.862985, "total_adsorption": null, "species_data": [{"InChIKey": "IJGRMHOSHXDMSA-UHFFFAOYSA-N", "composition": 1, "adsorption": 268.722}]}, {"pressure": 0.910456, "total_adsorption": null, "species_data": [{"InChIKey": "IJGRMHOSHXDMSA-UHFFFAOYSA-N", "composition": 1, "adsorption": 273.011}]}, {"pressure": 0.962577, "total_adsorption": null, "species_data": [{"InChIKey": "IJGRMHOSHXDMSA-UHFFFAOYSA-N", "composition": 1, "adsorption": 277.858}]}, {"pressure": 1.0074, "total_adsorption": null, "species_data": [{"InChIKey": "IJGRMHOSHXDMSA-UHFFFAOYSA-N", "composition": 1, "adsorption": 344.684}]}]}