{"isotherm_data":[{"pressure":0.000111,"total_adsorption":null,"species_data":[{"composition":1,"adsorption":160.652,"InChIKey":"IJGRMHOSHXDMSA-UHFFFAOYSA-N"}]},{"pressure":0.000182,"total_adsorption":null,"species_data":[{"composition":1,"adsorption":163.129,"InChIKey":"IJGRMHOSHXDMSA-UHFFFAOYSA-N"}]},{"pressure":0.001327,"total_adsorption":null,"species_data":[{"composition":1,"adsorption":174.167,"InChIKey":"IJGRMHOSHXDMSA-UHFFFAOYSA-N"}]},{"pressure":0.00304,"total_adsorption":null,"species_data":[{"composition":1,"adsorption":192.593,"InChIKey":"IJGRMHOSHXDMSA-UHFFFAOYSA-N"}]},{"pressure":0.006951,"total_adsorption":null,"species_data":[{"composition":1,"adsorption":208.914,"InChIKey":"IJGRMHOSHXDMSA-UHFFFAOYSA-N"}]},{"pressure":0.007843,"total_adsorption":null,"species_data":[{"composition":1,"adsorption":213.939,"InChIKey":"IJGRMHOSHXDMSA-UHFFFAOYSA-N"}]},{"pressure":0.01528,"total_adsorption":null,"species_data":[{"composition":1,"adsorption":221.626,"InChIKey":"IJGRMHOSHXDMSA-UHFFFAOYSA-N"}]},{"pressure":0.020184,"total_adsorption":null,"species_data":[{"composition":1,"adsorption":224.675,"InChIKey":"IJGRMHOSHXDMSA-UHFFFAOYSA-N"}]},{"pressure":0.025493,"total_adsorption":null,"species_data":[{"composition":1,"adsorption":227.982,"InChIKey":"IJGRMHOSHXDMSA-UHFFFAOYSA-N"}]},{"pressure":0.029739,"total_adsorption":null,"species_data":[{"composition":1,"adsorption":229.27,"InChIKey":"IJGRMHOSHXDMSA-UHFFFAOYSA-N"}]},{"pressure":0.037176,"total_adsorption":null,"species_data":[{"composition":1,"adsorption":231.116,"InChIKey":"IJGRMHOSHXDMSA-UHFFFAOYSA-N"}]},{"pressure":0.044279,"total_adsorption":null,"species_data":[{"composition":1,"adsorption":232.704,"InChIKey":"IJGRMHOSHXDMSA-UHFFFAOYSA-N"}]},{"pressure":0.052527,"total_adsorption":null,"species_data":[{"composition":1,"adsorption":234.808,"InChIKey":"IJGRMHOSHXDMSA-UHFFFAOYSA-N"}]},{"pressure":0.062822,"total_adsorption":null,"species_data":[{"composition":1,"adsorption":236.052,"InChIKey":"IJGRMHOSHXDMSA-UHFFFAOYSA-N"}]},{"pressure":0.072873,"total_adsorption":null,"species_data":[{"composition":1,"adsorption":236.867,"InChIKey":"IJGRMHOSHXDMSA-UHFFFAOYSA-N"}]},{"pressure":0.081942,"total_adsorption":null,"species_data":[{"composition":1,"adsorption":238.841,"InChIKey":"IJGRMHOSHXDMSA-UHFFFAOYSA-N"}]},{"pressure":0.10098,"total_adsorption":null,"species_data":[{"composition":1,"adsorption":239.999,"InChIKey":"IJGRMHOSHXDMSA-UHFFFAOYSA-N"}]},{"pressure":0.153426,"total_adsorption":null,"species_data":[{"composition":1,"adsorption":243.815,"InChIKey":"IJGRMHOSHXDMSA-UHFFFAOYSA-N"}]},{"pressure":0.19959,"total_adsorption":null,"species_data":[{"composition":1,"adsorption":246.171,"InChIKey":"IJGRMHOSHXDMSA-UHFFFAOYSA-N"}]},{"pressure":0.25236,"total_adsorption":null,"species_data":[{"composition":1,"adsorption":248.956,"InChIKey":"IJGRMHOSHXDMSA-UHFFFAOYSA-N"}]},{"pressure":0.303347,"total_adsorption":null,"species_data":[{"composition":1,"adsorption":251.097,"InChIKey":"IJGRMHOSHXDMSA-UHFFFAOYSA-N"}]},{"pressure":0.354323,"total_adsorption":null,"species_data":[{"composition":1,"adsorption":252.68,"InChIKey":"IJGRMHOSHXDMSA-UHFFFAOYSA-N"}]},{"pressure":0.404489,"total_adsorption":null,"species_data":[{"composition":1,"adsorption":254.606,"InChIKey":"IJGRMHOSHXDMSA-UHFFFAOYSA-N"}]},{"pressure":0.455881,"total_adsorption":null,"species_data":[{"composition":1,"adsorption":255.974,"InChIKey":"IJGRMHOSHXDMSA-UHFFFAOYSA-N"}]},{"pressure":0.505632,"total_adsorption":null,"species_data":[{"composition":1,"adsorption":257.428,"InChIKey":"IJGRMHOSHXDMSA-UHFFFAOYSA-N"}]},{"pressure":0.557429,"total_adsorption":null,"species_data":[{"composition":1,"adsorption":258.839,"InChIKey":"IJGRMHOSHXDMSA-UHFFFAOYSA-N"}]},{"pressure":0.605549,"total_adsorption":null,"species_data":[{"composition":1,"adsorption":260.594,"InChIKey":"IJGRMHOSHXDMSA-UHFFFAOYSA-N"}]},{"pressure":0.658167,"total_adsorption":null,"species_data":[{"composition":1,"adsorption":262.262,"InChIKey":"IJGRMHOSHXDMSA-UHFFFAOYSA-N"}]},{"pressure":0.709305,"total_adsorption":null,"species_data":[{"composition":1,"adsorption":264.06,"InChIKey":"IJGRMHOSHXDMSA-UHFFFAOYSA-N"}]},{"pressure":0.762086,"total_adsorption":null,"species_data":[{"composition":1,"adsorption":264.912,"InChIKey":"IJGRMHOSHXDMSA-UHFFFAOYSA-N"}]},{"pressure":0.807591,"total_adsorption":null,"species_data":[{"composition":1,"adsorption":267.183,"InChIKey":"IJGRMHOSHXDMSA-UHFFFAOYSA-N"}]},{"pressure":0.81135,"total_adsorption":null,"species_data":[{"composition":1,"adsorption":267.44,"InChIKey":"IJGRMHOSHXDMSA-UHFFFAOYSA-N"}]},{"pressure":0.862985,"total_adsorption":null,"species_data":[{"composition":1,"adsorption":268.722,"InChIKey":"IJGRMHOSHXDMSA-UHFFFAOYSA-N"}]},{"pressure":0.910456,"total_adsorption":null,"species_data":[{"composition":1,"adsorption":273.011,"InChIKey":"IJGRMHOSHXDMSA-UHFFFAOYSA-N"}]},{"pressure":0.962577,"total_adsorption":null,"species_data":[{"composition":1,"adsorption":277.858,"InChIKey":"IJGRMHOSHXDMSA-UHFFFAOYSA-N"}]},{"pressure":1.0074,"total_adsorption":null,"species_data":[{"composition":1,"adsorption":344.684,"InChIKey":"IJGRMHOSHXDMSA-UHFFFAOYSA-N"}]}],"temperature":77,"articleSource":"Figure 1- MMM I PA","compositionType":"molefraction","adsorbates":[{"name":"Nitrogen","InChIKey":"IJGRMHOSHXDMSA-UHFFFAOYSA-N"}],"adsorptionUnits":"cm3(STP)/g","date":"2018-07-02","category":"exp","digitizer":"Julie Yagodich","pressureUnits":"bar","DOI":"10.1039/c4ta05225k","adsorbent":{"name":"MMM-I_PA","hashkey":"NIST-MATDB-d4941f2a1f2a17909d9422249807d7b2"},"concentrationUnits":"","filename":"10.1039c4ta05225k.Isotherm2","isotherm_type":""}