{"filename": "10.1016j.carbon.2012.12.011.isotherm16", "DOI": "10.1016/j.carbon.2012.12.011", "articleSource": "UNKNOWN", "date": "1000-01-01", "digitizer": "UNKNOWN", "adsorbent": {"hashkey": "NIST-MATDB-453276ee992ed07dc207ed08b2b221ce", "name": "Carbon"}, "adsorbates": [{"InChIKey": "IJGRMHOSHXDMSA-UHFFFAOYSA-N", "name": "Nitrogen"}], "category": "", "temperature": 77, "isotherm_type": "", "adsorptionUnits": "mmol/g", "pressureUnits": "bar", "compositionType": "molefraction", "concentrationUnits": "", "isotherm_data": [{"pressure": 1.8e-07, "total_adsorption": 7.88793, "species_data": [{"InChIKey": "IJGRMHOSHXDMSA-UHFFFAOYSA-N", "composition": 1, "adsorption": 7.88793}]}, {"pressure": 3.11e-07, "total_adsorption": 8.33864, "species_data": [{"InChIKey": "IJGRMHOSHXDMSA-UHFFFAOYSA-N", "composition": 1, "adsorption": 8.33864}]}, {"pressure": 8.07e-07, "total_adsorption": 8.62033, "species_data": [{"InChIKey": "IJGRMHOSHXDMSA-UHFFFAOYSA-N", "composition": 1, "adsorption": 8.62033}]}, {"pressure": 1.79e-06, "total_adsorption": 9.4654, "species_data": [{"InChIKey": "IJGRMHOSHXDMSA-UHFFFAOYSA-N", "composition": 1, "adsorption": 9.4654}]}, {"pressure": 4.96e-06, "total_adsorption": 10.5358, "species_data": [{"InChIKey": "IJGRMHOSHXDMSA-UHFFFAOYSA-N", "composition": 1, "adsorption": 10.5358}]}, {"pressure": 1.48e-05, "total_adsorption": 11.8879, "species_data": [{"InChIKey": "IJGRMHOSHXDMSA-UHFFFAOYSA-N", "composition": 1, "adsorption": 11.8879}]}, {"pressure": 3.92e-05, "total_adsorption": 13.5781, "species_data": [{"InChIKey": "IJGRMHOSHXDMSA-UHFFFAOYSA-N", "composition": 1, "adsorption": 13.5781}]}, {"pressure": 0.000128, "total_adsorption": 15.5499, "species_data": [{"InChIKey": "IJGRMHOSHXDMSA-UHFFFAOYSA-N", "composition": 1, "adsorption": 15.5499}]}, {"pressure": 0.000425, "total_adsorption": 17.3527, "species_data": [{"InChIKey": "IJGRMHOSHXDMSA-UHFFFAOYSA-N", "composition": 1, "adsorption": 17.3527}]}, {"pressure": 0.00141448, "total_adsorption": 19.1555, "species_data": [{"InChIKey": "IJGRMHOSHXDMSA-UHFFFAOYSA-N", "composition": 1, "adsorption": 19.1555}]}, {"pressure": 0.00430225, "total_adsorption": 21.3527, "species_data": [{"InChIKey": "IJGRMHOSHXDMSA-UHFFFAOYSA-N", "composition": 1, "adsorption": 21.3527}]}, {"pressure": 0.0127919, "total_adsorption": 22.5922, "species_data": [{"InChIKey": "IJGRMHOSHXDMSA-UHFFFAOYSA-N", "composition": 1, "adsorption": 22.5922}]}, {"pressure": 0.0210784, "total_adsorption": 23.3246, "species_data": [{"InChIKey": "IJGRMHOSHXDMSA-UHFFFAOYSA-N", "composition": 1, "adsorption": 23.3246}]}, {"pressure": 0.0339531, "total_adsorption": 24.5077, "species_data": [{"InChIKey": "IJGRMHOSHXDMSA-UHFFFAOYSA-N", "composition": 1, "adsorption": 24.5077}]}, {"pressure": 0.0921896, "total_adsorption": 27.1555, "species_data": [{"InChIKey": "IJGRMHOSHXDMSA-UHFFFAOYSA-N", "composition": 1, "adsorption": 27.1555}]}, {"pressure": 0.228585, "total_adsorption": 30.1978, "species_data": [{"InChIKey": "IJGRMHOSHXDMSA-UHFFFAOYSA-N", "composition": 1, "adsorption": 30.1978}]}, {"pressure": 0.37666, "total_adsorption": 31.3809, "species_data": [{"InChIKey": "IJGRMHOSHXDMSA-UHFFFAOYSA-N", "composition": 1, "adsorption": 31.3809}]}, {"pressure": 0.955377, "total_adsorption": 33.0147, "species_data": [{"InChIKey": "IJGRMHOSHXDMSA-UHFFFAOYSA-N", "composition": 1, "adsorption": 33.0147}]}]}