{"isotherm_data":[{"pressure":5.55e-17,"total_adsorption":10,"species_data":[{"composition":1,"adsorption":10,"InChIKey":"IJGRMHOSHXDMSA-UHFFFAOYSA-N"}]},{"pressure":0.0141515,"total_adsorption":11.844,"species_data":[{"composition":1,"adsorption":11.844,"InChIKey":"IJGRMHOSHXDMSA-UHFFFAOYSA-N"}]},{"pressure":0.0537758,"total_adsorption":13.3765,"species_data":[{"composition":1,"adsorption":13.3765,"InChIKey":"IJGRMHOSHXDMSA-UHFFFAOYSA-N"}]},{"pressure":0.169818,"total_adsorption":13.8204,"species_data":[{"composition":1,"adsorption":13.8204,"InChIKey":"IJGRMHOSHXDMSA-UHFFFAOYSA-N"}]},{"pressure":0.198122,"total_adsorption":13.9699,"species_data":[{"composition":1,"adsorption":13.9699,"InChIKey":"IJGRMHOSHXDMSA-UHFFFAOYSA-N"}]},{"pressure":0.251897,"total_adsorption":13.9618,"species_data":[{"composition":1,"adsorption":13.9618,"InChIKey":"IJGRMHOSHXDMSA-UHFFFAOYSA-N"}]},{"pressure":0.27454,"total_adsorption":13.9583,"species_data":[{"composition":1,"adsorption":13.9583,"InChIKey":"IJGRMHOSHXDMSA-UHFFFAOYSA-N"}]},{"pressure":0.300013,"total_adsorption":13.9544,"species_data":[{"composition":1,"adsorption":13.9544,"InChIKey":"IJGRMHOSHXDMSA-UHFFFAOYSA-N"}]},{"pressure":0.399073,"total_adsorption":14.0933,"species_data":[{"composition":1,"adsorption":14.0933,"InChIKey":"IJGRMHOSHXDMSA-UHFFFAOYSA-N"}]},{"pressure":0.475492,"total_adsorption":14.2355,"species_data":[{"composition":1,"adsorption":14.2355,"InChIKey":"IJGRMHOSHXDMSA-UHFFFAOYSA-N"}]},{"pressure":0.631159,"total_adsorption":14.2119,"species_data":[{"composition":1,"adsorption":14.2119,"InChIKey":"IJGRMHOSHXDMSA-UHFFFAOYSA-N"}]},{"pressure":0.707577,"total_adsorption":14.2003,"species_data":[{"composition":1,"adsorption":14.2003,"InChIKey":"IJGRMHOSHXDMSA-UHFFFAOYSA-N"}]},{"pressure":0.789656,"total_adsorption":14.0339,"species_data":[{"composition":1,"adsorption":14.0339,"InChIKey":"IJGRMHOSHXDMSA-UHFFFAOYSA-N"}]},{"pressure":0.866074,"total_adsorption":14.0223,"species_data":[{"composition":1,"adsorption":14.0223,"InChIKey":"IJGRMHOSHXDMSA-UHFFFAOYSA-N"}]},{"pressure":0.936832,"total_adsorption":14.1654,"species_data":[{"composition":1,"adsorption":14.1654,"InChIKey":"IJGRMHOSHXDMSA-UHFFFAOYSA-N"}]}],"temperature":77,"articleSource":"UNKNOWN","compositionType":"molefraction","adsorbates":[{"name":"Nitrogen","InChIKey":"IJGRMHOSHXDMSA-UHFFFAOYSA-N"}],"adsorptionUnits":"cm3(STP)/g","date":"1000-01-01","category":"","digitizer":"UNKNOWN","pressureUnits":"bar","DOI":"10.1021/Ic2021275","adsorbent":{"name":"M'MOF-20a","hashkey":"NIST-MATDB-52816b9542773a53d8697b9e507f9afc"},"concentrationUnits":"","filename":"10.1021Ic2021275.Isotherm1","isotherm_type":""}