{"filename": "10.1016j.jcis.2015.01.011.Isotherm2", "DOI": "10.1016/j.jcis.2015.01.011", "articleSource": "Figure 2", "date": "2016-07-20", "digitizer": "Kailey M. Stracka", "adsorbent": {"hashkey": "NIST-MATDB-2770abbcc811230bf4e91417af952fa6", "name": "Cu(dhbc)2(440-bpy)"}, "adsorbates": [{"InChIKey": "IJGRMHOSHXDMSA-UHFFFAOYSA-N", "name": "Nitrogen"}], "category": "exp", "temperature": 77, "isotherm_type": "excess", "adsorptionUnits": "cm3(STP)/g", "pressureUnits": "bar", "compositionType": "molefraction", "concentrationUnits": "", "isotherm_data": [{"pressure": 0, "total_adsorption": 2.19755, "species_data": [{"InChIKey": "IJGRMHOSHXDMSA-UHFFFAOYSA-N", "composition": 1, "adsorption": 2.19755}]}, {"pressure": 0, "total_adsorption": 4.61538, "species_data": [{"InChIKey": "IJGRMHOSHXDMSA-UHFFFAOYSA-N", "composition": 1, "adsorption": 4.61538}]}, {"pressure": 0, "total_adsorption": 7.03295, "species_data": [{"InChIKey": "IJGRMHOSHXDMSA-UHFFFAOYSA-N", "composition": 1, "adsorption": 7.03295}]}, {"pressure": 0.004745, "total_adsorption": 88.352, "species_data": [{"InChIKey": "IJGRMHOSHXDMSA-UHFFFAOYSA-N", "composition": 1, "adsorption": 88.352}]}, {"pressure": 0.038557, "total_adsorption": 122.64, "species_data": [{"InChIKey": "IJGRMHOSHXDMSA-UHFFFAOYSA-N", "composition": 1, "adsorption": 122.64}]}, {"pressure": 0.194465, "total_adsorption": 125.289, "species_data": [{"InChIKey": "IJGRMHOSHXDMSA-UHFFFAOYSA-N", "composition": 1, "adsorption": 125.289}]}, {"pressure": 0.270702, "total_adsorption": 125.954, "species_data": [{"InChIKey": "IJGRMHOSHXDMSA-UHFFFAOYSA-N", "composition": 1, "adsorption": 125.954}]}, {"pressure": 0.357348, "total_adsorption": 126.18, "species_data": [{"InChIKey": "IJGRMHOSHXDMSA-UHFFFAOYSA-N", "composition": 1, "adsorption": 126.18}]}, {"pressure": 0.450932, "total_adsorption": 126.186, "species_data": [{"InChIKey": "IJGRMHOSHXDMSA-UHFFFAOYSA-N", "composition": 1, "adsorption": 126.186}]}, {"pressure": 0.534107, "total_adsorption": 126.632, "species_data": [{"InChIKey": "IJGRMHOSHXDMSA-UHFFFAOYSA-N", "composition": 1, "adsorption": 126.632}]}, {"pressure": 0.773261, "total_adsorption": 126.869, "species_data": [{"InChIKey": "IJGRMHOSHXDMSA-UHFFFAOYSA-N", "composition": 1, "adsorption": 126.869}]}, {"pressure": 1.54619, "total_adsorption": 127.145, "species_data": [{"InChIKey": "IJGRMHOSHXDMSA-UHFFFAOYSA-N", "composition": 1, "adsorption": 127.145}]}, {"pressure": 1.85815, "total_adsorption": 126.728, "species_data": [{"InChIKey": "IJGRMHOSHXDMSA-UHFFFAOYSA-N", "composition": 1, "adsorption": 126.728}]}, {"pressure": 2.17009, "total_adsorption": 126.75, "species_data": [{"InChIKey": "IJGRMHOSHXDMSA-UHFFFAOYSA-N", "composition": 1, "adsorption": 126.75}]}, {"pressure": 2.57564, "total_adsorption": 125.901, "species_data": [{"InChIKey": "IJGRMHOSHXDMSA-UHFFFAOYSA-N", "composition": 1, "adsorption": 125.901}]}, {"pressure": 2.88066, "total_adsorption": 125.703, "species_data": [{"InChIKey": "IJGRMHOSHXDMSA-UHFFFAOYSA-N", "composition": 1, "adsorption": 125.703}]}]}