{"isotherm_data":[{"pressure":0,"total_adsorption":0,"species_data":[{"composition":1,"adsorption":0,"InChIKey":"VNWKTOKETHGBQD-UHFFFAOYSA-N"}]},{"pressure":2.58621,"total_adsorption":10.7434,"species_data":[{"composition":1,"adsorption":10.7434,"InChIKey":"VNWKTOKETHGBQD-UHFFFAOYSA-N"}]},{"pressure":5.68966,"total_adsorption":17.0405,"species_data":[{"composition":1,"adsorption":17.0405,"InChIKey":"VNWKTOKETHGBQD-UHFFFAOYSA-N"}]},{"pressure":9.31034,"total_adsorption":21.6154,"species_data":[{"composition":1,"adsorption":21.6154,"InChIKey":"VNWKTOKETHGBQD-UHFFFAOYSA-N"}]},{"pressure":12.931,"total_adsorption":24.6132,"species_data":[{"composition":1,"adsorption":24.6132,"InChIKey":"VNWKTOKETHGBQD-UHFFFAOYSA-N"}]},{"pressure":16.5517,"total_adsorption":26.8941,"species_data":[{"composition":1,"adsorption":26.8941,"InChIKey":"VNWKTOKETHGBQD-UHFFFAOYSA-N"}]},{"pressure":20.2586,"total_adsorption":27.741,"species_data":[{"composition":1,"adsorption":27.741,"InChIKey":"VNWKTOKETHGBQD-UHFFFAOYSA-N"}]}],"temperature":198,"articleSource":"Figure 3","compositionType":"molefraction","adsorbates":[{"name":"Methane","InChIKey":"VNWKTOKETHGBQD-UHFFFAOYSA-N"}],"adsorptionUnits":"wt%","date":"2016-06-14","category":"exp","digitizer":"David Anderegg","pressureUnits":"bar","DOI":"10.1021/acs.jpcc.5b02861","adsorbent":{"name":"MIL-101FF(Cr)","hashkey":"NIST-MATDB-a3d496b1fcbad08a4f1e732946d302cb"},"concentrationUnits":"","filename":"10.1021acs.jpcc.5b02861.Isotherm9","isotherm_type":"absolute"}