{"filename": "10.1021Ic302583a.isotherm17", "DOI": "10.1021/Ic302583a", "articleSource": "UNKNOWN", "date": "1000-01-01", "digitizer": "UNKNOWN", "adsorbent": {"hashkey": "NIST-MATDB-0fc6fe0e88747d6206743f79868a947c", "name": "(Me2NH2)2(DMF)9(H2O)5"}, "adsorbates": [{"InChIKey": "IJGRMHOSHXDMSA-UHFFFAOYSA-N", "name": "Nitrogen"}], "category": "", "temperature": 273, "isotherm_type": "", "adsorptionUnits": "cm3(STP)/g", "pressureUnits": "bar", "compositionType": "molefraction", "concentrationUnits": "", "isotherm_data": [{"pressure": 0.0251717, "total_adsorption": 0.0534575, "species_data": [{"InChIKey": "IJGRMHOSHXDMSA-UHFFFAOYSA-N", "composition": 1, "adsorption": 0.0534575}]}, {"pressure": 0.0661024, "total_adsorption": 0.375585, "species_data": [{"InChIKey": "IJGRMHOSHXDMSA-UHFFFAOYSA-N", "composition": 1, "adsorption": 0.375585}]}, {"pressure": 0.113097, "total_adsorption": 0.661614, "species_data": [{"InChIKey": "IJGRMHOSHXDMSA-UHFFFAOYSA-N", "composition": 1, "adsorption": 0.661614}]}, {"pressure": 0.166155, "total_adsorption": 0.947643, "species_data": [{"InChIKey": "IJGRMHOSHXDMSA-UHFFFAOYSA-N", "composition": 1, "adsorption": 0.947643}]}, {"pressure": 0.21315, "total_adsorption": 1.37669, "species_data": [{"InChIKey": "IJGRMHOSHXDMSA-UHFFFAOYSA-N", "composition": 1, "adsorption": 1.37669}]}, {"pressure": 0.278336, "total_adsorption": 1.5197, "species_data": [{"InChIKey": "IJGRMHOSHXDMSA-UHFFFAOYSA-N", "composition": 1, "adsorption": 1.5197}]}, {"pressure": 0.343522, "total_adsorption": 2.09176, "species_data": [{"InChIKey": "IJGRMHOSHXDMSA-UHFFFAOYSA-N", "composition": 1, "adsorption": 2.09176}]}, {"pressure": 0.407192, "total_adsorption": 2.23477, "species_data": [{"InChIKey": "IJGRMHOSHXDMSA-UHFFFAOYSA-N", "composition": 1, "adsorption": 2.23477}]}, {"pressure": 0.470861, "total_adsorption": 2.37779, "species_data": [{"InChIKey": "IJGRMHOSHXDMSA-UHFFFAOYSA-N", "composition": 1, "adsorption": 2.37779}]}, {"pressure": 0.552723, "total_adsorption": 2.37779, "species_data": [{"InChIKey": "IJGRMHOSHXDMSA-UHFFFAOYSA-N", "composition": 1, "adsorption": 2.37779}]}, {"pressure": 0.619425, "total_adsorption": 2.5208, "species_data": [{"InChIKey": "IJGRMHOSHXDMSA-UHFFFAOYSA-N", "composition": 1, "adsorption": 2.5208}]}, {"pressure": 0.683095, "total_adsorption": 2.37779, "species_data": [{"InChIKey": "IJGRMHOSHXDMSA-UHFFFAOYSA-N", "composition": 1, "adsorption": 2.37779}]}, {"pressure": 0.748281, "total_adsorption": 2.09176, "species_data": [{"InChIKey": "IJGRMHOSHXDMSA-UHFFFAOYSA-N", "composition": 1, "adsorption": 2.09176}]}, {"pressure": 0.810435, "total_adsorption": 1.94874, "species_data": [{"InChIKey": "IJGRMHOSHXDMSA-UHFFFAOYSA-N", "composition": 1, "adsorption": 1.94874}]}, {"pressure": 0.877137, "total_adsorption": 1.5197, "species_data": [{"InChIKey": "IJGRMHOSHXDMSA-UHFFFAOYSA-N", "composition": 1, "adsorption": 1.5197}]}, {"pressure": 0.940806, "total_adsorption": 1.09066, "species_data": [{"InChIKey": "IJGRMHOSHXDMSA-UHFFFAOYSA-N", "composition": 1, "adsorption": 1.09066}]}, {"pressure": 1.00599, "total_adsorption": 0.661614, "species_data": [{"InChIKey": "IJGRMHOSHXDMSA-UHFFFAOYSA-N", "composition": 1, "adsorption": 0.661614}]}]}