{"isotherm_data":[{"pressure":5.8,"total_adsorption":null,"species_data":[{"composition":0.215,"adsorption":0.99,"InChIKey":"CURLTUGMZLYLDI-UHFFFAOYSA-N"},{"composition":0.785,"adsorption":1.69,"InChIKey":"VNWKTOKETHGBQD-UHFFFAOYSA-N"}]},{"pressure":11.5,"total_adsorption":null,"species_data":[{"composition":0.226,"adsorption":1.73,"InChIKey":"CURLTUGMZLYLDI-UHFFFAOYSA-N"},{"composition":0.774,"adsorption":2.45,"InChIKey":"VNWKTOKETHGBQD-UHFFFAOYSA-N"}]},{"pressure":15.7,"total_adsorption":null,"species_data":[{"composition":0.233,"adsorption":2.29,"InChIKey":"CURLTUGMZLYLDI-UHFFFAOYSA-N"},{"composition":0.767,"adsorption":2.85,"InChIKey":"VNWKTOKETHGBQD-UHFFFAOYSA-N"}]},{"pressure":20.2,"total_adsorption":null,"species_data":[{"composition":0.238,"adsorption":2.78,"InChIKey":"CURLTUGMZLYLDI-UHFFFAOYSA-N"},{"composition":0.762,"adsorption":3.12,"InChIKey":"VNWKTOKETHGBQD-UHFFFAOYSA-N"}]},{"pressure":24.3,"total_adsorption":null,"species_data":[{"composition":0.241,"adsorption":3.18,"InChIKey":"CURLTUGMZLYLDI-UHFFFAOYSA-N"},{"composition":0.759,"adsorption":3.39,"InChIKey":"VNWKTOKETHGBQD-UHFFFAOYSA-N"}]},{"pressure":28.6,"total_adsorption":null,"species_data":[{"composition":0.244,"adsorption":3.54,"InChIKey":"CURLTUGMZLYLDI-UHFFFAOYSA-N"},{"composition":0.756,"adsorption":3.7,"InChIKey":"VNWKTOKETHGBQD-UHFFFAOYSA-N"}]},{"pressure":31,"total_adsorption":null,"species_data":[{"composition":0.246,"adsorption":3.77,"InChIKey":"CURLTUGMZLYLDI-UHFFFAOYSA-N"},{"composition":0.754,"adsorption":3.88,"InChIKey":"VNWKTOKETHGBQD-UHFFFAOYSA-N"}]}],"temperature":303,"articleSource":"Table 2","compositionType":"moleratio","adsorbates":[{"name":"Carbon Dioxide","InChIKey":"CURLTUGMZLYLDI-UHFFFAOYSA-N"},{"name":"Methane","InChIKey":"VNWKTOKETHGBQD-UHFFFAOYSA-N"}],"adsorptionUnits":"mmol/g","date":"2019-07-03","category":"exp","digitizer":"Justin Chen","pressureUnits":"bar","DOI":"10.1021/acs.jced.6b01029","adsorbent":{"name":"EcoSorb Activated Carbon","hashkey":"NIST-MATDB-29b5468f8817033a7c2e8c8ec1afd8f8"},"concentrationUnits":"","filename":"10.1021acs.jced.6b01029.Isotherm1","isotherm_type":"excess"}