{"filename": "10.1021Jp5081466.Isotherm12", "DOI": "10.1021/Jp5081466", "articleSource": "UNKNOWN", "date": "1000-01-01", "digitizer": "UNKNOWN", "adsorbent": {"hashkey": "NIST-MATDB-b2dc02871a66ac38e4b195796cf3e00b", "name": "ZIF-8"}, "adsorbates": [{"InChIKey": "IJGRMHOSHXDMSA-UHFFFAOYSA-N", "name": "Nitrogen"}], "category": "", "temperature": 77, "isotherm_type": "", "adsorptionUnits": "cm3(STP)/g", "pressureUnits": "bar", "compositionType": "molefraction", "concentrationUnits": "", "isotherm_data": [{"pressure": 1.01836e-05, "total_adsorption": 3.52042, "species_data": [{"InChIKey": "IJGRMHOSHXDMSA-UHFFFAOYSA-N", "composition": 1, "adsorption": 3.52042}]}, {"pressure": 1.2887e-05, "total_adsorption": 3.54438, "species_data": [{"InChIKey": "IJGRMHOSHXDMSA-UHFFFAOYSA-N", "composition": 1, "adsorption": 3.54438}]}, {"pressure": 1.59284e-05, "total_adsorption": 3.56595, "species_data": [{"InChIKey": "IJGRMHOSHXDMSA-UHFFFAOYSA-N", "composition": 1, "adsorption": 3.56595}]}, {"pressure": 2.01568e-05, "total_adsorption": 4.76179, "species_data": [{"InChIKey": "IJGRMHOSHXDMSA-UHFFFAOYSA-N", "composition": 1, "adsorption": 4.76179}]}, {"pressure": 2.55077e-05, "total_adsorption": 4.78576, "species_data": [{"InChIKey": "IJGRMHOSHXDMSA-UHFFFAOYSA-N", "composition": 1, "adsorption": 4.78576}]}, {"pressure": 3.22791e-05, "total_adsorption": 4.80972, "species_data": [{"InChIKey": "IJGRMHOSHXDMSA-UHFFFAOYSA-N", "composition": 1, "adsorption": 4.80972}]}, {"pressure": 4.0848e-05, "total_adsorption": 4.83368, "species_data": [{"InChIKey": "IJGRMHOSHXDMSA-UHFFFAOYSA-N", "composition": 1, "adsorption": 4.83368}]}, {"pressure": 5.16919e-05, "total_adsorption": 4.85765, "species_data": [{"InChIKey": "IJGRMHOSHXDMSA-UHFFFAOYSA-N", "composition": 1, "adsorption": 4.85765}]}, {"pressure": 6.54142e-05, "total_adsorption": 4.88161, "species_data": [{"InChIKey": "IJGRMHOSHXDMSA-UHFFFAOYSA-N", "composition": 1, "adsorption": 4.88161}]}, {"pressure": 8.27793e-05, "total_adsorption": 6.07745, "species_data": [{"InChIKey": "IJGRMHOSHXDMSA-UHFFFAOYSA-N", "composition": 1, "adsorption": 6.07745}]}, {"pressure": 0.000104754, "total_adsorption": 7.27329, "species_data": [{"InChIKey": "IJGRMHOSHXDMSA-UHFFFAOYSA-N", "composition": 1, "adsorption": 7.27329}]}, {"pressure": 0.000109805, "total_adsorption": 4.93434, "species_data": [{"InChIKey": "IJGRMHOSHXDMSA-UHFFFAOYSA-N", "composition": 1, "adsorption": 4.93434}]}, {"pressure": 0.000138955, "total_adsorption": 7.30205, "species_data": [{"InChIKey": "IJGRMHOSHXDMSA-UHFFFAOYSA-N", "composition": 1, "adsorption": 7.30205}]}, {"pressure": 0.000171748, "total_adsorption": 9.66737, "species_data": [{"InChIKey": "IJGRMHOSHXDMSA-UHFFFAOYSA-N", "composition": 1, "adsorption": 9.66737}]}, {"pressure": 0.000217341, "total_adsorption": 10.8632, "species_data": [{"InChIKey": "IJGRMHOSHXDMSA-UHFFFAOYSA-N", "composition": 1, "adsorption": 10.8632}]}, {"pressure": 0.000268641, "total_adsorption": 12.0567, "species_data": [{"InChIKey": "IJGRMHOSHXDMSA-UHFFFAOYSA-N", "composition": 1, "adsorption": 12.0567}]}, {"pressure": 0.000332041, "total_adsorption": 16.7657, "species_data": [{"InChIKey": "IJGRMHOSHXDMSA-UHFFFAOYSA-N", "composition": 1, "adsorption": 16.7657}]}, {"pressure": 0.000410414, "total_adsorption": 21.4748, "species_data": [{"InChIKey": "IJGRMHOSHXDMSA-UHFFFAOYSA-N", "composition": 1, "adsorption": 21.4748}]}, {"pressure": 0.00048394, "total_adsorption": 27.3509, "species_data": [{"InChIKey": "IJGRMHOSHXDMSA-UHFFFAOYSA-N", "composition": 1, "adsorption": 27.3509}]}, {"pressure": 0.000584241, "total_adsorption": 33.2295, "species_data": [{"InChIKey": "IJGRMHOSHXDMSA-UHFFFAOYSA-N", "composition": 1, "adsorption": 33.2295}]}, {"pressure": 0.000688924, "total_adsorption": 40.2775, "species_data": [{"InChIKey": "IJGRMHOSHXDMSA-UHFFFAOYSA-N", "composition": 1, "adsorption": 40.2775}]}, {"pressure": 0.000812347, "total_adsorption": 47.3255, "species_data": [{"InChIKey": "IJGRMHOSHXDMSA-UHFFFAOYSA-N", "composition": 1, "adsorption": 47.3255}]}, {"pressure": 0.000980712, "total_adsorption": 52.0322, "species_data": [{"InChIKey": "IJGRMHOSHXDMSA-UHFFFAOYSA-N", "composition": 1, "adsorption": 52.0322}]}, {"pressure": 0.00118397, "total_adsorption": 61.4264, "species_data": [{"InChIKey": "IJGRMHOSHXDMSA-UHFFFAOYSA-N", "composition": 1, "adsorption": 61.4264}]}, {"pressure": 0.00139608, "total_adsorption": 68.4744, "species_data": [{"InChIKey": "IJGRMHOSHXDMSA-UHFFFAOYSA-N", "composition": 1, "adsorption": 68.4744}]}, {"pressure": 0.00168543, "total_adsorption": 73.1811, "species_data": [{"InChIKey": "IJGRMHOSHXDMSA-UHFFFAOYSA-N", "composition": 1, "adsorption": 73.1811}]}, {"pressure": 0.00198743, "total_adsorption": 80.2291, "species_data": [{"InChIKey": "IJGRMHOSHXDMSA-UHFFFAOYSA-N", "composition": 1, "adsorption": 80.2291}]}, {"pressure": 0.00239934, "total_adsorption": 86.1076, "species_data": [{"InChIKey": "IJGRMHOSHXDMSA-UHFFFAOYSA-N", "composition": 1, "adsorption": 86.1076}]}, {"pressure": 0.00296559, "total_adsorption": 91.9886, "species_data": [{"InChIKey": "IJGRMHOSHXDMSA-UHFFFAOYSA-N", "composition": 1, "adsorption": 91.9886}]}, {"pressure": 0.00358024, "total_adsorption": 97.8671, "species_data": [{"InChIKey": "IJGRMHOSHXDMSA-UHFFFAOYSA-N", "composition": 1, "adsorption": 97.8671}]}, {"pressure": 0.00422174, "total_adsorption": 104.915, "species_data": [{"InChIKey": "IJGRMHOSHXDMSA-UHFFFAOYSA-N", "composition": 1, "adsorption": 104.915}]}, {"pressure": 0.00497808, "total_adsorption": 110.791, "species_data": [{"InChIKey": "IJGRMHOSHXDMSA-UHFFFAOYSA-N", "composition": 1, "adsorption": 110.791}]}, {"pressure": 0.00587005, "total_adsorption": 116.667, "species_data": [{"InChIKey": "IJGRMHOSHXDMSA-UHFFFAOYSA-N", "composition": 1, "adsorption": 116.667}]}, {"pressure": 0.00692168, "total_adsorption": 123.715, "species_data": [{"InChIKey": "IJGRMHOSHXDMSA-UHFFFAOYSA-N", "composition": 1, "adsorption": 123.715}]}, {"pressure": 0.00835626, "total_adsorption": 129.594, "species_data": [{"InChIKey": "IJGRMHOSHXDMSA-UHFFFAOYSA-N", "composition": 1, "adsorption": 129.594}]}, {"pressure": 0.0100882, "total_adsorption": 136.644, "species_data": [{"InChIKey": "IJGRMHOSHXDMSA-UHFFFAOYSA-N", "composition": 1, "adsorption": 136.644}]}, {"pressure": 0.0118955, "total_adsorption": 142.521, "species_data": [{"InChIKey": "IJGRMHOSHXDMSA-UHFFFAOYSA-N", "composition": 1, "adsorption": 142.521}]}, {"pressure": 0.0143609, "total_adsorption": 148.399, "species_data": [{"InChIKey": "IJGRMHOSHXDMSA-UHFFFAOYSA-N", "composition": 1, "adsorption": 148.399}]}, {"pressure": 0.0169341, "total_adsorption": 153.103, "species_data": [{"InChIKey": "IJGRMHOSHXDMSA-UHFFFAOYSA-N", "composition": 1, "adsorption": 153.103}]}, {"pressure": 0.0204438, "total_adsorption": 158.982, "species_data": [{"InChIKey": "IJGRMHOSHXDMSA-UHFFFAOYSA-N", "composition": 1, "adsorption": 158.982}]}, {"pressure": 0.0258709, "total_adsorption": 161.35, "species_data": [{"InChIKey": "IJGRMHOSHXDMSA-UHFFFAOYSA-N", "composition": 1, "adsorption": 161.35}]}, {"pressure": 0.0319766, "total_adsorption": 166.059, "species_data": [{"InChIKey": "IJGRMHOSHXDMSA-UHFFFAOYSA-N", "composition": 1, "adsorption": 166.059}]}, {"pressure": 0.038604, "total_adsorption": 171.937, "species_data": [{"InChIKey": "IJGRMHOSHXDMSA-UHFFFAOYSA-N", "composition": 1, "adsorption": 171.937}]}, {"pressure": 0.0477157, "total_adsorption": 175.475, "species_data": [{"InChIKey": "IJGRMHOSHXDMSA-UHFFFAOYSA-N", "composition": 1, "adsorption": 175.475}]}, {"pressure": 0.0589769, "total_adsorption": 179.012, "species_data": [{"InChIKey": "IJGRMHOSHXDMSA-UHFFFAOYSA-N", "composition": 1, "adsorption": 179.012}]}, {"pressure": 0.0728974, "total_adsorption": 181.377, "species_data": [{"InChIKey": "IJGRMHOSHXDMSA-UHFFFAOYSA-N", "composition": 1, "adsorption": 181.377}]}, {"pressure": 0.092249, "total_adsorption": 184.917, "species_data": [{"InChIKey": "IJGRMHOSHXDMSA-UHFFFAOYSA-N", "composition": 1, "adsorption": 184.917}]}, {"pressure": 0.111367, "total_adsorption": 189.623, "species_data": [{"InChIKey": "IJGRMHOSHXDMSA-UHFFFAOYSA-N", "composition": 1, "adsorption": 189.623}]}, {"pressure": 0.137651, "total_adsorption": 191.989, "species_data": [{"InChIKey": "IJGRMHOSHXDMSA-UHFFFAOYSA-N", "composition": 1, "adsorption": 191.989}]}, {"pressure": 0.17014, "total_adsorption": 196.698, "species_data": [{"InChIKey": "IJGRMHOSHXDMSA-UHFFFAOYSA-N", "composition": 1, "adsorption": 196.698}]}, {"pressure": 0.210295, "total_adsorption": 200.235, "species_data": [{"InChIKey": "IJGRMHOSHXDMSA-UHFFFAOYSA-N", "composition": 1, "adsorption": 200.235}]}, {"pressure": 0.259929, "total_adsorption": 202.6, "species_data": [{"InChIKey": "IJGRMHOSHXDMSA-UHFFFAOYSA-N", "composition": 1, "adsorption": 202.6}]}, {"pressure": 0.32893, "total_adsorption": 204.968, "species_data": [{"InChIKey": "IJGRMHOSHXDMSA-UHFFFAOYSA-N", "composition": 1, "adsorption": 204.968}]}, {"pressure": 0.397104, "total_adsorption": 209.675, "species_data": [{"InChIKey": "IJGRMHOSHXDMSA-UHFFFAOYSA-N", "composition": 1, "adsorption": 209.675}]}, {"pressure": 0.490826, "total_adsorption": 213.212, "species_data": [{"InChIKey": "IJGRMHOSHXDMSA-UHFFFAOYSA-N", "composition": 1, "adsorption": 213.212}]}, {"pressure": 0.592554, "total_adsorption": 217.918, "species_data": [{"InChIKey": "IJGRMHOSHXDMSA-UHFFFAOYSA-N", "composition": 1, "adsorption": 217.918}]}]}