{"filename": "10.1021Jp405509m.Isotherm9", "DOI": "10.1021/Jp405509m", "articleSource": "UNKNOWN", "date": "1000-01-01", "digitizer": "UNKNOWN", "adsorbent": {"hashkey": "NIST-MATDB-991daf7313251e7e607e2bab2da57e33", "name": "CuBTC"}, "adsorbates": [{"InChIKey": "LFQSCWFLJHTTHZ-UHFFFAOYSA-N", "name": "Ethanol"}], "category": "", "temperature": 323, "isotherm_type": "", "adsorptionUnits": "mmol/g", "pressureUnits": "bar", "compositionType": "molefraction", "concentrationUnits": "", "isotherm_data": [{"pressure": 0.00082, "total_adsorption": 7.63746, "species_data": [{"InChIKey": "LFQSCWFLJHTTHZ-UHFFFAOYSA-N", "composition": 1, "adsorption": 7.63746}]}, {"pressure": 0.00105911, "total_adsorption": 7.83795, "species_data": [{"InChIKey": "LFQSCWFLJHTTHZ-UHFFFAOYSA-N", "composition": 1, "adsorption": 7.83795}]}, {"pressure": 0.00121913, "total_adsorption": 8.02788, "species_data": [{"InChIKey": "LFQSCWFLJHTTHZ-UHFFFAOYSA-N", "composition": 1, "adsorption": 8.02788}]}, {"pressure": 0.00165724, "total_adsorption": 8.22837, "species_data": [{"InChIKey": "LFQSCWFLJHTTHZ-UHFFFAOYSA-N", "composition": 1, "adsorption": 8.22837}]}, {"pressure": 0.00249553, "total_adsorption": 8.57658, "species_data": [{"InChIKey": "LFQSCWFLJHTTHZ-UHFFFAOYSA-N", "composition": 1, "adsorption": 8.57658}]}, {"pressure": 0.00326459, "total_adsorption": 8.80873, "species_data": [{"InChIKey": "LFQSCWFLJHTTHZ-UHFFFAOYSA-N", "composition": 1, "adsorption": 8.80873}]}, {"pressure": 0.00405764, "total_adsorption": 9.06197, "species_data": [{"InChIKey": "LFQSCWFLJHTTHZ-UHFFFAOYSA-N", "composition": 1, "adsorption": 9.06197}]}, {"pressure": 0.00497923, "total_adsorption": 9.31522, "species_data": [{"InChIKey": "LFQSCWFLJHTTHZ-UHFFFAOYSA-N", "composition": 1, "adsorption": 9.31522}]}, {"pressure": 0.00580536, "total_adsorption": 9.57902, "species_data": [{"InChIKey": "LFQSCWFLJHTTHZ-UHFFFAOYSA-N", "composition": 1, "adsorption": 9.57902}]}, {"pressure": 0.00676855, "total_adsorption": 9.89558, "species_data": [{"InChIKey": "LFQSCWFLJHTTHZ-UHFFFAOYSA-N", "composition": 1, "adsorption": 9.89558}]}, {"pressure": 0.0074026, "total_adsorption": 10.1488, "species_data": [{"InChIKey": "LFQSCWFLJHTTHZ-UHFFFAOYSA-N", "composition": 1, "adsorption": 10.1488}]}, {"pressure": 0.00841279, "total_adsorption": 10.4126, "species_data": [{"InChIKey": "LFQSCWFLJHTTHZ-UHFFFAOYSA-N", "composition": 1, "adsorption": 10.4126}]}, {"pressure": 0.0104565, "total_adsorption": 10.8136, "species_data": [{"InChIKey": "LFQSCWFLJHTTHZ-UHFFFAOYSA-N", "composition": 1, "adsorption": 10.8136}]}, {"pressure": 0.0129966, "total_adsorption": 11.109, "species_data": [{"InChIKey": "LFQSCWFLJHTTHZ-UHFFFAOYSA-N", "composition": 1, "adsorption": 11.109}]}, {"pressure": 0.0167857, "total_adsorption": 11.3834, "species_data": [{"InChIKey": "LFQSCWFLJHTTHZ-UHFFFAOYSA-N", "composition": 1, "adsorption": 11.3834}]}, {"pressure": 0.0231115, "total_adsorption": 11.605, "species_data": [{"InChIKey": "LFQSCWFLJHTTHZ-UHFFFAOYSA-N", "composition": 1, "adsorption": 11.605}]}, {"pressure": 0.0310175, "total_adsorption": 11.7105, "species_data": [{"InChIKey": "LFQSCWFLJHTTHZ-UHFFFAOYSA-N", "composition": 1, "adsorption": 11.7105}]}, {"pressure": 0.0400606, "total_adsorption": 11.8477, "species_data": [{"InChIKey": "LFQSCWFLJHTTHZ-UHFFFAOYSA-N", "composition": 1, "adsorption": 11.8477}]}, {"pressure": 0.0537645, "total_adsorption": 11.9849, "species_data": [{"InChIKey": "LFQSCWFLJHTTHZ-UHFFFAOYSA-N", "composition": 1, "adsorption": 11.9849}]}, {"pressure": 0.0703335, "total_adsorption": 12.0693, "species_data": [{"InChIKey": "LFQSCWFLJHTTHZ-UHFFFAOYSA-N", "composition": 1, "adsorption": 12.0693}]}, {"pressure": 0.0896846, "total_adsorption": 12.2065, "species_data": [{"InChIKey": "LFQSCWFLJHTTHZ-UHFFFAOYSA-N", "composition": 1, "adsorption": 12.2065}]}, {"pressure": 0.112906, "total_adsorption": 12.2803, "species_data": [{"InChIKey": "LFQSCWFLJHTTHZ-UHFFFAOYSA-N", "composition": 1, "adsorption": 12.2803}]}, {"pressure": 0.147701, "total_adsorption": 12.428, "species_data": [{"InChIKey": "LFQSCWFLJHTTHZ-UHFFFAOYSA-N", "composition": 1, "adsorption": 12.428}]}]}