{"isotherm_data":[{"pressure":7.8465,"total_adsorption":null,"species_data":[{"composition":0.6,"adsorption":1.9209,"InChIKey":"CURLTUGMZLYLDI-UHFFFAOYSA-N"},{"composition":0.4,"adsorption":1.0363,"InChIKey":"VNWKTOKETHGBQD-UHFFFAOYSA-N"}]},{"pressure":16.0975,"total_adsorption":null,"species_data":[{"composition":0.6,"adsorption":2.7419,"InChIKey":"CURLTUGMZLYLDI-UHFFFAOYSA-N"},{"composition":0.4,"adsorption":1.3135,"InChIKey":"VNWKTOKETHGBQD-UHFFFAOYSA-N"}]},{"pressure":28.591,"total_adsorption":null,"species_data":[{"composition":0.6,"adsorption":3.5499,"InChIKey":"CURLTUGMZLYLDI-UHFFFAOYSA-N"},{"composition":0.4,"adsorption":1.4435,"InChIKey":"VNWKTOKETHGBQD-UHFFFAOYSA-N"}]},{"pressure":41.6895,"total_adsorption":null,"species_data":[{"composition":0.6,"adsorption":4.1176,"InChIKey":"CURLTUGMZLYLDI-UHFFFAOYSA-N"},{"composition":0.4,"adsorption":1.4058,"InChIKey":"VNWKTOKETHGBQD-UHFFFAOYSA-N"}]},{"pressure":55.441,"total_adsorption":null,"species_data":[{"composition":0.6,"adsorption":4.4324,"InChIKey":"CURLTUGMZLYLDI-UHFFFAOYSA-N"},{"composition":0.4,"adsorption":1.329,"InChIKey":"VNWKTOKETHGBQD-UHFFFAOYSA-N"}]},{"pressure":69.7955,"total_adsorption":null,"species_data":[{"composition":0.6,"adsorption":4.6587,"InChIKey":"CURLTUGMZLYLDI-UHFFFAOYSA-N"},{"composition":0.4,"adsorption":1.1831,"InChIKey":"VNWKTOKETHGBQD-UHFFFAOYSA-N"}]},{"pressure":82.8985,"total_adsorption":null,"species_data":[{"composition":0.6,"adsorption":4.7207,"InChIKey":"CURLTUGMZLYLDI-UHFFFAOYSA-N"},{"composition":0.4,"adsorption":1.0962,"InChIKey":"VNWKTOKETHGBQD-UHFFFAOYSA-N"}]},{"pressure":96.221,"total_adsorption":null,"species_data":[{"composition":0.6,"adsorption":4.7954,"InChIKey":"CURLTUGMZLYLDI-UHFFFAOYSA-N"},{"composition":0.4,"adsorption":0.96,"InChIKey":"VNWKTOKETHGBQD-UHFFFAOYSA-N"}]},{"pressure":110.087,"total_adsorption":null,"species_data":[{"composition":0.6,"adsorption":4.7562,"InChIKey":"CURLTUGMZLYLDI-UHFFFAOYSA-N"},{"composition":0.4,"adsorption":0.824,"InChIKey":"VNWKTOKETHGBQD-UHFFFAOYSA-N"}]},{"pressure":124.443,"total_adsorption":null,"species_data":[{"composition":0.6,"adsorption":4.6411,"InChIKey":"CURLTUGMZLYLDI-UHFFFAOYSA-N"},{"composition":0.4,"adsorption":0.6978,"InChIKey":"VNWKTOKETHGBQD-UHFFFAOYSA-N"}]}],"temperature":318,"articleSource":"Figure 1, Figure 2","compositionType":"molefraction","adsorbates":[{"name":"Carbon Dioxide","InChIKey":"CURLTUGMZLYLDI-UHFFFAOYSA-N"},{"name":"Methane","InChIKey":"VNWKTOKETHGBQD-UHFFFAOYSA-N"}],"adsorptionUnits":"mmol/g","date":"2017-07-07","category":"mod","digitizer":"Julia Chotoo","pressureUnits":"bar","DOI":"10.1021/ef2005749","adsorbent":{"name":"Dry Activated Carbon","hashkey":"NIST-MATDB-518f701d84dc3dd34240693bb169bcdd"},"concentrationUnits":"","filename":"10.1021ef2005749.Isotherm2","isotherm_type":""}