{"isotherm_data":[{"pressure":0.000486486,"total_adsorption":2.62984,"species_data":[{"composition":1,"adsorption":2.62984,"InChIKey":"XLYOFNOQVPJJNP-UHFFFAOYSA-N"}]},{"pressure":0.0011454,"total_adsorption":3.20139,"species_data":[{"composition":1,"adsorption":3.20139,"InChIKey":"XLYOFNOQVPJJNP-UHFFFAOYSA-N"}]},{"pressure":0.00464159,"total_adsorption":5.10722,"species_data":[{"composition":1,"adsorption":5.10722,"InChIKey":"XLYOFNOQVPJJNP-UHFFFAOYSA-N"}]},{"pressure":0.00750383,"total_adsorption":6.26835,"species_data":[{"composition":1,"adsorption":6.26835,"InChIKey":"XLYOFNOQVPJJNP-UHFFFAOYSA-N"}]},{"pressure":0.0126486,"total_adsorption":7.3846,"species_data":[{"composition":1,"adsorption":7.3846,"InChIKey":"XLYOFNOQVPJJNP-UHFFFAOYSA-N"}]}],"temperature":373,"articleSource":"UNKNOWN","compositionType":"molefraction","adsorbates":[{"name":"Water","InChIKey":"XLYOFNOQVPJJNP-UHFFFAOYSA-N"}],"adsorptionUnits":"mmol/g","date":"1000-01-01","category":"","digitizer":"UNKNOWN","pressureUnits":"bar","DOI":"10.1021/Je800900a","adsorbent":{"name":"Zeolite 5A","hashkey":"NIST-MATDB-035dc75dddd00241bd76627f78cbef2d"},"concentrationUnits":"","filename":"10.1021Je800900a.Isotherm59","isotherm_type":""}