{"filename": "10.1016j.micromeso.2011.12.043.Isotherm19", "DOI": "10.1016/j.micromeso.2011.12.043", "articleSource": "UNKNOWN", "date": "1000-01-01", "digitizer": "UNKNOWN", "adsorbent": {"hashkey": "NIST-MATDB-e8a1a82c4fe2ad952d1c107156f780f2", "name": "MIL-100(Fe)"}, "adsorbates": [{"InChIKey": "NNPPMTNAJDCUHE-UHFFFAOYSA-N", "name": "Isobutane"}], "category": "", "temperature": 423, "isotherm_type": "", "adsorptionUnits": "mmol/g", "pressureUnits": "bar", "compositionType": "molefraction", "concentrationUnits": "", "isotherm_data": [{"pressure": 0.130293, "total_adsorption": 0.217899, "species_data": [{"InChIKey": "NNPPMTNAJDCUHE-UHFFFAOYSA-N", "composition": 1, "adsorption": 0.217899}]}, {"pressure": 0.34202, "total_adsorption": 0.498054, "species_data": [{"InChIKey": "NNPPMTNAJDCUHE-UHFFFAOYSA-N", "composition": 1, "adsorption": 0.498054}]}, {"pressure": 0.553746, "total_adsorption": 0.77821, "species_data": [{"InChIKey": "NNPPMTNAJDCUHE-UHFFFAOYSA-N", "composition": 1, "adsorption": 0.77821}]}, {"pressure": 0.684039, "total_adsorption": 0.964981, "species_data": [{"InChIKey": "NNPPMTNAJDCUHE-UHFFFAOYSA-N", "composition": 1, "adsorption": 0.964981}]}, {"pressure": 0.814332, "total_adsorption": 1.05837, "species_data": [{"InChIKey": "NNPPMTNAJDCUHE-UHFFFAOYSA-N", "composition": 1, "adsorption": 1.05837}]}, {"pressure": 0.928339, "total_adsorption": 1.24514, "species_data": [{"InChIKey": "NNPPMTNAJDCUHE-UHFFFAOYSA-N", "composition": 1, "adsorption": 1.24514}]}, {"pressure": 1.17264, "total_adsorption": 1.43191, "species_data": [{"InChIKey": "NNPPMTNAJDCUHE-UHFFFAOYSA-N", "composition": 1, "adsorption": 1.43191}]}, {"pressure": 1.31922, "total_adsorption": 1.55642, "species_data": [{"InChIKey": "NNPPMTNAJDCUHE-UHFFFAOYSA-N", "composition": 1, "adsorption": 1.55642}]}, {"pressure": 1.48208, "total_adsorption": 1.74319, "species_data": [{"InChIKey": "NNPPMTNAJDCUHE-UHFFFAOYSA-N", "composition": 1, "adsorption": 1.74319}]}, {"pressure": 1.72638, "total_adsorption": 1.92996, "species_data": [{"InChIKey": "NNPPMTNAJDCUHE-UHFFFAOYSA-N", "composition": 1, "adsorption": 1.92996}]}, {"pressure": 1.87296, "total_adsorption": 2.02335, "species_data": [{"InChIKey": "NNPPMTNAJDCUHE-UHFFFAOYSA-N", "composition": 1, "adsorption": 2.02335}]}, {"pressure": 2.01954, "total_adsorption": 2.17899, "species_data": [{"InChIKey": "NNPPMTNAJDCUHE-UHFFFAOYSA-N", "composition": 1, "adsorption": 2.17899}]}, {"pressure": 2.14984, "total_adsorption": 2.21012, "species_data": [{"InChIKey": "NNPPMTNAJDCUHE-UHFFFAOYSA-N", "composition": 1, "adsorption": 2.21012}]}, {"pressure": 2.29642, "total_adsorption": 2.3035, "species_data": [{"InChIKey": "NNPPMTNAJDCUHE-UHFFFAOYSA-N", "composition": 1, "adsorption": 2.3035}]}, {"pressure": 2.443, "total_adsorption": 2.39689, "species_data": [{"InChIKey": "NNPPMTNAJDCUHE-UHFFFAOYSA-N", "composition": 1, "adsorption": 2.39689}]}, {"pressure": 2.58958, "total_adsorption": 2.49027, "species_data": [{"InChIKey": "NNPPMTNAJDCUHE-UHFFFAOYSA-N", "composition": 1, "adsorption": 2.49027}]}, {"pressure": 2.75244, "total_adsorption": 2.58366, "species_data": [{"InChIKey": "NNPPMTNAJDCUHE-UHFFFAOYSA-N", "composition": 1, "adsorption": 2.58366}]}, {"pressure": 2.94788, "total_adsorption": 2.67704, "species_data": [{"InChIKey": "NNPPMTNAJDCUHE-UHFFFAOYSA-N", "composition": 1, "adsorption": 2.67704}]}, {"pressure": 3.11075, "total_adsorption": 2.77043, "species_data": [{"InChIKey": "NNPPMTNAJDCUHE-UHFFFAOYSA-N", "composition": 1, "adsorption": 2.77043}]}, {"pressure": 3.25733, "total_adsorption": 2.83268, "species_data": [{"InChIKey": "NNPPMTNAJDCUHE-UHFFFAOYSA-N", "composition": 1, "adsorption": 2.83268}]}, {"pressure": 3.43648, "total_adsorption": 2.92607, "species_data": [{"InChIKey": "NNPPMTNAJDCUHE-UHFFFAOYSA-N", "composition": 1, "adsorption": 2.92607}]}]}