{"filename": "10.1021Jp010702q.isotherm2", "DOI": "10.1021/Jp010702q", "articleSource": "UNKNOWN", "date": "1000-01-01", "digitizer": "UNKNOWN", "adsorbent": {"hashkey": "NIST-MATDB-5127072702cb25333c1d68e72c910766", "name": "AlPO4-5"}, "adsorbates": [{"InChIKey": "VNWKTOKETHGBQD-UHFFFAOYSA-N", "name": "Methane"}], "category": "", "temperature": 77, "isotherm_type": "", "adsorptionUnits": "molecules/unitcell", "pressureUnits": "bar", "compositionType": "molefraction", "concentrationUnits": "", "isotherm_data": [{"pressure": 1.2e-08, "total_adsorption": 0.0872525, "species_data": [{"InChIKey": "VNWKTOKETHGBQD-UHFFFAOYSA-N", "composition": 1, "adsorption": 0.0872525}]}, {"pressure": 4.25e-08, "total_adsorption": 0.224546, "species_data": [{"InChIKey": "VNWKTOKETHGBQD-UHFFFAOYSA-N", "composition": 1, "adsorption": 0.224546}]}, {"pressure": 1.23e-07, "total_adsorption": 2.90177, "species_data": [{"InChIKey": "VNWKTOKETHGBQD-UHFFFAOYSA-N", "composition": 1, "adsorption": 2.90177}]}, {"pressure": 3.45e-07, "total_adsorption": 3.7713, "species_data": [{"InChIKey": "VNWKTOKETHGBQD-UHFFFAOYSA-N", "composition": 1, "adsorption": 3.7713}]}, {"pressure": 1.13e-06, "total_adsorption": 3.97724, "species_data": [{"InChIKey": "VNWKTOKETHGBQD-UHFFFAOYSA-N", "composition": 1, "adsorption": 3.97724}]}, {"pressure": 1.16e-05, "total_adsorption": 4.05733, "species_data": [{"InChIKey": "VNWKTOKETHGBQD-UHFFFAOYSA-N", "composition": 1, "adsorption": 4.05733}]}, {"pressure": 3.12e-05, "total_adsorption": 4.25183, "species_data": [{"InChIKey": "VNWKTOKETHGBQD-UHFFFAOYSA-N", "composition": 1, "adsorption": 4.25183}]}, {"pressure": 6.61e-05, "total_adsorption": 5.30441, "species_data": [{"InChIKey": "VNWKTOKETHGBQD-UHFFFAOYSA-N", "composition": 1, "adsorption": 5.30441}]}, {"pressure": 0.000216, "total_adsorption": 5.64765, "species_data": [{"InChIKey": "VNWKTOKETHGBQD-UHFFFAOYSA-N", "composition": 1, "adsorption": 5.64765}]}, {"pressure": 0.000516, "total_adsorption": 5.84215, "species_data": [{"InChIKey": "VNWKTOKETHGBQD-UHFFFAOYSA-N", "composition": 1, "adsorption": 5.84215}]}, {"pressure": 0.00138589, "total_adsorption": 5.95656, "species_data": [{"InChIKey": "VNWKTOKETHGBQD-UHFFFAOYSA-N", "composition": 1, "adsorption": 5.95656}]}]}