{"isotherm_data":[{"pressure":0,"total_adsorption":-0.12659,"species_data":[{"composition":1,"adsorption":-0.12659,"InChIKey":"ATUOYWHBWRKTHZ-UHFFFAOYSA-N"}]},{"pressure":0.173322,"total_adsorption":0.886762,"species_data":[{"composition":1,"adsorption":0.886762,"InChIKey":"ATUOYWHBWRKTHZ-UHFFFAOYSA-N"}]},{"pressure":0.199018,"total_adsorption":0.000787,"species_data":[{"composition":1,"adsorption":0.000787,"InChIKey":"ATUOYWHBWRKTHZ-UHFFFAOYSA-N"}]},{"pressure":0.335811,"total_adsorption":1.0931,"species_data":[{"composition":1,"adsorption":1.0931,"InChIKey":"ATUOYWHBWRKTHZ-UHFFFAOYSA-N"}]},{"pressure":0.43809,"total_adsorption":0.017556,"species_data":[{"composition":1,"adsorption":0.017556,"InChIKey":"ATUOYWHBWRKTHZ-UHFFFAOYSA-N"}]},{"pressure":0.615695,"total_adsorption":1.17332,"species_data":[{"composition":1,"adsorption":1.17332,"InChIKey":"ATUOYWHBWRKTHZ-UHFFFAOYSA-N"}]},{"pressure":0.757274,"total_adsorption":0.066287,"species_data":[{"composition":1,"adsorption":0.066287,"InChIKey":"ATUOYWHBWRKTHZ-UHFFFAOYSA-N"}]},{"pressure":0.974934,"total_adsorption":1.23803,"species_data":[{"composition":1,"adsorption":1.23803,"InChIKey":"ATUOYWHBWRKTHZ-UHFFFAOYSA-N"}]},{"pressure":1.07595,"total_adsorption":0.08337,"species_data":[{"composition":1,"adsorption":0.08337,"InChIKey":"ATUOYWHBWRKTHZ-UHFFFAOYSA-N"}]},{"pressure":1.41454,"total_adsorption":1.35053,"species_data":[{"composition":1,"adsorption":1.35053,"InChIKey":"ATUOYWHBWRKTHZ-UHFFFAOYSA-N"}]},{"pressure":1.59416,"total_adsorption":0.132888,"species_data":[{"composition":1,"adsorption":0.132888,"InChIKey":"ATUOYWHBWRKTHZ-UHFFFAOYSA-N"}]},{"pressure":1.97934,"total_adsorption":1.82745,"species_data":[{"composition":1,"adsorption":1.82745,"InChIKey":"ATUOYWHBWRKTHZ-UHFFFAOYSA-N"}]},{"pressure":2.23227,"total_adsorption":0.214526,"species_data":[{"composition":1,"adsorption":0.214526,"InChIKey":"ATUOYWHBWRKTHZ-UHFFFAOYSA-N"}]},{"pressure":2.61746,"total_adsorption":1.90909,"species_data":[{"composition":1,"adsorption":1.90909,"InChIKey":"ATUOYWHBWRKTHZ-UHFFFAOYSA-N"}]},{"pressure":2.91372,"total_adsorption":0.517855,"species_data":[{"composition":1,"adsorption":0.517855,"InChIKey":"ATUOYWHBWRKTHZ-UHFFFAOYSA-N"}]},{"pressure":3.41403,"total_adsorption":1.94388,"species_data":[{"composition":1,"adsorption":1.94388,"InChIKey":"ATUOYWHBWRKTHZ-UHFFFAOYSA-N"}]},{"pressure":3.79468,"total_adsorption":0.853618,"species_data":[{"composition":1,"adsorption":0.853618,"InChIKey":"ATUOYWHBWRKTHZ-UHFFFAOYSA-N"}]},{"pressure":4.45043,"total_adsorption":2.04292,"species_data":[{"composition":1,"adsorption":2.04292,"InChIKey":"ATUOYWHBWRKTHZ-UHFFFAOYSA-N"}]},{"pressure":5.08452,"total_adsorption":1.87138,"species_data":[{"composition":1,"adsorption":1.87138,"InChIKey":"ATUOYWHBWRKTHZ-UHFFFAOYSA-N"}]},{"pressure":5.80501,"total_adsorption":2.12739,"species_data":[{"composition":1,"adsorption":2.12739,"InChIKey":"ATUOYWHBWRKTHZ-UHFFFAOYSA-N"}]},{"pressure":6.52072,"total_adsorption":2.08276,"species_data":[{"composition":1,"adsorption":2.08276,"InChIKey":"ATUOYWHBWRKTHZ-UHFFFAOYSA-N"}]},{"pressure":7.31906,"total_adsorption":2.22832,"species_data":[{"composition":1,"adsorption":2.22832,"InChIKey":"ATUOYWHBWRKTHZ-UHFFFAOYSA-N"}]},{"pressure":8.03577,"total_adsorption":2.24698,"species_data":[{"composition":1,"adsorption":2.24698,"InChIKey":"ATUOYWHBWRKTHZ-UHFFFAOYSA-N"}]}],"temperature":298,"articleSource":"Figure 6c","compositionType":"molefraction","adsorbates":[{"name":"N-propane","InChIKey":"ATUOYWHBWRKTHZ-UHFFFAOYSA-N"}],"adsorptionUnits":"mmol/g","date":"2016-06-09","category":"exp","digitizer":"David Anderegg","pressureUnits":"bar","DOI":"10.1039/c5sc01796c","adsorbent":{"name":"[Co2(ndc)2(bpy)]","hashkey":"NIST-MATDB-1f9d4e4fac6d97c9f29f5f996ab9f08d"},"concentrationUnits":"","filename":"10.1039c5sc01796c.Isotherm5","isotherm_type":""}