{"isotherm_data":[{"pressure":0,"total_adsorption":0.209743,"species_data":[{"composition":1,"adsorption":0.209743,"InChIKey":"UFHFLCQGNIYNRP-UHFFFAOYSA-N"}]},{"pressure":0.0193041,"total_adsorption":0.852096,"species_data":[{"composition":1,"adsorption":0.852096,"InChIKey":"UFHFLCQGNIYNRP-UHFFFAOYSA-N"}]},{"pressure":0.0739259,"total_adsorption":2.10621,"species_data":[{"composition":1,"adsorption":2.10621,"InChIKey":"UFHFLCQGNIYNRP-UHFFFAOYSA-N"}]},{"pressure":0.126363,"total_adsorption":3.08504,"species_data":[{"composition":1,"adsorption":3.08504,"InChIKey":"UFHFLCQGNIYNRP-UHFFFAOYSA-N"}]},{"pressure":0.198464,"total_adsorption":4.30857,"species_data":[{"composition":1,"adsorption":4.30857,"InChIKey":"UFHFLCQGNIYNRP-UHFFFAOYSA-N"}]},{"pressure":0.270565,"total_adsorption":5.44033,"species_data":[{"composition":1,"adsorption":5.44033,"InChIKey":"UFHFLCQGNIYNRP-UHFFFAOYSA-N"}]},{"pressure":0.35359,"total_adsorption":6.5721,"species_data":[{"composition":1,"adsorption":6.5721,"InChIKey":"UFHFLCQGNIYNRP-UHFFFAOYSA-N"}]},{"pressure":0.456279,"total_adsorption":7.82621,"species_data":[{"composition":1,"adsorption":7.82621,"InChIKey":"UFHFLCQGNIYNRP-UHFFFAOYSA-N"}]},{"pressure":0.561153,"total_adsorption":8.98857,"species_data":[{"composition":1,"adsorption":8.98857,"InChIKey":"UFHFLCQGNIYNRP-UHFFFAOYSA-N"}]},{"pressure":0.652918,"total_adsorption":9.90621,"species_data":[{"composition":1,"adsorption":9.90621,"InChIKey":"UFHFLCQGNIYNRP-UHFFFAOYSA-N"}]},{"pressure":0.751237,"total_adsorption":10.7627,"species_data":[{"composition":1,"adsorption":10.7627,"InChIKey":"UFHFLCQGNIYNRP-UHFFFAOYSA-N"}]},{"pressure":0.851741,"total_adsorption":11.6803,"species_data":[{"composition":1,"adsorption":11.6803,"InChIKey":"UFHFLCQGNIYNRP-UHFFFAOYSA-N"}]},{"pressure":0.95443,"total_adsorption":12.5368,"species_data":[{"composition":1,"adsorption":12.5368,"InChIKey":"UFHFLCQGNIYNRP-UHFFFAOYSA-N"}]}],"temperature":77,"articleSource":"UNKNOWN","compositionType":"molefraction","adsorbates":[{"name":"Hydrogen","InChIKey":"UFHFLCQGNIYNRP-UHFFFAOYSA-N"}],"adsorptionUnits":"mg/g","date":"1000-01-01","category":"","digitizer":"UNKNOWN","pressureUnits":"bar","DOI":"10.1002/chem.201203753","adsorbent":{"name":"ILCOF-1","hashkey":"NIST-MATDB-c9074bc9b567193e424f841acdcd1036"},"concentrationUnits":"","filename":"10.1002chem.201203753.isotherm2","isotherm_type":""}