{"isotherm_data":[{"pressure":2.05479,"total_adsorption":0.604549,"species_data":[{"composition":1,"adsorption":0.604549,"InChIKey":"CURLTUGMZLYLDI-UHFFFAOYSA-N"}]},{"pressure":2.96804,"total_adsorption":0.850177,"species_data":[{"composition":1,"adsorption":0.850177,"InChIKey":"CURLTUGMZLYLDI-UHFFFAOYSA-N"}]},{"pressure":5.02283,"total_adsorption":1.1151,"species_data":[{"composition":1,"adsorption":1.1151,"InChIKey":"CURLTUGMZLYLDI-UHFFFAOYSA-N"}]},{"pressure":6.84932,"total_adsorption":1.45541,"species_data":[{"composition":1,"adsorption":1.45541,"InChIKey":"CURLTUGMZLYLDI-UHFFFAOYSA-N"}]},{"pressure":10.0457,"total_adsorption":1.72077,"species_data":[{"composition":1,"adsorption":1.72077,"InChIKey":"CURLTUGMZLYLDI-UHFFFAOYSA-N"}]},{"pressure":14.9543,"total_adsorption":2.02451,"species_data":[{"composition":1,"adsorption":2.02451,"InChIKey":"CURLTUGMZLYLDI-UHFFFAOYSA-N"}]},{"pressure":20.0913,"total_adsorption":2.32834,"species_data":[{"composition":1,"adsorption":2.32834,"InChIKey":"CURLTUGMZLYLDI-UHFFFAOYSA-N"}]},{"pressure":25.1142,"total_adsorption":2.61325,"species_data":[{"composition":1,"adsorption":2.61325,"InChIKey":"CURLTUGMZLYLDI-UHFFFAOYSA-N"}]},{"pressure":29.9087,"total_adsorption":2.93581,"species_data":[{"composition":1,"adsorption":2.93581,"InChIKey":"CURLTUGMZLYLDI-UHFFFAOYSA-N"}]},{"pressure":39.8402,"total_adsorption":3.24145,"species_data":[{"composition":1,"adsorption":3.24145,"InChIKey":"CURLTUGMZLYLDI-UHFFFAOYSA-N"}]},{"pressure":49.8858,"total_adsorption":3.37732,"species_data":[{"composition":1,"adsorption":3.37732,"InChIKey":"CURLTUGMZLYLDI-UHFFFAOYSA-N"}]}],"temperature":298,"articleSource":"UNKNOWN","compositionType":"molefraction","adsorbates":[{"name":"Carbon Dioxide","InChIKey":"CURLTUGMZLYLDI-UHFFFAOYSA-N"}],"adsorptionUnits":"mmol/cm3","date":"1000-01-01","category":"","digitizer":"UNKNOWN","pressureUnits":"bar","DOI":"10.1021/Jp105464u","adsorbent":{"name":"MCM-41","hashkey":"NIST-MATDB-2f391b46b4e3f7747db4ad7bba0ccbfd"},"concentrationUnits":"","filename":"10.1021Jp105464u.Isotherm28","isotherm_type":""}