{"isotherm_data":[{"pressure":0.508343,"total_adsorption":0.133829,"species_data":[{"composition":1,"adsorption":0.133829,"InChIKey":"IJGRMHOSHXDMSA-UHFFFAOYSA-N"}]},{"pressure":1.01606,"total_adsorption":0.178439,"species_data":[{"composition":1,"adsorption":0.178439,"InChIKey":"IJGRMHOSHXDMSA-UHFFFAOYSA-N"}]},{"pressure":2.03148,"total_adsorption":0.267658,"species_data":[{"composition":1,"adsorption":0.267658,"InChIKey":"IJGRMHOSHXDMSA-UHFFFAOYSA-N"}]},{"pressure":2.96203,"total_adsorption":0.312268,"species_data":[{"composition":1,"adsorption":0.312268,"InChIKey":"IJGRMHOSHXDMSA-UHFFFAOYSA-N"}]},{"pressure":3.97746,"total_adsorption":0.401487,"species_data":[{"composition":1,"adsorption":0.401487,"InChIKey":"IJGRMHOSHXDMSA-UHFFFAOYSA-N"}]},{"pressure":4.90801,"total_adsorption":0.446097,"species_data":[{"composition":1,"adsorption":0.446097,"InChIKey":"IJGRMHOSHXDMSA-UHFFFAOYSA-N"}]},{"pressure":6.008,"total_adsorption":0.535316,"species_data":[{"composition":1,"adsorption":0.535316,"InChIKey":"IJGRMHOSHXDMSA-UHFFFAOYSA-N"}]},{"pressure":6.93823,"total_adsorption":0.535316,"species_data":[{"composition":1,"adsorption":0.535316,"InChIKey":"IJGRMHOSHXDMSA-UHFFFAOYSA-N"}]},{"pressure":7.78421,"total_adsorption":0.579926,"species_data":[{"composition":1,"adsorption":0.579926,"InChIKey":"IJGRMHOSHXDMSA-UHFFFAOYSA-N"}]},{"pressure":8.88421,"total_adsorption":0.669145,"species_data":[{"composition":1,"adsorption":0.669145,"InChIKey":"IJGRMHOSHXDMSA-UHFFFAOYSA-N"}]},{"pressure":9.9842,"total_adsorption":0.758364,"species_data":[{"composition":1,"adsorption":0.758364,"InChIKey":"IJGRMHOSHXDMSA-UHFFFAOYSA-N"}]},{"pressure":14.9739,"total_adsorption":0.802974,"species_data":[{"composition":1,"adsorption":0.802974,"InChIKey":"IJGRMHOSHXDMSA-UHFFFAOYSA-N"}]},{"pressure":20.0486,"total_adsorption":0.892193,"species_data":[{"composition":1,"adsorption":0.892193,"InChIKey":"IJGRMHOSHXDMSA-UHFFFAOYSA-N"}]},{"pressure":24.9541,"total_adsorption":0.981413,"species_data":[{"composition":1,"adsorption":0.981413,"InChIKey":"IJGRMHOSHXDMSA-UHFFFAOYSA-N"}]},{"pressure":30.0284,"total_adsorption":1.02602,"species_data":[{"composition":1,"adsorption":1.02602,"InChIKey":"IJGRMHOSHXDMSA-UHFFFAOYSA-N"}]},{"pressure":40.0082,"total_adsorption":1.15985,"species_data":[{"composition":1,"adsorption":1.15985,"InChIKey":"IJGRMHOSHXDMSA-UHFFFAOYSA-N"}]}],"temperature":298,"articleSource":"Figure 8","compositionType":"molefraction","adsorbates":[{"name":"Nitrogen","InChIKey":"IJGRMHOSHXDMSA-UHFFFAOYSA-N"}],"adsorptionUnits":"mmol/g","date":"2016-07-12","category":"exp","digitizer":"David A. Anderegg","pressureUnits":"bar","DOI":"10.1016/j.micromeso.2015.07.013","adsorbent":{"name":"MIL-53(Al)/GNP 10%","hashkey":"NIST-MATDB-6ec2eb5105384e6d374013695420ac86"},"concentrationUnits":"","filename":"10.1016j.micromeso.2015.07.013.Isotherm20","isotherm_type":""}