{"isotherm_data":[{"pressure":6.17825,"total_adsorption":3.32065,"species_data":[{"composition":1,"adsorption":3.32065,"InChIKey":"UFHFLCQGNIYNRP-UHFFFAOYSA-N"}]},{"pressure":7.73205,"total_adsorption":3.76087,"species_data":[{"composition":1,"adsorption":3.76087,"InChIKey":"UFHFLCQGNIYNRP-UHFFFAOYSA-N"}]},{"pressure":9.6791,"total_adsorption":4.20109,"species_data":[{"composition":1,"adsorption":4.20109,"InChIKey":"UFHFLCQGNIYNRP-UHFFFAOYSA-N"}]},{"pressure":10.8396,"total_adsorption":4.6413,"species_data":[{"composition":1,"adsorption":4.6413,"InChIKey":"UFHFLCQGNIYNRP-UHFFFAOYSA-N"}]},{"pressure":12.7888,"total_adsorption":5.03261,"species_data":[{"composition":1,"adsorption":5.03261,"InChIKey":"UFHFLCQGNIYNRP-UHFFFAOYSA-N"}]},{"pressure":17.4716,"total_adsorption":5.86413,"species_data":[{"composition":1,"adsorption":5.86413,"InChIKey":"UFHFLCQGNIYNRP-UHFFFAOYSA-N"}]},{"pressure":21.7718,"total_adsorption":6.45109,"species_data":[{"composition":1,"adsorption":6.45109,"InChIKey":"UFHFLCQGNIYNRP-UHFFFAOYSA-N"}]},{"pressure":26.8628,"total_adsorption":6.94022,"species_data":[{"composition":1,"adsorption":6.94022,"InChIKey":"UFHFLCQGNIYNRP-UHFFFAOYSA-N"}]},{"pressure":30.385,"total_adsorption":7.33152,"species_data":[{"composition":1,"adsorption":7.33152,"InChIKey":"UFHFLCQGNIYNRP-UHFFFAOYSA-N"}]},{"pressure":36.6579,"total_adsorption":7.77174,"species_data":[{"composition":1,"adsorption":7.77174,"InChIKey":"UFHFLCQGNIYNRP-UHFFFAOYSA-N"}]},{"pressure":39.7954,"total_adsorption":7.96739,"species_data":[{"composition":1,"adsorption":7.96739,"InChIKey":"UFHFLCQGNIYNRP-UHFFFAOYSA-N"}]},{"pressure":42.9308,"total_adsorption":8.21196,"species_data":[{"composition":1,"adsorption":8.21196,"InChIKey":"UFHFLCQGNIYNRP-UHFFFAOYSA-N"}]},{"pressure":48.8169,"total_adsorption":8.50543,"species_data":[{"composition":1,"adsorption":8.50543,"InChIKey":"UFHFLCQGNIYNRP-UHFFFAOYSA-N"}]},{"pressure":52.3476,"total_adsorption":8.70109,"species_data":[{"composition":1,"adsorption":8.70109,"InChIKey":"UFHFLCQGNIYNRP-UHFFFAOYSA-N"}]},{"pressure":55.4873,"total_adsorption":8.84783,"species_data":[{"composition":1,"adsorption":8.84783,"InChIKey":"UFHFLCQGNIYNRP-UHFFFAOYSA-N"}]},{"pressure":59.0202,"total_adsorption":8.99457,"species_data":[{"composition":1,"adsorption":8.99457,"InChIKey":"UFHFLCQGNIYNRP-UHFFFAOYSA-N"}]},{"pressure":62.551,"total_adsorption":9.19022,"species_data":[{"composition":1,"adsorption":9.19022,"InChIKey":"UFHFLCQGNIYNRP-UHFFFAOYSA-N"}]},{"pressure":66.4772,"total_adsorption":9.33696,"species_data":[{"composition":1,"adsorption":9.33696,"InChIKey":"UFHFLCQGNIYNRP-UHFFFAOYSA-N"}]},{"pressure":70.0101,"total_adsorption":9.4837,"species_data":[{"composition":1,"adsorption":9.4837,"InChIKey":"UFHFLCQGNIYNRP-UHFFFAOYSA-N"}]},{"pressure":73.9384,"total_adsorption":9.58152,"species_data":[{"composition":1,"adsorption":9.58152,"InChIKey":"UFHFLCQGNIYNRP-UHFFFAOYSA-N"}]},{"pressure":77.4713,"total_adsorption":9.72826,"species_data":[{"composition":1,"adsorption":9.72826,"InChIKey":"UFHFLCQGNIYNRP-UHFFFAOYSA-N"}]},{"pressure":81.0064,"total_adsorption":9.82609,"species_data":[{"composition":1,"adsorption":9.82609,"InChIKey":"UFHFLCQGNIYNRP-UHFFFAOYSA-N"}]},{"pressure":84.9347,"total_adsorption":9.92391,"species_data":[{"composition":1,"adsorption":9.92391,"InChIKey":"UFHFLCQGNIYNRP-UHFFFAOYSA-N"}]},{"pressure":88.4676,"total_adsorption":10.0707,"species_data":[{"composition":1,"adsorption":10.0707,"InChIKey":"UFHFLCQGNIYNRP-UHFFFAOYSA-N"}]},{"pressure":92.0026,"total_adsorption":10.1685,"species_data":[{"composition":1,"adsorption":10.1685,"InChIKey":"UFHFLCQGNIYNRP-UHFFFAOYSA-N"}]},{"pressure":95.9309,"total_adsorption":10.2663,"species_data":[{"composition":1,"adsorption":10.2663,"InChIKey":"UFHFLCQGNIYNRP-UHFFFAOYSA-N"}]},{"pressure":99.4681,"total_adsorption":10.3152,"species_data":[{"composition":1,"adsorption":10.3152,"InChIKey":"UFHFLCQGNIYNRP-UHFFFAOYSA-N"}]},{"pressure":103.396,"total_adsorption":10.413,"species_data":[{"composition":1,"adsorption":10.413,"InChIKey":"UFHFLCQGNIYNRP-UHFFFAOYSA-N"}]},{"pressure":106.931,"total_adsorption":10.5109,"species_data":[{"composition":1,"adsorption":10.5109,"InChIKey":"UFHFLCQGNIYNRP-UHFFFAOYSA-N"}]},{"pressure":110.86,"total_adsorption":10.6087,"species_data":[{"composition":1,"adsorption":10.6087,"InChIKey":"UFHFLCQGNIYNRP-UHFFFAOYSA-N"}]},{"pressure":114.79,"total_adsorption":10.6576,"species_data":[{"composition":1,"adsorption":10.6576,"InChIKey":"UFHFLCQGNIYNRP-UHFFFAOYSA-N"}]},{"pressure":118.325,"total_adsorption":10.7554,"species_data":[{"composition":1,"adsorption":10.7554,"InChIKey":"UFHFLCQGNIYNRP-UHFFFAOYSA-N"}]},{"pressure":122.254,"total_adsorption":10.8533,"species_data":[{"composition":1,"adsorption":10.8533,"InChIKey":"UFHFLCQGNIYNRP-UHFFFAOYSA-N"}]},{"pressure":126.184,"total_adsorption":10.9022,"species_data":[{"composition":1,"adsorption":10.9022,"InChIKey":"UFHFLCQGNIYNRP-UHFFFAOYSA-N"}]},{"pressure":129.721,"total_adsorption":10.9511,"species_data":[{"composition":1,"adsorption":10.9511,"InChIKey":"UFHFLCQGNIYNRP-UHFFFAOYSA-N"}]},{"pressure":133.652,"total_adsorption":11,"species_data":[{"composition":1,"adsorption":11,"InChIKey":"UFHFLCQGNIYNRP-UHFFFAOYSA-N"}]},{"pressure":137.58,"total_adsorption":11.0978,"species_data":[{"composition":1,"adsorption":11.0978,"InChIKey":"UFHFLCQGNIYNRP-UHFFFAOYSA-N"}]},{"pressure":141.117,"total_adsorption":11.1467,"species_data":[{"composition":1,"adsorption":11.1467,"InChIKey":"UFHFLCQGNIYNRP-UHFFFAOYSA-N"}]},{"pressure":145.048,"total_adsorption":11.1957,"species_data":[{"composition":1,"adsorption":11.1957,"InChIKey":"UFHFLCQGNIYNRP-UHFFFAOYSA-N"}]},{"pressure":148.978,"total_adsorption":11.2446,"species_data":[{"composition":1,"adsorption":11.2446,"InChIKey":"UFHFLCQGNIYNRP-UHFFFAOYSA-N"}]},{"pressure":152.909,"total_adsorption":11.2935,"species_data":[{"composition":1,"adsorption":11.2935,"InChIKey":"UFHFLCQGNIYNRP-UHFFFAOYSA-N"}]},{"pressure":156.446,"total_adsorption":11.3424,"species_data":[{"composition":1,"adsorption":11.3424,"InChIKey":"UFHFLCQGNIYNRP-UHFFFAOYSA-N"}]}],"temperature":77,"articleSource":"UNKNOWN","compositionType":"molefraction","adsorbates":[{"name":"Hydrogen","InChIKey":"UFHFLCQGNIYNRP-UHFFFAOYSA-N"}],"adsorptionUnits":"wt%","date":"1000-01-01","category":"","digitizer":"UNKNOWN","pressureUnits":"bar","DOI":"10.1039/B922991d","adsorbent":{"name":"MOF-177","hashkey":"NIST-MATDB-bbd809480ca8c8d0e4d066e70a9719d1"},"concentrationUnits":"","filename":"10.1039B922991d.Isotherm26","isotherm_type":""}