{"isotherm_data":[{"pressure":0.00376277,"total_adsorption":0.0978057,"species_data":[{"composition":1,"adsorption":0.0978057,"InChIKey":"UHOVQNZJYSORNB-UHFFFAOYSA-N"}]},{"pressure":0.00543238,"total_adsorption":0.149027,"species_data":[{"composition":1,"adsorption":0.149027,"InChIKey":"UHOVQNZJYSORNB-UHFFFAOYSA-N"}]},{"pressure":0.00668501,"total_adsorption":0.18628,"species_data":[{"composition":1,"adsorption":0.18628,"InChIKey":"UHOVQNZJYSORNB-UHFFFAOYSA-N"}]},{"pressure":0.00878143,"total_adsorption":0.223562,"species_data":[{"composition":1,"adsorption":0.223562,"InChIKey":"UHOVQNZJYSORNB-UHFFFAOYSA-N"}]},{"pressure":0.0121403,"total_adsorption":0.270191,"species_data":[{"composition":1,"adsorption":0.270191,"InChIKey":"UHOVQNZJYSORNB-UHFFFAOYSA-N"}]},{"pressure":0.0155008,"total_adsorption":0.312169,"species_data":[{"composition":1,"adsorption":0.312169,"InChIKey":"UHOVQNZJYSORNB-UHFFFAOYSA-N"}]},{"pressure":0.0201253,"total_adsorption":0.358842,"species_data":[{"composition":1,"adsorption":0.358842,"InChIKey":"UHOVQNZJYSORNB-UHFFFAOYSA-N"}]},{"pressure":0.0251734,"total_adsorption":0.400878,"species_data":[{"composition":1,"adsorption":0.400878,"InChIKey":"UHOVQNZJYSORNB-UHFFFAOYSA-N"}]},{"pressure":0.0302232,"total_adsorption":0.438264,"species_data":[{"composition":1,"adsorption":0.438264,"InChIKey":"UHOVQNZJYSORNB-UHFFFAOYSA-N"}]},{"pressure":0.0348575,"total_adsorption":0.45703,"species_data":[{"composition":1,"adsorption":0.45703,"InChIKey":"UHOVQNZJYSORNB-UHFFFAOYSA-N"}]},{"pressure":0.0403357,"total_adsorption":0.475826,"species_data":[{"composition":1,"adsorption":0.475826,"InChIKey":"UHOVQNZJYSORNB-UHFFFAOYSA-N"}]},{"pressure":0.0462341,"total_adsorption":0.499287,"species_data":[{"composition":1,"adsorption":0.499287,"InChIKey":"UHOVQNZJYSORNB-UHFFFAOYSA-N"}]},{"pressure":0.0533983,"total_adsorption":0.522793,"species_data":[{"composition":1,"adsorption":0.522793,"InChIKey":"UHOVQNZJYSORNB-UHFFFAOYSA-N"}]},{"pressure":0.0597235,"total_adsorption":0.532316,"species_data":[{"composition":1,"adsorption":0.532316,"InChIKey":"UHOVQNZJYSORNB-UHFFFAOYSA-N"}]},{"pressure":0.0668909,"total_adsorption":0.54652,"species_data":[{"composition":1,"adsorption":0.54652,"InChIKey":"UHOVQNZJYSORNB-UHFFFAOYSA-N"}]},{"pressure":0.0732146,"total_adsorption":0.560694,"species_data":[{"composition":1,"adsorption":0.560694,"InChIKey":"UHOVQNZJYSORNB-UHFFFAOYSA-N"}]},{"pressure":0.0803836,"total_adsorption":0.570246,"species_data":[{"composition":1,"adsorption":0.570246,"InChIKey":"UHOVQNZJYSORNB-UHFFFAOYSA-N"}]},{"pressure":0.0871291,"total_adsorption":0.584435,"species_data":[{"composition":1,"adsorption":0.584435,"InChIKey":"UHOVQNZJYSORNB-UHFFFAOYSA-N"}]},{"pressure":0.0938779,"total_adsorption":0.589322,"species_data":[{"composition":1,"adsorption":0.589322,"InChIKey":"UHOVQNZJYSORNB-UHFFFAOYSA-N"}]},{"pressure":0.10147,"total_adsorption":0.594238,"species_data":[{"composition":1,"adsorption":0.594238,"InChIKey":"UHOVQNZJYSORNB-UHFFFAOYSA-N"}]},{"pressure":0.107797,"total_adsorption":0.59911,"species_data":[{"composition":1,"adsorption":0.59911,"InChIKey":"UHOVQNZJYSORNB-UHFFFAOYSA-N"}]}],"temperature":415,"articleSource":"UNKNOWN","compositionType":"molefraction","adsorbates":[{"name":"Benzene","InChIKey":"UHOVQNZJYSORNB-UHFFFAOYSA-N"}],"adsorptionUnits":"mmol/g","date":"1000-01-01","category":"","digitizer":"UNKNOWN","pressureUnits":"bar","DOI":"10.1039/B406051b","adsorbent":{"name":"Silicalite MFI","hashkey":"NIST-MATDB-5d0728ebc1e0053aa120288307a704c8"},"concentrationUnits":"","filename":"10.1039B406051b.Isotherm10","isotherm_type":""}