{"filename": "10.1021acs.jpcc.5b06660.Isotherm4", "DOI": "10.1021/acs.jpcc.5b06660", "articleSource": "Figure 4a", "date": "2016-07-08", "digitizer": "Adithya Varadan", "adsorbent": {"hashkey": "NIST-MATDB-2bef58b4e8c24e10c3a9261062de392c", "name": "Na-ZSM-5"}, "adsorbates": [{"InChIKey": "XLYOFNOQVPJJNP-UHFFFAOYSA-N", "name": "Water"}], "category": "exp", "temperature": 298, "isotherm_type": "", "adsorptionUnits": "mmol/g", "pressureUnits": "bar", "compositionType": "molefraction", "concentrationUnits": "", "isotherm_data": [{"pressure": 0, "total_adsorption": 1, "species_data": [{"InChIKey": "XLYOFNOQVPJJNP-UHFFFAOYSA-N", "composition": 1, "adsorption": 1}]}, {"pressure": 0.000168, "total_adsorption": 4.97, "species_data": [{"InChIKey": "XLYOFNOQVPJJNP-UHFFFAOYSA-N", "composition": 1, "adsorption": 4.97}]}, {"pressure": 0.000253, "total_adsorption": 5.51, "species_data": [{"InChIKey": "XLYOFNOQVPJJNP-UHFFFAOYSA-N", "composition": 1, "adsorption": 5.51}]}, {"pressure": 0.00059, "total_adsorption": 6.37, "species_data": [{"InChIKey": "XLYOFNOQVPJJNP-UHFFFAOYSA-N", "composition": 1, "adsorption": 6.37}]}, {"pressure": 0.001095, "total_adsorption": 6.85, "species_data": [{"InChIKey": "XLYOFNOQVPJJNP-UHFFFAOYSA-N", "composition": 1, "adsorption": 6.85}]}, {"pressure": 0.0016, "total_adsorption": 6.99, "species_data": [{"InChIKey": "XLYOFNOQVPJJNP-UHFFFAOYSA-N", "composition": 1, "adsorption": 6.99}]}, {"pressure": 0.003201, "total_adsorption": 7.52, "species_data": [{"InChIKey": "XLYOFNOQVPJJNP-UHFFFAOYSA-N", "composition": 1, "adsorption": 7.52}]}, {"pressure": 0.006317, "total_adsorption": 8, "species_data": [{"InChIKey": "XLYOFNOQVPJJNP-UHFFFAOYSA-N", "composition": 1, "adsorption": 8}]}, {"pressure": 0.009434, "total_adsorption": 8.25, "species_data": [{"InChIKey": "XLYOFNOQVPJJNP-UHFFFAOYSA-N", "composition": 1, "adsorption": 8.25}]}, {"pressure": 0.012634, "total_adsorption": 8.51, "species_data": [{"InChIKey": "XLYOFNOQVPJJNP-UHFFFAOYSA-N", "composition": 1, "adsorption": 8.51}]}, {"pressure": 0.015751, "total_adsorption": 8.69, "species_data": [{"InChIKey": "XLYOFNOQVPJJNP-UHFFFAOYSA-N", "composition": 1, "adsorption": 8.69}]}, {"pressure": 0.018951, "total_adsorption": 8.78, "species_data": [{"InChIKey": "XLYOFNOQVPJJNP-UHFFFAOYSA-N", "composition": 1, "adsorption": 8.78}]}, {"pressure": 0.021983, "total_adsorption": 8.87, "species_data": [{"InChIKey": "XLYOFNOQVPJJNP-UHFFFAOYSA-N", "composition": 1, "adsorption": 8.87}]}, {"pressure": 0.025184, "total_adsorption": 9.06, "species_data": [{"InChIKey": "XLYOFNOQVPJJNP-UHFFFAOYSA-N", "composition": 1, "adsorption": 9.06}]}, {"pressure": 0.028301, "total_adsorption": 9.06, "species_data": [{"InChIKey": "XLYOFNOQVPJJNP-UHFFFAOYSA-N", "composition": 1, "adsorption": 9.06}]}, {"pressure": 0.031501, "total_adsorption": 9.06, "species_data": [{"InChIKey": "XLYOFNOQVPJJNP-UHFFFAOYSA-N", "composition": 1, "adsorption": 9.06}]}]}