{"isotherm_data":[{"pressure":1,"total_adsorption":1.26866,"species_data":[{"composition":1,"adsorption":1.26866,"InChIKey":"CURLTUGMZLYLDI-UHFFFAOYSA-N"}]},{"pressure":2.21212,"total_adsorption":1.56716,"species_data":[{"composition":1,"adsorption":1.56716,"InChIKey":"CURLTUGMZLYLDI-UHFFFAOYSA-N"}]},{"pressure":3.21212,"total_adsorption":1.79104,"species_data":[{"composition":1,"adsorption":1.79104,"InChIKey":"CURLTUGMZLYLDI-UHFFFAOYSA-N"}]},{"pressure":4,"total_adsorption":1.86567,"species_data":[{"composition":1,"adsorption":1.86567,"InChIKey":"CURLTUGMZLYLDI-UHFFFAOYSA-N"}]},{"pressure":4.80303,"total_adsorption":2.01493,"species_data":[{"composition":1,"adsorption":2.01493,"InChIKey":"CURLTUGMZLYLDI-UHFFFAOYSA-N"}]},{"pressure":6.21212,"total_adsorption":2.38806,"species_data":[{"composition":1,"adsorption":2.38806,"InChIKey":"CURLTUGMZLYLDI-UHFFFAOYSA-N"}]},{"pressure":7,"total_adsorption":3.13433,"species_data":[{"composition":1,"adsorption":3.13433,"InChIKey":"CURLTUGMZLYLDI-UHFFFAOYSA-N"}]}],"temperature":303,"articleSource":"Figure 3","compositionType":"molefraction","adsorbates":[{"name":"Carbon Dioxide","InChIKey":"CURLTUGMZLYLDI-UHFFFAOYSA-N"}],"adsorptionUnits":"mmol/g","date":"2017-06-21","category":"exp","digitizer":"Toyosi Afolabi","pressureUnits":"bar","DOI":"10.1002/ceat.201300046","adsorbent":{"name":"MIL-53(Al)","hashkey":"NIST-MATDB-1b85b1862d4e9cc2e0f46d0e2698ab79"},"concentrationUnits":"","filename":"10.1002ceat.201300046.Isotherm29","isotherm_type":""}