{"filename": "10.1016j.jngse.2016.02.052.Isotherm57", "DOI": "10.1016/j.jngse.2016.02.052", "articleSource": "Figure 15- Run 2 experiment", "date": "2018-07-16", "digitizer": "Julie Yagodich", "adsorbent": {"hashkey": "NIST-MATDB-a9e20a8c9a1078eb70ebeae29ad09950", "name": "Dadas Shale"}, "adsorbates": [{"InChIKey": "CURLTUGMZLYLDI-UHFFFAOYSA-N", "name": "Carbon Dioxide"}], "category": "exp", "temperature": 298, "isotherm_type": "excess", "adsorptionUnits": "mmol/g", "pressureUnits": "bar", "compositionType": "molefraction", "concentrationUnits": "", "isotherm_data": [{"pressure": 12.0486, "total_adsorption": null, "species_data": [{"InChIKey": "CURLTUGMZLYLDI-UHFFFAOYSA-N", "composition": 1, "adsorption": 0.10096}]}, {"pressure": 29.9357, "total_adsorption": null, "species_data": [{"InChIKey": "CURLTUGMZLYLDI-UHFFFAOYSA-N", "composition": 1, "adsorption": 0.15535}]}, {"pressure": 44.2602, "total_adsorption": null, "species_data": [{"InChIKey": "CURLTUGMZLYLDI-UHFFFAOYSA-N", "composition": 1, "adsorption": 0.18132}]}, {"pressure": 63.2704, "total_adsorption": null, "species_data": [{"InChIKey": "CURLTUGMZLYLDI-UHFFFAOYSA-N", "composition": 1, "adsorption": 0.21187}]}, {"pressure": 76.5697, "total_adsorption": null, "species_data": [{"InChIKey": "CURLTUGMZLYLDI-UHFFFAOYSA-N", "composition": 1, "adsorption": 0.15104}]}, {"pressure": 96.5066, "total_adsorption": null, "species_data": [{"InChIKey": "CURLTUGMZLYLDI-UHFFFAOYSA-N", "composition": 1, "adsorption": 0.12626}]}, {"pressure": 114.565, "total_adsorption": null, "species_data": [{"InChIKey": "CURLTUGMZLYLDI-UHFFFAOYSA-N", "composition": 1, "adsorption": 0.11096}]}, {"pressure": 129.792, "total_adsorption": null, "species_data": [{"InChIKey": "CURLTUGMZLYLDI-UHFFFAOYSA-N", "composition": 1, "adsorption": 0.10239}]}, {"pressure": 138.894, "total_adsorption": null, "species_data": [{"InChIKey": "CURLTUGMZLYLDI-UHFFFAOYSA-N", "composition": 1, "adsorption": 0.09811}]}]}