{"filename": "10.1021jp307865n.Isotherm2-1", "DOI": "10.1021/jp307865n", "articleSource": "UNKNOWN", "date": "1000-01-01", "digitizer": "UNKNOWN", "adsorbent": {"hashkey": "NIST-MATDB-bbd809480ca8c8d0e4d066e70a9719d1", "name": "MOF-177"}, "adsorbates": [{"InChIKey": "CURLTUGMZLYLDI-UHFFFAOYSA-N", "name": "Carbon Dioxide"}], "category": "", "temperature": 298, "isotherm_type": "", "adsorptionUnits": "mmol/g", "pressureUnits": "bar", "compositionType": "molefraction", "concentrationUnits": "", "isotherm_data": [{"pressure": 0.892857, "total_adsorption": 0.477435, "species_data": [{"InChIKey": "CURLTUGMZLYLDI-UHFFFAOYSA-N", "composition": 1, "adsorption": 0.477435}]}, {"pressure": 2.23214, "total_adsorption": 1.90974, "species_data": [{"InChIKey": "CURLTUGMZLYLDI-UHFFFAOYSA-N", "composition": 1, "adsorption": 1.90974}]}, {"pressure": 2.97619, "total_adsorption": 2.70546, "species_data": [{"InChIKey": "CURLTUGMZLYLDI-UHFFFAOYSA-N", "composition": 1, "adsorption": 2.70546}]}, {"pressure": 3.86905, "total_adsorption": 3.66033, "species_data": [{"InChIKey": "CURLTUGMZLYLDI-UHFFFAOYSA-N", "composition": 1, "adsorption": 3.66033}]}, {"pressure": 5.20833, "total_adsorption": 4.77435, "species_data": [{"InChIKey": "CURLTUGMZLYLDI-UHFFFAOYSA-N", "composition": 1, "adsorption": 4.77435}]}, {"pressure": 6.10119, "total_adsorption": 5.88836, "species_data": [{"InChIKey": "CURLTUGMZLYLDI-UHFFFAOYSA-N", "composition": 1, "adsorption": 5.88836}]}, {"pressure": 7.29167, "total_adsorption": 7.32067, "species_data": [{"InChIKey": "CURLTUGMZLYLDI-UHFFFAOYSA-N", "composition": 1, "adsorption": 7.32067}]}, {"pressure": 8.18452, "total_adsorption": 8.59383, "species_data": [{"InChIKey": "CURLTUGMZLYLDI-UHFFFAOYSA-N", "composition": 1, "adsorption": 8.59383}]}, {"pressure": 9.22619, "total_adsorption": 10.0261, "species_data": [{"InChIKey": "CURLTUGMZLYLDI-UHFFFAOYSA-N", "composition": 1, "adsorption": 10.0261}]}, {"pressure": 10.2679, "total_adsorption": 11.7767, "species_data": [{"InChIKey": "CURLTUGMZLYLDI-UHFFFAOYSA-N", "composition": 1, "adsorption": 11.7767}]}, {"pressure": 11.3095, "total_adsorption": 13.8456, "species_data": [{"InChIKey": "CURLTUGMZLYLDI-UHFFFAOYSA-N", "composition": 1, "adsorption": 13.8456}]}, {"pressure": 12.3512, "total_adsorption": 15.7554, "species_data": [{"InChIKey": "CURLTUGMZLYLDI-UHFFFAOYSA-N", "composition": 1, "adsorption": 15.7554}]}, {"pressure": 13.3929, "total_adsorption": 17.9834, "species_data": [{"InChIKey": "CURLTUGMZLYLDI-UHFFFAOYSA-N", "composition": 1, "adsorption": 17.9834}]}, {"pressure": 14.2857, "total_adsorption": 19.8931, "species_data": [{"InChIKey": "CURLTUGMZLYLDI-UHFFFAOYSA-N", "composition": 1, "adsorption": 19.8931}]}, {"pressure": 15.4762, "total_adsorption": 22.1212, "species_data": [{"InChIKey": "CURLTUGMZLYLDI-UHFFFAOYSA-N", "composition": 1, "adsorption": 22.1212}]}, {"pressure": 16.369, "total_adsorption": 24.0309, "species_data": [{"InChIKey": "CURLTUGMZLYLDI-UHFFFAOYSA-N", "composition": 1, "adsorption": 24.0309}]}, {"pressure": 17.4107, "total_adsorption": 25.6223, "species_data": [{"InChIKey": "CURLTUGMZLYLDI-UHFFFAOYSA-N", "composition": 1, "adsorption": 25.6223}]}, {"pressure": 18.6012, "total_adsorption": 26.8955, "species_data": [{"InChIKey": "CURLTUGMZLYLDI-UHFFFAOYSA-N", "composition": 1, "adsorption": 26.8955}]}, {"pressure": 19.6429, "total_adsorption": 28.0095, "species_data": [{"InChIKey": "CURLTUGMZLYLDI-UHFFFAOYSA-N", "composition": 1, "adsorption": 28.0095}]}, {"pressure": 20.5357, "total_adsorption": 28.6461, "species_data": [{"InChIKey": "CURLTUGMZLYLDI-UHFFFAOYSA-N", "composition": 1, "adsorption": 28.6461}]}, {"pressure": 21.7262, "total_adsorption": 29.601, "species_data": [{"InChIKey": "CURLTUGMZLYLDI-UHFFFAOYSA-N", "composition": 1, "adsorption": 29.601}]}, {"pressure": 23.6607, "total_adsorption": 30.5558, "species_data": [{"InChIKey": "CURLTUGMZLYLDI-UHFFFAOYSA-N", "composition": 1, "adsorption": 30.5558}]}, {"pressure": 25.744, "total_adsorption": 31.5107, "species_data": [{"InChIKey": "CURLTUGMZLYLDI-UHFFFAOYSA-N", "composition": 1, "adsorption": 31.5107}]}, {"pressure": 27.6786, "total_adsorption": 32.1473, "species_data": [{"InChIKey": "CURLTUGMZLYLDI-UHFFFAOYSA-N", "composition": 1, "adsorption": 32.1473}]}, {"pressure": 30.506, "total_adsorption": 32.943, "species_data": [{"InChIKey": "CURLTUGMZLYLDI-UHFFFAOYSA-N", "composition": 1, "adsorption": 32.943}]}, {"pressure": 31.8452, "total_adsorption": 33.1022, "species_data": [{"InChIKey": "CURLTUGMZLYLDI-UHFFFAOYSA-N", "composition": 1, "adsorption": 33.1022}]}, {"pressure": 33.7798, "total_adsorption": 33.2613, "species_data": [{"InChIKey": "CURLTUGMZLYLDI-UHFFFAOYSA-N", "composition": 1, "adsorption": 33.2613}]}, {"pressure": 36.0119, "total_adsorption": 33.5796, "species_data": [{"InChIKey": "CURLTUGMZLYLDI-UHFFFAOYSA-N", "composition": 1, "adsorption": 33.5796}]}, {"pressure": 38.244, "total_adsorption": 33.7387, "species_data": [{"InChIKey": "CURLTUGMZLYLDI-UHFFFAOYSA-N", "composition": 1, "adsorption": 33.7387}]}, {"pressure": 40.1786, "total_adsorption": 33.8979, "species_data": [{"InChIKey": "CURLTUGMZLYLDI-UHFFFAOYSA-N", "composition": 1, "adsorption": 33.8979}]}, {"pressure": 42.4107, "total_adsorption": 33.8979, "species_data": [{"InChIKey": "CURLTUGMZLYLDI-UHFFFAOYSA-N", "composition": 1, "adsorption": 33.8979}]}]}