{"filename": "10.1016j.coal.2008.04.004.Isotherm8", "DOI": "10.1016/j.coal.2008.04.004", "articleSource": "UNKNOWN", "date": "1000-01-01", "digitizer": "UNKNOWN", "adsorbent": {"hashkey": "NIST-MATDB-e7226db49dc599b25f63ce325d2c4cc0", "name": "Coal RU1"}, "adsorbates": [{"InChIKey": "VNWKTOKETHGBQD-UHFFFAOYSA-N", "name": "Methane"}], "category": "", "temperature": 305, "isotherm_type": "", "adsorptionUnits": "cm3(STP)/g", "pressureUnits": "bar", "compositionType": "molefraction", "concentrationUnits": "", "isotherm_data": [{"pressure": 2.46201, "total_adsorption": 2.23214, "species_data": [{"InChIKey": "VNWKTOKETHGBQD-UHFFFAOYSA-N", "composition": 1, "adsorption": 2.23214}]}, {"pressure": 5.19757, "total_adsorption": 4.24107, "species_data": [{"InChIKey": "VNWKTOKETHGBQD-UHFFFAOYSA-N", "composition": 1, "adsorption": 4.24107}]}, {"pressure": 5.74468, "total_adsorption": 4.46429, "species_data": [{"InChIKey": "VNWKTOKETHGBQD-UHFFFAOYSA-N", "composition": 1, "adsorption": 4.46429}]}, {"pressure": 7.11246, "total_adsorption": 5.35714, "species_data": [{"InChIKey": "VNWKTOKETHGBQD-UHFFFAOYSA-N", "composition": 1, "adsorption": 5.35714}]}, {"pressure": 8.7538, "total_adsorption": 6.36161, "species_data": [{"InChIKey": "VNWKTOKETHGBQD-UHFFFAOYSA-N", "composition": 1, "adsorption": 6.36161}]}, {"pressure": 10.1216, "total_adsorption": 7.25446, "species_data": [{"InChIKey": "VNWKTOKETHGBQD-UHFFFAOYSA-N", "composition": 1, "adsorption": 7.25446}]}, {"pressure": 11.7629, "total_adsorption": 8.03571, "species_data": [{"InChIKey": "VNWKTOKETHGBQD-UHFFFAOYSA-N", "composition": 1, "adsorption": 8.03571}]}, {"pressure": 13.4043, "total_adsorption": 8.92857, "species_data": [{"InChIKey": "VNWKTOKETHGBQD-UHFFFAOYSA-N", "composition": 1, "adsorption": 8.92857}]}, {"pressure": 15.0456, "total_adsorption": 9.82143, "species_data": [{"InChIKey": "VNWKTOKETHGBQD-UHFFFAOYSA-N", "composition": 1, "adsorption": 9.82143}]}, {"pressure": 15.8663, "total_adsorption": 10.2679, "species_data": [{"InChIKey": "VNWKTOKETHGBQD-UHFFFAOYSA-N", "composition": 1, "adsorption": 10.2679}]}, {"pressure": 17.7812, "total_adsorption": 11.0491, "species_data": [{"InChIKey": "VNWKTOKETHGBQD-UHFFFAOYSA-N", "composition": 1, "adsorption": 11.0491}]}, {"pressure": 19.696, "total_adsorption": 11.8304, "species_data": [{"InChIKey": "VNWKTOKETHGBQD-UHFFFAOYSA-N", "composition": 1, "adsorption": 11.8304}]}, {"pressure": 20.7903, "total_adsorption": 12.1652, "species_data": [{"InChIKey": "VNWKTOKETHGBQD-UHFFFAOYSA-N", "composition": 1, "adsorption": 12.1652}]}, {"pressure": 22.7052, "total_adsorption": 12.9464, "species_data": [{"InChIKey": "VNWKTOKETHGBQD-UHFFFAOYSA-N", "composition": 1, "adsorption": 12.9464}]}, {"pressure": 24.8936, "total_adsorption": 13.6161, "species_data": [{"InChIKey": "VNWKTOKETHGBQD-UHFFFAOYSA-N", "composition": 1, "adsorption": 13.6161}]}, {"pressure": 27.0821, "total_adsorption": 14.2857, "species_data": [{"InChIKey": "VNWKTOKETHGBQD-UHFFFAOYSA-N", "composition": 1, "adsorption": 14.2857}]}, {"pressure": 28.997, "total_adsorption": 14.9554, "species_data": [{"InChIKey": "VNWKTOKETHGBQD-UHFFFAOYSA-N", "composition": 1, "adsorption": 14.9554}]}, {"pressure": 30.6383, "total_adsorption": 15.4018, "species_data": [{"InChIKey": "VNWKTOKETHGBQD-UHFFFAOYSA-N", "composition": 1, "adsorption": 15.4018}]}, {"pressure": 32.8267, "total_adsorption": 15.9598, "species_data": [{"InChIKey": "VNWKTOKETHGBQD-UHFFFAOYSA-N", "composition": 1, "adsorption": 15.9598}]}, {"pressure": 35.2888, "total_adsorption": 16.6295, "species_data": [{"InChIKey": "VNWKTOKETHGBQD-UHFFFAOYSA-N", "composition": 1, "adsorption": 16.6295}]}, {"pressure": 37.4772, "total_adsorption": 17.1875, "species_data": [{"InChIKey": "VNWKTOKETHGBQD-UHFFFAOYSA-N", "composition": 1, "adsorption": 17.1875}]}, {"pressure": 39.6657, "total_adsorption": 17.7455, "species_data": [{"InChIKey": "VNWKTOKETHGBQD-UHFFFAOYSA-N", "composition": 1, "adsorption": 17.7455}]}, {"pressure": 42.4012, "total_adsorption": 18.192, "species_data": [{"InChIKey": "VNWKTOKETHGBQD-UHFFFAOYSA-N", "composition": 1, "adsorption": 18.192}]}, {"pressure": 44.8632, "total_adsorption": 18.6384, "species_data": [{"InChIKey": "VNWKTOKETHGBQD-UHFFFAOYSA-N", "composition": 1, "adsorption": 18.6384}]}, {"pressure": 47.3252, "total_adsorption": 18.9732, "species_data": [{"InChIKey": "VNWKTOKETHGBQD-UHFFFAOYSA-N", "composition": 1, "adsorption": 18.9732}]}, {"pressure": 49.7872, "total_adsorption": 19.4196, "species_data": [{"InChIKey": "VNWKTOKETHGBQD-UHFFFAOYSA-N", "composition": 1, "adsorption": 19.4196}]}, {"pressure": 52.5228, "total_adsorption": 19.8661, "species_data": [{"InChIKey": "VNWKTOKETHGBQD-UHFFFAOYSA-N", "composition": 1, "adsorption": 19.8661}]}, {"pressure": 54.9848, "total_adsorption": 20.2009, "species_data": [{"InChIKey": "VNWKTOKETHGBQD-UHFFFAOYSA-N", "composition": 1, "adsorption": 20.2009}]}, {"pressure": 57.4468, "total_adsorption": 20.6473, "species_data": [{"InChIKey": "VNWKTOKETHGBQD-UHFFFAOYSA-N", "composition": 1, "adsorption": 20.6473}]}, {"pressure": 59.9088, "total_adsorption": 21.0938, "species_data": [{"InChIKey": "VNWKTOKETHGBQD-UHFFFAOYSA-N", "composition": 1, "adsorption": 21.0938}]}, {"pressure": 60.4559, "total_adsorption": 21.2054, "species_data": [{"InChIKey": "VNWKTOKETHGBQD-UHFFFAOYSA-N", "composition": 1, "adsorption": 21.2054}]}, {"pressure": 63.1915, "total_adsorption": 21.4286, "species_data": [{"InChIKey": "VNWKTOKETHGBQD-UHFFFAOYSA-N", "composition": 1, "adsorption": 21.4286}]}, {"pressure": 65.6535, "total_adsorption": 21.7634, "species_data": [{"InChIKey": "VNWKTOKETHGBQD-UHFFFAOYSA-N", "composition": 1, "adsorption": 21.7634}]}, {"pressure": 68.3891, "total_adsorption": 21.9866, "species_data": [{"InChIKey": "VNWKTOKETHGBQD-UHFFFAOYSA-N", "composition": 1, "adsorption": 21.9866}]}, {"pressure": 70.8511, "total_adsorption": 22.3214, "species_data": [{"InChIKey": "VNWKTOKETHGBQD-UHFFFAOYSA-N", "composition": 1, "adsorption": 22.3214}]}, {"pressure": 73.5866, "total_adsorption": 22.6563, "species_data": [{"InChIKey": "VNWKTOKETHGBQD-UHFFFAOYSA-N", "composition": 1, "adsorption": 22.6563}]}, {"pressure": 76.0486, "total_adsorption": 22.9911, "species_data": [{"InChIKey": "VNWKTOKETHGBQD-UHFFFAOYSA-N", "composition": 1, "adsorption": 22.9911}]}, {"pressure": 78.7842, "total_adsorption": 23.2143, "species_data": [{"InChIKey": "VNWKTOKETHGBQD-UHFFFAOYSA-N", "composition": 1, "adsorption": 23.2143}]}, {"pressure": 79.6049, "total_adsorption": 23.4375, "species_data": [{"InChIKey": "VNWKTOKETHGBQD-UHFFFAOYSA-N", "composition": 1, "adsorption": 23.4375}]}]}