{"isotherm_data":[{"pressure":0.121387,"total_adsorption":0.017659,"species_data":[{"composition":1,"adsorption":0.017659,"InChIKey":"IJGRMHOSHXDMSA-UHFFFAOYSA-N"}]},{"pressure":0.277457,"total_adsorption":0.028205,"species_data":[{"composition":1,"adsorption":0.028205,"InChIKey":"IJGRMHOSHXDMSA-UHFFFAOYSA-N"}]},{"pressure":0.50289,"total_adsorption":0.052894,"species_data":[{"composition":1,"adsorption":0.052894,"InChIKey":"IJGRMHOSHXDMSA-UHFFFAOYSA-N"}]},{"pressure":1.00578,"total_adsorption":0.09515,"species_data":[{"composition":1,"adsorption":0.09515,"InChIKey":"IJGRMHOSHXDMSA-UHFFFAOYSA-N"}]},{"pressure":1.50867,"total_adsorption":0.13386,"species_data":[{"composition":1,"adsorption":0.13386,"InChIKey":"IJGRMHOSHXDMSA-UHFFFAOYSA-N"}]},{"pressure":2.0289,"total_adsorption":0.179652,"species_data":[{"composition":1,"adsorption":0.179652,"InChIKey":"IJGRMHOSHXDMSA-UHFFFAOYSA-N"}]},{"pressure":3.03468,"total_adsorption":0.264164,"species_data":[{"composition":1,"adsorption":0.264164,"InChIKey":"IJGRMHOSHXDMSA-UHFFFAOYSA-N"}]},{"pressure":3.45087,"total_adsorption":0.292287,"species_data":[{"composition":1,"adsorption":0.292287,"InChIKey":"IJGRMHOSHXDMSA-UHFFFAOYSA-N"}]},{"pressure":4.04046,"total_adsorption":0.34513,"species_data":[{"composition":1,"adsorption":0.34513,"InChIKey":"IJGRMHOSHXDMSA-UHFFFAOYSA-N"}]},{"pressure":4.97688,"total_adsorption":0.419044,"species_data":[{"composition":1,"adsorption":0.419044,"InChIKey":"IJGRMHOSHXDMSA-UHFFFAOYSA-N"}]},{"pressure":6.01734,"total_adsorption":0.49999,"species_data":[{"composition":1,"adsorption":0.49999,"InChIKey":"IJGRMHOSHXDMSA-UHFFFAOYSA-N"}]}],"temperature":343,"articleSource":"Figure 5c","compositionType":"molefraction","adsorbates":[{"name":"Nitrogen","InChIKey":"IJGRMHOSHXDMSA-UHFFFAOYSA-N"}],"adsorptionUnits":"mmol/g","date":"2016-07-28","category":"exp","digitizer":"David A. Anderegg","pressureUnits":"bar","DOI":"10.1021/acs.energyfuels.5b00975","adsorbent":{"name":"MIL-125(Ti)","hashkey":"NIST-MATDB-62cac39e7df6723d237dfb0c4bd20985"},"concentrationUnits":"","filename":"10.1021acs.energyfuels.5b00975.Isotherm9","isotherm_type":""}