{"isotherm_data":[{"pressure":1.67645,"total_adsorption":1.80905,"species_data":[{"composition":1,"adsorption":1.80905,"InChIKey":"VNWKTOKETHGBQD-UHFFFAOYSA-N"}]},{"pressure":4.19535,"total_adsorption":2.71357,"species_data":[{"composition":1,"adsorption":2.71357,"InChIKey":"VNWKTOKETHGBQD-UHFFFAOYSA-N"}]},{"pressure":6.71424,"total_adsorption":3.61809,"species_data":[{"composition":1,"adsorption":3.61809,"InChIKey":"VNWKTOKETHGBQD-UHFFFAOYSA-N"}]},{"pressure":10.4873,"total_adsorption":7.23618,"species_data":[{"composition":1,"adsorption":7.23618,"InChIKey":"VNWKTOKETHGBQD-UHFFFAOYSA-N"}]},{"pressure":12.1616,"total_adsorption":9.94975,"species_data":[{"composition":1,"adsorption":9.94975,"InChIKey":"VNWKTOKETHGBQD-UHFFFAOYSA-N"}]},{"pressure":15.5188,"total_adsorption":11.7588,"species_data":[{"composition":1,"adsorption":11.7588,"InChIKey":"VNWKTOKETHGBQD-UHFFFAOYSA-N"}]},{"pressure":25.1636,"total_adsorption":19.8995,"species_data":[{"composition":1,"adsorption":19.8995,"InChIKey":"VNWKTOKETHGBQD-UHFFFAOYSA-N"}]},{"pressure":35.2308,"total_adsorption":27.1357,"species_data":[{"composition":1,"adsorption":27.1357,"InChIKey":"VNWKTOKETHGBQD-UHFFFAOYSA-N"}]},{"pressure":45.3021,"total_adsorption":32.5628,"species_data":[{"composition":1,"adsorption":32.5628,"InChIKey":"VNWKTOKETHGBQD-UHFFFAOYSA-N"}]},{"pressure":55.7958,"total_adsorption":37.0854,"species_data":[{"composition":1,"adsorption":37.0854,"InChIKey":"VNWKTOKETHGBQD-UHFFFAOYSA-N"}]},{"pressure":64.613,"total_adsorption":39.799,"species_data":[{"composition":1,"adsorption":39.799,"InChIKey":"VNWKTOKETHGBQD-UHFFFAOYSA-N"}]},{"pressure":74.6886,"total_adsorption":43.4171,"species_data":[{"composition":1,"adsorption":43.4171,"InChIKey":"VNWKTOKETHGBQD-UHFFFAOYSA-N"}]},{"pressure":84.3503,"total_adsorption":44.3216,"species_data":[{"composition":1,"adsorption":44.3216,"InChIKey":"VNWKTOKETHGBQD-UHFFFAOYSA-N"}]},{"pressure":94.8482,"total_adsorption":47.0352,"species_data":[{"composition":1,"adsorption":47.0352,"InChIKey":"VNWKTOKETHGBQD-UHFFFAOYSA-N"}]},{"pressure":104.514,"total_adsorption":46.1307,"species_data":[{"composition":1,"adsorption":46.1307,"InChIKey":"VNWKTOKETHGBQD-UHFFFAOYSA-N"}]}],"temperature":298,"articleSource":"UNKNOWN","compositionType":"molefraction","adsorbates":[{"name":"Methane","InChIKey":"VNWKTOKETHGBQD-UHFFFAOYSA-N"}],"adsorptionUnits":"cm3(STP)/cm3","date":"1000-01-01","category":"","digitizer":"UNKNOWN","pressureUnits":"bar","DOI":"10.1021/Jp402488r","adsorbent":{"name":"PAF-304","hashkey":"NIST-MATDB-857a551e756880a7bb12d058b6e6f2dc"},"concentrationUnits":"","filename":"10.1021Jp402488r.Isotherm17","isotherm_type":""}