{"isotherm_data":[{"pressure":0.0418469,"total_adsorption":0.131424,"species_data":[{"composition":1,"adsorption":0.131424,"InChIKey":"CURLTUGMZLYLDI-UHFFFAOYSA-N"}]},{"pressure":0.0711159,"total_adsorption":0.360006,"species_data":[{"composition":1,"adsorption":0.360006,"InChIKey":"CURLTUGMZLYLDI-UHFFFAOYSA-N"}]},{"pressure":0.0857589,"total_adsorption":0.425517,"species_data":[{"composition":1,"adsorption":0.425517,"InChIKey":"CURLTUGMZLYLDI-UHFFFAOYSA-N"}]},{"pressure":0.131753,"total_adsorption":0.784716,"species_data":[{"composition":1,"adsorption":0.784716,"InChIKey":"CURLTUGMZLYLDI-UHFFFAOYSA-N"}]},{"pressure":0.167308,"total_adsorption":0.98098,"species_data":[{"composition":1,"adsorption":0.98098,"InChIKey":"CURLTUGMZLYLDI-UHFFFAOYSA-N"}]},{"pressure":0.204945,"total_adsorption":1.24235,"species_data":[{"composition":1,"adsorption":1.24235,"InChIKey":"CURLTUGMZLYLDI-UHFFFAOYSA-N"}]},{"pressure":0.259325,"total_adsorption":1.53678,"species_data":[{"composition":1,"adsorption":1.53678,"InChIKey":"CURLTUGMZLYLDI-UHFFFAOYSA-N"}]},{"pressure":0.322067,"total_adsorption":1.89652,"species_data":[{"composition":1,"adsorption":1.89652,"InChIKey":"CURLTUGMZLYLDI-UHFFFAOYSA-N"}]},{"pressure":0.33671,"total_adsorption":1.96203,"species_data":[{"composition":1,"adsorption":1.96203,"InChIKey":"CURLTUGMZLYLDI-UHFFFAOYSA-N"}]},{"pressure":0.355534,"total_adsorption":2.06019,"species_data":[{"composition":1,"adsorption":2.06019,"InChIKey":"CURLTUGMZLYLDI-UHFFFAOYSA-N"}]},{"pressure":0.376458,"total_adsorption":2.1259,"species_data":[{"composition":1,"adsorption":2.1259,"InChIKey":"CURLTUGMZLYLDI-UHFFFAOYSA-N"}]},{"pressure":0.418282,"total_adsorption":2.38741,"species_data":[{"composition":1,"adsorption":2.38741,"InChIKey":"CURLTUGMZLYLDI-UHFFFAOYSA-N"}]},{"pressure":0.437106,"total_adsorption":2.48557,"species_data":[{"composition":1,"adsorption":2.48557,"InChIKey":"CURLTUGMZLYLDI-UHFFFAOYSA-N"}]},{"pressure":0.458024,"total_adsorption":2.58381,"species_data":[{"composition":1,"adsorption":2.58381,"InChIKey":"CURLTUGMZLYLDI-UHFFFAOYSA-N"}]},{"pressure":0.476843,"total_adsorption":2.71449,"species_data":[{"composition":1,"adsorption":2.71449,"InChIKey":"CURLTUGMZLYLDI-UHFFFAOYSA-N"}]},{"pressure":0.49776,"total_adsorption":2.81272,"species_data":[{"composition":1,"adsorption":2.81272,"InChIKey":"CURLTUGMZLYLDI-UHFFFAOYSA-N"}]},{"pressure":0.522859,"total_adsorption":2.94361,"species_data":[{"composition":1,"adsorption":2.94361,"InChIKey":"CURLTUGMZLYLDI-UHFFFAOYSA-N"}]},{"pressure":0.543777,"total_adsorption":3.04184,"species_data":[{"composition":1,"adsorption":3.04184,"InChIKey":"CURLTUGMZLYLDI-UHFFFAOYSA-N"}]},{"pressure":0.562601,"total_adsorption":3.14001,"species_data":[{"composition":1,"adsorption":3.14001,"InChIKey":"CURLTUGMZLYLDI-UHFFFAOYSA-N"}]},{"pressure":0.583519,"total_adsorption":3.23824,"species_data":[{"composition":1,"adsorption":3.23824,"InChIKey":"CURLTUGMZLYLDI-UHFFFAOYSA-N"}]},{"pressure":0.602344,"total_adsorption":3.33641,"species_data":[{"composition":1,"adsorption":3.33641,"InChIKey":"CURLTUGMZLYLDI-UHFFFAOYSA-N"}]},{"pressure":0.623267,"total_adsorption":3.40212,"species_data":[{"composition":1,"adsorption":3.40212,"InChIKey":"CURLTUGMZLYLDI-UHFFFAOYSA-N"}]},{"pressure":0.639986,"total_adsorption":3.56526,"species_data":[{"composition":1,"adsorption":3.56526,"InChIKey":"CURLTUGMZLYLDI-UHFFFAOYSA-N"}]},{"pressure":0.652547,"total_adsorption":3.56566,"species_data":[{"composition":1,"adsorption":3.56566,"InChIKey":"CURLTUGMZLYLDI-UHFFFAOYSA-N"}]},{"pressure":0.673471,"total_adsorption":3.63137,"species_data":[{"composition":1,"adsorption":3.63137,"InChIKey":"CURLTUGMZLYLDI-UHFFFAOYSA-N"}]},{"pressure":0.692295,"total_adsorption":3.72954,"species_data":[{"composition":1,"adsorption":3.72954,"InChIKey":"CURLTUGMZLYLDI-UHFFFAOYSA-N"}]},{"pressure":0.711125,"total_adsorption":3.79518,"species_data":[{"composition":1,"adsorption":3.79518,"InChIKey":"CURLTUGMZLYLDI-UHFFFAOYSA-N"}]},{"pressure":0.732043,"total_adsorption":3.89341,"species_data":[{"composition":1,"adsorption":3.89341,"InChIKey":"CURLTUGMZLYLDI-UHFFFAOYSA-N"}]},{"pressure":0.750867,"total_adsorption":3.99158,"species_data":[{"composition":1,"adsorption":3.99158,"InChIKey":"CURLTUGMZLYLDI-UHFFFAOYSA-N"}]},{"pressure":0.771791,"total_adsorption":4.05729,"species_data":[{"composition":1,"adsorption":4.05729,"InChIKey":"CURLTUGMZLYLDI-UHFFFAOYSA-N"}]},{"pressure":0.792708,"total_adsorption":4.15552,"species_data":[{"composition":1,"adsorption":4.15552,"InChIKey":"CURLTUGMZLYLDI-UHFFFAOYSA-N"}]},{"pressure":0.80734,"total_adsorption":4.28607,"species_data":[{"composition":1,"adsorption":4.28607,"InChIKey":"CURLTUGMZLYLDI-UHFFFAOYSA-N"}]},{"pressure":0.819907,"total_adsorption":4.25396,"species_data":[{"composition":1,"adsorption":4.25396,"InChIKey":"CURLTUGMZLYLDI-UHFFFAOYSA-N"}]},{"pressure":0.838731,"total_adsorption":4.35212,"species_data":[{"composition":1,"adsorption":4.35212,"InChIKey":"CURLTUGMZLYLDI-UHFFFAOYSA-N"}]},{"pressure":0.859654,"total_adsorption":4.41783,"species_data":[{"composition":1,"adsorption":4.41783,"InChIKey":"CURLTUGMZLYLDI-UHFFFAOYSA-N"}]},{"pressure":0.878484,"total_adsorption":4.48348,"species_data":[{"composition":1,"adsorption":4.48348,"InChIKey":"CURLTUGMZLYLDI-UHFFFAOYSA-N"}]},{"pressure":0.897309,"total_adsorption":4.58164,"species_data":[{"composition":1,"adsorption":4.58164,"InChIKey":"CURLTUGMZLYLDI-UHFFFAOYSA-N"}]},{"pressure":0.916139,"total_adsorption":4.64729,"species_data":[{"composition":1,"adsorption":4.64729,"InChIKey":"CURLTUGMZLYLDI-UHFFFAOYSA-N"}]},{"pressure":0.937062,"total_adsorption":4.713,"species_data":[{"composition":1,"adsorption":4.713,"InChIKey":"CURLTUGMZLYLDI-UHFFFAOYSA-N"}]},{"pressure":0.955892,"total_adsorption":4.77865,"species_data":[{"composition":1,"adsorption":4.77865,"InChIKey":"CURLTUGMZLYLDI-UHFFFAOYSA-N"}]},{"pressure":0.974716,"total_adsorption":4.87681,"species_data":[{"composition":1,"adsorption":4.87681,"InChIKey":"CURLTUGMZLYLDI-UHFFFAOYSA-N"}]},{"pressure":0.99564,"total_adsorption":4.94252,"species_data":[{"composition":1,"adsorption":4.94252,"InChIKey":"CURLTUGMZLYLDI-UHFFFAOYSA-N"}]},{"pressure":1.01446,"total_adsorption":5.04069,"species_data":[{"composition":1,"adsorption":5.04069,"InChIKey":"CURLTUGMZLYLDI-UHFFFAOYSA-N"}]}],"temperature":273,"articleSource":"UNKNOWN","compositionType":"molefraction","adsorbates":[{"name":"Carbon Dioxide","InChIKey":"CURLTUGMZLYLDI-UHFFFAOYSA-N"}],"adsorptionUnits":"wt%","date":"1000-01-01","category":"","digitizer":"UNKNOWN","pressureUnits":"bar","DOI":"10.1002/adfm.201101479","adsorbent":{"name":"Zn(BDC)(BPY) 0.5","hashkey":"NIST-MATDB-d049583f6d607e59dc804c4029176dcb"},"concentrationUnits":"","filename":"10.1002adfm.201101479.Isotherm7","isotherm_type":""}