{"filename": "10.1021ef300197a.Isotherm7", "DOI": "10.1021/ef300197a", "articleSource": "Table 6", "date": "2017-07-06", "digitizer": "John Luo", "adsorbent": {"hashkey": "NIST-MATDB-784890325e458a7d19187ddf7433a16c", "name": "Illinois No. 6 Coal"}, "adsorbates": [{"InChIKey": "IJGRMHOSHXDMSA-UHFFFAOYSA-N", "name": "Nitrogen"}, {"InChIKey": "VNWKTOKETHGBQD-UHFFFAOYSA-N", "name": "Methane"}], "category": "exp", "temperature": 319, "isotherm_type": "excess", "adsorptionUnits": "mmol/g", "pressureUnits": "bar", "compositionType": "molefraction", "concentrationUnits": "", "isotherm_data": [{"pressure": 6.8, "total_adsorption": null, "species_data": [{"InChIKey": "IJGRMHOSHXDMSA-UHFFFAOYSA-N", "composition": 0.208, "adsorption": 0.007}, {"InChIKey": "VNWKTOKETHGBQD-UHFFFAOYSA-N", "composition": 0.792, "adsorption": 0.065}]}, {"pressure": 14, "total_adsorption": null, "species_data": [{"InChIKey": "IJGRMHOSHXDMSA-UHFFFAOYSA-N", "composition": 0.208, "adsorption": 0.013}, {"InChIKey": "VNWKTOKETHGBQD-UHFFFAOYSA-N", "composition": 0.792, "adsorption": 0.117}]}, {"pressure": 27.9, "total_adsorption": null, "species_data": [{"InChIKey": "IJGRMHOSHXDMSA-UHFFFAOYSA-N", "composition": 0.208, "adsorption": 0.015}, {"InChIKey": "VNWKTOKETHGBQD-UHFFFAOYSA-N", "composition": 0.792, "adsorption": 0.176}]}, {"pressure": 42.1, "total_adsorption": null, "species_data": [{"InChIKey": "IJGRMHOSHXDMSA-UHFFFAOYSA-N", "composition": 0.208, "adsorption": 0.015}, {"InChIKey": "VNWKTOKETHGBQD-UHFFFAOYSA-N", "composition": 0.792, "adsorption": 0.214}]}, {"pressure": 55.3, "total_adsorption": null, "species_data": [{"InChIKey": "IJGRMHOSHXDMSA-UHFFFAOYSA-N", "composition": 0.208, "adsorption": 0.017}, {"InChIKey": "VNWKTOKETHGBQD-UHFFFAOYSA-N", "composition": 0.792, "adsorption": 0.249}]}, {"pressure": 68.9, "total_adsorption": null, "species_data": [{"InChIKey": "IJGRMHOSHXDMSA-UHFFFAOYSA-N", "composition": 0.208, "adsorption": 0.013}, {"InChIKey": "VNWKTOKETHGBQD-UHFFFAOYSA-N", "composition": 0.792, "adsorption": 0.273}]}, {"pressure": 82.7, "total_adsorption": null, "species_data": [{"InChIKey": "IJGRMHOSHXDMSA-UHFFFAOYSA-N", "composition": 0.208, "adsorption": 0.008}, {"InChIKey": "VNWKTOKETHGBQD-UHFFFAOYSA-N", "composition": 0.792, "adsorption": 0.299}]}, {"pressure": 96.6, "total_adsorption": null, "species_data": [{"InChIKey": "IJGRMHOSHXDMSA-UHFFFAOYSA-N", "composition": 0.208, "adsorption": 0.002}, {"InChIKey": "VNWKTOKETHGBQD-UHFFFAOYSA-N", "composition": 0.792, "adsorption": 0.314}]}, {"pressure": 110.4, "total_adsorption": null, "species_data": [{"InChIKey": "IJGRMHOSHXDMSA-UHFFFAOYSA-N", "composition": 0.208, "adsorption": 0.003}, {"InChIKey": "VNWKTOKETHGBQD-UHFFFAOYSA-N", "composition": 0.792, "adsorption": 0.327}]}, {"pressure": 124.8, "total_adsorption": null, "species_data": [{"InChIKey": "IJGRMHOSHXDMSA-UHFFFAOYSA-N", "composition": 0.208, "adsorption": -0.003}, {"InChIKey": "VNWKTOKETHGBQD-UHFFFAOYSA-N", "composition": 0.792, "adsorption": 0.323}]}]}