{"isotherm_data":[{"pressure":1.11524,"total_adsorption":0.0473008,"species_data":[{"composition":1,"adsorption":0.0473008,"InChIKey":"XKRFYHLGVUSROY-UHFFFAOYSA-N"}]},{"pressure":2.41636,"total_adsorption":0.0987147,"species_data":[{"composition":1,"adsorption":0.0987147,"InChIKey":"XKRFYHLGVUSROY-UHFFFAOYSA-N"}]},{"pressure":4.46097,"total_adsorption":0.148072,"species_data":[{"composition":1,"adsorption":0.148072,"InChIKey":"XKRFYHLGVUSROY-UHFFFAOYSA-N"}]},{"pressure":6.3197,"total_adsorption":0.193316,"species_data":[{"composition":1,"adsorption":0.193316,"InChIKey":"XKRFYHLGVUSROY-UHFFFAOYSA-N"}]},{"pressure":8.17844,"total_adsorption":0.230334,"species_data":[{"composition":1,"adsorption":0.230334,"InChIKey":"XKRFYHLGVUSROY-UHFFFAOYSA-N"}]},{"pressure":10.5948,"total_adsorption":0.275578,"species_data":[{"composition":1,"adsorption":0.275578,"InChIKey":"XKRFYHLGVUSROY-UHFFFAOYSA-N"}]},{"pressure":12.5465,"total_adsorption":0.30437,"species_data":[{"composition":1,"adsorption":0.30437,"InChIKey":"XKRFYHLGVUSROY-UHFFFAOYSA-N"}]},{"pressure":15.6134,"total_adsorption":0.349614,"species_data":[{"composition":1,"adsorption":0.349614,"InChIKey":"XKRFYHLGVUSROY-UHFFFAOYSA-N"}]},{"pressure":19.9814,"total_adsorption":0.394859,"species_data":[{"composition":1,"adsorption":0.394859,"InChIKey":"XKRFYHLGVUSROY-UHFFFAOYSA-N"}]},{"pressure":25.0929,"total_adsorption":0.446272,"species_data":[{"composition":1,"adsorption":0.446272,"InChIKey":"XKRFYHLGVUSROY-UHFFFAOYSA-N"}]},{"pressure":31.4126,"total_adsorption":0.493573,"species_data":[{"composition":1,"adsorption":0.493573,"InChIKey":"XKRFYHLGVUSROY-UHFFFAOYSA-N"}]},{"pressure":37.8253,"total_adsorption":0.536761,"species_data":[{"composition":1,"adsorption":0.536761,"InChIKey":"XKRFYHLGVUSROY-UHFFFAOYSA-N"}]},{"pressure":43.4944,"total_adsorption":0.565553,"species_data":[{"composition":1,"adsorption":0.565553,"InChIKey":"XKRFYHLGVUSROY-UHFFFAOYSA-N"}]}],"temperature":313,"articleSource":"UNKNOWN","compositionType":"molefraction","adsorbates":[{"name":"Argon","InChIKey":"XKRFYHLGVUSROY-UHFFFAOYSA-N"}],"adsorptionUnits":"mmol/g","date":"1000-01-01","category":"","digitizer":"UNKNOWN","pressureUnits":"bar","DOI":"10.1021/ef060318y","adsorbent":{"name":"Coal B","hashkey":"NIST-MATDB-95fa35ae9b5dee4c6f3c03663a027998"},"concentrationUnits":"","filename":"10.1021ef060318y.Isotherm7","isotherm_type":""}