{"isotherm_data":[{"pressure":4.19847,"total_adsorption":0.0423083,"species_data":[{"composition":1,"adsorption":0.0423083,"InChIKey":"UFHFLCQGNIYNRP-UHFFFAOYSA-N"}]},{"pressure":19.084,"total_adsorption":0.1268,"species_data":[{"composition":1,"adsorption":0.1268,"InChIKey":"UFHFLCQGNIYNRP-UHFFFAOYSA-N"}]},{"pressure":29.3893,"total_adsorption":0.182478,"species_data":[{"composition":1,"adsorption":0.182478,"InChIKey":"UFHFLCQGNIYNRP-UHFFFAOYSA-N"}]},{"pressure":39.313,"total_adsorption":0.236237,"species_data":[{"composition":1,"adsorption":0.236237,"InChIKey":"UFHFLCQGNIYNRP-UHFFFAOYSA-N"}]},{"pressure":48.855,"total_adsorption":0.282296,"species_data":[{"composition":1,"adsorption":0.282296,"InChIKey":"UFHFLCQGNIYNRP-UHFFFAOYSA-N"}]},{"pressure":59.9237,"total_adsorption":0.320618,"species_data":[{"composition":1,"adsorption":0.320618,"InChIKey":"UFHFLCQGNIYNRP-UHFFFAOYSA-N"}]},{"pressure":67.9389,"total_adsorption":0.360926,"species_data":[{"composition":1,"adsorption":0.360926,"InChIKey":"UFHFLCQGNIYNRP-UHFFFAOYSA-N"}]},{"pressure":79.3893,"total_adsorption":0.405021,"species_data":[{"composition":1,"adsorption":0.405021,"InChIKey":"UFHFLCQGNIYNRP-UHFFFAOYSA-N"}]},{"pressure":89.6947,"total_adsorption":0.441432,"species_data":[{"composition":1,"adsorption":0.441432,"InChIKey":"UFHFLCQGNIYNRP-UHFFFAOYSA-N"}]},{"pressure":99.2366,"total_adsorption":0.472076,"species_data":[{"composition":1,"adsorption":0.472076,"InChIKey":"UFHFLCQGNIYNRP-UHFFFAOYSA-N"}]}],"temperature":300,"articleSource":"UNKNOWN","compositionType":"molefraction","adsorbates":[{"name":"Hydrogen","InChIKey":"UFHFLCQGNIYNRP-UHFFFAOYSA-N"}],"adsorptionUnits":"wt%","date":"1000-01-01","category":"","digitizer":"UNKNOWN","pressureUnits":"bar","DOI":"10.1016/J.Ijhydene.2011.02.044","adsorbent":{"name":"ZIF-11","hashkey":"NIST-MATDB-d80120861cca89709057aa848f34313f"},"concentrationUnits":"","filename":"10.1016J.Ijhydene.2011.02.044.isotherm27","isotherm_type":""}