{"filename": "10.1021Cm301726k.Isotherm6", "DOI": "10.1021/Cm301726k", "articleSource": "UNKNOWN", "date": "1000-01-01", "digitizer": "UNKNOWN", "adsorbent": {"hashkey": "NIST-MATDB-208b146cc6b69203bfb3949d6fa87837", "name": "Ni-PTC"}, "adsorbates": [{"InChIKey": "CURLTUGMZLYLDI-UHFFFAOYSA-N", "name": "Carbon Dioxide"}], "category": "", "temperature": 293, "isotherm_type": "", "adsorptionUnits": "cm3(STP)/g", "pressureUnits": "bar", "compositionType": "molefraction", "concentrationUnits": "", "isotherm_data": [{"pressure": 0.00251825, "total_adsorption": 0.987946, "species_data": [{"InChIKey": "CURLTUGMZLYLDI-UHFFFAOYSA-N", "composition": 1, "adsorption": 0.987946}]}, {"pressure": 0.0124016, "total_adsorption": 1.85329, "species_data": [{"InChIKey": "CURLTUGMZLYLDI-UHFFFAOYSA-N", "composition": 1, "adsorption": 1.85329}]}, {"pressure": 0.0173623, "total_adsorption": 2.5946, "species_data": [{"InChIKey": "CURLTUGMZLYLDI-UHFFFAOYSA-N", "composition": 1, "adsorption": 2.5946}]}, {"pressure": 0.0297184, "total_adsorption": 3.70714, "species_data": [{"InChIKey": "CURLTUGMZLYLDI-UHFFFAOYSA-N", "composition": 1, "adsorption": 3.70714}]}, {"pressure": 0.042067, "total_adsorption": 4.69623, "species_data": [{"InChIKey": "CURLTUGMZLYLDI-UHFFFAOYSA-N", "composition": 1, "adsorption": 4.69623}]}, {"pressure": 0.0544155, "total_adsorption": 5.68531, "species_data": [{"InChIKey": "CURLTUGMZLYLDI-UHFFFAOYSA-N", "composition": 1, "adsorption": 5.68531}]}, {"pressure": 0.0618489, "total_adsorption": 6.67383, "species_data": [{"InChIKey": "CURLTUGMZLYLDI-UHFFFAOYSA-N", "composition": 1, "adsorption": 6.67383}]}, {"pressure": 0.0889732, "total_adsorption": 8.15845, "species_data": [{"InChIKey": "CURLTUGMZLYLDI-UHFFFAOYSA-N", "composition": 1, "adsorption": 8.15845}]}, {"pressure": 0.116113, "total_adsorption": 9.88998, "species_data": [{"InChIKey": "CURLTUGMZLYLDI-UHFFFAOYSA-N", "composition": 1, "adsorption": 9.88998}]}, {"pressure": 0.125981, "total_adsorption": 10.5084, "species_data": [{"InChIKey": "CURLTUGMZLYLDI-UHFFFAOYSA-N", "composition": 1, "adsorption": 10.5084}]}, {"pressure": 0.140772, "total_adsorption": 11.2509, "species_data": [{"InChIKey": "CURLTUGMZLYLDI-UHFFFAOYSA-N", "composition": 1, "adsorption": 11.2509}]}, {"pressure": 0.160486, "total_adsorption": 12.1173, "species_data": [{"InChIKey": "CURLTUGMZLYLDI-UHFFFAOYSA-N", "composition": 1, "adsorption": 12.1173}]}, {"pressure": 0.177742, "total_adsorption": 12.9835, "species_data": [{"InChIKey": "CURLTUGMZLYLDI-UHFFFAOYSA-N", "composition": 1, "adsorption": 12.9835}]}, {"pressure": 0.199928, "total_adsorption": 14.0972, "species_data": [{"InChIKey": "CURLTUGMZLYLDI-UHFFFAOYSA-N", "composition": 1, "adsorption": 14.0972}]}, {"pressure": 0.224564, "total_adsorption": 15.0877, "species_data": [{"InChIKey": "CURLTUGMZLYLDI-UHFFFAOYSA-N", "composition": 1, "adsorption": 15.0877}]}, {"pressure": 0.244263, "total_adsorption": 15.7073, "species_data": [{"InChIKey": "CURLTUGMZLYLDI-UHFFFAOYSA-N", "composition": 1, "adsorption": 15.7073}]}, {"pressure": 0.254124, "total_adsorption": 16.2023, "species_data": [{"InChIKey": "CURLTUGMZLYLDI-UHFFFAOYSA-N", "composition": 1, "adsorption": 16.2023}]}, {"pressure": 0.273815, "total_adsorption": 16.6984, "species_data": [{"InChIKey": "CURLTUGMZLYLDI-UHFFFAOYSA-N", "composition": 1, "adsorption": 16.6984}]}, {"pressure": 0.286133, "total_adsorption": 17.1936, "species_data": [{"InChIKey": "CURLTUGMZLYLDI-UHFFFAOYSA-N", "composition": 1, "adsorption": 17.1936}]}, {"pressure": 0.305824, "total_adsorption": 17.6897, "species_data": [{"InChIKey": "CURLTUGMZLYLDI-UHFFFAOYSA-N", "composition": 1, "adsorption": 17.6897}]}, {"pressure": 0.323065, "total_adsorption": 18.309, "species_data": [{"InChIKey": "CURLTUGMZLYLDI-UHFFFAOYSA-N", "composition": 1, "adsorption": 18.309}]}, {"pressure": 0.342756, "total_adsorption": 18.8051, "species_data": [{"InChIKey": "CURLTUGMZLYLDI-UHFFFAOYSA-N", "composition": 1, "adsorption": 18.8051}]}, {"pressure": 0.364912, "total_adsorption": 19.425, "species_data": [{"InChIKey": "CURLTUGMZLYLDI-UHFFFAOYSA-N", "composition": 1, "adsorption": 19.425}]}, {"pressure": 0.384603, "total_adsorption": 19.9211, "species_data": [{"InChIKey": "CURLTUGMZLYLDI-UHFFFAOYSA-N", "composition": 1, "adsorption": 19.9211}]}, {"pressure": 0.409216, "total_adsorption": 20.5412, "species_data": [{"InChIKey": "CURLTUGMZLYLDI-UHFFFAOYSA-N", "composition": 1, "adsorption": 20.5412}]}, {"pressure": 0.431365, "total_adsorption": 21.0376, "species_data": [{"InChIKey": "CURLTUGMZLYLDI-UHFFFAOYSA-N", "composition": 1, "adsorption": 21.0376}]}, {"pressure": 0.460901, "total_adsorption": 21.7817, "species_data": [{"InChIKey": "CURLTUGMZLYLDI-UHFFFAOYSA-N", "composition": 1, "adsorption": 21.7817}]}, {"pressure": 0.483042, "total_adsorption": 22.1547, "species_data": [{"InChIKey": "CURLTUGMZLYLDI-UHFFFAOYSA-N", "composition": 1, "adsorption": 22.1547}]}, {"pressure": 0.50519, "total_adsorption": 22.6511, "species_data": [{"InChIKey": "CURLTUGMZLYLDI-UHFFFAOYSA-N", "composition": 1, "adsorption": 22.6511}]}, {"pressure": 0.519951, "total_adsorption": 22.8997, "species_data": [{"InChIKey": "CURLTUGMZLYLDI-UHFFFAOYSA-N", "composition": 1, "adsorption": 22.8997}]}, {"pressure": 0.539634, "total_adsorption": 23.2723, "species_data": [{"InChIKey": "CURLTUGMZLYLDI-UHFFFAOYSA-N", "composition": 1, "adsorption": 23.2723}]}, {"pressure": 0.56424, "total_adsorption": 23.769, "species_data": [{"InChIKey": "CURLTUGMZLYLDI-UHFFFAOYSA-N", "composition": 1, "adsorption": 23.769}]}, {"pressure": 0.596227, "total_adsorption": 24.39, "species_data": [{"InChIKey": "CURLTUGMZLYLDI-UHFFFAOYSA-N", "composition": 1, "adsorption": 24.39}]}, {"pressure": 0.620818, "total_adsorption": 24.6398, "species_data": [{"InChIKey": "CURLTUGMZLYLDI-UHFFFAOYSA-N", "composition": 1, "adsorption": 24.6398}]}, {"pressure": 0.642966, "total_adsorption": 25.1362, "species_data": [{"InChIKey": "CURLTUGMZLYLDI-UHFFFAOYSA-N", "composition": 1, "adsorption": 25.1362}]}, {"pressure": 0.657727, "total_adsorption": 25.3848, "species_data": [{"InChIKey": "CURLTUGMZLYLDI-UHFFFAOYSA-N", "composition": 1, "adsorption": 25.3848}]}, {"pressure": 0.679868, "total_adsorption": 25.7577, "species_data": [{"InChIKey": "CURLTUGMZLYLDI-UHFFFAOYSA-N", "composition": 1, "adsorption": 25.7577}]}, {"pressure": 0.704459, "total_adsorption": 26.0075, "species_data": [{"InChIKey": "CURLTUGMZLYLDI-UHFFFAOYSA-N", "composition": 1, "adsorption": 26.0075}]}, {"pressure": 0.731522, "total_adsorption": 26.5044, "species_data": [{"InChIKey": "CURLTUGMZLYLDI-UHFFFAOYSA-N", "composition": 1, "adsorption": 26.5044}]}, {"pressure": 0.756113, "total_adsorption": 26.7542, "species_data": [{"InChIKey": "CURLTUGMZLYLDI-UHFFFAOYSA-N", "composition": 1, "adsorption": 26.7542}]}, {"pressure": 0.824986, "total_adsorption": 27.7498, "species_data": [{"InChIKey": "CURLTUGMZLYLDI-UHFFFAOYSA-N", "composition": 1, "adsorption": 27.7498}]}, {"pressure": 0.837281, "total_adsorption": 27.8747, "species_data": [{"InChIKey": "CURLTUGMZLYLDI-UHFFFAOYSA-N", "composition": 1, "adsorption": 27.8747}]}, {"pressure": 0.861872, "total_adsorption": 28.1245, "species_data": [{"InChIKey": "CURLTUGMZLYLDI-UHFFFAOYSA-N", "composition": 1, "adsorption": 28.1245}]}, {"pressure": 0.884006, "total_adsorption": 28.3739, "species_data": [{"InChIKey": "CURLTUGMZLYLDI-UHFFFAOYSA-N", "composition": 1, "adsorption": 28.3739}]}, {"pressure": 0.908596, "total_adsorption": 28.6237, "species_data": [{"InChIKey": "CURLTUGMZLYLDI-UHFFFAOYSA-N", "composition": 1, "adsorption": 28.6237}]}, {"pressure": 0.957786, "total_adsorption": 29.2467, "species_data": [{"InChIKey": "CURLTUGMZLYLDI-UHFFFAOYSA-N", "composition": 1, "adsorption": 29.2467}]}, {"pressure": 0.982369, "total_adsorption": 29.373, "species_data": [{"InChIKey": "CURLTUGMZLYLDI-UHFFFAOYSA-N", "composition": 1, "adsorption": 29.373}]}, {"pressure": 1.0045, "total_adsorption": 29.6224, "species_data": [{"InChIKey": "CURLTUGMZLYLDI-UHFFFAOYSA-N", "composition": 1, "adsorption": 29.6224}]}, {"pressure": 1.05861, "total_adsorption": 30.246, "species_data": [{"InChIKey": "CURLTUGMZLYLDI-UHFFFAOYSA-N", "composition": 1, "adsorption": 30.246}]}, {"pressure": 1.0832, "total_adsorption": 30.4958, "species_data": [{"InChIKey": "CURLTUGMZLYLDI-UHFFFAOYSA-N", "composition": 1, "adsorption": 30.4958}]}, {"pressure": 1.10532, "total_adsorption": 30.6218, "species_data": [{"InChIKey": "CURLTUGMZLYLDI-UHFFFAOYSA-N", "composition": 1, "adsorption": 30.6218}]}, {"pressure": 1.125, "total_adsorption": 30.871, "species_data": [{"InChIKey": "CURLTUGMZLYLDI-UHFFFAOYSA-N", "composition": 1, "adsorption": 30.871}]}, {"pressure": 1.14958, "total_adsorption": 30.9973, "species_data": [{"InChIKey": "CURLTUGMZLYLDI-UHFFFAOYSA-N", "composition": 1, "adsorption": 30.9973}]}, {"pressure": 1.17172, "total_adsorption": 31.3702, "species_data": [{"InChIKey": "CURLTUGMZLYLDI-UHFFFAOYSA-N", "composition": 1, "adsorption": 31.3702}]}, {"pressure": 1.19876, "total_adsorption": 31.4968, "species_data": [{"InChIKey": "CURLTUGMZLYLDI-UHFFFAOYSA-N", "composition": 1, "adsorption": 31.4968}]}]}