{"isotherm_data":[{"pressure":0,"total_adsorption":0,"species_data":[{"composition":1,"adsorption":0,"InChIKey":"CURLTUGMZLYLDI-UHFFFAOYSA-N"}]},{"pressure":1.78571,"total_adsorption":1.2238,"species_data":[{"composition":1,"adsorption":1.2238,"InChIKey":"CURLTUGMZLYLDI-UHFFFAOYSA-N"}]},{"pressure":4.56349,"total_adsorption":2.40227,"species_data":[{"composition":1,"adsorption":2.40227,"InChIKey":"CURLTUGMZLYLDI-UHFFFAOYSA-N"}]},{"pressure":7.7381,"total_adsorption":3.35411,"species_data":[{"composition":1,"adsorption":3.35411,"InChIKey":"CURLTUGMZLYLDI-UHFFFAOYSA-N"}]},{"pressure":11.3095,"total_adsorption":4.3966,"species_data":[{"composition":1,"adsorption":4.3966,"InChIKey":"CURLTUGMZLYLDI-UHFFFAOYSA-N"}]},{"pressure":14.881,"total_adsorption":5.16714,"species_data":[{"composition":1,"adsorption":5.16714,"InChIKey":"CURLTUGMZLYLDI-UHFFFAOYSA-N"}]},{"pressure":18.4524,"total_adsorption":6.20963,"species_data":[{"composition":1,"adsorption":6.20963,"InChIKey":"CURLTUGMZLYLDI-UHFFFAOYSA-N"}]},{"pressure":22.123,"total_adsorption":6.84419,"species_data":[{"composition":1,"adsorption":6.84419,"InChIKey":"CURLTUGMZLYLDI-UHFFFAOYSA-N"}]},{"pressure":25.7937,"total_adsorption":7.52408,"species_data":[{"composition":1,"adsorption":7.52408,"InChIKey":"CURLTUGMZLYLDI-UHFFFAOYSA-N"}]},{"pressure":29.3651,"total_adsorption":8.29462,"species_data":[{"composition":1,"adsorption":8.29462,"InChIKey":"CURLTUGMZLYLDI-UHFFFAOYSA-N"}]},{"pressure":33.0357,"total_adsorption":8.83853,"species_data":[{"composition":1,"adsorption":8.83853,"InChIKey":"CURLTUGMZLYLDI-UHFFFAOYSA-N"}]},{"pressure":36.4087,"total_adsorption":9.42776,"species_data":[{"composition":1,"adsorption":9.42776,"InChIKey":"CURLTUGMZLYLDI-UHFFFAOYSA-N"}]},{"pressure":39.881,"total_adsorption":10.2436,"species_data":[{"composition":1,"adsorption":10.2436,"InChIKey":"CURLTUGMZLYLDI-UHFFFAOYSA-N"}]}],"temperature":313,"articleSource":"Figure 7","compositionType":"molefraction","adsorbates":[{"name":"Carbon Dioxide","InChIKey":"CURLTUGMZLYLDI-UHFFFAOYSA-N"}],"adsorptionUnits":"mmol/g","date":"2016-06-20","category":"exp","digitizer":"David A. Anderegg","pressureUnits":"bar","DOI":"10.1016/j.physe.2013.10.024","adsorbent":{"name":"AC-Chitosan","hashkey":"NIST-MATDB-76036d91509479a097716d043f18f393"},"concentrationUnits":"","filename":"10.1016j.physe.2013.10.024.Isotherm13","isotherm_type":""}