{"filename": "10.1038Nmat3343.Isotherm2", "DOI": "10.1038/Nmat3343", "articleSource": "UNKNOWN", "date": "1000-01-01", "digitizer": "UNKNOWN", "adsorbent": {"hashkey": "NIST-MATDB-8d651cf53aa2990d2cccb34177e624ff", "name": "NOTT-202a"}, "adsorbates": [{"InChIKey": "CURLTUGMZLYLDI-UHFFFAOYSA-N", "name": "Carbon Dioxide"}], "category": "", "temperature": 221, "isotherm_type": "", "adsorptionUnits": "mmol/g", "pressureUnits": "bar", "compositionType": "molefraction", "concentrationUnits": "", "isotherm_data": [{"pressure": 0.144174, "total_adsorption": 1.5387, "species_data": [{"InChIKey": "CURLTUGMZLYLDI-UHFFFAOYSA-N", "composition": 1, "adsorption": 1.5387}]}, {"pressure": 0.237204, "total_adsorption": 3.87977, "species_data": [{"InChIKey": "CURLTUGMZLYLDI-UHFFFAOYSA-N", "composition": 1, "adsorption": 3.87977}]}, {"pressure": 0.239087, "total_adsorption": 3.07723, "species_data": [{"InChIKey": "CURLTUGMZLYLDI-UHFFFAOYSA-N", "composition": 1, "adsorption": 3.07723}]}, {"pressure": 0.283327, "total_adsorption": 5.21751, "species_data": [{"InChIKey": "CURLTUGMZLYLDI-UHFFFAOYSA-N", "composition": 1, "adsorption": 5.21751}]}, {"pressure": 0.414166, "total_adsorption": 12.4409, "species_data": [{"InChIKey": "CURLTUGMZLYLDI-UHFFFAOYSA-N", "composition": 1, "adsorption": 12.4409}]}, {"pressure": 0.420285, "total_adsorption": 9.83262, "species_data": [{"InChIKey": "CURLTUGMZLYLDI-UHFFFAOYSA-N", "composition": 1, "adsorption": 9.83262}]}, {"pressure": 0.426089, "total_adsorption": 7.35811, "species_data": [{"InChIKey": "CURLTUGMZLYLDI-UHFFFAOYSA-N", "composition": 1, "adsorption": 7.35811}]}, {"pressure": 0.465937, "total_adsorption": 11.371, "species_data": [{"InChIKey": "CURLTUGMZLYLDI-UHFFFAOYSA-N", "composition": 1, "adsorption": 11.371}]}, {"pressure": 0.802918, "total_adsorption": 14.7161, "species_data": [{"InChIKey": "CURLTUGMZLYLDI-UHFFFAOYSA-N", "composition": 1, "adsorption": 14.7161}]}, {"pressure": 0.997921, "total_adsorption": 15.5861, "species_data": [{"InChIKey": "CURLTUGMZLYLDI-UHFFFAOYSA-N", "composition": 1, "adsorption": 15.5861}]}, {"pressure": 1.14445, "total_adsorption": 16.1217, "species_data": [{"InChIKey": "CURLTUGMZLYLDI-UHFFFAOYSA-N", "composition": 1, "adsorption": 16.1217}]}, {"pressure": 1.43829, "total_adsorption": 16.8583, "species_data": [{"InChIKey": "CURLTUGMZLYLDI-UHFFFAOYSA-N", "composition": 1, "adsorption": 16.8583}]}, {"pressure": 1.9789, "total_adsorption": 17.3952, "species_data": [{"InChIKey": "CURLTUGMZLYLDI-UHFFFAOYSA-N", "composition": 1, "adsorption": 17.3952}]}, {"pressure": 2.27289, "total_adsorption": 18.0649, "species_data": [{"InChIKey": "CURLTUGMZLYLDI-UHFFFAOYSA-N", "composition": 1, "adsorption": 18.0649}]}, {"pressure": 2.6662, "total_adsorption": 18.4006, "species_data": [{"InChIKey": "CURLTUGMZLYLDI-UHFFFAOYSA-N", "composition": 1, "adsorption": 18.4006}]}, {"pressure": 3.40354, "total_adsorption": 19.0719, "species_data": [{"InChIKey": "CURLTUGMZLYLDI-UHFFFAOYSA-N", "composition": 1, "adsorption": 19.0719}]}, {"pressure": 3.74711, "total_adsorption": 19.6081, "species_data": [{"InChIKey": "CURLTUGMZLYLDI-UHFFFAOYSA-N", "composition": 1, "adsorption": 19.6081}]}, {"pressure": 4.14088, "total_adsorption": 19.7431, "species_data": [{"InChIKey": "CURLTUGMZLYLDI-UHFFFAOYSA-N", "composition": 1, "adsorption": 19.7431}]}, {"pressure": 4.78048, "total_adsorption": 20.0797, "species_data": [{"InChIKey": "CURLTUGMZLYLDI-UHFFFAOYSA-N", "composition": 1, "adsorption": 20.0797}]}, {"pressure": 5.07605, "total_adsorption": 20.0807, "species_data": [{"InChIKey": "CURLTUGMZLYLDI-UHFFFAOYSA-N", "composition": 1, "adsorption": 20.0807}]}, {"pressure": 5.42056, "total_adsorption": 20.2156, "species_data": [{"InChIKey": "CURLTUGMZLYLDI-UHFFFAOYSA-N", "composition": 1, "adsorption": 20.2156}]}]}