{"filename": "10.1007s003390159537x.Isotherm8", "DOI": "10.1007/s00339-015-9537-x", "articleSource": "Figure 2(a)- 1_1", "date": "2018-06-12", "digitizer": "Julie Yagodich", "adsorbent": {"hashkey": "NIST-MATDB-53a6b0f2969684a6bf96938e14aa6a6e", "name": "MSC-30"}, "adsorbates": [{"InChIKey": "UFHFLCQGNIYNRP-UHFFFAOYSA-N", "name": "Hydrogen"}], "category": "exp", "temperature": 303, "isotherm_type": "excess", "adsorptionUnits": "wt%", "pressureUnits": "bar", "compositionType": "moleratio", "concentrationUnits": "", "isotherm_data": [{"pressure": 3.26, "total_adsorption": null, "species_data": [{"InChIKey": "UFHFLCQGNIYNRP-UHFFFAOYSA-N", "composition": 1, "adsorption": 0.05863}]}, {"pressure": 5.291, "total_adsorption": null, "species_data": [{"InChIKey": "UFHFLCQGNIYNRP-UHFFFAOYSA-N", "composition": 1, "adsorption": 0.08333}]}, {"pressure": 11.158, "total_adsorption": null, "species_data": [{"InChIKey": "UFHFLCQGNIYNRP-UHFFFAOYSA-N", "composition": 1, "adsorption": 0.1463}]}, {"pressure": 17.477, "total_adsorption": null, "species_data": [{"InChIKey": "UFHFLCQGNIYNRP-UHFFFAOYSA-N", "composition": 1, "adsorption": 0.19013}]}, {"pressure": 23.47, "total_adsorption": null, "species_data": [{"InChIKey": "UFHFLCQGNIYNRP-UHFFFAOYSA-N", "composition": 1, "adsorption": 0.23125}]}, {"pressure": 29.764, "total_adsorption": null, "species_data": [{"InChIKey": "UFHFLCQGNIYNRP-UHFFFAOYSA-N", "composition": 1, "adsorption": 0.27495}]}, {"pressure": 36.359, "total_adsorption": null, "species_data": [{"InChIKey": "UFHFLCQGNIYNRP-UHFFFAOYSA-N", "composition": 1, "adsorption": 0.31186}]}, {"pressure": 42.828, "total_adsorption": null, "species_data": [{"InChIKey": "UFHFLCQGNIYNRP-UHFFFAOYSA-N", "composition": 1, "adsorption": 0.35175}]}, {"pressure": 48.997, "total_adsorption": null, "species_data": [{"InChIKey": "UFHFLCQGNIYNRP-UHFFFAOYSA-N", "composition": 1, "adsorption": 0.39124}]}, {"pressure": 55.591, "total_adsorption": null, "species_data": [{"InChIKey": "UFHFLCQGNIYNRP-UHFFFAOYSA-N", "composition": 1, "adsorption": 0.42381}]}, {"pressure": 62.462, "total_adsorption": null, "species_data": [{"InChIKey": "UFHFLCQGNIYNRP-UHFFFAOYSA-N", "composition": 1, "adsorption": 0.4523}]}, {"pressure": 68.48, "total_adsorption": null, "species_data": [{"InChIKey": "UFHFLCQGNIYNRP-UHFFFAOYSA-N", "composition": 1, "adsorption": 0.48011}]}, {"pressure": 75.375, "total_adsorption": null, "species_data": [{"InChIKey": "UFHFLCQGNIYNRP-UHFFFAOYSA-N", "composition": 1, "adsorption": 0.50725}]}, {"pressure": 81.87, "total_adsorption": null, "species_data": [{"InChIKey": "UFHFLCQGNIYNRP-UHFFFAOYSA-N", "composition": 1, "adsorption": 0.52706}]}]}