{"filename": "10.1126science.1101982.Isotherm4", "DOI": "10.1126/science.1101982", "articleSource": "UNKNOWN", "date": "1000-01-01", "digitizer": "UNKNOWN", "adsorbent": {"hashkey": "NIST-MATDB-e69c8d34701e4a0d3daab2baf55ca65f", "name": "Ni2(bipy)3(NO3)4"}, "adsorbates": [{"InChIKey": "UFHFLCQGNIYNRP-UHFFFAOYSA-N", "name": "Hydrogen"}], "category": "", "temperature": 77, "isotherm_type": "", "adsorptionUnits": "mmol/g", "pressureUnits": "bar", "compositionType": "molefraction", "concentrationUnits": "", "isotherm_data": [{"pressure": 0.00761169, "total_adsorption": 1.08108, "species_data": [{"InChIKey": "UFHFLCQGNIYNRP-UHFFFAOYSA-N", "composition": 1, "adsorption": 1.08108}]}, {"pressure": 0.0196291, "total_adsorption": 1.52703, "species_data": [{"InChIKey": "UFHFLCQGNIYNRP-UHFFFAOYSA-N", "composition": 1, "adsorption": 1.52703}]}, {"pressure": 0.0499724, "total_adsorption": 2.05405, "species_data": [{"InChIKey": "UFHFLCQGNIYNRP-UHFFFAOYSA-N", "composition": 1, "adsorption": 2.05405}]}, {"pressure": 0.0987452, "total_adsorption": 2.45946, "species_data": [{"InChIKey": "UFHFLCQGNIYNRP-UHFFFAOYSA-N", "composition": 1, "adsorption": 2.45946}]}, {"pressure": 0.200621, "total_adsorption": 2.78378, "species_data": [{"InChIKey": "UFHFLCQGNIYNRP-UHFFFAOYSA-N", "composition": 1, "adsorption": 2.78378}]}, {"pressure": 0.29849, "total_adsorption": 2.95946, "species_data": [{"InChIKey": "UFHFLCQGNIYNRP-UHFFFAOYSA-N", "composition": 1, "adsorption": 2.95946}]}, {"pressure": 0.400455, "total_adsorption": 3.10811, "species_data": [{"InChIKey": "UFHFLCQGNIYNRP-UHFFFAOYSA-N", "composition": 1, "adsorption": 3.10811}]}, {"pressure": 0.500421, "total_adsorption": 3.17568, "species_data": [{"InChIKey": "UFHFLCQGNIYNRP-UHFFFAOYSA-N", "composition": 1, "adsorption": 3.17568}]}, {"pressure": 0.598345, "total_adsorption": 3.24324, "species_data": [{"InChIKey": "UFHFLCQGNIYNRP-UHFFFAOYSA-N", "composition": 1, "adsorption": 3.24324}]}, {"pressure": 0.702406, "total_adsorption": 3.28378, "species_data": [{"InChIKey": "UFHFLCQGNIYNRP-UHFFFAOYSA-N", "composition": 1, "adsorption": 3.28378}]}, {"pressure": 0.800338, "total_adsorption": 3.33784, "species_data": [{"InChIKey": "UFHFLCQGNIYNRP-UHFFFAOYSA-N", "composition": 1, "adsorption": 3.33784}]}, {"pressure": 0.898269, "total_adsorption": 3.39189, "species_data": [{"InChIKey": "UFHFLCQGNIYNRP-UHFFFAOYSA-N", "composition": 1, "adsorption": 3.39189}]}, {"pressure": 0.998256, "total_adsorption": 3.41892, "species_data": [{"InChIKey": "UFHFLCQGNIYNRP-UHFFFAOYSA-N", "composition": 1, "adsorption": 3.41892}]}]}