{"isotherm_data":[{"pressure":7.24638,"total_adsorption":0.0882353,"species_data":[{"composition":1,"adsorption":0.0882353,"InChIKey":"UFHFLCQGNIYNRP-UHFFFAOYSA-N"}]},{"pressure":20.2899,"total_adsorption":0.186275,"species_data":[{"composition":1,"adsorption":0.186275,"InChIKey":"UFHFLCQGNIYNRP-UHFFFAOYSA-N"}]},{"pressure":39.1304,"total_adsorption":0.421569,"species_data":[{"composition":1,"adsorption":0.421569,"InChIKey":"UFHFLCQGNIYNRP-UHFFFAOYSA-N"}]},{"pressure":68.1159,"total_adsorption":0.588235,"species_data":[{"composition":1,"adsorption":0.588235,"InChIKey":"UFHFLCQGNIYNRP-UHFFFAOYSA-N"}]},{"pressure":89.8551,"total_adsorption":0.735294,"species_data":[{"composition":1,"adsorption":0.735294,"InChIKey":"UFHFLCQGNIYNRP-UHFFFAOYSA-N"}]},{"pressure":101.449,"total_adsorption":0.803922,"species_data":[{"composition":1,"adsorption":0.803922,"InChIKey":"UFHFLCQGNIYNRP-UHFFFAOYSA-N"}]},{"pressure":115.942,"total_adsorption":0.892157,"species_data":[{"composition":1,"adsorption":0.892157,"InChIKey":"UFHFLCQGNIYNRP-UHFFFAOYSA-N"}]},{"pressure":143.478,"total_adsorption":0.980392,"species_data":[{"composition":1,"adsorption":0.980392,"InChIKey":"UFHFLCQGNIYNRP-UHFFFAOYSA-N"}]},{"pressure":162.319,"total_adsorption":1.04902,"species_data":[{"composition":1,"adsorption":1.04902,"InChIKey":"UFHFLCQGNIYNRP-UHFFFAOYSA-N"}]},{"pressure":182.609,"total_adsorption":1.12745,"species_data":[{"composition":1,"adsorption":1.12745,"InChIKey":"UFHFLCQGNIYNRP-UHFFFAOYSA-N"}]},{"pressure":197.101,"total_adsorption":1.16667,"species_data":[{"composition":1,"adsorption":1.16667,"InChIKey":"UFHFLCQGNIYNRP-UHFFFAOYSA-N"}]},{"pressure":214.493,"total_adsorption":1.20588,"species_data":[{"composition":1,"adsorption":1.20588,"InChIKey":"UFHFLCQGNIYNRP-UHFFFAOYSA-N"}]},{"pressure":231.884,"total_adsorption":1.23529,"species_data":[{"composition":1,"adsorption":1.23529,"InChIKey":"UFHFLCQGNIYNRP-UHFFFAOYSA-N"}]},{"pressure":243.478,"total_adsorption":1.26471,"species_data":[{"composition":1,"adsorption":1.26471,"InChIKey":"UFHFLCQGNIYNRP-UHFFFAOYSA-N"}]},{"pressure":255.072,"total_adsorption":1.29412,"species_data":[{"composition":1,"adsorption":1.29412,"InChIKey":"UFHFLCQGNIYNRP-UHFFFAOYSA-N"}]},{"pressure":272.464,"total_adsorption":1.33333,"species_data":[{"composition":1,"adsorption":1.33333,"InChIKey":"UFHFLCQGNIYNRP-UHFFFAOYSA-N"}]},{"pressure":286.957,"total_adsorption":1.33333,"species_data":[{"composition":1,"adsorption":1.33333,"InChIKey":"UFHFLCQGNIYNRP-UHFFFAOYSA-N"}]},{"pressure":310.145,"total_adsorption":1.38235,"species_data":[{"composition":1,"adsorption":1.38235,"InChIKey":"UFHFLCQGNIYNRP-UHFFFAOYSA-N"}]},{"pressure":336.232,"total_adsorption":1.40196,"species_data":[{"composition":1,"adsorption":1.40196,"InChIKey":"UFHFLCQGNIYNRP-UHFFFAOYSA-N"}]}],"temperature":298,"articleSource":"UNKNOWN","compositionType":"molefraction","adsorbates":[{"name":"Hydrogen","InChIKey":"UFHFLCQGNIYNRP-UHFFFAOYSA-N"}],"adsorptionUnits":"wt%","date":"1000-01-01","category":"","digitizer":"UNKNOWN","pressureUnits":"bar","DOI":"10.1007/s10450-012-9397-z","adsorbent":{"name":"Carbon","hashkey":"NIST-MATDB-453276ee992ed07dc207ed08b2b221ce"},"concentrationUnits":"","filename":"10.1007s10450-012-9397-z.Isotherm1","isotherm_type":""}