{"isotherm_data":[{"pressure":0.010605,"total_adsorption":0.114571,"species_data":[{"composition":1,"adsorption":0.114571,"InChIKey":"CURLTUGMZLYLDI-UHFFFAOYSA-N"}]},{"pressure":0.053531,"total_adsorption":0.295311,"species_data":[{"composition":1,"adsorption":0.295311,"InChIKey":"CURLTUGMZLYLDI-UHFFFAOYSA-N"}]},{"pressure":0.064262,"total_adsorption":0.247932,"species_data":[{"composition":1,"adsorption":0.247932,"InChIKey":"CURLTUGMZLYLDI-UHFFFAOYSA-N"}]},{"pressure":0.09431,"total_adsorption":0.457045,"species_data":[{"composition":1,"adsorption":0.457045,"InChIKey":"CURLTUGMZLYLDI-UHFFFAOYSA-N"}]},{"pressure":0.105042,"total_adsorption":0.390679,"species_data":[{"composition":1,"adsorption":0.390679,"InChIKey":"CURLTUGMZLYLDI-UHFFFAOYSA-N"}]},{"pressure":0.13509,"total_adsorption":0.485867,"species_data":[{"composition":1,"adsorption":0.485867,"InChIKey":"CURLTUGMZLYLDI-UHFFFAOYSA-N"}]},{"pressure":0.137237,"total_adsorption":0.590316,"species_data":[{"composition":1,"adsorption":0.590316,"InChIKey":"CURLTUGMZLYLDI-UHFFFAOYSA-N"}]},{"pressure":0.17587,"total_adsorption":0.61912,"species_data":[{"composition":1,"adsorption":0.61912,"InChIKey":"CURLTUGMZLYLDI-UHFFFAOYSA-N"}]},{"pressure":0.178016,"total_adsorption":0.714075,"species_data":[{"composition":1,"adsorption":0.714075,"InChIKey":"CURLTUGMZLYLDI-UHFFFAOYSA-N"}]},{"pressure":0.218795,"total_adsorption":0.828341,"species_data":[{"composition":1,"adsorption":0.828341,"InChIKey":"CURLTUGMZLYLDI-UHFFFAOYSA-N"}]},{"pressure":0.261721,"total_adsorption":0.952118,"species_data":[{"composition":1,"adsorption":0.952118,"InChIKey":"CURLTUGMZLYLDI-UHFFFAOYSA-N"}]},{"pressure":0.300354,"total_adsorption":0.961935,"species_data":[{"composition":1,"adsorption":0.961935,"InChIKey":"CURLTUGMZLYLDI-UHFFFAOYSA-N"}]},{"pressure":0.3025,"total_adsorption":1.06638,"species_data":[{"composition":1,"adsorption":1.06638,"InChIKey":"CURLTUGMZLYLDI-UHFFFAOYSA-N"}]},{"pressure":0.34328,"total_adsorption":1.17116,"species_data":[{"composition":1,"adsorption":1.17116,"InChIKey":"CURLTUGMZLYLDI-UHFFFAOYSA-N"}]},{"pressure":0.345426,"total_adsorption":1.06674,"species_data":[{"composition":1,"adsorption":1.06674,"InChIKey":"CURLTUGMZLYLDI-UHFFFAOYSA-N"}]},{"pressure":0.384059,"total_adsorption":1.19048,"species_data":[{"composition":1,"adsorption":1.19048,"InChIKey":"CURLTUGMZLYLDI-UHFFFAOYSA-N"}]},{"pressure":0.426985,"total_adsorption":1.28578,"species_data":[{"composition":1,"adsorption":1.28578,"InChIKey":"CURLTUGMZLYLDI-UHFFFAOYSA-N"}]},{"pressure":0.429131,"total_adsorption":1.38074,"species_data":[{"composition":1,"adsorption":1.38074,"InChIKey":"CURLTUGMZLYLDI-UHFFFAOYSA-N"}]},{"pressure":0.469911,"total_adsorption":1.47601,"species_data":[{"composition":1,"adsorption":1.47601,"InChIKey":"CURLTUGMZLYLDI-UHFFFAOYSA-N"}]},{"pressure":0.51069,"total_adsorption":1.58079,"species_data":[{"composition":1,"adsorption":1.58079,"InChIKey":"CURLTUGMZLYLDI-UHFFFAOYSA-N"}]},{"pressure":0.553616,"total_adsorption":1.67608,"species_data":[{"composition":1,"adsorption":1.67608,"InChIKey":"CURLTUGMZLYLDI-UHFFFAOYSA-N"}]},{"pressure":0.596542,"total_adsorption":1.78087,"species_data":[{"composition":1,"adsorption":1.78087,"InChIKey":"CURLTUGMZLYLDI-UHFFFAOYSA-N"}]},{"pressure":0.637321,"total_adsorption":1.81919,"species_data":[{"composition":1,"adsorption":1.81919,"InChIKey":"CURLTUGMZLYLDI-UHFFFAOYSA-N"}]},{"pressure":0.6781,"total_adsorption":1.97143,"species_data":[{"composition":1,"adsorption":1.97143,"InChIKey":"CURLTUGMZLYLDI-UHFFFAOYSA-N"}]},{"pressure":0.718881,"total_adsorption":2.00025,"species_data":[{"composition":1,"adsorption":2.00025,"InChIKey":"CURLTUGMZLYLDI-UHFFFAOYSA-N"}]},{"pressure":0.761807,"total_adsorption":2.14302,"species_data":[{"composition":1,"adsorption":2.14302,"InChIKey":"CURLTUGMZLYLDI-UHFFFAOYSA-N"}]},{"pressure":0.804731,"total_adsorption":2.22882,"species_data":[{"composition":1,"adsorption":2.22882,"InChIKey":"CURLTUGMZLYLDI-UHFFFAOYSA-N"}]},{"pressure":0.845512,"total_adsorption":2.3146,"species_data":[{"composition":1,"adsorption":2.3146,"InChIKey":"CURLTUGMZLYLDI-UHFFFAOYSA-N"}]},{"pressure":0.869121,"total_adsorption":2.36227,"species_data":[{"composition":1,"adsorption":2.36227,"InChIKey":"CURLTUGMZLYLDI-UHFFFAOYSA-N"}]},{"pressure":0.888438,"total_adsorption":2.37193,"species_data":[{"composition":1,"adsorption":2.37193,"InChIKey":"CURLTUGMZLYLDI-UHFFFAOYSA-N"}]},{"pressure":0.912046,"total_adsorption":2.44807,"species_data":[{"composition":1,"adsorption":2.44807,"InChIKey":"CURLTUGMZLYLDI-UHFFFAOYSA-N"}]},{"pressure":0.929217,"total_adsorption":2.45771,"species_data":[{"composition":1,"adsorption":2.45771,"InChIKey":"CURLTUGMZLYLDI-UHFFFAOYSA-N"}]},{"pressure":0.952826,"total_adsorption":2.53386,"species_data":[{"composition":1,"adsorption":2.53386,"InChIKey":"CURLTUGMZLYLDI-UHFFFAOYSA-N"}]},{"pressure":0.972143,"total_adsorption":2.55301,"species_data":[{"composition":1,"adsorption":2.55301,"InChIKey":"CURLTUGMZLYLDI-UHFFFAOYSA-N"}]},{"pressure":1.01292,"total_adsorption":2.6293,"species_data":[{"composition":1,"adsorption":2.6293,"InChIKey":"CURLTUGMZLYLDI-UHFFFAOYSA-N"}]}],"temperature":298,"articleSource":"Figure 9","compositionType":"molefraction","adsorbates":[{"name":"Carbon Dioxide","InChIKey":"CURLTUGMZLYLDI-UHFFFAOYSA-N"}],"adsorptionUnits":"mmol/g","date":"2016-07-15","category":"exp","digitizer":"David A. Anderegg","pressureUnits":"bar","DOI":"10.1016/j.micromeso.2015.02.023","adsorbent":{"name":"[Al(OH) (SBPDC)]","hashkey":"NIST-MATDB-ecad61a945ec45f25d477db94aef540f"},"concentrationUnits":"","filename":"10.1016j.micromeso.2015.02.023.Isotherm8","isotherm_type":""}