{"isotherm_data":[{"pressure":-0.00212538,"total_adsorption":299.456,"species_data":[{"composition":1,"adsorption":299.456,"InChIKey":"IJGRMHOSHXDMSA-UHFFFAOYSA-N"}]},{"pressure":0.00477758,"total_adsorption":325.155,"species_data":[{"composition":1,"adsorption":325.155,"InChIKey":"IJGRMHOSHXDMSA-UHFFFAOYSA-N"}]},{"pressure":0.00850155,"total_adsorption":402.176,"species_data":[{"composition":1,"adsorption":402.176,"InChIKey":"IJGRMHOSHXDMSA-UHFFFAOYSA-N"}]},{"pressure":0.00861054,"total_adsorption":427.845,"species_data":[{"composition":1,"adsorption":427.845,"InChIKey":"IJGRMHOSHXDMSA-UHFFFAOYSA-N"}]},{"pressure":0.0155499,"total_adsorption":462.101,"species_data":[{"composition":1,"adsorption":462.101,"InChIKey":"IJGRMHOSHXDMSA-UHFFFAOYSA-N"}]},{"pressure":0.0326438,"total_adsorption":487.844,"species_data":[{"composition":1,"adsorption":487.844,"InChIKey":"IJGRMHOSHXDMSA-UHFFFAOYSA-N"}]},{"pressure":0.0462499,"total_adsorption":492.182,"species_data":[{"composition":1,"adsorption":492.182,"InChIKey":"IJGRMHOSHXDMSA-UHFFFAOYSA-N"}]},{"pressure":0.0530438,"total_adsorption":492.212,"species_data":[{"composition":1,"adsorption":492.212,"InChIKey":"IJGRMHOSHXDMSA-UHFFFAOYSA-N"}]},{"pressure":0.0700833,"total_adsorption":505.121,"species_data":[{"composition":1,"adsorption":505.121,"InChIKey":"IJGRMHOSHXDMSA-UHFFFAOYSA-N"}]},{"pressure":0.100692,"total_adsorption":513.812,"species_data":[{"composition":1,"adsorption":513.812,"InChIKey":"IJGRMHOSHXDMSA-UHFFFAOYSA-N"}]},{"pressure":0.148269,"total_adsorption":518.3,"species_data":[{"composition":1,"adsorption":518.3,"InChIKey":"IJGRMHOSHXDMSA-UHFFFAOYSA-N"}]},{"pressure":0.195881,"total_adsorption":531.344,"species_data":[{"composition":1,"adsorption":531.344,"InChIKey":"IJGRMHOSHXDMSA-UHFFFAOYSA-N"}]},{"pressure":0.240078,"total_adsorption":540.095,"species_data":[{"composition":1,"adsorption":540.095,"InChIKey":"IJGRMHOSHXDMSA-UHFFFAOYSA-N"}]},{"pressure":0.294466,"total_adsorption":548.89,"species_data":[{"composition":1,"adsorption":548.89,"InChIKey":"IJGRMHOSHXDMSA-UHFFFAOYSA-N"}]},{"pressure":0.338645,"total_adsorption":553.363,"species_data":[{"composition":1,"adsorption":553.363,"InChIKey":"IJGRMHOSHXDMSA-UHFFFAOYSA-N"}]},{"pressure":0.389618,"total_adsorption":557.865,"species_data":[{"composition":1,"adsorption":557.865,"InChIKey":"IJGRMHOSHXDMSA-UHFFFAOYSA-N"}]},{"pressure":0.437194,"total_adsorption":562.353,"species_data":[{"composition":1,"adsorption":562.353,"InChIKey":"IJGRMHOSHXDMSA-UHFFFAOYSA-N"}]},{"pressure":0.484788,"total_adsorption":571.119,"species_data":[{"composition":1,"adsorption":571.119,"InChIKey":"IJGRMHOSHXDMSA-UHFFFAOYSA-N"}]},{"pressure":0.535761,"total_adsorption":575.621,"species_data":[{"composition":1,"adsorption":575.621,"InChIKey":"IJGRMHOSHXDMSA-UHFFFAOYSA-N"}]},{"pressure":0.586716,"total_adsorption":575.846,"species_data":[{"composition":1,"adsorption":575.846,"InChIKey":"IJGRMHOSHXDMSA-UHFFFAOYSA-N"}]},{"pressure":0.634292,"total_adsorption":580.333,"species_data":[{"composition":1,"adsorption":580.333,"InChIKey":"IJGRMHOSHXDMSA-UHFFFAOYSA-N"}]},{"pressure":0.681868,"total_adsorption":584.821,"species_data":[{"composition":1,"adsorption":584.821,"InChIKey":"IJGRMHOSHXDMSA-UHFFFAOYSA-N"}]},{"pressure":0.729462,"total_adsorption":593.587,"species_data":[{"composition":1,"adsorption":593.587,"InChIKey":"IJGRMHOSHXDMSA-UHFFFAOYSA-N"}]},{"pressure":0.780453,"total_adsorption":602.367,"species_data":[{"composition":1,"adsorption":602.367,"InChIKey":"IJGRMHOSHXDMSA-UHFFFAOYSA-N"}]},{"pressure":0.821272,"total_adsorption":615.381,"species_data":[{"composition":1,"adsorption":615.381,"InChIKey":"IJGRMHOSHXDMSA-UHFFFAOYSA-N"}]},{"pressure":0.879202,"total_adsorption":658.417,"species_data":[{"composition":1,"adsorption":658.417,"InChIKey":"IJGRMHOSHXDMSA-UHFFFAOYSA-N"}]},{"pressure":0.930938,"total_adsorption":842.602,"species_data":[{"composition":1,"adsorption":842.602,"InChIKey":"IJGRMHOSHXDMSA-UHFFFAOYSA-N"}]}],"temperature":77,"articleSource":"UNKNOWN","compositionType":"molefraction","adsorbates":[{"name":"Nitrogen","InChIKey":"IJGRMHOSHXDMSA-UHFFFAOYSA-N"}],"adsorptionUnits":"cm3(STP)/g","date":"1000-01-01","category":"","digitizer":"UNKNOWN","pressureUnits":"bar","DOI":"10.1021/Cm502399q","adsorbent":{"name":"IRMOF-1","hashkey":"NIST-MATDB-2c9380bddc59f547484ff729eab7d7cb"},"concentrationUnits":"","filename":"10.1021Cm502399q.Isotherm14","isotherm_type":""}