{"filename": "10.1039C1cp20168a.Isotherm22", "DOI": "10.1039/C1cp20168a", "articleSource": "UNKNOWN", "date": "1000-01-01", "digitizer": "UNKNOWN", "adsorbent": {"hashkey": "NIST-MATDB-991daf7313251e7e607e2bab2da57e33", "name": "CuBTC"}, "adsorbates": [{"InChIKey": "IJGRMHOSHXDMSA-UHFFFAOYSA-N", "name": "Nitrogen"}], "category": "", "temperature": 298, "isotherm_type": "", "adsorptionUnits": "mmol/g", "pressureUnits": "bar", "compositionType": "molefraction", "concentrationUnits": "", "isotherm_data": [{"pressure": 0.00416572, "total_adsorption": 0.0243436, "species_data": [{"InChIKey": "IJGRMHOSHXDMSA-UHFFFAOYSA-N", "composition": 1, "adsorption": 0.0243436}]}, {"pressure": 0.00969949, "total_adsorption": 0.0374528, "species_data": [{"InChIKey": "IJGRMHOSHXDMSA-UHFFFAOYSA-N", "composition": 1, "adsorption": 0.0374528}]}, {"pressure": 0.0172117, "total_adsorption": 0.0374528, "species_data": [{"InChIKey": "IJGRMHOSHXDMSA-UHFFFAOYSA-N", "composition": 1, "adsorption": 0.0374528}]}, {"pressure": 0.0314782, "total_adsorption": 0.0374528, "species_data": [{"InChIKey": "IJGRMHOSHXDMSA-UHFFFAOYSA-N", "composition": 1, "adsorption": 0.0374528}]}, {"pressure": 0.0541971, "total_adsorption": 0.0374528, "species_data": [{"InChIKey": "IJGRMHOSHXDMSA-UHFFFAOYSA-N", "composition": 1, "adsorption": 0.0374528}]}, {"pressure": 0.105288, "total_adsorption": 0.0505621, "species_data": [{"InChIKey": "IJGRMHOSHXDMSA-UHFFFAOYSA-N", "composition": 1, "adsorption": 0.0505621}]}, {"pressure": 0.276614, "total_adsorption": 0.155436, "species_data": [{"InChIKey": "IJGRMHOSHXDMSA-UHFFFAOYSA-N", "composition": 1, "adsorption": 0.155436}]}, {"pressure": 0.476257, "total_adsorption": 0.286528, "species_data": [{"InChIKey": "IJGRMHOSHXDMSA-UHFFFAOYSA-N", "composition": 1, "adsorption": 0.286528}]}, {"pressure": 0.982795, "total_adsorption": 0.43073, "species_data": [{"InChIKey": "IJGRMHOSHXDMSA-UHFFFAOYSA-N", "composition": 1, "adsorption": 0.43073}]}, {"pressure": 4.72219, "total_adsorption": 0.692915, "species_data": [{"InChIKey": "IJGRMHOSHXDMSA-UHFFFAOYSA-N", "composition": 1, "adsorption": 0.692915}]}, {"pressure": 10.0433, "total_adsorption": 0.745352, "species_data": [{"InChIKey": "IJGRMHOSHXDMSA-UHFFFAOYSA-N", "composition": 1, "adsorption": 0.745352}]}]}