{"isotherm_data":[{"pressure":9.401,"total_adsorption":null,"species_data":[{"composition":1,"adsorption":0.82123,"InChIKey":"CURLTUGMZLYLDI-UHFFFAOYSA-N"}]},{"pressure":28.159,"total_adsorption":null,"species_data":[{"composition":1,"adsorption":1.15634,"InChIKey":"CURLTUGMZLYLDI-UHFFFAOYSA-N"}]},{"pressure":44.316,"total_adsorption":null,"species_data":[{"composition":1,"adsorption":1.2898,"InChIKey":"CURLTUGMZLYLDI-UHFFFAOYSA-N"}]},{"pressure":55.847,"total_adsorption":null,"species_data":[{"composition":1,"adsorption":1.34802,"InChIKey":"CURLTUGMZLYLDI-UHFFFAOYSA-N"}]},{"pressure":63.738,"total_adsorption":null,"species_data":[{"composition":1,"adsorption":1.36861,"InChIKey":"CURLTUGMZLYLDI-UHFFFAOYSA-N"}]},{"pressure":64.725,"total_adsorption":null,"species_data":[{"composition":1,"adsorption":1.37204,"InChIKey":"CURLTUGMZLYLDI-UHFFFAOYSA-N"}]},{"pressure":68.917,"total_adsorption":null,"species_data":[{"composition":1,"adsorption":1.37892,"InChIKey":"CURLTUGMZLYLDI-UHFFFAOYSA-N"}]},{"pressure":72.492,"total_adsorption":null,"species_data":[{"composition":1,"adsorption":1.3801,"InChIKey":"CURLTUGMZLYLDI-UHFFFAOYSA-N"}]},{"pressure":74.935,"total_adsorption":null,"species_data":[{"composition":1,"adsorption":1.38269,"InChIKey":"CURLTUGMZLYLDI-UHFFFAOYSA-N"}]},{"pressure":76.566,"total_adsorption":null,"species_data":[{"composition":1,"adsorption":1.38199,"InChIKey":"CURLTUGMZLYLDI-UHFFFAOYSA-N"}]},{"pressure":78.313,"total_adsorption":null,"species_data":[{"composition":1,"adsorption":1.37986,"InChIKey":"CURLTUGMZLYLDI-UHFFFAOYSA-N"}]},{"pressure":80.682,"total_adsorption":null,"species_data":[{"composition":1,"adsorption":1.37414,"InChIKey":"CURLTUGMZLYLDI-UHFFFAOYSA-N"}]},{"pressure":83.709,"total_adsorption":null,"species_data":[{"composition":1,"adsorption":1.3548,"InChIKey":"CURLTUGMZLYLDI-UHFFFAOYSA-N"}]},{"pressure":85.922,"total_adsorption":null,"species_data":[{"composition":1,"adsorption":1.34119,"InChIKey":"CURLTUGMZLYLDI-UHFFFAOYSA-N"}]},{"pressure":87.281,"total_adsorption":null,"species_data":[{"composition":1,"adsorption":1.33547,"InChIKey":"CURLTUGMZLYLDI-UHFFFAOYSA-N"}]},{"pressure":88.289,"total_adsorption":null,"species_data":[{"composition":1,"adsorption":1.31538,"InChIKey":"CURLTUGMZLYLDI-UHFFFAOYSA-N"}]},{"pressure":89.026,"total_adsorption":null,"species_data":[{"composition":1,"adsorption":1.30104,"InChIKey":"CURLTUGMZLYLDI-UHFFFAOYSA-N"}]},{"pressure":89.803,"total_adsorption":null,"species_data":[{"composition":1,"adsorption":1.291,"InChIKey":"CURLTUGMZLYLDI-UHFFFAOYSA-N"}]},{"pressure":90.385,"total_adsorption":null,"species_data":[{"composition":1,"adsorption":1.28527,"InChIKey":"CURLTUGMZLYLDI-UHFFFAOYSA-N"}]},{"pressure":91.006,"total_adsorption":null,"species_data":[{"composition":1,"adsorption":1.28456,"InChIKey":"CURLTUGMZLYLDI-UHFFFAOYSA-N"}]},{"pressure":92.714,"total_adsorption":null,"species_data":[{"composition":1,"adsorption":1.26807,"InChIKey":"CURLTUGMZLYLDI-UHFFFAOYSA-N"}]},{"pressure":95.815,"total_adsorption":null,"species_data":[{"composition":1,"adsorption":1.16477,"InChIKey":"CURLTUGMZLYLDI-UHFFFAOYSA-N"}]},{"pressure":99.303,"total_adsorption":null,"species_data":[{"composition":1,"adsorption":1.05071,"InChIKey":"CURLTUGMZLYLDI-UHFFFAOYSA-N"}]},{"pressure":104.192,"total_adsorption":null,"species_data":[{"composition":1,"adsorption":0.96609,"InChIKey":"CURLTUGMZLYLDI-UHFFFAOYSA-N"}]},{"pressure":112.46,"total_adsorption":null,"species_data":[{"composition":1,"adsorption":0.91021,"InChIKey":"CURLTUGMZLYLDI-UHFFFAOYSA-N"}]},{"pressure":123.331,"total_adsorption":null,"species_data":[{"composition":1,"adsorption":0.87661,"InChIKey":"CURLTUGMZLYLDI-UHFFFAOYSA-N"}]},{"pressure":136.183,"total_adsorption":null,"species_data":[{"composition":1,"adsorption":0.84374,"InChIKey":"CURLTUGMZLYLDI-UHFFFAOYSA-N"}]},{"pressure":149.734,"total_adsorption":null,"species_data":[{"composition":1,"adsorption":0.81878,"InChIKey":"CURLTUGMZLYLDI-UHFFFAOYSA-N"}]}],"temperature":318,"articleSource":"Figure 3(a)- RWTH_Experiment1","compositionType":"moleratio","adsorbates":[{"name":"Carbon Dioxide","InChIKey":"CURLTUGMZLYLDI-UHFFFAOYSA-N"}],"adsorptionUnits":"mmol/g","date":"2018-06-13","category":"exp","digitizer":"Julie Yagodich","pressureUnits":"bar","DOI":"10.1016/j.coal.2010.08.013","adsorbent":{"name":"Brzeszcze 364 LW","hashkey":"NIST-MATDB-9a5409368b297cf524c52e7fa2b17f3b"},"concentrationUnits":"","filename":"10.1016j.coal.2010.08.013.Isotherm7","isotherm_type":"excess"}