{"filename": "10.1016S2095-4956(14)60173-X.Isotherm7", "DOI": "10.1016/S2095-4956(14)60173-X", "articleSource": "UNKNOWN", "date": "1000-01-01", "digitizer": "UNKNOWN", "adsorbent": {"hashkey": "NIST-MATDB-639d8be5d632849a8dc88fbee220eb4f", "name": "1Na-HKUST-1"}, "adsorbates": [{"InChIKey": "CURLTUGMZLYLDI-UHFFFAOYSA-N", "name": "Carbon Dioxide"}], "category": "", "temperature": 298, "isotherm_type": "", "adsorptionUnits": "mmol/g", "pressureUnits": "bar", "compositionType": "molefraction", "concentrationUnits": "", "isotherm_data": [{"pressure": 1.26888, "total_adsorption": 0.583337, "species_data": [{"InChIKey": "CURLTUGMZLYLDI-UHFFFAOYSA-N", "composition": 1, "adsorption": 0.583337}]}, {"pressure": 2.56628, "total_adsorption": 1.51555, "species_data": [{"InChIKey": "CURLTUGMZLYLDI-UHFFFAOYSA-N", "composition": 1, "adsorption": 1.51555}]}, {"pressure": 4.51299, "total_adsorption": 2.71039, "species_data": [{"InChIKey": "CURLTUGMZLYLDI-UHFFFAOYSA-N", "composition": 1, "adsorption": 2.71039}]}, {"pressure": 5.98708, "total_adsorption": 3.84637, "species_data": [{"InChIKey": "CURLTUGMZLYLDI-UHFFFAOYSA-N", "composition": 1, "adsorption": 3.84637}]}, {"pressure": 8.37805, "total_adsorption": 4.69305, "species_data": [{"InChIKey": "CURLTUGMZLYLDI-UHFFFAOYSA-N", "composition": 1, "adsorption": 4.69305}]}, {"pressure": 10.0599, "total_adsorption": 5.50958, "species_data": [{"InChIKey": "CURLTUGMZLYLDI-UHFFFAOYSA-N", "composition": 1, "adsorption": 5.50958}]}, {"pressure": 12.4514, "total_adsorption": 6.18184, "species_data": [{"InChIKey": "CURLTUGMZLYLDI-UHFFFAOYSA-N", "composition": 1, "adsorption": 6.18184}]}, {"pressure": 13.9861, "total_adsorption": 6.82372, "species_data": [{"InChIKey": "CURLTUGMZLYLDI-UHFFFAOYSA-N", "composition": 1, "adsorption": 6.82372}]}, {"pressure": 16.2004, "total_adsorption": 7.43758, "species_data": [{"InChIKey": "CURLTUGMZLYLDI-UHFFFAOYSA-N", "composition": 1, "adsorption": 7.43758}]}, {"pressure": 18.119, "total_adsorption": 8.13819, "species_data": [{"InChIKey": "CURLTUGMZLYLDI-UHFFFAOYSA-N", "composition": 1, "adsorption": 8.13819}]}]}