{"isotherm_data":[{"pressure":0.00335282,"total_adsorption":2.05893,"species_data":[{"composition":1,"adsorption":2.05893,"InChIKey":"NIST-ISODB-FD90E2D29941002F3BA4"}]},{"pressure":0.00343977,"total_adsorption":2.24153,"species_data":[{"composition":1,"adsorption":2.24153,"InChIKey":"NIST-ISODB-FD90E2D29941002F3BA4"}]},{"pressure":0.00347,"total_adsorption":1.85615,"species_data":[{"composition":1,"adsorption":1.85615,"InChIKey":"NIST-ISODB-FD90E2D29941002F3BA4"}]},{"pressure":0.00371151,"total_adsorption":2.48507,"species_data":[{"composition":1,"adsorption":2.48507,"InChIKey":"NIST-ISODB-FD90E2D29941002F3BA4"}]},{"pressure":0.00372881,"total_adsorption":2.66763,"species_data":[{"composition":1,"adsorption":2.66763,"InChIKey":"NIST-ISODB-FD90E2D29941002F3BA4"}]},{"pressure":0.00388991,"total_adsorption":1.77521,"species_data":[{"composition":1,"adsorption":1.77521,"InChIKey":"NIST-ISODB-FD90E2D29941002F3BA4"}]},{"pressure":0.00415815,"total_adsorption":1.65363,"species_data":[{"composition":1,"adsorption":1.65363,"InChIKey":"NIST-ISODB-FD90E2D29941002F3BA4"}]},{"pressure":0.00468803,"total_adsorption":1.61327,"species_data":[{"composition":1,"adsorption":1.61327,"InChIKey":"NIST-ISODB-FD90E2D29941002F3BA4"}]},{"pressure":0.00476574,"total_adsorption":3.07374,"species_data":[{"composition":1,"adsorption":3.07374,"InChIKey":"NIST-ISODB-FD90E2D29941002F3BA4"}]},{"pressure":0.00539722,"total_adsorption":1.57295,"species_data":[{"composition":1,"adsorption":1.57295,"InChIKey":"NIST-ISODB-FD90E2D29941002F3BA4"}]},{"pressure":0.00542338,"total_adsorption":3.39852,"species_data":[{"composition":1,"adsorption":3.39852,"InChIKey":"NIST-ISODB-FD90E2D29941002F3BA4"}]},{"pressure":0.00597585,"total_adsorption":1.55285,"species_data":[{"composition":1,"adsorption":1.55285,"InChIKey":"NIST-ISODB-FD90E2D29941002F3BA4"}]},{"pressure":0.00636327,"total_adsorption":1.55296,"species_data":[{"composition":1,"adsorption":1.55296,"InChIKey":"NIST-ISODB-FD90E2D29941002F3BA4"}]},{"pressure":0.00761746,"total_adsorption":1.49242,"species_data":[{"composition":1,"adsorption":1.49242,"InChIKey":"NIST-ISODB-FD90E2D29941002F3BA4"}]},{"pressure":0.00811951,"total_adsorption":1.35055,"species_data":[{"composition":1,"adsorption":1.35055,"InChIKey":"NIST-ISODB-FD90E2D29941002F3BA4"}]},{"pressure":0.00828934,"total_adsorption":3.88608,"species_data":[{"composition":1,"adsorption":3.88608,"InChIKey":"NIST-ISODB-FD90E2D29941002F3BA4"}]},{"pressure":0.00918037,"total_adsorption":1.33048,"species_data":[{"composition":1,"adsorption":1.33048,"InChIKey":"NIST-ISODB-FD90E2D29941002F3BA4"}]},{"pressure":0.0126395,"total_adsorption":1.37161,"species_data":[{"composition":1,"adsorption":1.37161,"InChIKey":"NIST-ISODB-FD90E2D29941002F3BA4"}]},{"pressure":0.0143311,"total_adsorption":1.37183,"species_data":[{"composition":1,"adsorption":1.37183,"InChIKey":"NIST-ISODB-FD90E2D29941002F3BA4"}]},{"pressure":0.0159346,"total_adsorption":4.51603,"species_data":[{"composition":1,"adsorption":4.51603,"InChIKey":"NIST-ISODB-FD90E2D29941002F3BA4"}]},{"pressure":0.018268,"total_adsorption":1.31141,"species_data":[{"composition":1,"adsorption":1.31141,"InChIKey":"NIST-ISODB-FD90E2D29941002F3BA4"}]},{"pressure":0.0239834,"total_adsorption":1.31189,"species_data":[{"composition":1,"adsorption":1.31189,"InChIKey":"NIST-ISODB-FD90E2D29941002F3BA4"}]},{"pressure":0.0288742,"total_adsorption":1.29193,"species_data":[{"composition":1,"adsorption":1.29193,"InChIKey":"NIST-ISODB-FD90E2D29941002F3BA4"}]},{"pressure":0.0327393,"total_adsorption":1.29215,"species_data":[{"composition":1,"adsorption":1.29215,"InChIKey":"NIST-ISODB-FD90E2D29941002F3BA4"}]},{"pressure":0.0354977,"total_adsorption":1.27201,"species_data":[{"composition":1,"adsorption":1.27201,"InChIKey":"NIST-ISODB-FD90E2D29941002F3BA4"}]},{"pressure":0.0419711,"total_adsorption":1.2723,"species_data":[{"composition":1,"adsorption":1.2723,"InChIKey":"NIST-ISODB-FD90E2D29941002F3BA4"}]},{"pressure":0.0450713,"total_adsorption":5.51178,"species_data":[{"composition":1,"adsorption":5.51178,"InChIKey":"NIST-ISODB-FD90E2D29941002F3BA4"}]},{"pressure":0.0464708,"total_adsorption":1.2522,"species_data":[{"composition":1,"adsorption":1.2522,"InChIKey":"NIST-ISODB-FD90E2D29941002F3BA4"}]},{"pressure":0.054944,"total_adsorption":1.25249,"species_data":[{"composition":1,"adsorption":1.25249,"InChIKey":"NIST-ISODB-FD90E2D29941002F3BA4"}]},{"pressure":0.0640457,"total_adsorption":1.15134,"species_data":[{"composition":1,"adsorption":1.15134,"InChIKey":"NIST-ISODB-FD90E2D29941002F3BA4"}]},{"pressure":0.0879265,"total_adsorption":1.17219,"species_data":[{"composition":1,"adsorption":1.17219,"InChIKey":"NIST-ISODB-FD90E2D29941002F3BA4"}]},{"pressure":0.102097,"total_adsorption":1.19273,"species_data":[{"composition":1,"adsorption":1.19273,"InChIKey":"NIST-ISODB-FD90E2D29941002F3BA4"}]},{"pressure":0.123268,"total_adsorption":1.19307,"species_data":[{"composition":1,"adsorption":1.19307,"InChIKey":"NIST-ISODB-FD90E2D29941002F3BA4"}]},{"pressure":0.151116,"total_adsorption":1.15286,"species_data":[{"composition":1,"adsorption":1.15286,"InChIKey":"NIST-ISODB-FD90E2D29941002F3BA4"}]},{"pressure":0.190797,"total_adsorption":1.17355,"species_data":[{"composition":1,"adsorption":1.17355,"InChIKey":"NIST-ISODB-FD90E2D29941002F3BA4"}]},{"pressure":0.220914,"total_adsorption":1.17381,"species_data":[{"composition":1,"adsorption":1.17381,"InChIKey":"NIST-ISODB-FD90E2D29941002F3BA4"}]},{"pressure":0.221562,"total_adsorption":7.0156,"species_data":[{"composition":1,"adsorption":7.0156,"InChIKey":"NIST-ISODB-FD90E2D29941002F3BA4"}]},{"pressure":0.271593,"total_adsorption":1.15389,"species_data":[{"composition":1,"adsorption":1.15389,"InChIKey":"NIST-ISODB-FD90E2D29941002F3BA4"}]},{"pressure":0.300711,"total_adsorption":1.13379,"species_data":[{"composition":1,"adsorption":1.13379,"InChIKey":"NIST-ISODB-FD90E2D29941002F3BA4"}]},{"pressure":0.348178,"total_adsorption":1.13404,"species_data":[{"composition":1,"adsorption":1.13404,"InChIKey":"NIST-ISODB-FD90E2D29941002F3BA4"}]},{"pressure":0.507549,"total_adsorption":1.13471,"species_data":[{"composition":1,"adsorption":1.13471,"InChIKey":"NIST-ISODB-FD90E2D29941002F3BA4"}]},{"pressure":0.640823,"total_adsorption":1.1554,"species_data":[{"composition":1,"adsorption":1.1554,"InChIKey":"NIST-ISODB-FD90E2D29941002F3BA4"}]},{"pressure":0.864,"total_adsorption":1.1965,"species_data":[{"composition":1,"adsorption":1.1965,"InChIKey":"NIST-ISODB-FD90E2D29941002F3BA4"}]},{"pressure":0.976871,"total_adsorption":1.17643,"species_data":[{"composition":1,"adsorption":1.17643,"InChIKey":"NIST-ISODB-FD90E2D29941002F3BA4"}]},{"pressure":1.22638,"total_adsorption":1.15655,"species_data":[{"composition":1,"adsorption":1.15655,"InChIKey":"NIST-ISODB-FD90E2D29941002F3BA4"}]},{"pressure":1.53963,"total_adsorption":1.13666,"species_data":[{"composition":1,"adsorption":1.13666,"InChIKey":"NIST-ISODB-FD90E2D29941002F3BA4"}]},{"pressure":1.82037,"total_adsorption":1.13696,"species_data":[{"composition":1,"adsorption":1.13696,"InChIKey":"NIST-ISODB-FD90E2D29941002F3BA4"}]},{"pressure":2.29184,"total_adsorption":1.13736,"species_data":[{"composition":1,"adsorption":1.13736,"InChIKey":"NIST-ISODB-FD90E2D29941002F3BA4"}]},{"pressure":2.70975,"total_adsorption":1.13766,"species_data":[{"composition":1,"adsorption":1.13766,"InChIKey":"NIST-ISODB-FD90E2D29941002F3BA4"}]},{"pressure":3.06375,"total_adsorption":1.11759,"species_data":[{"composition":1,"adsorption":1.11759,"InChIKey":"NIST-ISODB-FD90E2D29941002F3BA4"}]},{"pressure":3.46398,"total_adsorption":1.09752,"species_data":[{"composition":1,"adsorption":1.09752,"InChIKey":"NIST-ISODB-FD90E2D29941002F3BA4"}]}],"temperature":70,"articleSource":"UNKNOWN","compositionType":"molefraction","adsorbates":[{"name":"Hydrogen/Deuterium Mixture","InChIKey":"NIST-ISODB-FD90E2D29941002F3BA4"}],"adsorptionUnits":"mol/mol","date":"1000-01-01","category":"","digitizer":"UNKNOWN","pressureUnits":"bar","DOI":"10.1021/Nn405420t","adsorbent":{"name":"CPO-27-Co (10 A)","hashkey":"NIST-MATDB-4dd8d5ffc98fbcd334df9582b06e47df"},"concentrationUnits":"","filename":"10.1021Nn405420t.Isotherm12","isotherm_type":""}