{"filename": "10.1016j.micromeso.2010.04.015.isotherm71", "DOI": "10.1016/j.micromeso.2010.04.015", "articleSource": "UNKNOWN", "date": "1000-01-01", "digitizer": "UNKNOWN", "adsorbent": {"hashkey": "NIST-MATDB-297c8ffe0f482757db45335130e02770", "name": "COF-108"}, "adsorbates": [{"InChIKey": "UFHFLCQGNIYNRP-UHFFFAOYSA-N", "name": "Hydrogen"}], "category": "", "temperature": 77, "isotherm_type": "", "adsorptionUnits": "wt%", "pressureUnits": "bar", "compositionType": "molefraction", "concentrationUnits": "", "isotherm_data": [{"pressure": 1.71192, "total_adsorption": 0.377758, "species_data": [{"InChIKey": "UFHFLCQGNIYNRP-UHFFFAOYSA-N", "composition": 1, "adsorption": 0.377758}]}, {"pressure": 5.20772, "total_adsorption": 4.41104, "species_data": [{"InChIKey": "UFHFLCQGNIYNRP-UHFFFAOYSA-N", "composition": 1, "adsorption": 4.41104}]}, {"pressure": 10.8884, "total_adsorption": 6.6265, "species_data": [{"InChIKey": "UFHFLCQGNIYNRP-UHFFFAOYSA-N", "composition": 1, "adsorption": 6.6265}]}, {"pressure": 19.6279, "total_adsorption": 9.75087, "species_data": [{"InChIKey": "UFHFLCQGNIYNRP-UHFFFAOYSA-N", "composition": 1, "adsorption": 9.75087}]}, {"pressure": 30.1153, "total_adsorption": 12.1936, "species_data": [{"InChIKey": "UFHFLCQGNIYNRP-UHFFFAOYSA-N", "composition": 1, "adsorption": 12.1936}]}, {"pressure": 39.7287, "total_adsorption": 13.9546, "species_data": [{"InChIKey": "UFHFLCQGNIYNRP-UHFFFAOYSA-N", "composition": 1, "adsorption": 13.9546}]}, {"pressure": 49.7791, "total_adsorption": 15.4315, "species_data": [{"InChIKey": "UFHFLCQGNIYNRP-UHFFFAOYSA-N", "composition": 1, "adsorption": 15.4315}]}, {"pressure": 59.1741, "total_adsorption": 16.4541, "species_data": [{"InChIKey": "UFHFLCQGNIYNRP-UHFFFAOYSA-N", "composition": 1, "adsorption": 16.4541}]}, {"pressure": 69.2245, "total_adsorption": 17.7038, "species_data": [{"InChIKey": "UFHFLCQGNIYNRP-UHFFFAOYSA-N", "composition": 1, "adsorption": 17.7038}]}, {"pressure": 79.9304, "total_adsorption": 18.5559, "species_data": [{"InChIKey": "UFHFLCQGNIYNRP-UHFFFAOYSA-N", "composition": 1, "adsorption": 18.5559}]}, {"pressure": 90.6363, "total_adsorption": 19.2944, "species_data": [{"InChIKey": "UFHFLCQGNIYNRP-UHFFFAOYSA-N", "composition": 1, "adsorption": 19.2944}]}, {"pressure": 99.3758, "total_adsorption": 19.7488, "species_data": [{"InChIKey": "UFHFLCQGNIYNRP-UHFFFAOYSA-N", "composition": 1, "adsorption": 19.7488}]}]}