{"filename": "10.1039C1sc00354b.Isotherm3", "DOI": "10.1039/C1sc00354b", "articleSource": "UNKNOWN", "date": "1000-01-01", "digitizer": "UNKNOWN", "adsorbent": {"hashkey": "NIST-MATDB-6314ef7e6bdc7dcfa8cda20f5878094f", "name": "Cu-BTTri"}, "adsorbates": [{"InChIKey": "IJGRMHOSHXDMSA-UHFFFAOYSA-N", "name": "Nitrogen"}], "category": "", "temperature": 298, "isotherm_type": "", "adsorptionUnits": "mmol/g", "pressureUnits": "bar", "compositionType": "molefraction", "concentrationUnits": "", "isotherm_data": [{"pressure": 0.0669647, "total_adsorption": 0.0232336, "species_data": [{"InChIKey": "IJGRMHOSHXDMSA-UHFFFAOYSA-N", "composition": 1, "adsorption": 0.0232336}]}, {"pressure": 0.131764, "total_adsorption": 0.034474, "species_data": [{"InChIKey": "IJGRMHOSHXDMSA-UHFFFAOYSA-N", "composition": 1, "adsorption": 0.034474}]}, {"pressure": 0.168497, "total_adsorption": 0.0700902, "species_data": [{"InChIKey": "IJGRMHOSHXDMSA-UHFFFAOYSA-N", "composition": 1, "adsorption": 0.0700902}]}, {"pressure": 0.233291, "total_adsorption": 0.0693114, "species_data": [{"InChIKey": "IJGRMHOSHXDMSA-UHFFFAOYSA-N", "composition": 1, "adsorption": 0.0693114}]}, {"pressure": 0.267848, "total_adsorption": 0.0688961, "species_data": [{"InChIKey": "IJGRMHOSHXDMSA-UHFFFAOYSA-N", "composition": 1, "adsorption": 0.0688961}]}, {"pressure": 0.300256, "total_adsorption": 0.092545, "species_data": [{"InChIKey": "IJGRMHOSHXDMSA-UHFFFAOYSA-N", "composition": 1, "adsorption": 0.092545}]}, {"pressure": 0.336968, "total_adsorption": 0.0800845, "species_data": [{"InChIKey": "IJGRMHOSHXDMSA-UHFFFAOYSA-N", "composition": 1, "adsorption": 0.0800845}]}, {"pressure": 0.36721, "total_adsorption": 0.0917403, "species_data": [{"InChIKey": "IJGRMHOSHXDMSA-UHFFFAOYSA-N", "composition": 1, "adsorption": 0.0917403}]}, {"pressure": 0.406092, "total_adsorption": 0.103292, "species_data": [{"InChIKey": "IJGRMHOSHXDMSA-UHFFFAOYSA-N", "composition": 1, "adsorption": 0.103292}]}, {"pressure": 0.438495, "total_adsorption": 0.114922, "species_data": [{"InChIKey": "IJGRMHOSHXDMSA-UHFFFAOYSA-N", "composition": 1, "adsorption": 0.114922}]}, {"pressure": 0.462258, "total_adsorption": 0.126656, "species_data": [{"InChIKey": "IJGRMHOSHXDMSA-UHFFFAOYSA-N", "composition": 1, "adsorption": 0.126656}]}, {"pressure": 0.501134, "total_adsorption": 0.126188, "species_data": [{"InChIKey": "IJGRMHOSHXDMSA-UHFFFAOYSA-N", "composition": 1, "adsorption": 0.126188}]}, {"pressure": 0.535691, "total_adsorption": 0.125773, "species_data": [{"InChIKey": "IJGRMHOSHXDMSA-UHFFFAOYSA-N", "composition": 1, "adsorption": 0.125773}]}, {"pressure": 0.602656, "total_adsorption": 0.149007, "species_data": [{"InChIKey": "IJGRMHOSHXDMSA-UHFFFAOYSA-N", "composition": 1, "adsorption": 0.149007}]}, {"pressure": 0.669621, "total_adsorption": 0.17224, "species_data": [{"InChIKey": "IJGRMHOSHXDMSA-UHFFFAOYSA-N", "composition": 1, "adsorption": 0.17224}]}, {"pressure": 0.736575, "total_adsorption": 0.171435, "species_data": [{"InChIKey": "IJGRMHOSHXDMSA-UHFFFAOYSA-N", "composition": 1, "adsorption": 0.171435}]}, {"pressure": 0.805694, "total_adsorption": 0.182624, "species_data": [{"InChIKey": "IJGRMHOSHXDMSA-UHFFFAOYSA-N", "composition": 1, "adsorption": 0.182624}]}, {"pressure": 0.872659, "total_adsorption": 0.205857, "species_data": [{"InChIKey": "IJGRMHOSHXDMSA-UHFFFAOYSA-N", "composition": 1, "adsorption": 0.205857}]}, {"pressure": 0.902902, "total_adsorption": 0.217513, "species_data": [{"InChIKey": "IJGRMHOSHXDMSA-UHFFFAOYSA-N", "composition": 1, "adsorption": 0.217513}]}, {"pressure": 0.937464, "total_adsorption": 0.229117, "species_data": [{"InChIKey": "IJGRMHOSHXDMSA-UHFFFAOYSA-N", "composition": 1, "adsorption": 0.229117}]}, {"pressure": 0.972021, "total_adsorption": 0.228702, "species_data": [{"InChIKey": "IJGRMHOSHXDMSA-UHFFFAOYSA-N", "composition": 1, "adsorption": 0.228702}]}, {"pressure": 1.00226, "total_adsorption": 0.240357, "species_data": [{"InChIKey": "IJGRMHOSHXDMSA-UHFFFAOYSA-N", "composition": 1, "adsorption": 0.240357}]}, {"pressure": 1.03467, "total_adsorption": 0.251987, "species_data": [{"InChIKey": "IJGRMHOSHXDMSA-UHFFFAOYSA-N", "composition": 1, "adsorption": 0.251987}]}, {"pressure": 1.06923, "total_adsorption": 0.263591, "species_data": [{"InChIKey": "IJGRMHOSHXDMSA-UHFFFAOYSA-N", "composition": 1, "adsorption": 0.263591}]}, {"pressure": 1.10379, "total_adsorption": 0.263176, "species_data": [{"InChIKey": "IJGRMHOSHXDMSA-UHFFFAOYSA-N", "composition": 1, "adsorption": 0.263176}]}]}