{"isotherm_data":[{"pressure":0.0787133,"total_adsorption":1.52629,"species_data":[{"composition":1,"adsorption":1.52629,"InChIKey":"XSTXAVWGXDQKEL-UHFFFAOYSA-N"}]},{"pressure":0.102309,"total_adsorption":2.18175,"species_data":[{"composition":1,"adsorption":2.18175,"InChIKey":"XSTXAVWGXDQKEL-UHFFFAOYSA-N"}]},{"pressure":0.126184,"total_adsorption":2.66242,"species_data":[{"composition":1,"adsorption":2.66242,"InChIKey":"XSTXAVWGXDQKEL-UHFFFAOYSA-N"}]},{"pressure":0.154278,"total_adsorption":3.25234,"species_data":[{"composition":1,"adsorption":3.25234,"InChIKey":"XSTXAVWGXDQKEL-UHFFFAOYSA-N"}]},{"pressure":0.205852,"total_adsorption":4.03889,"species_data":[{"composition":1,"adsorption":4.03889,"InChIKey":"XSTXAVWGXDQKEL-UHFFFAOYSA-N"}]},{"pressure":0.274667,"total_adsorption":4.89099,"species_data":[{"composition":1,"adsorption":4.89099,"InChIKey":"XSTXAVWGXDQKEL-UHFFFAOYSA-N"}]},{"pressure":0.360137,"total_adsorption":5.67755,"species_data":[{"composition":1,"adsorption":5.67755,"InChIKey":"XSTXAVWGXDQKEL-UHFFFAOYSA-N"}]}],"temperature":348,"articleSource":"UNKNOWN","compositionType":"molefraction","adsorbates":[{"name":"1,1,2-Trichloroethene","InChIKey":"XSTXAVWGXDQKEL-UHFFFAOYSA-N"}],"adsorptionUnits":"molecules/unitcell","date":"1000-01-01","category":"","digitizer":"UNKNOWN","pressureUnits":"bar","DOI":"10.1063/1.2759896","adsorbent":{"name":"ZSM-5","hashkey":"NIST-MATDB-0d52b4312e8dd98a53fcfaba14cd0e82"},"concentrationUnits":"","filename":"10.10631.2759896.isotherm11","isotherm_type":""}