{"filename": "10.1039C1cc11618e.Isotherm16", "DOI": "10.1039/C1cc11618e", "articleSource": "UNKNOWN", "date": "1000-01-01", "digitizer": "UNKNOWN", "adsorbent": {"hashkey": "NIST-MATDB-51a7184a28579f2e3fa6afe5f57affdd", "name": "VR-93"}, "adsorbates": [{"InChIKey": "CURLTUGMZLYLDI-UHFFFAOYSA-N", "name": "Carbon Dioxide"}], "category": "", "temperature": 298, "isotherm_type": "", "adsorptionUnits": "cm3(STP)/g", "pressureUnits": "bar", "compositionType": "molefraction", "concentrationUnits": "", "isotherm_data": [{"pressure": 0.320513, "total_adsorption": 20.6612, "species_data": [{"InChIKey": "CURLTUGMZLYLDI-UHFFFAOYSA-N", "composition": 1, "adsorption": 20.6612}]}, {"pressure": 0.854701, "total_adsorption": 55.0964, "species_data": [{"InChIKey": "CURLTUGMZLYLDI-UHFFFAOYSA-N", "composition": 1, "adsorption": 55.0964}]}, {"pressure": 3.73932, "total_adsorption": 154.27, "species_data": [{"InChIKey": "CURLTUGMZLYLDI-UHFFFAOYSA-N", "composition": 1, "adsorption": 154.27}]}, {"pressure": 5.12821, "total_adsorption": 166.667, "species_data": [{"InChIKey": "CURLTUGMZLYLDI-UHFFFAOYSA-N", "composition": 1, "adsorption": 166.667}]}, {"pressure": 5.98291, "total_adsorption": 194.215, "species_data": [{"InChIKey": "CURLTUGMZLYLDI-UHFFFAOYSA-N", "composition": 1, "adsorption": 194.215}]}, {"pressure": 10.4701, "total_adsorption": 246.556, "species_data": [{"InChIKey": "CURLTUGMZLYLDI-UHFFFAOYSA-N", "composition": 1, "adsorption": 246.556}]}, {"pressure": 16.5598, "total_adsorption": 301.653, "species_data": [{"InChIKey": "CURLTUGMZLYLDI-UHFFFAOYSA-N", "composition": 1, "adsorption": 301.653}]}, {"pressure": 25.8547, "total_adsorption": 355.372, "species_data": [{"InChIKey": "CURLTUGMZLYLDI-UHFFFAOYSA-N", "composition": 1, "adsorption": 355.372}]}, {"pressure": 35.8974, "total_adsorption": 407.713, "species_data": [{"InChIKey": "CURLTUGMZLYLDI-UHFFFAOYSA-N", "composition": 1, "adsorption": 407.713}]}, {"pressure": 38.8889, "total_adsorption": 424.242, "species_data": [{"InChIKey": "CURLTUGMZLYLDI-UHFFFAOYSA-N", "composition": 1, "adsorption": 424.242}]}, {"pressure": 40.2778, "total_adsorption": 428.375, "species_data": [{"InChIKey": "CURLTUGMZLYLDI-UHFFFAOYSA-N", "composition": 1, "adsorption": 428.375}]}]}