{"filename": "10.1002adfm.201101479.Isotherm8", "DOI": "10.1002/adfm.201101479", "articleSource": "UNKNOWN", "date": "1000-01-01", "digitizer": "UNKNOWN", "adsorbent": {"hashkey": "NIST-MATDB-8fad47f65fa08c7ac5157aa92c218b1d", "name": "Zn(NDC)(DMBPY) 0.5"}, "adsorbates": [{"InChIKey": "CURLTUGMZLYLDI-UHFFFAOYSA-N", "name": "Carbon Dioxide"}], "category": "", "temperature": 273, "isotherm_type": "", "adsorptionUnits": "wt%", "pressureUnits": "bar", "compositionType": "molefraction", "concentrationUnits": "", "isotherm_data": [{"pressure": 0.033473, "total_adsorption": 0.131156, "species_data": [{"InChIKey": "CURLTUGMZLYLDI-UHFFFAOYSA-N", "composition": 1, "adsorption": 0.131156}]}, {"pressure": 0.0522803, "total_adsorption": 0.326881, "species_data": [{"InChIKey": "CURLTUGMZLYLDI-UHFFFAOYSA-N", "composition": 1, "adsorption": 0.326881}]}, {"pressure": 0.0815663, "total_adsorption": 0.457902, "species_data": [{"InChIKey": "CURLTUGMZLYLDI-UHFFFAOYSA-N", "composition": 1, "adsorption": 0.457902}]}, {"pressure": 0.104549, "total_adsorption": 0.718803, "species_data": [{"InChIKey": "CURLTUGMZLYLDI-UHFFFAOYSA-N", "composition": 1, "adsorption": 0.718803}]}, {"pressure": 0.129648, "total_adsorption": 0.84969, "species_data": [{"InChIKey": "CURLTUGMZLYLDI-UHFFFAOYSA-N", "composition": 1, "adsorption": 0.84969}]}, {"pressure": 0.16311, "total_adsorption": 1.04589, "species_data": [{"InChIKey": "CURLTUGMZLYLDI-UHFFFAOYSA-N", "composition": 1, "adsorption": 1.04589}]}, {"pressure": 0.204934, "total_adsorption": 1.30739, "species_data": [{"InChIKey": "CURLTUGMZLYLDI-UHFFFAOYSA-N", "composition": 1, "adsorption": 1.30739}]}, {"pressure": 0.257226, "total_adsorption": 1.56923, "species_data": [{"InChIKey": "CURLTUGMZLYLDI-UHFFFAOYSA-N", "composition": 1, "adsorption": 1.56923}]}, {"pressure": 0.322067, "total_adsorption": 1.89652, "species_data": [{"InChIKey": "CURLTUGMZLYLDI-UHFFFAOYSA-N", "composition": 1, "adsorption": 1.89652}]}, {"pressure": 0.405749, "total_adsorption": 2.2244, "species_data": [{"InChIKey": "CURLTUGMZLYLDI-UHFFFAOYSA-N", "composition": 1, "adsorption": 2.2244}]}, {"pressure": 0.418305, "total_adsorption": 2.25733, "species_data": [{"InChIKey": "CURLTUGMZLYLDI-UHFFFAOYSA-N", "composition": 1, "adsorption": 2.25733}]}, {"pressure": 0.437129, "total_adsorption": 2.35549, "species_data": [{"InChIKey": "CURLTUGMZLYLDI-UHFFFAOYSA-N", "composition": 1, "adsorption": 2.35549}]}, {"pressure": 0.458052, "total_adsorption": 2.42121, "species_data": [{"InChIKey": "CURLTUGMZLYLDI-UHFFFAOYSA-N", "composition": 1, "adsorption": 2.42121}]}, {"pressure": 0.476877, "total_adsorption": 2.51937, "species_data": [{"InChIKey": "CURLTUGMZLYLDI-UHFFFAOYSA-N", "composition": 1, "adsorption": 2.51937}]}, {"pressure": 0.495701, "total_adsorption": 2.61754, "species_data": [{"InChIKey": "CURLTUGMZLYLDI-UHFFFAOYSA-N", "composition": 1, "adsorption": 2.61754}]}, {"pressure": 0.520823, "total_adsorption": 2.61834, "species_data": [{"InChIKey": "CURLTUGMZLYLDI-UHFFFAOYSA-N", "composition": 1, "adsorption": 2.61834}]}, {"pressure": 0.537553, "total_adsorption": 2.71644, "species_data": [{"InChIKey": "CURLTUGMZLYLDI-UHFFFAOYSA-N", "composition": 1, "adsorption": 2.71644}]}, {"pressure": 0.558471, "total_adsorption": 2.81467, "species_data": [{"InChIKey": "CURLTUGMZLYLDI-UHFFFAOYSA-N", "composition": 1, "adsorption": 2.81467}]}, {"pressure": 0.577307, "total_adsorption": 2.8478, "species_data": [{"InChIKey": "CURLTUGMZLYLDI-UHFFFAOYSA-N", "composition": 1, "adsorption": 2.8478}]}, {"pressure": 0.594043, "total_adsorption": 2.91337, "species_data": [{"InChIKey": "CURLTUGMZLYLDI-UHFFFAOYSA-N", "composition": 1, "adsorption": 2.91337}]}, {"pressure": 0.612873, "total_adsorption": 2.97902, "species_data": [{"InChIKey": "CURLTUGMZLYLDI-UHFFFAOYSA-N", "composition": 1, "adsorption": 2.97902}]}, {"pressure": 0.631698, "total_adsorption": 3.07718, "species_data": [{"InChIKey": "CURLTUGMZLYLDI-UHFFFAOYSA-N", "composition": 1, "adsorption": 3.07718}]}, {"pressure": 0.650545, "total_adsorption": 3.04527, "species_data": [{"InChIKey": "CURLTUGMZLYLDI-UHFFFAOYSA-N", "composition": 1, "adsorption": 3.04527}]}, {"pressure": 0.671462, "total_adsorption": 3.1435, "species_data": [{"InChIKey": "CURLTUGMZLYLDI-UHFFFAOYSA-N", "composition": 1, "adsorption": 3.1435}]}, {"pressure": 0.690298, "total_adsorption": 3.17663, "species_data": [{"InChIKey": "CURLTUGMZLYLDI-UHFFFAOYSA-N", "composition": 1, "adsorption": 3.17663}]}, {"pressure": 0.709117, "total_adsorption": 3.30731, "species_data": [{"InChIKey": "CURLTUGMZLYLDI-UHFFFAOYSA-N", "composition": 1, "adsorption": 3.30731}]}, {"pressure": 0.730057, "total_adsorption": 3.27546, "species_data": [{"InChIKey": "CURLTUGMZLYLDI-UHFFFAOYSA-N", "composition": 1, "adsorption": 3.27546}]}, {"pressure": 0.748887, "total_adsorption": 3.34111, "species_data": [{"InChIKey": "CURLTUGMZLYLDI-UHFFFAOYSA-N", "composition": 1, "adsorption": 3.34111}]}, {"pressure": 0.769811, "total_adsorption": 3.40682, "species_data": [{"InChIKey": "CURLTUGMZLYLDI-UHFFFAOYSA-N", "composition": 1, "adsorption": 3.40682}]}, {"pressure": 0.788646, "total_adsorption": 3.43995, "species_data": [{"InChIKey": "CURLTUGMZLYLDI-UHFFFAOYSA-N", "composition": 1, "adsorption": 3.43995}]}, {"pressure": 0.807482, "total_adsorption": 3.47307, "species_data": [{"InChIKey": "CURLTUGMZLYLDI-UHFFFAOYSA-N", "composition": 1, "adsorption": 3.47307}]}, {"pressure": 0.826312, "total_adsorption": 3.53872, "species_data": [{"InChIKey": "CURLTUGMZLYLDI-UHFFFAOYSA-N", "composition": 1, "adsorption": 3.53872}]}, {"pressure": 0.847241, "total_adsorption": 3.57191, "species_data": [{"InChIKey": "CURLTUGMZLYLDI-UHFFFAOYSA-N", "composition": 1, "adsorption": 3.57191}]}, {"pressure": 0.866071, "total_adsorption": 3.63755, "species_data": [{"InChIKey": "CURLTUGMZLYLDI-UHFFFAOYSA-N", "composition": 1, "adsorption": 3.63755}]}, {"pressure": 0.887, "total_adsorption": 3.67074, "species_data": [{"InChIKey": "CURLTUGMZLYLDI-UHFFFAOYSA-N", "composition": 1, "adsorption": 3.67074}]}, {"pressure": 0.90583, "total_adsorption": 3.73639, "species_data": [{"InChIKey": "CURLTUGMZLYLDI-UHFFFAOYSA-N", "composition": 1, "adsorption": 3.73639}]}, {"pressure": 0.924666, "total_adsorption": 3.76951, "species_data": [{"InChIKey": "CURLTUGMZLYLDI-UHFFFAOYSA-N", "composition": 1, "adsorption": 3.76951}]}, {"pressure": 0.945595, "total_adsorption": 3.80271, "species_data": [{"InChIKey": "CURLTUGMZLYLDI-UHFFFAOYSA-N", "composition": 1, "adsorption": 3.80271}]}, {"pressure": 0.966524, "total_adsorption": 3.8359, "species_data": [{"InChIKey": "CURLTUGMZLYLDI-UHFFFAOYSA-N", "composition": 1, "adsorption": 3.8359}]}, {"pressure": 0.98536, "total_adsorption": 3.86902, "species_data": [{"InChIKey": "CURLTUGMZLYLDI-UHFFFAOYSA-N", "composition": 1, "adsorption": 3.86902}]}, {"pressure": 1.00628, "total_adsorption": 3.93474, "species_data": [{"InChIKey": "CURLTUGMZLYLDI-UHFFFAOYSA-N", "composition": 1, "adsorption": 3.93474}]}]}