{"filename": "10.1016j.jssc.2015.09.034.Isotherm1", "DOI": "10.1016/j.jssc.2015.09.034", "articleSource": "Figure 5", "date": "2016-07-01", "digitizer": "Adithya Varadan", "adsorbent": {"hashkey": "NIST-MATDB-66f2d2d9660b71455b0c8ed966123a2c", "name": "[Zr6O4(OH)4(DMTDC)6] 4.8DMF 10H2O"}, "adsorbates": [{"InChIKey": "IJGRMHOSHXDMSA-UHFFFAOYSA-N", "name": "Nitrogen"}], "category": "exp", "temperature": 77, "isotherm_type": "", "adsorptionUnits": "cm3(STP)/g", "pressureUnits": "bar", "compositionType": "molefraction", "concentrationUnits": "", "isotherm_data": [{"pressure": 0.042986, "total_adsorption": 346.593, "species_data": [{"InChIKey": "IJGRMHOSHXDMSA-UHFFFAOYSA-N", "composition": 1, "adsorption": 346.593}]}, {"pressure": 0.065503, "total_adsorption": 369.086, "species_data": [{"InChIKey": "IJGRMHOSHXDMSA-UHFFFAOYSA-N", "composition": 1, "adsorption": 369.086}]}, {"pressure": 0.06755, "total_adsorption": 373.49, "species_data": [{"InChIKey": "IJGRMHOSHXDMSA-UHFFFAOYSA-N", "composition": 1, "adsorption": 373.49}]}, {"pressure": 0.08802, "total_adsorption": 381.021, "species_data": [{"InChIKey": "IJGRMHOSHXDMSA-UHFFFAOYSA-N", "composition": 1, "adsorption": 381.021}]}, {"pressure": 0.118725, "total_adsorption": 390.339, "species_data": [{"InChIKey": "IJGRMHOSHXDMSA-UHFFFAOYSA-N", "composition": 1, "adsorption": 390.339}]}, {"pressure": 0.149429, "total_adsorption": 394.817, "species_data": [{"InChIKey": "IJGRMHOSHXDMSA-UHFFFAOYSA-N", "composition": 1, "adsorption": 394.817}]}, {"pressure": 0.163757, "total_adsorption": 397.934, "species_data": [{"InChIKey": "IJGRMHOSHXDMSA-UHFFFAOYSA-N", "composition": 1, "adsorption": 397.934}]}, {"pressure": 0.173992, "total_adsorption": 398.4, "species_data": [{"InChIKey": "IJGRMHOSHXDMSA-UHFFFAOYSA-N", "composition": 1, "adsorption": 398.4}]}, {"pressure": 0.204697, "total_adsorption": 400.68, "species_data": [{"InChIKey": "IJGRMHOSHXDMSA-UHFFFAOYSA-N", "composition": 1, "adsorption": 400.68}]}, {"pressure": 0.210838, "total_adsorption": 403.335, "species_data": [{"InChIKey": "IJGRMHOSHXDMSA-UHFFFAOYSA-N", "composition": 1, "adsorption": 403.335}]}, {"pressure": 0.229261, "total_adsorption": 403.823, "species_data": [{"InChIKey": "IJGRMHOSHXDMSA-UHFFFAOYSA-N", "composition": 1, "adsorption": 403.823}]}, {"pressure": 0.257918, "total_adsorption": 407.417, "species_data": [{"InChIKey": "IJGRMHOSHXDMSA-UHFFFAOYSA-N", "composition": 1, "adsorption": 407.417}]}, {"pressure": 0.278387, "total_adsorption": 408.35, "species_data": [{"InChIKey": "IJGRMHOSHXDMSA-UHFFFAOYSA-N", "composition": 1, "adsorption": 408.35}]}, {"pressure": 0.309093, "total_adsorption": 410.629, "species_data": [{"InChIKey": "IJGRMHOSHXDMSA-UHFFFAOYSA-N", "composition": 1, "adsorption": 410.629}]}, {"pressure": 0.327515, "total_adsorption": 411.557, "species_data": [{"InChIKey": "IJGRMHOSHXDMSA-UHFFFAOYSA-N", "composition": 1, "adsorption": 411.557}]}, {"pressure": 0.360267, "total_adsorption": 413.842, "species_data": [{"InChIKey": "IJGRMHOSHXDMSA-UHFFFAOYSA-N", "composition": 1, "adsorption": 413.842}]}, {"pressure": 0.378689, "total_adsorption": 414.33, "species_data": [{"InChIKey": "IJGRMHOSHXDMSA-UHFFFAOYSA-N", "composition": 1, "adsorption": 414.33}]}, {"pressure": 0.407347, "total_adsorption": 416.164, "species_data": [{"InChIKey": "IJGRMHOSHXDMSA-UHFFFAOYSA-N", "composition": 1, "adsorption": 416.164}]}, {"pressure": 0.431911, "total_adsorption": 417.107, "species_data": [{"InChIKey": "IJGRMHOSHXDMSA-UHFFFAOYSA-N", "composition": 1, "adsorption": 417.107}]}, {"pressure": 0.458521, "total_adsorption": 418.936, "species_data": [{"InChIKey": "IJGRMHOSHXDMSA-UHFFFAOYSA-N", "composition": 1, "adsorption": 418.936}]}, {"pressure": 0.476944, "total_adsorption": 419.424, "species_data": [{"InChIKey": "IJGRMHOSHXDMSA-UHFFFAOYSA-N", "composition": 1, "adsorption": 419.424}]}, {"pressure": 0.507648, "total_adsorption": 421.704, "species_data": [{"InChIKey": "IJGRMHOSHXDMSA-UHFFFAOYSA-N", "composition": 1, "adsorption": 421.704}]}, {"pressure": 0.528118, "total_adsorption": 422.197, "species_data": [{"InChIKey": "IJGRMHOSHXDMSA-UHFFFAOYSA-N", "composition": 1, "adsorption": 422.197}]}, {"pressure": 0.552682, "total_adsorption": 422.701, "species_data": [{"InChIKey": "IJGRMHOSHXDMSA-UHFFFAOYSA-N", "composition": 1, "adsorption": 422.701}]}, {"pressure": 0.558823, "total_adsorption": 424.036, "species_data": [{"InChIKey": "IJGRMHOSHXDMSA-UHFFFAOYSA-N", "composition": 1, "adsorption": 424.036}]}, {"pressure": 0.577245, "total_adsorption": 423.644, "species_data": [{"InChIKey": "IJGRMHOSHXDMSA-UHFFFAOYSA-N", "composition": 1, "adsorption": 423.644}]}, {"pressure": 0.605903, "total_adsorption": 426.798, "species_data": [{"InChIKey": "IJGRMHOSHXDMSA-UHFFFAOYSA-N", "composition": 1, "adsorption": 426.798}]}, {"pressure": 0.630466, "total_adsorption": 426.422, "species_data": [{"InChIKey": "IJGRMHOSHXDMSA-UHFFFAOYSA-N", "composition": 1, "adsorption": 426.422}]}, {"pressure": 0.657077, "total_adsorption": 428.691, "species_data": [{"InChIKey": "IJGRMHOSHXDMSA-UHFFFAOYSA-N", "composition": 1, "adsorption": 428.691}]}, {"pressure": 0.679594, "total_adsorption": 427.87, "species_data": [{"InChIKey": "IJGRMHOSHXDMSA-UHFFFAOYSA-N", "composition": 1, "adsorption": 427.87}]}, {"pressure": 0.706205, "total_adsorption": 430.139, "species_data": [{"InChIKey": "IJGRMHOSHXDMSA-UHFFFAOYSA-N", "composition": 1, "adsorption": 430.139}]}, {"pressure": 0.726675, "total_adsorption": 431.072, "species_data": [{"InChIKey": "IJGRMHOSHXDMSA-UHFFFAOYSA-N", "composition": 1, "adsorption": 431.072}]}, {"pressure": 0.753285, "total_adsorption": 431.581, "species_data": [{"InChIKey": "IJGRMHOSHXDMSA-UHFFFAOYSA-N", "composition": 1, "adsorption": 431.581}]}, {"pressure": 0.755332, "total_adsorption": 433.346, "species_data": [{"InChIKey": "IJGRMHOSHXDMSA-UHFFFAOYSA-N", "composition": 1, "adsorption": 433.346}]}, {"pressure": 0.775802, "total_adsorption": 433.399, "species_data": [{"InChIKey": "IJGRMHOSHXDMSA-UHFFFAOYSA-N", "composition": 1, "adsorption": 433.399}]}, {"pressure": 0.802412, "total_adsorption": 433.908, "species_data": [{"InChIKey": "IJGRMHOSHXDMSA-UHFFFAOYSA-N", "composition": 1, "adsorption": 433.908}]}, {"pressure": 0.804459, "total_adsorption": 436.113, "species_data": [{"InChIKey": "IJGRMHOSHXDMSA-UHFFFAOYSA-N", "composition": 1, "adsorption": 436.113}]}, {"pressure": 0.822882, "total_adsorption": 436.161, "species_data": [{"InChIKey": "IJGRMHOSHXDMSA-UHFFFAOYSA-N", "composition": 1, "adsorption": 436.161}]}, {"pressure": 0.851539, "total_adsorption": 436.676, "species_data": [{"InChIKey": "IJGRMHOSHXDMSA-UHFFFAOYSA-N", "composition": 1, "adsorption": 436.676}]}, {"pressure": 0.859727, "total_adsorption": 438.456, "species_data": [{"InChIKey": "IJGRMHOSHXDMSA-UHFFFAOYSA-N", "composition": 1, "adsorption": 438.456}]}, {"pressure": 0.876103, "total_adsorption": 438.499, "species_data": [{"InChIKey": "IJGRMHOSHXDMSA-UHFFFAOYSA-N", "composition": 1, "adsorption": 438.499}]}, {"pressure": 0.90476, "total_adsorption": 443.852, "species_data": [{"InChIKey": "IJGRMHOSHXDMSA-UHFFFAOYSA-N", "composition": 1, "adsorption": 443.852}]}, {"pressure": 0.923183, "total_adsorption": 443.46, "species_data": [{"InChIKey": "IJGRMHOSHXDMSA-UHFFFAOYSA-N", "composition": 1, "adsorption": 443.46}]}, {"pressure": 0.9457, "total_adsorption": 447.478, "species_data": [{"InChIKey": "IJGRMHOSHXDMSA-UHFFFAOYSA-N", "composition": 1, "adsorption": 447.478}]}, {"pressure": 0.970264, "total_adsorption": 460.299, "species_data": [{"InChIKey": "IJGRMHOSHXDMSA-UHFFFAOYSA-N", "composition": 1, "adsorption": 460.299}]}, {"pressure": 0.988687, "total_adsorption": 463.866, "species_data": [{"InChIKey": "IJGRMHOSHXDMSA-UHFFFAOYSA-N", "composition": 1, "adsorption": 463.866}]}, {"pressure": 1.00097, "total_adsorption": 509.206, "species_data": [{"InChIKey": "IJGRMHOSHXDMSA-UHFFFAOYSA-N", "composition": 1, "adsorption": 509.206}]}, {"pressure": 1.00302, "total_adsorption": 513.17, "species_data": [{"InChIKey": "IJGRMHOSHXDMSA-UHFFFAOYSA-N", "composition": 1, "adsorption": 513.17}]}]}