{"filename": "10.1021Jp103785u.isotherm2b", "DOI": "10.1021/Jp103785u", "articleSource": "UNKNOWN", "date": "1000-01-01", "digitizer": "UNKNOWN", "adsorbent": {"hashkey": "NIST-MATDB-360f2ab072a135afc123f12de4ac3cae", "name": "ZIF-70"}, "adsorbates": [{"InChIKey": "UFHFLCQGNIYNRP-UHFFFAOYSA-N", "name": "Hydrogen"}], "category": "", "temperature": 77, "isotherm_type": "", "adsorptionUnits": "wt%", "pressureUnits": "bar", "compositionType": "molefraction", "concentrationUnits": "", "isotherm_data": [{"pressure": 1.90735, "total_adsorption": 1.10487, "species_data": [{"InChIKey": "UFHFLCQGNIYNRP-UHFFFAOYSA-N", "composition": 1, "adsorption": 1.10487}]}, {"pressure": 10.0795, "total_adsorption": 2.54768, "species_data": [{"InChIKey": "UFHFLCQGNIYNRP-UHFFFAOYSA-N", "composition": 1, "adsorption": 2.54768}]}, {"pressure": 15.5421, "total_adsorption": 2.69948, "species_data": [{"InChIKey": "UFHFLCQGNIYNRP-UHFFFAOYSA-N", "composition": 1, "adsorption": 2.69948}]}, {"pressure": 25.7035, "total_adsorption": 2.93322, "species_data": [{"InChIKey": "UFHFLCQGNIYNRP-UHFFFAOYSA-N", "composition": 1, "adsorption": 2.93322}]}, {"pressure": 36.2626, "total_adsorption": 3.06236, "species_data": [{"InChIKey": "UFHFLCQGNIYNRP-UHFFFAOYSA-N", "composition": 1, "adsorption": 3.06236}]}, {"pressure": 46.3124, "total_adsorption": 3.14492, "species_data": [{"InChIKey": "UFHFLCQGNIYNRP-UHFFFAOYSA-N", "composition": 1, "adsorption": 3.14492}]}, {"pressure": 56.1425, "total_adsorption": 3.12281, "species_data": [{"InChIKey": "UFHFLCQGNIYNRP-UHFFFAOYSA-N", "composition": 1, "adsorption": 3.12281}]}, {"pressure": 66.9179, "total_adsorption": 3.15894, "species_data": [{"InChIKey": "UFHFLCQGNIYNRP-UHFFFAOYSA-N", "composition": 1, "adsorption": 3.15894}]}, {"pressure": 77.1004, "total_adsorption": 3.20664, "species_data": [{"InChIKey": "UFHFLCQGNIYNRP-UHFFFAOYSA-N", "composition": 1, "adsorption": 3.20664}]}, {"pressure": 87.2095, "total_adsorption": 3.21944, "species_data": [{"InChIKey": "UFHFLCQGNIYNRP-UHFFFAOYSA-N", "composition": 1, "adsorption": 3.21944}]}, {"pressure": 97.1861, "total_adsorption": 3.26711, "species_data": [{"InChIKey": "UFHFLCQGNIYNRP-UHFFFAOYSA-N", "composition": 1, "adsorption": 3.26711}]}, {"pressure": 106.884, "total_adsorption": 3.27987, "species_data": [{"InChIKey": "UFHFLCQGNIYNRP-UHFFFAOYSA-N", "composition": 1, "adsorption": 3.27987}]}]}