{"isotherm_data":[{"pressure":0.11466,"total_adsorption":0.0289193,"species_data":[{"composition":1,"adsorption":0.0289193,"InChIKey":"IJGRMHOSHXDMSA-UHFFFAOYSA-N"}]},{"pressure":0.191877,"total_adsorption":0.041018,"species_data":[{"composition":1,"adsorption":0.041018,"InChIKey":"IJGRMHOSHXDMSA-UHFFFAOYSA-N"}]},{"pressure":0.404612,"total_adsorption":0.0610396,"species_data":[{"composition":1,"adsorption":0.0610396,"InChIKey":"IJGRMHOSHXDMSA-UHFFFAOYSA-N"}]},{"pressure":0.457451,"total_adsorption":0.0665261,"species_data":[{"composition":1,"adsorption":0.0665261,"InChIKey":"IJGRMHOSHXDMSA-UHFFFAOYSA-N"}]},{"pressure":0.49594,"total_adsorption":0.0676603,"species_data":[{"composition":1,"adsorption":0.0676603,"InChIKey":"IJGRMHOSHXDMSA-UHFFFAOYSA-N"}]},{"pressure":0.64776,"total_adsorption":0.101604,"species_data":[{"composition":1,"adsorption":0.101604,"InChIKey":"IJGRMHOSHXDMSA-UHFFFAOYSA-N"}]},{"pressure":0.724785,"total_adsorption":0.105838,"species_data":[{"composition":1,"adsorption":0.105838,"InChIKey":"IJGRMHOSHXDMSA-UHFFFAOYSA-N"}]},{"pressure":0.777577,"total_adsorption":0.109359,"species_data":[{"composition":1,"adsorption":0.109359,"InChIKey":"IJGRMHOSHXDMSA-UHFFFAOYSA-N"}]},{"pressure":0.821816,"total_adsorption":0.112627,"species_data":[{"composition":1,"adsorption":0.112627,"InChIKey":"IJGRMHOSHXDMSA-UHFFFAOYSA-N"}]},{"pressure":0.900457,"total_adsorption":0.124768,"species_data":[{"composition":1,"adsorption":0.124768,"InChIKey":"IJGRMHOSHXDMSA-UHFFFAOYSA-N"}]},{"pressure":0.953249,"total_adsorption":0.128288,"species_data":[{"composition":1,"adsorption":0.128288,"InChIKey":"IJGRMHOSHXDMSA-UHFFFAOYSA-N"}]},{"pressure":0.999151,"total_adsorption":0.141429,"species_data":[{"composition":1,"adsorption":0.141429,"InChIKey":"IJGRMHOSHXDMSA-UHFFFAOYSA-N"}]}],"temperature":443,"articleSource":"UNKNOWN","compositionType":"molefraction","adsorbates":[{"name":"Nitrogen","InChIKey":"IJGRMHOSHXDMSA-UHFFFAOYSA-N"}],"adsorptionUnits":"mmol/g","date":"1000-01-01","category":"","digitizer":"UNKNOWN","pressureUnits":"bar","DOI":"10.1039/c1ee01720a","adsorbent":{"name":"Mg2(dobdc)","hashkey":"NIST-MATDB-f4b549a56c1a5caf008c436b7d0aaaea"},"concentrationUnits":"","filename":"10.1039c1ee01720a.isotherm64","isotherm_type":""}