{"isotherm_data":[{"pressure":0.303468,"total_adsorption":20.0364,"species_data":[{"composition":1,"adsorption":20.0364,"InChIKey":"CURLTUGMZLYLDI-UHFFFAOYSA-N"}]},{"pressure":1.25723,"total_adsorption":52.8233,"species_data":[{"composition":1,"adsorption":52.8233,"InChIKey":"CURLTUGMZLYLDI-UHFFFAOYSA-N"}]},{"pressure":4.03179,"total_adsorption":112.933,"species_data":[{"composition":1,"adsorption":112.933,"InChIKey":"CURLTUGMZLYLDI-UHFFFAOYSA-N"}]},{"pressure":6.71965,"total_adsorption":163.934,"species_data":[{"composition":1,"adsorption":163.934,"InChIKey":"CURLTUGMZLYLDI-UHFFFAOYSA-N"}]},{"pressure":9.2341,"total_adsorption":198.543,"species_data":[{"composition":1,"adsorption":198.543,"InChIKey":"CURLTUGMZLYLDI-UHFFFAOYSA-N"}]},{"pressure":10.578,"total_adsorption":223.133,"species_data":[{"composition":1,"adsorption":223.133,"InChIKey":"CURLTUGMZLYLDI-UHFFFAOYSA-N"}]},{"pressure":13.0925,"total_adsorption":242.259,"species_data":[{"composition":1,"adsorption":242.259,"InChIKey":"CURLTUGMZLYLDI-UHFFFAOYSA-N"}]},{"pressure":15.9538,"total_adsorption":272.313,"species_data":[{"composition":1,"adsorption":272.313,"InChIKey":"CURLTUGMZLYLDI-UHFFFAOYSA-N"}]},{"pressure":18.3382,"total_adsorption":291.439,"species_data":[{"composition":1,"adsorption":291.439,"InChIKey":"CURLTUGMZLYLDI-UHFFFAOYSA-N"}]},{"pressure":24.7977,"total_adsorption":337.887,"species_data":[{"composition":1,"adsorption":337.887,"InChIKey":"CURLTUGMZLYLDI-UHFFFAOYSA-N"}]},{"pressure":29.3064,"total_adsorption":367.031,"species_data":[{"composition":1,"adsorption":367.031,"InChIKey":"CURLTUGMZLYLDI-UHFFFAOYSA-N"}]}],"temperature":298,"articleSource":"UNKNOWN","compositionType":"molefraction","adsorbates":[{"name":"Carbon Dioxide","InChIKey":"CURLTUGMZLYLDI-UHFFFAOYSA-N"}],"adsorptionUnits":"g/l","date":"1000-01-01","category":"","digitizer":"UNKNOWN","pressureUnits":"bar","DOI":"10.1039/C2ee22769j","adsorbent":{"name":"Carbon","hashkey":"NIST-MATDB-453276ee992ed07dc207ed08b2b221ce"},"concentrationUnits":"","filename":"10.1039C2ee22769j.isotherm54","isotherm_type":""}