{"isotherm_data":[{"pressure":19.401,"total_adsorption":null,"species_data":[{"composition":1,"adsorption":0.004939,"InChIKey":"VNWKTOKETHGBQD-UHFFFAOYSA-N"}]},{"pressure":39.295,"total_adsorption":null,"species_data":[{"composition":1,"adsorption":0.010072,"InChIKey":"VNWKTOKETHGBQD-UHFFFAOYSA-N"}]},{"pressure":59.928,"total_adsorption":null,"species_data":[{"composition":1,"adsorption":0.015205,"InChIKey":"VNWKTOKETHGBQD-UHFFFAOYSA-N"}]},{"pressure":79.761,"total_adsorption":null,"species_data":[{"composition":1,"adsorption":0.019437,"InChIKey":"VNWKTOKETHGBQD-UHFFFAOYSA-N"}]},{"pressure":99.778,"total_adsorption":null,"species_data":[{"composition":1,"adsorption":0.024248,"InChIKey":"VNWKTOKETHGBQD-UHFFFAOYSA-N"}]},{"pressure":119.426,"total_adsorption":null,"species_data":[{"composition":1,"adsorption":0.02864,"InChIKey":"VNWKTOKETHGBQD-UHFFFAOYSA-N"}]},{"pressure":139.559,"total_adsorption":null,"species_data":[{"composition":1,"adsorption":0.033196,"InChIKey":"VNWKTOKETHGBQD-UHFFFAOYSA-N"}]},{"pressure":159.503,"total_adsorption":null,"species_data":[{"composition":1,"adsorption":0.037225,"InChIKey":"VNWKTOKETHGBQD-UHFFFAOYSA-N"}]},{"pressure":179.446,"total_adsorption":null,"species_data":[{"composition":1,"adsorption":0.04162,"InChIKey":"VNWKTOKETHGBQD-UHFFFAOYSA-N"}]},{"pressure":200.089,"total_adsorption":null,"species_data":[{"composition":1,"adsorption":0.045001,"InChIKey":"VNWKTOKETHGBQD-UHFFFAOYSA-N"}]},{"pressure":239.279,"total_adsorption":null,"species_data":[{"composition":1,"adsorption":0.051964,"InChIKey":"VNWKTOKETHGBQD-UHFFFAOYSA-N"}]},{"pressure":279.941,"total_adsorption":null,"species_data":[{"composition":1,"adsorption":0.05808,"InChIKey":"VNWKTOKETHGBQD-UHFFFAOYSA-N"}]},{"pressure":319.362,"total_adsorption":null,"species_data":[{"composition":1,"adsorption":0.063967,"InChIKey":"VNWKTOKETHGBQD-UHFFFAOYSA-N"}]},{"pressure":359.524,"total_adsorption":null,"species_data":[{"composition":1,"adsorption":0.068502,"InChIKey":"VNWKTOKETHGBQD-UHFFFAOYSA-N"}]},{"pressure":399.316,"total_adsorption":null,"species_data":[{"composition":1,"adsorption":0.073101,"InChIKey":"VNWKTOKETHGBQD-UHFFFAOYSA-N"}]}],"temperature":333,"articleSource":"Figure 4","compositionType":"molefraction","adsorbates":[{"name":"Methane","InChIKey":"VNWKTOKETHGBQD-UHFFFAOYSA-N"}],"adsorptionUnits":"mmol/m2","date":"2019-06-28","category":"sim","digitizer":"Gabrielle Magid","pressureUnits":"bar","DOI":"10.1007/s12182-016-0142-1","adsorbent":{"name":"Chlorite, 10nm","hashkey":"NIST-MATDB-5696b462a946f5a1ad30e7cdd820a64d"},"concentrationUnits":"","filename":"10.1007s1218201601421.Isotherm8","isotherm_type":"absolute"}