{"isotherm_data":[{"pressure":0.49762,"total_adsorption":0.365856,"species_data":[{"composition":1,"adsorption":0.365856,"InChIKey":"VNWKTOKETHGBQD-UHFFFAOYSA-N"}]},{"pressure":1.64279,"total_adsorption":0.823327,"species_data":[{"composition":1,"adsorption":0.823327,"InChIKey":"VNWKTOKETHGBQD-UHFFFAOYSA-N"}]},{"pressure":3.27822,"total_adsorption":1.46379,"species_data":[{"composition":1,"adsorption":1.46379,"InChIKey":"VNWKTOKETHGBQD-UHFFFAOYSA-N"}]},{"pressure":5.55384,"total_adsorption":2.01302,"species_data":[{"composition":1,"adsorption":2.01302,"InChIKey":"VNWKTOKETHGBQD-UHFFFAOYSA-N"}]},{"pressure":8.6343,"total_adsorption":2.56247,"species_data":[{"composition":1,"adsorption":2.56247,"InChIKey":"VNWKTOKETHGBQD-UHFFFAOYSA-N"}]},{"pressure":11.7092,"total_adsorption":2.97477,"species_data":[{"composition":1,"adsorption":2.97477,"InChIKey":"VNWKTOKETHGBQD-UHFFFAOYSA-N"}]},{"pressure":13.3226,"total_adsorption":3.06666,"species_data":[{"composition":1,"adsorption":3.06666,"InChIKey":"VNWKTOKETHGBQD-UHFFFAOYSA-N"}]},{"pressure":14.2948,"total_adsorption":3.22694,"species_data":[{"composition":1,"adsorption":3.22694,"InChIKey":"VNWKTOKETHGBQD-UHFFFAOYSA-N"}]},{"pressure":15.7454,"total_adsorption":3.27307,"species_data":[{"composition":1,"adsorption":3.27307,"InChIKey":"VNWKTOKETHGBQD-UHFFFAOYSA-N"}]},{"pressure":16.5558,"total_adsorption":3.41044,"species_data":[{"composition":1,"adsorption":3.41044,"InChIKey":"VNWKTOKETHGBQD-UHFFFAOYSA-N"}]},{"pressure":18.0081,"total_adsorption":3.50229,"species_data":[{"composition":1,"adsorption":3.50229,"InChIKey":"VNWKTOKETHGBQD-UHFFFAOYSA-N"}]},{"pressure":19.4614,"total_adsorption":3.61699,"species_data":[{"composition":1,"adsorption":3.61699,"InChIKey":"VNWKTOKETHGBQD-UHFFFAOYSA-N"}]},{"pressure":20.9111,"total_adsorption":3.64026,"species_data":[{"composition":1,"adsorption":3.64026,"InChIKey":"VNWKTOKETHGBQD-UHFFFAOYSA-N"}]},{"pressure":22.3635,"total_adsorption":3.7321,"species_data":[{"composition":1,"adsorption":3.7321,"InChIKey":"VNWKTOKETHGBQD-UHFFFAOYSA-N"}]},{"pressure":23.8149,"total_adsorption":3.80109,"species_data":[{"composition":1,"adsorption":3.80109,"InChIKey":"VNWKTOKETHGBQD-UHFFFAOYSA-N"}]},{"pressure":25.4264,"total_adsorption":3.84726,"species_data":[{"composition":1,"adsorption":3.84726,"InChIKey":"VNWKTOKETHGBQD-UHFFFAOYSA-N"}]},{"pressure":26.877,"total_adsorption":3.89339,"species_data":[{"composition":1,"adsorption":3.89339,"InChIKey":"VNWKTOKETHGBQD-UHFFFAOYSA-N"}]},{"pressure":28.3257,"total_adsorption":3.89381,"species_data":[{"composition":1,"adsorption":3.89381,"InChIKey":"VNWKTOKETHGBQD-UHFFFAOYSA-N"}]},{"pressure":29.6162,"total_adsorption":3.96275,"species_data":[{"composition":1,"adsorption":3.96275,"InChIKey":"VNWKTOKETHGBQD-UHFFFAOYSA-N"}]},{"pressure":31.2268,"total_adsorption":3.98606,"species_data":[{"composition":1,"adsorption":3.98606,"InChIKey":"VNWKTOKETHGBQD-UHFFFAOYSA-N"}]},{"pressure":32.6774,"total_adsorption":4.03219,"species_data":[{"composition":1,"adsorption":4.03219,"InChIKey":"VNWKTOKETHGBQD-UHFFFAOYSA-N"}]},{"pressure":34.2879,"total_adsorption":4.05551,"species_data":[{"composition":1,"adsorption":4.05551,"InChIKey":"VNWKTOKETHGBQD-UHFFFAOYSA-N"}]},{"pressure":34.9327,"total_adsorption":4.07855,"species_data":[{"composition":1,"adsorption":4.07855,"InChIKey":"VNWKTOKETHGBQD-UHFFFAOYSA-N"}]},{"pressure":36.5424,"total_adsorption":4.07901,"species_data":[{"composition":1,"adsorption":4.07901,"InChIKey":"VNWKTOKETHGBQD-UHFFFAOYSA-N"}]},{"pressure":38.153,"total_adsorption":4.10233,"species_data":[{"composition":1,"adsorption":4.10233,"InChIKey":"VNWKTOKETHGBQD-UHFFFAOYSA-N"}]},{"pressure":39.7627,"total_adsorption":4.10279,"species_data":[{"composition":1,"adsorption":4.10279,"InChIKey":"VNWKTOKETHGBQD-UHFFFAOYSA-N"}]},{"pressure":41.3733,"total_adsorption":4.12611,"species_data":[{"composition":1,"adsorption":4.12611,"InChIKey":"VNWKTOKETHGBQD-UHFFFAOYSA-N"}]},{"pressure":42.983,"total_adsorption":4.12657,"species_data":[{"composition":1,"adsorption":4.12657,"InChIKey":"VNWKTOKETHGBQD-UHFFFAOYSA-N"}]},{"pressure":44.5926,"total_adsorption":4.12703,"species_data":[{"composition":1,"adsorption":4.12703,"InChIKey":"VNWKTOKETHGBQD-UHFFFAOYSA-N"}]},{"pressure":45.8822,"total_adsorption":4.17311,"species_data":[{"composition":1,"adsorption":4.17311,"InChIKey":"VNWKTOKETHGBQD-UHFFFAOYSA-N"}]},{"pressure":47.3291,"total_adsorption":4.12781,"species_data":[{"composition":1,"adsorption":4.12781,"InChIKey":"VNWKTOKETHGBQD-UHFFFAOYSA-N"}]},{"pressure":48.9388,"total_adsorption":4.12827,"species_data":[{"composition":1,"adsorption":4.12827,"InChIKey":"VNWKTOKETHGBQD-UHFFFAOYSA-N"}]},{"pressure":50.5475,"total_adsorption":4.10587,"species_data":[{"composition":1,"adsorption":4.10587,"InChIKey":"VNWKTOKETHGBQD-UHFFFAOYSA-N"}]},{"pressure":52.1572,"total_adsorption":4.10633,"species_data":[{"composition":1,"adsorption":4.10633,"InChIKey":"VNWKTOKETHGBQD-UHFFFAOYSA-N"}]},{"pressure":53.6059,"total_adsorption":4.10674,"species_data":[{"composition":1,"adsorption":4.10674,"InChIKey":"VNWKTOKETHGBQD-UHFFFAOYSA-N"}]},{"pressure":55.2147,"total_adsorption":4.08435,"species_data":[{"composition":1,"adsorption":4.08435,"InChIKey":"VNWKTOKETHGBQD-UHFFFAOYSA-N"}]},{"pressure":56.8243,"total_adsorption":4.08481,"species_data":[{"composition":1,"adsorption":4.08481,"InChIKey":"VNWKTOKETHGBQD-UHFFFAOYSA-N"}]},{"pressure":58.4331,"total_adsorption":4.06241,"species_data":[{"composition":1,"adsorption":4.06241,"InChIKey":"VNWKTOKETHGBQD-UHFFFAOYSA-N"}]},{"pressure":59.8809,"total_adsorption":4.03997,"species_data":[{"composition":1,"adsorption":4.03997,"InChIKey":"VNWKTOKETHGBQD-UHFFFAOYSA-N"}]},{"pressure":61.4915,"total_adsorption":4.06328,"species_data":[{"composition":1,"adsorption":4.06328,"InChIKey":"VNWKTOKETHGBQD-UHFFFAOYSA-N"}]},{"pressure":62.9383,"total_adsorption":4.01798,"species_data":[{"composition":1,"adsorption":4.01798,"InChIKey":"VNWKTOKETHGBQD-UHFFFAOYSA-N"}]},{"pressure":64.5471,"total_adsorption":3.99558,"species_data":[{"composition":1,"adsorption":3.99558,"InChIKey":"VNWKTOKETHGBQD-UHFFFAOYSA-N"}]},{"pressure":65.994,"total_adsorption":3.95028,"species_data":[{"composition":1,"adsorption":3.95028,"InChIKey":"VNWKTOKETHGBQD-UHFFFAOYSA-N"}]},{"pressure":67.6046,"total_adsorption":3.9736,"species_data":[{"composition":1,"adsorption":3.9736,"InChIKey":"VNWKTOKETHGBQD-UHFFFAOYSA-N"}]},{"pressure":69.2124,"total_adsorption":3.92835,"species_data":[{"composition":1,"adsorption":3.92835,"InChIKey":"VNWKTOKETHGBQD-UHFFFAOYSA-N"}]},{"pressure":70.8221,"total_adsorption":3.92881,"species_data":[{"composition":1,"adsorption":3.92881,"InChIKey":"VNWKTOKETHGBQD-UHFFFAOYSA-N"}]},{"pressure":72.269,"total_adsorption":3.88351,"species_data":[{"composition":1,"adsorption":3.88351,"InChIKey":"VNWKTOKETHGBQD-UHFFFAOYSA-N"}]}],"temperature":303,"articleSource":"UNKNOWN","compositionType":"molefraction","adsorbates":[{"name":"Methane","InChIKey":"VNWKTOKETHGBQD-UHFFFAOYSA-N"}],"adsorptionUnits":"mmol/g","date":"1000-01-01","category":"","digitizer":"UNKNOWN","pressureUnits":"bar","DOI":"10.1021/Jp207326d","adsorbent":{"name":"MIL-53(Al)lp","hashkey":"NIST-MATDB-932dcf2dded488676ec046ad7447b98b"},"concentrationUnits":"","filename":"10.1021Jp207326d.Isotherm3","isotherm_type":""}