{"filename": "10.1038Nchem.1432.isotherm3a", "DOI": "10.1038/Nchem.1432", "articleSource": "UNKNOWN", "date": "1000-01-01", "digitizer": "UNKNOWN", "adsorbent": {"hashkey": "NIST-MATDB-68f2fa66694d3823a2626268a09ab5c5", "name": "Mg2(dobpdc)"}, "adsorbates": [{"InChIKey": "CURLTUGMZLYLDI-UHFFFAOYSA-N", "name": "Carbon Dioxide"}], "category": "", "temperature": 298, "isotherm_type": "", "adsorptionUnits": "mmol/g", "pressureUnits": "bar", "compositionType": "molefraction", "concentrationUnits": "", "isotherm_data": [{"pressure": 0.00450011, "total_adsorption": 1.64824, "species_data": [{"InChIKey": "CURLTUGMZLYLDI-UHFFFAOYSA-N", "composition": 1, "adsorption": 1.64824}]}, {"pressure": 0.0123003, "total_adsorption": 2.37186, "species_data": [{"InChIKey": "CURLTUGMZLYLDI-UHFFFAOYSA-N", "composition": 1, "adsorption": 2.37186}]}, {"pressure": 0.0313133, "total_adsorption": 3.13568, "species_data": [{"InChIKey": "CURLTUGMZLYLDI-UHFFFAOYSA-N", "composition": 1, "adsorption": 3.13568}]}, {"pressure": 0.0766519, "total_adsorption": 4.34171, "species_data": [{"InChIKey": "CURLTUGMZLYLDI-UHFFFAOYSA-N", "composition": 1, "adsorption": 4.34171}]}, {"pressure": 0.14406, "total_adsorption": 4.86432, "species_data": [{"InChIKey": "CURLTUGMZLYLDI-UHFFFAOYSA-N", "composition": 1, "adsorption": 4.86432}]}, {"pressure": 0.274882, "total_adsorption": 5.34673, "species_data": [{"InChIKey": "CURLTUGMZLYLDI-UHFFFAOYSA-N", "composition": 1, "adsorption": 5.34673}]}, {"pressure": 0.491506, "total_adsorption": 5.78894, "species_data": [{"InChIKey": "CURLTUGMZLYLDI-UHFFFAOYSA-N", "composition": 1, "adsorption": 5.78894}]}, {"pressure": 0.745406, "total_adsorption": 6.15075, "species_data": [{"InChIKey": "CURLTUGMZLYLDI-UHFFFAOYSA-N", "composition": 1, "adsorption": 6.15075}]}, {"pressure": 0.995537, "total_adsorption": 6.43216, "species_data": [{"InChIKey": "CURLTUGMZLYLDI-UHFFFAOYSA-N", "composition": 1, "adsorption": 6.43216}]}]}