{"filename": "10.1016j.molstruc.2015.08.020.Isotherm1", "DOI": "10.1016/j.molstruc.2015.08.020", "articleSource": "Figure S1a", "date": "2016-07-22", "digitizer": "David A. Anderegg", "adsorbent": {"hashkey": "NIST-MATDB-d05b18bfb1ef0791ff27f816183b9ac2", "name": "Na-CD-MOF"}, "adsorbates": [{"InChIKey": "IJGRMHOSHXDMSA-UHFFFAOYSA-N", "name": "Nitrogen"}], "category": "exp", "temperature": 77, "isotherm_type": "", "adsorptionUnits": "cm3(STP)/g", "pressureUnits": "bar", "compositionType": "molefraction", "concentrationUnits": "", "isotherm_data": [{"pressure": 0.01913, "total_adsorption": 1.11111, "species_data": [{"InChIKey": "IJGRMHOSHXDMSA-UHFFFAOYSA-N", "composition": 1, "adsorption": 1.11111}]}, {"pressure": 0.04764, "total_adsorption": 1.80556, "species_data": [{"InChIKey": "IJGRMHOSHXDMSA-UHFFFAOYSA-N", "composition": 1, "adsorption": 1.80556}]}, {"pressure": 0.073547, "total_adsorption": 2.22222, "species_data": [{"InChIKey": "IJGRMHOSHXDMSA-UHFFFAOYSA-N", "composition": 1, "adsorption": 2.22222}]}, {"pressure": 0.073562, "total_adsorption": 2.5, "species_data": [{"InChIKey": "IJGRMHOSHXDMSA-UHFFFAOYSA-N", "composition": 1, "adsorption": 2.5}]}, {"pressure": 0.099447, "total_adsorption": 2.5, "species_data": [{"InChIKey": "IJGRMHOSHXDMSA-UHFFFAOYSA-N", "composition": 1, "adsorption": 2.5}]}, {"pressure": 0.099476, "total_adsorption": 3.05556, "species_data": [{"InChIKey": "IJGRMHOSHXDMSA-UHFFFAOYSA-N", "composition": 1, "adsorption": 3.05556}]}, {"pressure": 0.12278, "total_adsorption": 3.19444, "species_data": [{"InChIKey": "IJGRMHOSHXDMSA-UHFFFAOYSA-N", "composition": 1, "adsorption": 3.19444}]}, {"pressure": 0.122801, "total_adsorption": 3.61111, "species_data": [{"InChIKey": "IJGRMHOSHXDMSA-UHFFFAOYSA-N", "composition": 1, "adsorption": 3.61111}]}, {"pressure": 0.148687, "total_adsorption": 3.61111, "species_data": [{"InChIKey": "IJGRMHOSHXDMSA-UHFFFAOYSA-N", "composition": 1, "adsorption": 3.61111}]}, {"pressure": 0.148723, "total_adsorption": 4.30556, "species_data": [{"InChIKey": "IJGRMHOSHXDMSA-UHFFFAOYSA-N", "composition": 1, "adsorption": 4.30556}]}, {"pressure": 0.174615, "total_adsorption": 4.44444, "species_data": [{"InChIKey": "IJGRMHOSHXDMSA-UHFFFAOYSA-N", "composition": 1, "adsorption": 4.44444}]}, {"pressure": 0.174637, "total_adsorption": 4.86111, "species_data": [{"InChIKey": "IJGRMHOSHXDMSA-UHFFFAOYSA-N", "composition": 1, "adsorption": 4.86111}]}, {"pressure": 0.197934, "total_adsorption": 4.86111, "species_data": [{"InChIKey": "IJGRMHOSHXDMSA-UHFFFAOYSA-N", "composition": 1, "adsorption": 4.86111}]}, {"pressure": 0.200558, "total_adsorption": 5.55556, "species_data": [{"InChIKey": "IJGRMHOSHXDMSA-UHFFFAOYSA-N", "composition": 1, "adsorption": 5.55556}]}, {"pressure": 0.223855, "total_adsorption": 5.55556, "species_data": [{"InChIKey": "IJGRMHOSHXDMSA-UHFFFAOYSA-N", "composition": 1, "adsorption": 5.55556}]}, {"pressure": 0.223891, "total_adsorption": 6.25, "species_data": [{"InChIKey": "IJGRMHOSHXDMSA-UHFFFAOYSA-N", "composition": 1, "adsorption": 6.25}]}, {"pressure": 0.247166, "total_adsorption": 5.83333, "species_data": [{"InChIKey": "IJGRMHOSHXDMSA-UHFFFAOYSA-N", "composition": 1, "adsorption": 5.83333}]}, {"pressure": 0.247209, "total_adsorption": 6.66667, "species_data": [{"InChIKey": "IJGRMHOSHXDMSA-UHFFFAOYSA-N", "composition": 1, "adsorption": 6.66667}]}, {"pressure": 0.27308, "total_adsorption": 6.38889, "species_data": [{"InChIKey": "IJGRMHOSHXDMSA-UHFFFAOYSA-N", "composition": 1, "adsorption": 6.38889}]}, {"pressure": 0.273116, "total_adsorption": 7.08333, "species_data": [{"InChIKey": "IJGRMHOSHXDMSA-UHFFFAOYSA-N", "composition": 1, "adsorption": 7.08333}]}, {"pressure": 0.299023, "total_adsorption": 7.5, "species_data": [{"InChIKey": "IJGRMHOSHXDMSA-UHFFFAOYSA-N", "composition": 1, "adsorption": 7.5}]}, {"pressure": 0.301576, "total_adsorption": 6.80556, "species_data": [{"InChIKey": "IJGRMHOSHXDMSA-UHFFFAOYSA-N", "composition": 1, "adsorption": 6.80556}]}, {"pressure": 0.324909, "total_adsorption": 7.5, "species_data": [{"InChIKey": "IJGRMHOSHXDMSA-UHFFFAOYSA-N", "composition": 1, "adsorption": 7.5}]}, {"pressure": 0.324945, "total_adsorption": 8.19444, "species_data": [{"InChIKey": "IJGRMHOSHXDMSA-UHFFFAOYSA-N", "composition": 1, "adsorption": 8.19444}]}, {"pressure": 0.348227, "total_adsorption": 7.91667, "species_data": [{"InChIKey": "IJGRMHOSHXDMSA-UHFFFAOYSA-N", "composition": 1, "adsorption": 7.91667}]}, {"pressure": 0.34827, "total_adsorption": 8.75, "species_data": [{"InChIKey": "IJGRMHOSHXDMSA-UHFFFAOYSA-N", "composition": 1, "adsorption": 8.75}]}, {"pressure": 0.374141, "total_adsorption": 8.47222, "species_data": [{"InChIKey": "IJGRMHOSHXDMSA-UHFFFAOYSA-N", "composition": 1, "adsorption": 8.47222}]}, {"pressure": 0.37678, "total_adsorption": 9.44444, "species_data": [{"InChIKey": "IJGRMHOSHXDMSA-UHFFFAOYSA-N", "composition": 1, "adsorption": 9.44444}]}, {"pressure": 0.400056, "total_adsorption": 9.02778, "species_data": [{"InChIKey": "IJGRMHOSHXDMSA-UHFFFAOYSA-N", "composition": 1, "adsorption": 9.02778}]}, {"pressure": 0.400099, "total_adsorption": 9.86111, "species_data": [{"InChIKey": "IJGRMHOSHXDMSA-UHFFFAOYSA-N", "composition": 1, "adsorption": 9.86111}]}, {"pressure": 0.423381, "total_adsorption": 9.58333, "species_data": [{"InChIKey": "IJGRMHOSHXDMSA-UHFFFAOYSA-N", "composition": 1, "adsorption": 9.58333}]}, {"pressure": 0.423417, "total_adsorption": 10.2778, "species_data": [{"InChIKey": "IJGRMHOSHXDMSA-UHFFFAOYSA-N", "composition": 1, "adsorption": 10.2778}]}, {"pressure": 0.449288, "total_adsorption": 10, "species_data": [{"InChIKey": "IJGRMHOSHXDMSA-UHFFFAOYSA-N", "composition": 1, "adsorption": 10}]}, {"pressure": 0.449331, "total_adsorption": 10.8333, "species_data": [{"InChIKey": "IJGRMHOSHXDMSA-UHFFFAOYSA-N", "composition": 1, "adsorption": 10.8333}]}, {"pressure": 0.472657, "total_adsorption": 11.3889, "species_data": [{"InChIKey": "IJGRMHOSHXDMSA-UHFFFAOYSA-N", "composition": 1, "adsorption": 11.3889}]}, {"pressure": 0.475202, "total_adsorption": 10.5556, "species_data": [{"InChIKey": "IJGRMHOSHXDMSA-UHFFFAOYSA-N", "composition": 1, "adsorption": 10.5556}]}, {"pressure": 0.498521, "total_adsorption": 10.9722, "species_data": [{"InChIKey": "IJGRMHOSHXDMSA-UHFFFAOYSA-N", "composition": 1, "adsorption": 10.9722}]}, {"pressure": 0.498578, "total_adsorption": 12.0833, "species_data": [{"InChIKey": "IJGRMHOSHXDMSA-UHFFFAOYSA-N", "composition": 1, "adsorption": 12.0833}]}, {"pressure": 0.524435, "total_adsorption": 11.5278, "species_data": [{"InChIKey": "IJGRMHOSHXDMSA-UHFFFAOYSA-N", "composition": 1, "adsorption": 11.5278}]}, {"pressure": 0.524492, "total_adsorption": 12.6389, "species_data": [{"InChIKey": "IJGRMHOSHXDMSA-UHFFFAOYSA-N", "composition": 1, "adsorption": 12.6389}]}, {"pressure": 0.54523, "total_adsorption": 13.1944, "species_data": [{"InChIKey": "IJGRMHOSHXDMSA-UHFFFAOYSA-N", "composition": 1, "adsorption": 13.1944}]}, {"pressure": 0.547768, "total_adsorption": 12.2222, "species_data": [{"InChIKey": "IJGRMHOSHXDMSA-UHFFFAOYSA-N", "composition": 1, "adsorption": 12.2222}]}, {"pressure": 0.573711, "total_adsorption": 13.3333, "species_data": [{"InChIKey": "IJGRMHOSHXDMSA-UHFFFAOYSA-N", "composition": 1, "adsorption": 13.3333}]}, {"pressure": 0.597, "total_adsorption": 13.1944, "species_data": [{"InChIKey": "IJGRMHOSHXDMSA-UHFFFAOYSA-N", "composition": 1, "adsorption": 13.1944}]}, {"pressure": 0.599625, "total_adsorption": 13.8889, "species_data": [{"InChIKey": "IJGRMHOSHXDMSA-UHFFFAOYSA-N", "composition": 1, "adsorption": 13.8889}]}, {"pressure": 0.622914, "total_adsorption": 13.75, "species_data": [{"InChIKey": "IJGRMHOSHXDMSA-UHFFFAOYSA-N", "composition": 1, "adsorption": 13.75}]}, {"pressure": 0.622958, "total_adsorption": 14.5833, "species_data": [{"InChIKey": "IJGRMHOSHXDMSA-UHFFFAOYSA-N", "composition": 1, "adsorption": 14.5833}]}, {"pressure": 0.646233, "total_adsorption": 14.1667, "species_data": [{"InChIKey": "IJGRMHOSHXDMSA-UHFFFAOYSA-N", "composition": 1, "adsorption": 14.1667}]}, {"pressure": 0.646269, "total_adsorption": 14.8611, "species_data": [{"InChIKey": "IJGRMHOSHXDMSA-UHFFFAOYSA-N", "composition": 1, "adsorption": 14.8611}]}, {"pressure": 0.666956, "total_adsorption": 14.4444, "species_data": [{"InChIKey": "IJGRMHOSHXDMSA-UHFFFAOYSA-N", "composition": 1, "adsorption": 14.4444}]}, {"pressure": 0.674772, "total_adsorption": 15.4167, "species_data": [{"InChIKey": "IJGRMHOSHXDMSA-UHFFFAOYSA-N", "composition": 1, "adsorption": 15.4167}]}, {"pressure": 0.700635, "total_adsorption": 15, "species_data": [{"InChIKey": "IJGRMHOSHXDMSA-UHFFFAOYSA-N", "composition": 1, "adsorption": 15}]}, {"pressure": 0.700686, "total_adsorption": 15.9722, "species_data": [{"InChIKey": "IJGRMHOSHXDMSA-UHFFFAOYSA-N", "composition": 1, "adsorption": 15.9722}]}, {"pressure": 0.724011, "total_adsorption": 16.5278, "species_data": [{"InChIKey": "IJGRMHOSHXDMSA-UHFFFAOYSA-N", "composition": 1, "adsorption": 16.5278}]}, {"pressure": 0.747294, "total_adsorption": 16.25, "species_data": [{"InChIKey": "IJGRMHOSHXDMSA-UHFFFAOYSA-N", "composition": 1, "adsorption": 16.25}]}, {"pressure": 0.74733, "total_adsorption": 16.9444, "species_data": [{"InChIKey": "IJGRMHOSHXDMSA-UHFFFAOYSA-N", "composition": 1, "adsorption": 16.9444}]}, {"pressure": 0.773201, "total_adsorption": 16.6667, "species_data": [{"InChIKey": "IJGRMHOSHXDMSA-UHFFFAOYSA-N", "composition": 1, "adsorption": 16.6667}]}, {"pressure": 0.773237, "total_adsorption": 17.3611, "species_data": [{"InChIKey": "IJGRMHOSHXDMSA-UHFFFAOYSA-N", "composition": 1, "adsorption": 17.3611}]}, {"pressure": 0.799122, "total_adsorption": 17.3611, "species_data": [{"InChIKey": "IJGRMHOSHXDMSA-UHFFFAOYSA-N", "composition": 1, "adsorption": 17.3611}]}, {"pressure": 0.799158, "total_adsorption": 18.0556, "species_data": [{"InChIKey": "IJGRMHOSHXDMSA-UHFFFAOYSA-N", "composition": 1, "adsorption": 18.0556}]}, {"pressure": 0.825043, "total_adsorption": 18.0556, "species_data": [{"InChIKey": "IJGRMHOSHXDMSA-UHFFFAOYSA-N", "composition": 1, "adsorption": 18.0556}]}, {"pressure": 0.825072, "total_adsorption": 18.6111, "species_data": [{"InChIKey": "IJGRMHOSHXDMSA-UHFFFAOYSA-N", "composition": 1, "adsorption": 18.6111}]}, {"pressure": 0.845781, "total_adsorption": 18.6111, "species_data": [{"InChIKey": "IJGRMHOSHXDMSA-UHFFFAOYSA-N", "composition": 1, "adsorption": 18.6111}]}, {"pressure": 0.845802, "total_adsorption": 19.0278, "species_data": [{"InChIKey": "IJGRMHOSHXDMSA-UHFFFAOYSA-N", "composition": 1, "adsorption": 19.0278}]}, {"pressure": 0.874283, "total_adsorption": 19.1667, "species_data": [{"InChIKey": "IJGRMHOSHXDMSA-UHFFFAOYSA-N", "composition": 1, "adsorption": 19.1667}]}, {"pressure": 0.874305, "total_adsorption": 19.5833, "species_data": [{"InChIKey": "IJGRMHOSHXDMSA-UHFFFAOYSA-N", "composition": 1, "adsorption": 19.5833}]}, {"pressure": 0.897602, "total_adsorption": 19.5833, "species_data": [{"InChIKey": "IJGRMHOSHXDMSA-UHFFFAOYSA-N", "composition": 1, "adsorption": 19.5833}]}, {"pressure": 0.900219, "total_adsorption": 20.1389, "species_data": [{"InChIKey": "IJGRMHOSHXDMSA-UHFFFAOYSA-N", "composition": 1, "adsorption": 20.1389}]}, {"pressure": 0.926112, "total_adsorption": 20.2778, "species_data": [{"InChIKey": "IJGRMHOSHXDMSA-UHFFFAOYSA-N", "composition": 1, "adsorption": 20.2778}]}, {"pressure": 0.926148, "total_adsorption": 20.9722, "species_data": [{"InChIKey": "IJGRMHOSHXDMSA-UHFFFAOYSA-N", "composition": 1, "adsorption": 20.9722}]}, {"pressure": 0.949459, "total_adsorption": 21.25, "species_data": [{"InChIKey": "IJGRMHOSHXDMSA-UHFFFAOYSA-N", "composition": 1, "adsorption": 21.25}]}, {"pressure": 0.949488, "total_adsorption": 21.8056, "species_data": [{"InChIKey": "IJGRMHOSHXDMSA-UHFFFAOYSA-N", "composition": 1, "adsorption": 21.8056}]}, {"pressure": 0.975394, "total_adsorption": 22.2222, "species_data": [{"InChIKey": "IJGRMHOSHXDMSA-UHFFFAOYSA-N", "composition": 1, "adsorption": 22.2222}]}, {"pressure": 0.975423, "total_adsorption": 22.7778, "species_data": [{"InChIKey": "IJGRMHOSHXDMSA-UHFFFAOYSA-N", "composition": 1, "adsorption": 22.7778}]}, {"pressure": 0.996232, "total_adsorption": 24.7222, "species_data": [{"InChIKey": "IJGRMHOSHXDMSA-UHFFFAOYSA-N", "composition": 1, "adsorption": 24.7222}]}]}