{"isotherm_data":[{"pressure":0.029942,"total_adsorption":null,"species_data":[{"composition":1,"adsorption":67.61,"InChIKey":"IJGRMHOSHXDMSA-UHFFFAOYSA-N"}]},{"pressure":0.052375,"total_adsorption":null,"species_data":[{"composition":1,"adsorption":79.354,"InChIKey":"IJGRMHOSHXDMSA-UHFFFAOYSA-N"}]},{"pressure":0.059083,"total_adsorption":null,"species_data":[{"composition":1,"adsorption":81.529,"InChIKey":"IJGRMHOSHXDMSA-UHFFFAOYSA-N"}]},{"pressure":0.086967,"total_adsorption":null,"species_data":[{"composition":1,"adsorption":90.662,"InChIKey":"IJGRMHOSHXDMSA-UHFFFAOYSA-N"}]},{"pressure":0.088021,"total_adsorption":null,"species_data":[{"composition":1,"adsorption":91.387,"InChIKey":"IJGRMHOSHXDMSA-UHFFFAOYSA-N"}]},{"pressure":0.10018,"total_adsorption":null,"species_data":[{"composition":1,"adsorption":94.431,"InChIKey":"IJGRMHOSHXDMSA-UHFFFAOYSA-N"}]},{"pressure":0.102277,"total_adsorption":null,"species_data":[{"composition":1,"adsorption":95.446,"InChIKey":"IJGRMHOSHXDMSA-UHFFFAOYSA-N"}]},{"pressure":0.120627,"total_adsorption":null,"species_data":[{"composition":1,"adsorption":97.981,"InChIKey":"IJGRMHOSHXDMSA-UHFFFAOYSA-N"}]},{"pressure":0.12157,"total_adsorption":null,"species_data":[{"composition":1,"adsorption":98.924,"InChIKey":"IJGRMHOSHXDMSA-UHFFFAOYSA-N"}]},{"pressure":0.141277,"total_adsorption":null,"species_data":[{"composition":1,"adsorption":103.852,"InChIKey":"IJGRMHOSHXDMSA-UHFFFAOYSA-N"}]},{"pressure":0.152079,"total_adsorption":null,"species_data":[{"composition":1,"adsorption":105.954,"InChIKey":"IJGRMHOSHXDMSA-UHFFFAOYSA-N"}]},{"pressure":0.160043,"total_adsorption":null,"species_data":[{"composition":1,"adsorption":108.388,"InChIKey":"IJGRMHOSHXDMSA-UHFFFAOYSA-N"}]},{"pressure":0.161826,"total_adsorption":null,"species_data":[{"composition":1,"adsorption":108.708,"InChIKey":"IJGRMHOSHXDMSA-UHFFFAOYSA-N"}]},{"pressure":0.182061,"total_adsorption":null,"species_data":[{"composition":1,"adsorption":111.824,"InChIKey":"IJGRMHOSHXDMSA-UHFFFAOYSA-N"}]},{"pressure":0.182689,"total_adsorption":null,"species_data":[{"composition":1,"adsorption":111.932,"InChIKey":"IJGRMHOSHXDMSA-UHFFFAOYSA-N"}]},{"pressure":0.203238,"total_adsorption":null,"species_data":[{"composition":1,"adsorption":115.882,"InChIKey":"IJGRMHOSHXDMSA-UHFFFAOYSA-N"}]},{"pressure":0.248733,"total_adsorption":null,"species_data":[{"composition":1,"adsorption":123.708,"InChIKey":"IJGRMHOSHXDMSA-UHFFFAOYSA-N"}]},{"pressure":0.250941,"total_adsorption":null,"species_data":[{"composition":1,"adsorption":124.129,"InChIKey":"IJGRMHOSHXDMSA-UHFFFAOYSA-N"}]},{"pressure":0.253981,"total_adsorption":null,"species_data":[{"composition":1,"adsorption":125.592,"InChIKey":"IJGRMHOSHXDMSA-UHFFFAOYSA-N"}]},{"pressure":0.303144,"total_adsorption":null,"species_data":[{"composition":1,"adsorption":134.07,"InChIKey":"IJGRMHOSHXDMSA-UHFFFAOYSA-N"}]},{"pressure":0.306184,"total_adsorption":null,"species_data":[{"composition":1,"adsorption":134.142,"InChIKey":"IJGRMHOSHXDMSA-UHFFFAOYSA-N"}]},{"pressure":0.35481,"total_adsorption":null,"species_data":[{"composition":1,"adsorption":142.547,"InChIKey":"IJGRMHOSHXDMSA-UHFFFAOYSA-N"}]},{"pressure":0.36097,"total_adsorption":null,"species_data":[{"composition":1,"adsorption":143.48,"InChIKey":"IJGRMHOSHXDMSA-UHFFFAOYSA-N"}]},{"pressure":0.379026,"total_adsorption":null,"species_data":[{"composition":1,"adsorption":147.033,"InChIKey":"IJGRMHOSHXDMSA-UHFFFAOYSA-N"}]},{"pressure":0.38085,"total_adsorption":null,"species_data":[{"composition":1,"adsorption":146.112,"InChIKey":"IJGRMHOSHXDMSA-UHFFFAOYSA-N"}]},{"pressure":0.404155,"total_adsorption":null,"species_data":[{"composition":1,"adsorption":151.594,"InChIKey":"IJGRMHOSHXDMSA-UHFFFAOYSA-N"}]},{"pressure":0.404733,"total_adsorption":null,"species_data":[{"composition":1,"adsorption":151.692,"InChIKey":"IJGRMHOSHXDMSA-UHFFFAOYSA-N"}]},{"pressure":0.452548,"total_adsorption":null,"species_data":[{"composition":1,"adsorption":159.355,"InChIKey":"IJGRMHOSHXDMSA-UHFFFAOYSA-N"}]},{"pressure":0.455719,"total_adsorption":null,"species_data":[{"composition":1,"adsorption":160.451,"InChIKey":"IJGRMHOSHXDMSA-UHFFFAOYSA-N"}]},{"pressure":0.505642,"total_adsorption":null,"species_data":[{"composition":1,"adsorption":168.667,"InChIKey":"IJGRMHOSHXDMSA-UHFFFAOYSA-N"}]},{"pressure":0.511195,"total_adsorption":null,"species_data":[{"composition":1,"adsorption":171.498,"InChIKey":"IJGRMHOSHXDMSA-UHFFFAOYSA-N"}]},{"pressure":0.554785,"total_adsorption":null,"species_data":[{"composition":1,"adsorption":179.838,"InChIKey":"IJGRMHOSHXDMSA-UHFFFAOYSA-N"}]},{"pressure":0.556234,"total_adsorption":null,"species_data":[{"composition":1,"adsorption":180.172,"InChIKey":"IJGRMHOSHXDMSA-UHFFFAOYSA-N"}]},{"pressure":0.605245,"total_adsorption":null,"species_data":[{"composition":1,"adsorption":191.015,"InChIKey":"IJGRMHOSHXDMSA-UHFFFAOYSA-N"}]},{"pressure":0.607747,"total_adsorption":null,"species_data":[{"composition":1,"adsorption":191.403,"InChIKey":"IJGRMHOSHXDMSA-UHFFFAOYSA-N"}]},{"pressure":0.657549,"total_adsorption":null,"species_data":[{"composition":1,"adsorption":203.913,"InChIKey":"IJGRMHOSHXDMSA-UHFFFAOYSA-N"}]},{"pressure":0.661379,"total_adsorption":null,"species_data":[{"composition":1,"adsorption":212.043,"InChIKey":"IJGRMHOSHXDMSA-UHFFFAOYSA-N"}]},{"pressure":0.706418,"total_adsorption":null,"species_data":[{"composition":1,"adsorption":221.082,"InChIKey":"IJGRMHOSHXDMSA-UHFFFAOYSA-N"}]},{"pressure":0.707208,"total_adsorption":null,"species_data":[{"composition":1,"adsorption":220.131,"InChIKey":"IJGRMHOSHXDMSA-UHFFFAOYSA-N"}]},{"pressure":0.710025,"total_adsorption":null,"species_data":[{"composition":1,"adsorption":214.929,"InChIKey":"IJGRMHOSHXDMSA-UHFFFAOYSA-N"}]},{"pressure":0.756614,"total_adsorption":null,"species_data":[{"composition":1,"adsorption":407.717,"InChIKey":"IJGRMHOSHXDMSA-UHFFFAOYSA-N"}]},{"pressure":0.760029,"total_adsorption":null,"species_data":[{"composition":1,"adsorption":451.554,"InChIKey":"IJGRMHOSHXDMSA-UHFFFAOYSA-N"}]},{"pressure":0.761295,"total_adsorption":null,"species_data":[{"composition":1,"adsorption":450.956,"InChIKey":"IJGRMHOSHXDMSA-UHFFFAOYSA-N"}]},{"pressure":0.809972,"total_adsorption":null,"species_data":[{"composition":1,"adsorption":452.658,"InChIKey":"IJGRMHOSHXDMSA-UHFFFAOYSA-N"}]},{"pressure":0.834938,"total_adsorption":null,"species_data":[{"composition":1,"adsorption":453.934,"InChIKey":"IJGRMHOSHXDMSA-UHFFFAOYSA-N"}]},{"pressure":0.836661,"total_adsorption":null,"species_data":[{"composition":1,"adsorption":453.203,"InChIKey":"IJGRMHOSHXDMSA-UHFFFAOYSA-N"}]},{"pressure":0.863471,"total_adsorption":null,"species_data":[{"composition":1,"adsorption":454.662,"InChIKey":"IJGRMHOSHXDMSA-UHFFFAOYSA-N"}]},{"pressure":0.875489,"total_adsorption":null,"species_data":[{"composition":1,"adsorption":454.752,"InChIKey":"IJGRMHOSHXDMSA-UHFFFAOYSA-N"}]},{"pressure":0.883544,"total_adsorption":null,"species_data":[{"composition":1,"adsorption":455.938,"InChIKey":"IJGRMHOSHXDMSA-UHFFFAOYSA-N"}]},{"pressure":0.894649,"total_adsorption":null,"species_data":[{"composition":1,"adsorption":455.937,"InChIKey":"IJGRMHOSHXDMSA-UHFFFAOYSA-N"}]},{"pressure":0.909443,"total_adsorption":null,"species_data":[{"composition":1,"adsorption":455.936,"InChIKey":"IJGRMHOSHXDMSA-UHFFFAOYSA-N"}]},{"pressure":0.912736,"total_adsorption":null,"species_data":[{"composition":1,"adsorption":457.031,"InChIKey":"IJGRMHOSHXDMSA-UHFFFAOYSA-N"}]},{"pressure":0.926475,"total_adsorption":null,"species_data":[{"composition":1,"adsorption":456.482,"InChIKey":"IJGRMHOSHXDMSA-UHFFFAOYSA-N"}]},{"pressure":0.937834,"total_adsorption":null,"species_data":[{"composition":1,"adsorption":456.663,"InChIKey":"IJGRMHOSHXDMSA-UHFFFAOYSA-N"}]},{"pressure":0.947348,"total_adsorption":null,"species_data":[{"composition":1,"adsorption":458.306,"InChIKey":"IJGRMHOSHXDMSA-UHFFFAOYSA-N"}]},{"pressure":0.95818,"total_adsorption":null,"species_data":[{"composition":1,"adsorption":458.123,"InChIKey":"IJGRMHOSHXDMSA-UHFFFAOYSA-N"}]},{"pressure":0.986956,"total_adsorption":null,"species_data":[{"composition":1,"adsorption":459.349,"InChIKey":"IJGRMHOSHXDMSA-UHFFFAOYSA-N"}]},{"pressure":0.992863,"total_adsorption":null,"species_data":[{"composition":1,"adsorption":459.233,"InChIKey":"IJGRMHOSHXDMSA-UHFFFAOYSA-N"}]},{"pressure":0.998517,"total_adsorption":null,"species_data":[{"composition":1,"adsorption":461.132,"InChIKey":"IJGRMHOSHXDMSA-UHFFFAOYSA-N"}]},{"pressure":1.00318,"total_adsorption":null,"species_data":[{"composition":1,"adsorption":461.764,"InChIKey":"IJGRMHOSHXDMSA-UHFFFAOYSA-N"}]},{"pressure":1.00792,"total_adsorption":null,"species_data":[{"composition":1,"adsorption":462.455,"InChIKey":"IJGRMHOSHXDMSA-UHFFFAOYSA-N"}]}],"temperature":77,"articleSource":"Figure 2","compositionType":"molefraction","adsorbates":[{"name":"Nitrogen","InChIKey":"IJGRMHOSHXDMSA-UHFFFAOYSA-N"}],"adsorptionUnits":"cm3(STP)/g","date":"2018-07-03","category":"exp","digitizer":"Soojin Jang","pressureUnits":"bar","DOI":"10.1007/s10853-014-8678-1","adsorbent":{"name":"KIT-6","hashkey":"NIST-MATDB-9040aced2f36c89386bdfd559aa0647e"},"concentrationUnits":"","filename":"10.1007s1085301486781.Isotherm1","isotherm_type":""}