{"filename": "10.1039C1cc16261f.Isotherm13", "DOI": "10.1039/C1cc16261f", "articleSource": "UNKNOWN", "date": "1000-01-01", "digitizer": "UNKNOWN", "adsorbent": {"hashkey": "NIST-MATDB-447c9019b6ef13139916dbdfdee1681e", "name": "PCN-121"}, "adsorbates": [{"InChIKey": "MYMOFIZGZYHOMD-UHFFFAOYSA-N", "name": "Oxygen"}], "category": "", "temperature": 87, "isotherm_type": "", "adsorptionUnits": "cm3(STP)/g", "pressureUnits": "bar", "compositionType": "molefraction", "concentrationUnits": "", "isotherm_data": [{"pressure": 0.00384077, "total_adsorption": 312.531, "species_data": [{"InChIKey": "MYMOFIZGZYHOMD-UHFFFAOYSA-N", "composition": 1, "adsorption": 312.531}]}, {"pressure": 0.0053526, "total_adsorption": 265.356, "species_data": [{"InChIKey": "MYMOFIZGZYHOMD-UHFFFAOYSA-N", "composition": 1, "adsorption": 265.356}]}, {"pressure": 0.00553418, "total_adsorption": 355.774, "species_data": [{"InChIKey": "MYMOFIZGZYHOMD-UHFFFAOYSA-N", "composition": 1, "adsorption": 355.774}]}, {"pressure": 0.00720785, "total_adsorption": 389.189, "species_data": [{"InChIKey": "MYMOFIZGZYHOMD-UHFFFAOYSA-N", "composition": 1, "adsorption": 389.189}]}, {"pressure": 0.013721, "total_adsorption": 432.432, "species_data": [{"InChIKey": "MYMOFIZGZYHOMD-UHFFFAOYSA-N", "composition": 1, "adsorption": 432.432}]}, {"pressure": 0.0234038, "total_adsorption": 454.054, "species_data": [{"InChIKey": "MYMOFIZGZYHOMD-UHFFFAOYSA-N", "composition": 1, "adsorption": 454.054}]}, {"pressure": 0.0346853, "total_adsorption": 471.744, "species_data": [{"InChIKey": "MYMOFIZGZYHOMD-UHFFFAOYSA-N", "composition": 1, "adsorption": 471.744}]}, {"pressure": 0.045951, "total_adsorption": 481.572, "species_data": [{"InChIKey": "MYMOFIZGZYHOMD-UHFFFAOYSA-N", "composition": 1, "adsorption": 481.572}]}, {"pressure": 0.063647, "total_adsorption": 493.366, "species_data": [{"InChIKey": "MYMOFIZGZYHOMD-UHFFFAOYSA-N", "composition": 1, "adsorption": 493.366}]}, {"pressure": 0.0765153, "total_adsorption": 501.229, "species_data": [{"InChIKey": "MYMOFIZGZYHOMD-UHFFFAOYSA-N", "composition": 1, "adsorption": 501.229}]}, {"pressure": 0.09581, "total_adsorption": 509.091, "species_data": [{"InChIKey": "MYMOFIZGZYHOMD-UHFFFAOYSA-N", "composition": 1, "adsorption": 509.091}]}, {"pressure": 0.107068, "total_adsorption": 514.988, "species_data": [{"InChIKey": "MYMOFIZGZYHOMD-UHFFFAOYSA-N", "composition": 1, "adsorption": 514.988}]}, {"pressure": 0.118318, "total_adsorption": 516.953, "species_data": [{"InChIKey": "MYMOFIZGZYHOMD-UHFFFAOYSA-N", "composition": 1, "adsorption": 516.953}]}, {"pressure": 0.134395, "total_adsorption": 522.85, "species_data": [{"InChIKey": "MYMOFIZGZYHOMD-UHFFFAOYSA-N", "composition": 1, "adsorption": 522.85}]}, {"pressure": 0.148862, "total_adsorption": 526.781, "species_data": [{"InChIKey": "MYMOFIZGZYHOMD-UHFFFAOYSA-N", "composition": 1, "adsorption": 526.781}]}, {"pressure": 0.160112, "total_adsorption": 528.747, "species_data": [{"InChIKey": "MYMOFIZGZYHOMD-UHFFFAOYSA-N", "composition": 1, "adsorption": 528.747}]}, {"pressure": 0.176182, "total_adsorption": 530.713, "species_data": [{"InChIKey": "MYMOFIZGZYHOMD-UHFFFAOYSA-N", "composition": 1, "adsorption": 530.713}]}, {"pressure": 0.189042, "total_adsorption": 534.644, "species_data": [{"InChIKey": "MYMOFIZGZYHOMD-UHFFFAOYSA-N", "composition": 1, "adsorption": 534.644}]}, {"pressure": 0.201903, "total_adsorption": 538.575, "species_data": [{"InChIKey": "MYMOFIZGZYHOMD-UHFFFAOYSA-N", "composition": 1, "adsorption": 538.575}]}, {"pressure": 0.21798, "total_adsorption": 544.472, "species_data": [{"InChIKey": "MYMOFIZGZYHOMD-UHFFFAOYSA-N", "composition": 1, "adsorption": 544.472}]}, {"pressure": 0.230833, "total_adsorption": 544.472, "species_data": [{"InChIKey": "MYMOFIZGZYHOMD-UHFFFAOYSA-N", "composition": 1, "adsorption": 544.472}]}, {"pressure": 0.26941, "total_adsorption": 554.3, "species_data": [{"InChIKey": "MYMOFIZGZYHOMD-UHFFFAOYSA-N", "composition": 1, "adsorption": 554.3}]}, {"pressure": 0.298344, "total_adsorption": 562.162, "species_data": [{"InChIKey": "MYMOFIZGZYHOMD-UHFFFAOYSA-N", "composition": 1, "adsorption": 562.162}]}, {"pressure": 0.327274, "total_adsorption": 568.059, "species_data": [{"InChIKey": "MYMOFIZGZYHOMD-UHFFFAOYSA-N", "composition": 1, "adsorption": 568.059}]}, {"pressure": 0.356216, "total_adsorption": 579.853, "species_data": [{"InChIKey": "MYMOFIZGZYHOMD-UHFFFAOYSA-N", "composition": 1, "adsorption": 579.853}]}, {"pressure": 0.381929, "total_adsorption": 583.784, "species_data": [{"InChIKey": "MYMOFIZGZYHOMD-UHFFFAOYSA-N", "composition": 1, "adsorption": 583.784}]}, {"pressure": 0.410871, "total_adsorption": 595.577, "species_data": [{"InChIKey": "MYMOFIZGZYHOMD-UHFFFAOYSA-N", "composition": 1, "adsorption": 595.577}]}, {"pressure": 0.435005, "total_adsorption": 613.268, "species_data": [{"InChIKey": "MYMOFIZGZYHOMD-UHFFFAOYSA-N", "composition": 1, "adsorption": 613.268}]}, {"pressure": 0.44948, "total_adsorption": 621.13, "species_data": [{"InChIKey": "MYMOFIZGZYHOMD-UHFFFAOYSA-N", "composition": 1, "adsorption": 621.13}]}, {"pressure": 0.463959, "total_adsorption": 630.958, "species_data": [{"InChIKey": "MYMOFIZGZYHOMD-UHFFFAOYSA-N", "composition": 1, "adsorption": 630.958}]}, {"pressure": 0.478442, "total_adsorption": 642.752, "species_data": [{"InChIKey": "MYMOFIZGZYHOMD-UHFFFAOYSA-N", "composition": 1, "adsorption": 642.752}]}, {"pressure": 0.491306, "total_adsorption": 648.649, "species_data": [{"InChIKey": "MYMOFIZGZYHOMD-UHFFFAOYSA-N", "composition": 1, "adsorption": 648.649}]}, {"pressure": 0.505777, "total_adsorption": 654.545, "species_data": [{"InChIKey": "MYMOFIZGZYHOMD-UHFFFAOYSA-N", "composition": 1, "adsorption": 654.545}]}, {"pressure": 0.518638, "total_adsorption": 658.477, "species_data": [{"InChIKey": "MYMOFIZGZYHOMD-UHFFFAOYSA-N", "composition": 1, "adsorption": 658.477}]}, {"pressure": 0.53149, "total_adsorption": 658.477, "species_data": [{"InChIKey": "MYMOFIZGZYHOMD-UHFFFAOYSA-N", "composition": 1, "adsorption": 658.477}]}, {"pressure": 0.537917, "total_adsorption": 658.477, "species_data": [{"InChIKey": "MYMOFIZGZYHOMD-UHFFFAOYSA-N", "composition": 1, "adsorption": 658.477}]}, {"pressure": 0.562015, "total_adsorption": 658.477, "species_data": [{"InChIKey": "MYMOFIZGZYHOMD-UHFFFAOYSA-N", "composition": 1, "adsorption": 658.477}]}, {"pressure": 0.573261, "total_adsorption": 658.477, "species_data": [{"InChIKey": "MYMOFIZGZYHOMD-UHFFFAOYSA-N", "composition": 1, "adsorption": 658.477}]}, {"pressure": 0.586122, "total_adsorption": 662.408, "species_data": [{"InChIKey": "MYMOFIZGZYHOMD-UHFFFAOYSA-N", "composition": 1, "adsorption": 662.408}]}, {"pressure": 0.59897, "total_adsorption": 660.442, "species_data": [{"InChIKey": "MYMOFIZGZYHOMD-UHFFFAOYSA-N", "composition": 1, "adsorption": 660.442}]}, {"pressure": 0.61504, "total_adsorption": 662.408, "species_data": [{"InChIKey": "MYMOFIZGZYHOMD-UHFFFAOYSA-N", "composition": 1, "adsorption": 662.408}]}, {"pressure": 0.642351, "total_adsorption": 662.408, "species_data": [{"InChIKey": "MYMOFIZGZYHOMD-UHFFFAOYSA-N", "composition": 1, "adsorption": 662.408}]}, {"pressure": 0.67288, "total_adsorption": 664.373, "species_data": [{"InChIKey": "MYMOFIZGZYHOMD-UHFFFAOYSA-N", "composition": 1, "adsorption": 664.373}]}, {"pressure": 0.682524, "total_adsorption": 666.339, "species_data": [{"InChIKey": "MYMOFIZGZYHOMD-UHFFFAOYSA-N", "composition": 1, "adsorption": 666.339}]}]}