{"filename": "10.1021Cm061177g.Isotherm1", "DOI": "10.1021/Cm061177g", "articleSource": "UNKNOWN", "date": "1000-01-01", "digitizer": "UNKNOWN", "adsorbent": {"hashkey": "NIST-MATDB-0487d9e5b72f931f17f48683804346ea", "name": "COF-18A"}, "adsorbates": [{"InChIKey": "IJGRMHOSHXDMSA-UHFFFAOYSA-N", "name": "Nitrogen"}], "category": "", "temperature": 77, "isotherm_type": "", "adsorptionUnits": "cm3(STP)/g", "pressureUnits": "bar", "compositionType": "molefraction", "concentrationUnits": "", "isotherm_data": [{"pressure": 0.000362619, "total_adsorption": 82.6772, "species_data": [{"InChIKey": "IJGRMHOSHXDMSA-UHFFFAOYSA-N", "composition": 1, "adsorption": 82.6772}]}, {"pressure": 0.00075632, "total_adsorption": 172.441, "species_data": [{"InChIKey": "IJGRMHOSHXDMSA-UHFFFAOYSA-N", "composition": 1, "adsorption": 172.441}]}, {"pressure": 0.00311852, "total_adsorption": 111.024, "species_data": [{"InChIKey": "IJGRMHOSHXDMSA-UHFFFAOYSA-N", "composition": 1, "adsorption": 111.024}]}, {"pressure": 0.00645462, "total_adsorption": 271.654, "species_data": [{"InChIKey": "IJGRMHOSHXDMSA-UHFFFAOYSA-N", "composition": 1, "adsorption": 271.654}]}, {"pressure": 0.00923125, "total_adsorption": 304.724, "species_data": [{"InChIKey": "IJGRMHOSHXDMSA-UHFFFAOYSA-N", "composition": 1, "adsorption": 304.724}]}, {"pressure": 0.0252279, "total_adsorption": 351.969, "species_data": [{"InChIKey": "IJGRMHOSHXDMSA-UHFFFAOYSA-N", "composition": 1, "adsorption": 351.969}]}, {"pressure": 0.0490572, "total_adsorption": 385.039, "species_data": [{"InChIKey": "IJGRMHOSHXDMSA-UHFFFAOYSA-N", "composition": 1, "adsorption": 385.039}]}, {"pressure": 0.104403, "total_adsorption": 403.937, "species_data": [{"InChIKey": "IJGRMHOSHXDMSA-UHFFFAOYSA-N", "composition": 1, "adsorption": 403.937}]}, {"pressure": 0.204465, "total_adsorption": 418.11, "species_data": [{"InChIKey": "IJGRMHOSHXDMSA-UHFFFAOYSA-N", "composition": 1, "adsorption": 418.11}]}, {"pressure": 0.301886, "total_adsorption": 429.921, "species_data": [{"InChIKey": "IJGRMHOSHXDMSA-UHFFFAOYSA-N", "composition": 1, "adsorption": 429.921}]}, {"pressure": 0.399295, "total_adsorption": 439.37, "species_data": [{"InChIKey": "IJGRMHOSHXDMSA-UHFFFAOYSA-N", "composition": 1, "adsorption": 439.37}]}, {"pressure": 0.499327, "total_adsorption": 446.457, "species_data": [{"InChIKey": "IJGRMHOSHXDMSA-UHFFFAOYSA-N", "composition": 1, "adsorption": 446.457}]}, {"pressure": 0.704652, "total_adsorption": 460.63, "species_data": [{"InChIKey": "IJGRMHOSHXDMSA-UHFFFAOYSA-N", "composition": 1, "adsorption": 460.63}]}, {"pressure": 0.904766, "total_adsorption": 486.614, "species_data": [{"InChIKey": "IJGRMHOSHXDMSA-UHFFFAOYSA-N", "composition": 1, "adsorption": 486.614}]}, {"pressure": 0.94972, "total_adsorption": 536.22, "species_data": [{"InChIKey": "IJGRMHOSHXDMSA-UHFFFAOYSA-N", "composition": 1, "adsorption": 536.22}]}, {"pressure": 0.978937, "total_adsorption": 597.638, "species_data": [{"InChIKey": "IJGRMHOSHXDMSA-UHFFFAOYSA-N", "composition": 1, "adsorption": 597.638}]}, {"pressure": 0.997513, "total_adsorption": 633.071, "species_data": [{"InChIKey": "IJGRMHOSHXDMSA-UHFFFAOYSA-N", "composition": 1, "adsorption": 633.071}]}]}