{"filename": "10.1021Ja076595g.Isotherm15", "DOI": "10.1021/Ja076595g", "articleSource": "UNKNOWN", "date": "1000-01-01", "digitizer": "UNKNOWN", "adsorbent": {"hashkey": "NIST-MATDB-bbd809480ca8c8d0e4d066e70a9719d1", "name": "MOF-177"}, "adsorbates": [{"InChIKey": "CURLTUGMZLYLDI-UHFFFAOYSA-N", "name": "Carbon Dioxide"}], "category": "", "temperature": 298, "isotherm_type": "", "adsorptionUnits": "mmol/g", "pressureUnits": "bar", "compositionType": "molefraction", "concentrationUnits": "", "isotherm_data": [{"pressure": 1.14835, "total_adsorption": 1.20044, "species_data": [{"InChIKey": "CURLTUGMZLYLDI-UHFFFAOYSA-N", "composition": 1, "adsorption": 1.20044}]}, {"pressure": 3.23983, "total_adsorption": 3.22603, "species_data": [{"InChIKey": "CURLTUGMZLYLDI-UHFFFAOYSA-N", "composition": 1, "adsorption": 3.22603}]}, {"pressure": 5.09131, "total_adsorption": 5.25162, "species_data": [{"InChIKey": "CURLTUGMZLYLDI-UHFFFAOYSA-N", "composition": 1, "adsorption": 5.25162}]}, {"pressure": 6.32562, "total_adsorption": 6.88767, "species_data": [{"InChIKey": "CURLTUGMZLYLDI-UHFFFAOYSA-N", "composition": 1, "adsorption": 6.88767}]}, {"pressure": 7.59423, "total_adsorption": 8.60163, "species_data": [{"InChIKey": "CURLTUGMZLYLDI-UHFFFAOYSA-N", "composition": 1, "adsorption": 8.60163}]}, {"pressure": 8.86283, "total_adsorption": 10.7441, "species_data": [{"InChIKey": "CURLTUGMZLYLDI-UHFFFAOYSA-N", "composition": 1, "adsorption": 10.7441}]}, {"pressure": 10.44, "total_adsorption": 13.354, "species_data": [{"InChIKey": "CURLTUGMZLYLDI-UHFFFAOYSA-N", "composition": 1, "adsorption": 13.354}]}, {"pressure": 11.5715, "total_adsorption": 15.6133, "species_data": [{"InChIKey": "CURLTUGMZLYLDI-UHFFFAOYSA-N", "composition": 1, "adsorption": 15.6133}]}, {"pressure": 13.3201, "total_adsorption": 18.5348, "species_data": [{"InChIKey": "CURLTUGMZLYLDI-UHFFFAOYSA-N", "composition": 1, "adsorption": 18.5348}]}, {"pressure": 14.6573, "total_adsorption": 20.5604, "species_data": [{"InChIKey": "CURLTUGMZLYLDI-UHFFFAOYSA-N", "composition": 1, "adsorption": 20.5604}]}, {"pressure": 15.6859, "total_adsorption": 22.1185, "species_data": [{"InChIKey": "CURLTUGMZLYLDI-UHFFFAOYSA-N", "composition": 1, "adsorption": 22.1185}]}, {"pressure": 17.3316, "total_adsorption": 24.0273, "species_data": [{"InChIKey": "CURLTUGMZLYLDI-UHFFFAOYSA-N", "composition": 1, "adsorption": 24.0273}]}, {"pressure": 19.3202, "total_adsorption": 25.5854, "species_data": [{"InChIKey": "CURLTUGMZLYLDI-UHFFFAOYSA-N", "composition": 1, "adsorption": 25.5854}]}, {"pressure": 20.7946, "total_adsorption": 26.7151, "species_data": [{"InChIKey": "CURLTUGMZLYLDI-UHFFFAOYSA-N", "composition": 1, "adsorption": 26.7151}]}, {"pressure": 22.9889, "total_adsorption": 27.7278, "species_data": [{"InChIKey": "CURLTUGMZLYLDI-UHFFFAOYSA-N", "composition": 1, "adsorption": 27.7278}]}, {"pressure": 24.8061, "total_adsorption": 28.3901, "species_data": [{"InChIKey": "CURLTUGMZLYLDI-UHFFFAOYSA-N", "composition": 1, "adsorption": 28.3901}]}, {"pressure": 26.5204, "total_adsorption": 28.8185, "species_data": [{"InChIKey": "CURLTUGMZLYLDI-UHFFFAOYSA-N", "composition": 1, "adsorption": 28.8185}]}, {"pressure": 28.4062, "total_adsorption": 29.286, "species_data": [{"InChIKey": "CURLTUGMZLYLDI-UHFFFAOYSA-N", "composition": 1, "adsorption": 29.286}]}, {"pressure": 29.7776, "total_adsorption": 29.5976, "species_data": [{"InChIKey": "CURLTUGMZLYLDI-UHFFFAOYSA-N", "composition": 1, "adsorption": 29.5976}]}, {"pressure": 30.7377, "total_adsorption": 29.8313, "species_data": [{"InChIKey": "CURLTUGMZLYLDI-UHFFFAOYSA-N", "composition": 1, "adsorption": 29.8313}]}]}