{"isotherm_data":[{"pressure":0.00156941,"total_adsorption":118.636,"species_data":[{"composition":1,"adsorption":118.636,"InChIKey":"IJGRMHOSHXDMSA-UHFFFAOYSA-N"}]},{"pressure":0.00367227,"total_adsorption":97.5974,"species_data":[{"composition":1,"adsorption":97.5974,"InChIKey":"IJGRMHOSHXDMSA-UHFFFAOYSA-N"}]},{"pressure":0.00644773,"total_adsorption":127.403,"species_data":[{"composition":1,"adsorption":127.403,"InChIKey":"IJGRMHOSHXDMSA-UHFFFAOYSA-N"}]},{"pressure":0.0112642,"total_adsorption":131.494,"species_data":[{"composition":1,"adsorption":131.494,"InChIKey":"IJGRMHOSHXDMSA-UHFFFAOYSA-N"}]},{"pressure":0.0423277,"total_adsorption":139.675,"species_data":[{"composition":1,"adsorption":139.675,"InChIKey":"IJGRMHOSHXDMSA-UHFFFAOYSA-N"}]},{"pressure":0.0709405,"total_adsorption":142.597,"species_data":[{"composition":1,"adsorption":142.597,"InChIKey":"IJGRMHOSHXDMSA-UHFFFAOYSA-N"}]},{"pressure":0.101919,"total_adsorption":144.351,"species_data":[{"composition":1,"adsorption":144.351,"InChIKey":"IJGRMHOSHXDMSA-UHFFFAOYSA-N"}]},{"pressure":0.156717,"total_adsorption":146.688,"species_data":[{"composition":1,"adsorption":146.688,"InChIKey":"IJGRMHOSHXDMSA-UHFFFAOYSA-N"}]},{"pressure":0.209118,"total_adsorption":147.857,"species_data":[{"composition":1,"adsorption":147.857,"InChIKey":"IJGRMHOSHXDMSA-UHFFFAOYSA-N"}]},{"pressure":0.254376,"total_adsorption":149.026,"species_data":[{"composition":1,"adsorption":149.026,"InChIKey":"IJGRMHOSHXDMSA-UHFFFAOYSA-N"}]},{"pressure":0.302015,"total_adsorption":150.195,"species_data":[{"composition":1,"adsorption":150.195,"InChIKey":"IJGRMHOSHXDMSA-UHFFFAOYSA-N"}]},{"pressure":0.352035,"total_adsorption":151.364,"species_data":[{"composition":1,"adsorption":151.364,"InChIKey":"IJGRMHOSHXDMSA-UHFFFAOYSA-N"}]},{"pressure":0.40204,"total_adsorption":151.364,"species_data":[{"composition":1,"adsorption":151.364,"InChIKey":"IJGRMHOSHXDMSA-UHFFFAOYSA-N"}]},{"pressure":0.449679,"total_adsorption":152.532,"species_data":[{"composition":1,"adsorption":152.532,"InChIKey":"IJGRMHOSHXDMSA-UHFFFAOYSA-N"}]},{"pressure":0.497326,"total_adsorption":154.286,"species_data":[{"composition":1,"adsorption":154.286,"InChIKey":"IJGRMHOSHXDMSA-UHFFFAOYSA-N"}]},{"pressure":0.54733,"total_adsorption":154.286,"species_data":[{"composition":1,"adsorption":154.286,"InChIKey":"IJGRMHOSHXDMSA-UHFFFAOYSA-N"}]},{"pressure":0.592588,"total_adsorption":155.455,"species_data":[{"composition":1,"adsorption":155.455,"InChIKey":"IJGRMHOSHXDMSA-UHFFFAOYSA-N"}]},{"pressure":0.642608,"total_adsorption":156.623,"species_data":[{"composition":1,"adsorption":156.623,"InChIKey":"IJGRMHOSHXDMSA-UHFFFAOYSA-N"}]},{"pressure":0.690232,"total_adsorption":156.623,"species_data":[{"composition":1,"adsorption":156.623,"InChIKey":"IJGRMHOSHXDMSA-UHFFFAOYSA-N"}]},{"pressure":0.745022,"total_adsorption":158.377,"species_data":[{"composition":1,"adsorption":158.377,"InChIKey":"IJGRMHOSHXDMSA-UHFFFAOYSA-N"}]},{"pressure":0.790272,"total_adsorption":158.961,"species_data":[{"composition":1,"adsorption":158.961,"InChIKey":"IJGRMHOSHXDMSA-UHFFFAOYSA-N"}]},{"pressure":0.842674,"total_adsorption":160.13,"species_data":[{"composition":1,"adsorption":160.13,"InChIKey":"IJGRMHOSHXDMSA-UHFFFAOYSA-N"}]},{"pressure":0.890328,"total_adsorption":162.468,"species_data":[{"composition":1,"adsorption":162.468,"InChIKey":"IJGRMHOSHXDMSA-UHFFFAOYSA-N"}]},{"pressure":0.937975,"total_adsorption":164.221,"species_data":[{"composition":1,"adsorption":164.221,"InChIKey":"IJGRMHOSHXDMSA-UHFFFAOYSA-N"}]},{"pressure":0.95227,"total_adsorption":164.805,"species_data":[{"composition":1,"adsorption":164.805,"InChIKey":"IJGRMHOSHXDMSA-UHFFFAOYSA-N"}]},{"pressure":0.971381,"total_adsorption":169.481,"species_data":[{"composition":1,"adsorption":169.481,"InChIKey":"IJGRMHOSHXDMSA-UHFFFAOYSA-N"}]}],"temperature":77,"articleSource":"UNKNOWN","compositionType":"molefraction","adsorbates":[{"name":"Nitrogen","InChIKey":"IJGRMHOSHXDMSA-UHFFFAOYSA-N"}],"adsorptionUnits":"cm3(STP)/g","date":"1000-01-01","category":"","digitizer":"UNKNOWN","pressureUnits":"bar","DOI":"10.1039/c3ta10545h","adsorbent":{"name":"Carbonized Fiber PCGF-H","hashkey":"NIST-MATDB-65275701f838e6d5c2397b24b5e073a8"},"concentrationUnits":"","filename":"10.1039c3ta10545h.Isotherm2","isotherm_type":""}