{"isotherm_data":[{"pressure":0.333333,"total_adsorption":15.3846,"species_data":[{"composition":1,"adsorption":15.3846,"InChIKey":"CURLTUGMZLYLDI-UHFFFAOYSA-N"}]},{"pressure":1,"total_adsorption":23.0769,"species_data":[{"composition":1,"adsorption":23.0769,"InChIKey":"CURLTUGMZLYLDI-UHFFFAOYSA-N"}]},{"pressure":1.66667,"total_adsorption":29.0598,"species_data":[{"composition":1,"adsorption":29.0598,"InChIKey":"CURLTUGMZLYLDI-UHFFFAOYSA-N"}]},{"pressure":2.11111,"total_adsorption":31.6239,"species_data":[{"composition":1,"adsorption":31.6239,"InChIKey":"CURLTUGMZLYLDI-UHFFFAOYSA-N"}]},{"pressure":2.77778,"total_adsorption":40.1709,"species_data":[{"composition":1,"adsorption":40.1709,"InChIKey":"CURLTUGMZLYLDI-UHFFFAOYSA-N"}]},{"pressure":3.22222,"total_adsorption":44.4444,"species_data":[{"composition":1,"adsorption":44.4444,"InChIKey":"CURLTUGMZLYLDI-UHFFFAOYSA-N"}]},{"pressure":4.11111,"total_adsorption":54.7009,"species_data":[{"composition":1,"adsorption":54.7009,"InChIKey":"CURLTUGMZLYLDI-UHFFFAOYSA-N"}]},{"pressure":6.11111,"total_adsorption":71.7949,"species_data":[{"composition":1,"adsorption":71.7949,"InChIKey":"CURLTUGMZLYLDI-UHFFFAOYSA-N"}]},{"pressure":8.11111,"total_adsorption":85.4701,"species_data":[{"composition":1,"adsorption":85.4701,"InChIKey":"CURLTUGMZLYLDI-UHFFFAOYSA-N"}]},{"pressure":10,"total_adsorption":98.2906,"species_data":[{"composition":1,"adsorption":98.2906,"InChIKey":"CURLTUGMZLYLDI-UHFFFAOYSA-N"}]},{"pressure":12.2222,"total_adsorption":106.838,"species_data":[{"composition":1,"adsorption":106.838,"InChIKey":"CURLTUGMZLYLDI-UHFFFAOYSA-N"}]}],"temperature":303,"articleSource":"UNKNOWN","compositionType":"molefraction","adsorbates":[{"name":"Carbon Dioxide","InChIKey":"CURLTUGMZLYLDI-UHFFFAOYSA-N"}],"adsorptionUnits":"cm3(STP)/cm3","date":"1000-01-01","category":"","digitizer":"UNKNOWN","pressureUnits":"bar","DOI":"10.1021/jp202633t","adsorbent":{"name":"UiO-66(Zr)","hashkey":"NIST-MATDB-27ce47f74d79f611f6d3f9caa686697b"},"concentrationUnits":"","filename":"10.1021jp202633t.Isotherm6","isotherm_type":""}