{"isotherm_data":[{"pressure":0.0436467,"total_adsorption":0.42345,"species_data":[{"composition":1,"adsorption":0.42345,"InChIKey":"FHNFHKCVQCLJFQ-UHFFFAOYSA-N"}]},{"pressure":0.0760411,"total_adsorption":1.94458,"species_data":[{"composition":1,"adsorption":1.94458,"InChIKey":"FHNFHKCVQCLJFQ-UHFFFAOYSA-N"}]},{"pressure":0.105619,"total_adsorption":3.29669,"species_data":[{"composition":1,"adsorption":3.29669,"InChIKey":"FHNFHKCVQCLJFQ-UHFFFAOYSA-N"}]},{"pressure":0.20421,"total_adsorption":7.26852,"species_data":[{"composition":1,"adsorption":7.26852,"InChIKey":"FHNFHKCVQCLJFQ-UHFFFAOYSA-N"}]},{"pressure":0.30421,"total_adsorption":11.0713,"species_data":[{"composition":1,"adsorption":11.0713,"InChIKey":"FHNFHKCVQCLJFQ-UHFFFAOYSA-N"}]},{"pressure":0.40421,"total_adsorption":14.7896,"species_data":[{"composition":1,"adsorption":14.7896,"InChIKey":"FHNFHKCVQCLJFQ-UHFFFAOYSA-N"}]},{"pressure":0.502802,"total_adsorption":18.0009,"species_data":[{"composition":1,"adsorption":18.0009,"InChIKey":"FHNFHKCVQCLJFQ-UHFFFAOYSA-N"}]},{"pressure":0.601393,"total_adsorption":21.1277,"species_data":[{"composition":1,"adsorption":21.1277,"InChIKey":"FHNFHKCVQCLJFQ-UHFFFAOYSA-N"}]},{"pressure":0.707027,"total_adsorption":24.508,"species_data":[{"composition":1,"adsorption":24.508,"InChIKey":"FHNFHKCVQCLJFQ-UHFFFAOYSA-N"}]},{"pressure":0.801393,"total_adsorption":27.2967,"species_data":[{"composition":1,"adsorption":27.2967,"InChIKey":"FHNFHKCVQCLJFQ-UHFFFAOYSA-N"}]},{"pressure":0.899985,"total_adsorption":30.3389,"species_data":[{"composition":1,"adsorption":30.3389,"InChIKey":"FHNFHKCVQCLJFQ-UHFFFAOYSA-N"}]},{"pressure":0.956323,"total_adsorption":32.1981,"species_data":[{"composition":1,"adsorption":32.1981,"InChIKey":"FHNFHKCVQCLJFQ-UHFFFAOYSA-N"}]}],"temperature":310,"articleSource":"UNKNOWN","compositionType":"molefraction","adsorbates":[{"name":"Xenon","InChIKey":"FHNFHKCVQCLJFQ-UHFFFAOYSA-N"}],"adsorptionUnits":"cm3(STP)/g","date":"1000-01-01","category":"","digitizer":"UNKNOWN","pressureUnits":"bar","DOI":"10.1016/j.micromeso.2012.06.004","adsorbent":{"name":"MFU-4l","hashkey":"NIST-MATDB-e7b01e27e24665010e4723749d20c703"},"concentrationUnits":"","filename":"10.1016j.micromeso.2012.06.004.isotherm12","isotherm_type":""}