{"isotherm_data":[{"pressure":0.351955,"total_adsorption":0.316163,"species_data":[{"composition":1,"adsorption":0.316163,"InChIKey":"VNWKTOKETHGBQD-UHFFFAOYSA-N"}]},{"pressure":0.77095,"total_adsorption":0.534356,"species_data":[{"composition":1,"adsorption":0.534356,"InChIKey":"VNWKTOKETHGBQD-UHFFFAOYSA-N"}]},{"pressure":1.3743,"total_adsorption":0.842828,"species_data":[{"composition":1,"adsorption":0.842828,"InChIKey":"VNWKTOKETHGBQD-UHFFFAOYSA-N"}]},{"pressure":1.84358,"total_adsorption":1.06852,"species_data":[{"composition":1,"adsorption":1.06852,"InChIKey":"VNWKTOKETHGBQD-UHFFFAOYSA-N"}]},{"pressure":2.89944,"total_adsorption":1.45957,"species_data":[{"composition":1,"adsorption":1.45957,"InChIKey":"VNWKTOKETHGBQD-UHFFFAOYSA-N"}]},{"pressure":3.88827,"total_adsorption":1.72261,"species_data":[{"composition":1,"adsorption":1.72261,"InChIKey":"VNWKTOKETHGBQD-UHFFFAOYSA-N"}]},{"pressure":4.91061,"total_adsorption":1.97055,"species_data":[{"composition":1,"adsorption":1.97055,"InChIKey":"VNWKTOKETHGBQD-UHFFFAOYSA-N"}]},{"pressure":5.78212,"total_adsorption":2.13573,"species_data":[{"composition":1,"adsorption":2.13573,"InChIKey":"VNWKTOKETHGBQD-UHFFFAOYSA-N"}]},{"pressure":6.82123,"total_adsorption":2.3008,"species_data":[{"composition":1,"adsorption":2.3008,"InChIKey":"VNWKTOKETHGBQD-UHFFFAOYSA-N"}]},{"pressure":7.84358,"total_adsorption":2.45082,"species_data":[{"composition":1,"adsorption":2.45082,"InChIKey":"VNWKTOKETHGBQD-UHFFFAOYSA-N"}]},{"pressure":8.8324,"total_adsorption":2.54059,"species_data":[{"composition":1,"adsorption":2.54059,"InChIKey":"VNWKTOKETHGBQD-UHFFFAOYSA-N"}]},{"pressure":9.77095,"total_adsorption":2.66053,"species_data":[{"composition":1,"adsorption":2.66053,"InChIKey":"VNWKTOKETHGBQD-UHFFFAOYSA-N"}]}],"temperature":303,"articleSource":"UNKNOWN","compositionType":"molefraction","adsorbates":[{"name":"Methane","InChIKey":"VNWKTOKETHGBQD-UHFFFAOYSA-N"}],"adsorptionUnits":"mmol/g","date":"1000-01-01","category":"","digitizer":"UNKNOWN","pressureUnits":"bar","DOI":"10.1021/Ie200652e","adsorbent":{"name":"Zeolite 5A","hashkey":"NIST-MATDB-035dc75dddd00241bd76627f78cbef2d"},"concentrationUnits":"","filename":"10.1021Ie200652e.isotherm8","isotherm_type":""}