{"isotherm_data":[{"pressure":0.00133009,"total_adsorption":0.231016,"species_data":[{"composition":1,"adsorption":0.231016,"InChIKey":"QQONPFPTGQHPMA-UHFFFAOYSA-N"}]},{"pressure":0.00226396,"total_adsorption":0.346509,"species_data":[{"composition":1,"adsorption":0.346509,"InChIKey":"QQONPFPTGQHPMA-UHFFFAOYSA-N"}]},{"pressure":0.00486702,"total_adsorption":0.611298,"species_data":[{"composition":1,"adsorption":0.611298,"InChIKey":"QQONPFPTGQHPMA-UHFFFAOYSA-N"}]},{"pressure":0.0081774,"total_adsorption":0.87327,"species_data":[{"composition":1,"adsorption":0.87327,"InChIKey":"QQONPFPTGQHPMA-UHFFFAOYSA-N"}]},{"pressure":0.0125467,"total_adsorption":1.0789,"species_data":[{"composition":1,"adsorption":1.0789,"InChIKey":"QQONPFPTGQHPMA-UHFFFAOYSA-N"}]},{"pressure":0.0171294,"total_adsorption":1.27327,"species_data":[{"composition":1,"adsorption":1.27327,"InChIKey":"QQONPFPTGQHPMA-UHFFFAOYSA-N"}]},{"pressure":0.0246314,"total_adsorption":1.48172,"species_data":[{"composition":1,"adsorption":1.48172,"InChIKey":"QQONPFPTGQHPMA-UHFFFAOYSA-N"}]},{"pressure":0.0392921,"total_adsorption":1.64792,"species_data":[{"composition":1,"adsorption":1.64792,"InChIKey":"QQONPFPTGQHPMA-UHFFFAOYSA-N"}]},{"pressure":0.0643265,"total_adsorption":1.83102,"species_data":[{"composition":1,"adsorption":1.83102,"InChIKey":"QQONPFPTGQHPMA-UHFFFAOYSA-N"}]},{"pressure":0.0866896,"total_adsorption":1.91552,"species_data":[{"composition":1,"adsorption":1.91552,"InChIKey":"QQONPFPTGQHPMA-UHFFFAOYSA-N"}]},{"pressure":0.127933,"total_adsorption":1.98313,"species_data":[{"composition":1,"adsorption":1.98313,"InChIKey":"QQONPFPTGQHPMA-UHFFFAOYSA-N"}]}],"temperature":297,"articleSource":"UNKNOWN","compositionType":"molefraction","adsorbates":[{"name":"Propene","InChIKey":"QQONPFPTGQHPMA-UHFFFAOYSA-N"}],"adsorptionUnits":"mmol/g","date":"1000-01-01","category":"","digitizer":"UNKNOWN","pressureUnits":"bar","DOI":"10.1021/Jp101744k","adsorbent":{"name":"Zeolite MFI","hashkey":"NIST-MATDB-aab7f4d547e6752b772d6f12520fde3b"},"concentrationUnits":"","filename":"10.1021Jp101744k.isotherm18","isotherm_type":""}