{"isotherm_data":[{"pressure":1.13e-5,"total_adsorption":0.0873899,"species_data":[{"composition":1,"adsorption":0.0873899,"InChIKey":"QQONPFPTGQHPMA-UHFFFAOYSA-N"}]},{"pressure":2.17e-5,"total_adsorption":0.0873899,"species_data":[{"composition":1,"adsorption":0.0873899,"InChIKey":"QQONPFPTGQHPMA-UHFFFAOYSA-N"}]},{"pressure":5.37e-5,"total_adsorption":0.0873899,"species_data":[{"composition":1,"adsorption":0.0873899,"InChIKey":"QQONPFPTGQHPMA-UHFFFAOYSA-N"}]},{"pressure":0.000209,"total_adsorption":0.0568017,"species_data":[{"composition":1,"adsorption":0.0568017,"InChIKey":"QQONPFPTGQHPMA-UHFFFAOYSA-N"}]},{"pressure":0.00053,"total_adsorption":0.0568017,"species_data":[{"composition":1,"adsorption":0.0568017,"InChIKey":"QQONPFPTGQHPMA-UHFFFAOYSA-N"}]},{"pressure":0.00107185,"total_adsorption":0.0873899,"species_data":[{"composition":1,"adsorption":0.0873899,"InChIKey":"QQONPFPTGQHPMA-UHFFFAOYSA-N"}]},{"pressure":0.00201022,"total_adsorption":0.0873899,"species_data":[{"composition":1,"adsorption":0.0873899,"InChIKey":"QQONPFPTGQHPMA-UHFFFAOYSA-N"}]},{"pressure":0.00497188,"total_adsorption":0.0568017,"species_data":[{"composition":1,"adsorption":0.0568017,"InChIKey":"QQONPFPTGQHPMA-UHFFFAOYSA-N"}]},{"pressure":0.0103116,"total_adsorption":0.0568017,"species_data":[{"composition":1,"adsorption":0.0568017,"InChIKey":"QQONPFPTGQHPMA-UHFFFAOYSA-N"}]},{"pressure":0.0203369,"total_adsorption":0.0873899,"species_data":[{"composition":1,"adsorption":0.0873899,"InChIKey":"QQONPFPTGQHPMA-UHFFFAOYSA-N"}]},{"pressure":0.0515806,"total_adsorption":0.179155,"species_data":[{"composition":1,"adsorption":0.179155,"InChIKey":"QQONPFPTGQHPMA-UHFFFAOYSA-N"}]},{"pressure":0.0967378,"total_adsorption":0.240331,"species_data":[{"composition":1,"adsorption":0.240331,"InChIKey":"QQONPFPTGQHPMA-UHFFFAOYSA-N"}]},{"pressure":0.195649,"total_adsorption":0.393272,"species_data":[{"composition":1,"adsorption":0.393272,"InChIKey":"QQONPFPTGQHPMA-UHFFFAOYSA-N"}]},{"pressure":0.548754,"total_adsorption":0.882684,"species_data":[{"composition":1,"adsorption":0.882684,"InChIKey":"QQONPFPTGQHPMA-UHFFFAOYSA-N"}]},{"pressure":1.02917,"total_adsorption":1.46386,"species_data":[{"composition":1,"adsorption":1.46386,"InChIKey":"QQONPFPTGQHPMA-UHFFFAOYSA-N"}]}],"temperature":373,"articleSource":"UNKNOWN","compositionType":"molefraction","adsorbates":[{"name":"Propene","InChIKey":"QQONPFPTGQHPMA-UHFFFAOYSA-N"}],"adsorptionUnits":"molecules/unitcell","date":"1000-01-01","category":"","digitizer":"UNKNOWN","pressureUnits":"bar","DOI":"10.1021/Jp074918p","adsorbent":{"name":"MCM22","hashkey":"NIST-MATDB-1d3c38b5cbf43b273219dfe152bc9314"},"concentrationUnits":"","filename":"10.1021Jp074918p.isotherm47","isotherm_type":""}