{"filename": "10.1021jp206959k.Isotherm17", "DOI": "10.1021/jp206959k", "articleSource": "UNKNOWN", "date": "1000-01-01", "digitizer": "UNKNOWN", "adsorbent": {"hashkey": "NIST-MATDB-b2dc02871a66ac38e4b195796cf3e00b", "name": "ZIF-8"}, "adsorbates": [{"InChIKey": "CURLTUGMZLYLDI-UHFFFAOYSA-N", "name": "Carbon Dioxide"}], "category": "", "temperature": 298, "isotherm_type": "", "adsorptionUnits": "mmol/g", "pressureUnits": "bar", "compositionType": "molefraction", "concentrationUnits": "", "isotherm_data": [{"pressure": 1.1623, "total_adsorption": 0.357342, "species_data": [{"InChIKey": "CURLTUGMZLYLDI-UHFFFAOYSA-N", "composition": 1, "adsorption": 0.357342}]}, {"pressure": 1.33044, "total_adsorption": 0.446768, "species_data": [{"InChIKey": "CURLTUGMZLYLDI-UHFFFAOYSA-N", "composition": 1, "adsorption": 0.446768}]}, {"pressure": 1.82833, "total_adsorption": 0.59565, "species_data": [{"InChIKey": "CURLTUGMZLYLDI-UHFFFAOYSA-N", "composition": 1, "adsorption": 0.59565}]}, {"pressure": 2.49274, "total_adsorption": 0.80411, "species_data": [{"InChIKey": "CURLTUGMZLYLDI-UHFFFAOYSA-N", "composition": 1, "adsorption": 0.80411}]}, {"pressure": 3.6518, "total_adsorption": 1.10175, "species_data": [{"InChIKey": "CURLTUGMZLYLDI-UHFFFAOYSA-N", "composition": 1, "adsorption": 1.10175}]}, {"pressure": 4.65247, "total_adsorption": 1.48907, "species_data": [{"InChIKey": "CURLTUGMZLYLDI-UHFFFAOYSA-N", "composition": 1, "adsorption": 1.48907}]}, {"pressure": 6.47755, "total_adsorption": 2.02502, "species_data": [{"InChIKey": "CURLTUGMZLYLDI-UHFFFAOYSA-N", "composition": 1, "adsorption": 2.02502}]}, {"pressure": 8.63078, "total_adsorption": 2.59057, "species_data": [{"InChIKey": "CURLTUGMZLYLDI-UHFFFAOYSA-N", "composition": 1, "adsorption": 2.59057}]}, {"pressure": 10.1196, "total_adsorption": 2.94767, "species_data": [{"InChIKey": "CURLTUGMZLYLDI-UHFFFAOYSA-N", "composition": 1, "adsorption": 2.94767}]}, {"pressure": 12.2631, "total_adsorption": 3.33413, "species_data": [{"InChIKey": "CURLTUGMZLYLDI-UHFFFAOYSA-N", "composition": 1, "adsorption": 3.33413}]}, {"pressure": 15.0645, "total_adsorption": 3.80965, "species_data": [{"InChIKey": "CURLTUGMZLYLDI-UHFFFAOYSA-N", "composition": 1, "adsorption": 3.80965}]}, {"pressure": 18.3491, "total_adsorption": 4.16541, "species_data": [{"InChIKey": "CURLTUGMZLYLDI-UHFFFAOYSA-N", "composition": 1, "adsorption": 4.16541}]}, {"pressure": 21.1424, "total_adsorption": 4.49168, "species_data": [{"InChIKey": "CURLTUGMZLYLDI-UHFFFAOYSA-N", "composition": 1, "adsorption": 4.49168}]}, {"pressure": 25.2401, "total_adsorption": 4.78713, "species_data": [{"InChIKey": "CURLTUGMZLYLDI-UHFFFAOYSA-N", "composition": 1, "adsorption": 4.78713}]}, {"pressure": 28.3485, "total_adsorption": 4.90422, "species_data": [{"InChIKey": "CURLTUGMZLYLDI-UHFFFAOYSA-N", "composition": 1, "adsorption": 4.90422}]}, {"pressure": 32.1165, "total_adsorption": 5.14021, "species_data": [{"InChIKey": "CURLTUGMZLYLDI-UHFFFAOYSA-N", "composition": 1, "adsorption": 5.14021}]}, {"pressure": 35.5514, "total_adsorption": 5.25705, "species_data": [{"InChIKey": "CURLTUGMZLYLDI-UHFFFAOYSA-N", "composition": 1, "adsorption": 5.25705}]}, {"pressure": 37.1872, "total_adsorption": 5.31553, "species_data": [{"InChIKey": "CURLTUGMZLYLDI-UHFFFAOYSA-N", "composition": 1, "adsorption": 5.31553}]}, {"pressure": 40.294, "total_adsorption": 5.40277, "species_data": [{"InChIKey": "CURLTUGMZLYLDI-UHFFFAOYSA-N", "composition": 1, "adsorption": 5.40277}]}]}