{"filename": "10.1016j.ces.2014.10.028.Isotherm6", "DOI": "10.1016/j.ces.2014.10.028", "articleSource": "Figure 4", "date": "2016-07-22", "digitizer": "David A. Anderegg", "adsorbent": {"hashkey": "NIST-MATDB-1b5c20248717ca46ef341e3c5f2c1f30", "name": "NH2-MIL-53(Al)"}, "adsorbates": [{"InChIKey": "VNWKTOKETHGBQD-UHFFFAOYSA-N", "name": "Methane"}], "category": "exp", "temperature": 298, "isotherm_type": "", "adsorptionUnits": "mmol/g", "pressureUnits": "bar", "compositionType": "molefraction", "concentrationUnits": "", "isotherm_data": [{"pressure": 0.207921, "total_adsorption": 0.041115, "species_data": [{"InChIKey": "VNWKTOKETHGBQD-UHFFFAOYSA-N", "composition": 1, "adsorption": 0.041115}]}, {"pressure": 0.623762, "total_adsorption": 0.08217, "species_data": [{"InChIKey": "VNWKTOKETHGBQD-UHFFFAOYSA-N", "composition": 1, "adsorption": 0.08217}]}, {"pressure": 0.831683, "total_adsorption": 0.102697, "species_data": [{"InChIKey": "VNWKTOKETHGBQD-UHFFFAOYSA-N", "composition": 1, "adsorption": 0.102697}]}, {"pressure": 1.17822, "total_adsorption": 0.133477, "species_data": [{"InChIKey": "VNWKTOKETHGBQD-UHFFFAOYSA-N", "composition": 1, "adsorption": 0.133477}]}, {"pressure": 1.66337, "total_adsorption": 0.174511, "species_data": [{"InChIKey": "VNWKTOKETHGBQD-UHFFFAOYSA-N", "composition": 1, "adsorption": 0.174511}]}, {"pressure": 2.14851, "total_adsorption": 0.225839, "species_data": [{"InChIKey": "VNWKTOKETHGBQD-UHFFFAOYSA-N", "composition": 1, "adsorption": 0.225839}]}, {"pressure": 2.84158, "total_adsorption": 0.277105, "species_data": [{"InChIKey": "VNWKTOKETHGBQD-UHFFFAOYSA-N", "composition": 1, "adsorption": 0.277105}]}, {"pressure": 3.46535, "total_adsorption": 0.338687, "species_data": [{"InChIKey": "VNWKTOKETHGBQD-UHFFFAOYSA-N", "composition": 1, "adsorption": 0.338687}]}, {"pressure": 4.92079, "total_adsorption": 0.4412, "species_data": [{"InChIKey": "VNWKTOKETHGBQD-UHFFFAOYSA-N", "composition": 1, "adsorption": 0.4412}]}, {"pressure": 6.37624, "total_adsorption": 0.533419, "species_data": [{"InChIKey": "VNWKTOKETHGBQD-UHFFFAOYSA-N", "composition": 1, "adsorption": 0.533419}]}, {"pressure": 7.62376, "total_adsorption": 0.656581, "species_data": [{"InChIKey": "VNWKTOKETHGBQD-UHFFFAOYSA-N", "composition": 1, "adsorption": 0.656581}]}, {"pressure": 8.87129, "total_adsorption": 0.800332, "species_data": [{"InChIKey": "VNWKTOKETHGBQD-UHFFFAOYSA-N", "composition": 1, "adsorption": 0.800332}]}, {"pressure": 10.2574, "total_adsorption": 1.03669, "species_data": [{"InChIKey": "VNWKTOKETHGBQD-UHFFFAOYSA-N", "composition": 1, "adsorption": 1.03669}]}, {"pressure": 12.0594, "total_adsorption": 1.71557, "species_data": [{"InChIKey": "VNWKTOKETHGBQD-UHFFFAOYSA-N", "composition": 1, "adsorption": 1.71557}]}, {"pressure": 13.8614, "total_adsorption": 2.39445, "species_data": [{"InChIKey": "VNWKTOKETHGBQD-UHFFFAOYSA-N", "composition": 1, "adsorption": 2.39445}]}, {"pressure": 16.0099, "total_adsorption": 2.63059, "species_data": [{"InChIKey": "VNWKTOKETHGBQD-UHFFFAOYSA-N", "composition": 1, "adsorption": 2.63059}]}, {"pressure": 18.0198, "total_adsorption": 2.71235, "species_data": [{"InChIKey": "VNWKTOKETHGBQD-UHFFFAOYSA-N", "composition": 1, "adsorption": 2.71235}]}, {"pressure": 20.1683, "total_adsorption": 2.79407, "species_data": [{"InChIKey": "VNWKTOKETHGBQD-UHFFFAOYSA-N", "composition": 1, "adsorption": 2.79407}]}, {"pressure": 22.8713, "total_adsorption": 2.87563, "species_data": [{"InChIKey": "VNWKTOKETHGBQD-UHFFFAOYSA-N", "composition": 1, "adsorption": 2.87563}]}, {"pressure": 25.6436, "total_adsorption": 2.94687, "species_data": [{"InChIKey": "VNWKTOKETHGBQD-UHFFFAOYSA-N", "composition": 1, "adsorption": 2.94687}]}, {"pressure": 28.3465, "total_adsorption": 3.00784, "species_data": [{"InChIKey": "VNWKTOKETHGBQD-UHFFFAOYSA-N", "composition": 1, "adsorption": 3.00784}]}, {"pressure": 31.1188, "total_adsorption": 3.06879, "species_data": [{"InChIKey": "VNWKTOKETHGBQD-UHFFFAOYSA-N", "composition": 1, "adsorption": 3.06879}]}]}