{"filename": "10.108001496395.2013.812118.Isotherm1", "DOI": "10.1080/01496395.2013.812118", "articleSource": "Figure 2", "date": "2016-06-28", "digitizer": "Kailey M. Stracka", "adsorbent": {"hashkey": "NIST-MATDB-71e258921af11fdef45c4fe8b66b466f", "name": "SAPO-34 zeolite"}, "adsorbates": [{"InChIKey": "CURLTUGMZLYLDI-UHFFFAOYSA-N", "name": "Carbon Dioxide"}], "category": "exp", "temperature": 278, "isotherm_type": "", "adsorptionUnits": "mmol/g", "pressureUnits": "bar", "compositionType": "molefraction", "concentrationUnits": "", "isotherm_data": [{"pressure": 0, "total_adsorption": -0.008876, "species_data": [{"InChIKey": "CURLTUGMZLYLDI-UHFFFAOYSA-N", "composition": 1, "adsorption": -0.008876}]}, {"pressure": 0.718906, "total_adsorption": 2.7868, "species_data": [{"InChIKey": "CURLTUGMZLYLDI-UHFFFAOYSA-N", "composition": 1, "adsorption": 2.7868}]}, {"pressure": 3.23765, "total_adsorption": 4.00214, "species_data": [{"InChIKey": "CURLTUGMZLYLDI-UHFFFAOYSA-N", "composition": 1, "adsorption": 4.00214}]}, {"pressure": 5.61717, "total_adsorption": 4.27668, "species_data": [{"InChIKey": "CURLTUGMZLYLDI-UHFFFAOYSA-N", "composition": 1, "adsorption": 4.27668}]}, {"pressure": 10.5089, "total_adsorption": 4.58609, "species_data": [{"InChIKey": "CURLTUGMZLYLDI-UHFFFAOYSA-N", "composition": 1, "adsorption": 4.58609}]}, {"pressure": 15.5002, "total_adsorption": 4.75347, "species_data": [{"InChIKey": "CURLTUGMZLYLDI-UHFFFAOYSA-N", "composition": 1, "adsorption": 4.75347}]}, {"pressure": 20.4584, "total_adsorption": 4.9741, "species_data": [{"InChIKey": "CURLTUGMZLYLDI-UHFFFAOYSA-N", "composition": 1, "adsorption": 4.9741}]}, {"pressure": 25.4497, "total_adsorption": 5.12372, "species_data": [{"InChIKey": "CURLTUGMZLYLDI-UHFFFAOYSA-N", "composition": 1, "adsorption": 5.12372}]}, {"pressure": 30.5416, "total_adsorption": 5.3177, "species_data": [{"InChIKey": "CURLTUGMZLYLDI-UHFFFAOYSA-N", "composition": 1, "adsorption": 5.3177}]}]}