{"filename": "10.1016j.micromeso.2012.01.033.Isotherm6", "DOI": "10.1016/j.micromeso.2012.01.033", "articleSource": "UNKNOWN", "date": "1000-01-01", "digitizer": "UNKNOWN", "adsorbent": {"hashkey": "NIST-MATDB-a802c8f06888bfc869dfc25af5ada337", "name": "Zn(BDC)(DABCO)0.5"}, "adsorbates": [{"InChIKey": "CTQNGGLPUBDAKN-UHFFFAOYSA-N", "name": "O-Xylene"}], "category": "", "temperature": 448, "isotherm_type": "", "adsorptionUnits": "mmol/g", "pressureUnits": "bar", "compositionType": "molefraction", "concentrationUnits": "", "isotherm_data": [{"pressure": 0.000451456, "total_adsorption": 0.201189, "species_data": [{"InChIKey": "CTQNGGLPUBDAKN-UHFFFAOYSA-N", "composition": 1, "adsorption": 0.201189}]}, {"pressure": 0.00176214, "total_adsorption": 0.420668, "species_data": [{"InChIKey": "CTQNGGLPUBDAKN-UHFFFAOYSA-N", "composition": 1, "adsorption": 0.420668}]}, {"pressure": 0.00307074, "total_adsorption": 0.621857, "species_data": [{"InChIKey": "CTQNGGLPUBDAKN-UHFFFAOYSA-N", "composition": 1, "adsorption": 0.621857}]}, {"pressure": 0.00438558, "total_adsorption": 0.877915, "species_data": [{"InChIKey": "CTQNGGLPUBDAKN-UHFFFAOYSA-N", "composition": 1, "adsorption": 0.877915}]}, {"pressure": 0.00655132, "total_adsorption": 1.0791, "species_data": [{"InChIKey": "CTQNGGLPUBDAKN-UHFFFAOYSA-N", "composition": 1, "adsorption": 1.0791}]}, {"pressure": 0.00871706, "total_adsorption": 1.28029, "species_data": [{"InChIKey": "CTQNGGLPUBDAKN-UHFFFAOYSA-N", "composition": 1, "adsorption": 1.28029}]}, {"pressure": 0.0113051, "total_adsorption": 1.42661, "species_data": [{"InChIKey": "CTQNGGLPUBDAKN-UHFFFAOYSA-N", "composition": 1, "adsorption": 1.42661}]}, {"pressure": 0.0147545, "total_adsorption": 1.60951, "species_data": [{"InChIKey": "CTQNGGLPUBDAKN-UHFFFAOYSA-N", "composition": 1, "adsorption": 1.60951}]}, {"pressure": 0.0207732, "total_adsorption": 1.77412, "species_data": [{"InChIKey": "CTQNGGLPUBDAKN-UHFFFAOYSA-N", "composition": 1, "adsorption": 1.77412}]}, {"pressure": 0.0250693, "total_adsorption": 1.86557, "species_data": [{"InChIKey": "CTQNGGLPUBDAKN-UHFFFAOYSA-N", "composition": 1, "adsorption": 1.86557}]}, {"pressure": 0.0332268, "total_adsorption": 1.9936, "species_data": [{"InChIKey": "CTQNGGLPUBDAKN-UHFFFAOYSA-N", "composition": 1, "adsorption": 1.9936}]}, {"pressure": 0.0448128, "total_adsorption": 2.12163, "species_data": [{"InChIKey": "CTQNGGLPUBDAKN-UHFFFAOYSA-N", "composition": 1, "adsorption": 2.12163}]}, {"pressure": 0.0508169, "total_adsorption": 2.15821, "species_data": [{"InChIKey": "CTQNGGLPUBDAKN-UHFFFAOYSA-N", "composition": 1, "adsorption": 2.15821}]}, {"pressure": 0.0568232, "total_adsorption": 2.21308, "species_data": [{"InChIKey": "CTQNGGLPUBDAKN-UHFFFAOYSA-N", "composition": 1, "adsorption": 2.21308}]}, {"pressure": 0.0632517, "total_adsorption": 2.21308, "species_data": [{"InChIKey": "CTQNGGLPUBDAKN-UHFFFAOYSA-N", "composition": 1, "adsorption": 2.21308}]}, {"pressure": 0.0688252, "total_adsorption": 2.23137, "species_data": [{"InChIKey": "CTQNGGLPUBDAKN-UHFFFAOYSA-N", "composition": 1, "adsorption": 2.23137}]}, {"pressure": 0.0786865, "total_adsorption": 2.26795, "species_data": [{"InChIKey": "CTQNGGLPUBDAKN-UHFFFAOYSA-N", "composition": 1, "adsorption": 2.26795}]}, {"pressure": 0.0894071, "total_adsorption": 2.32282, "species_data": [{"InChIKey": "CTQNGGLPUBDAKN-UHFFFAOYSA-N", "composition": 1, "adsorption": 2.32282}]}, {"pressure": 0.0936928, "total_adsorption": 2.32282, "species_data": [{"InChIKey": "CTQNGGLPUBDAKN-UHFFFAOYSA-N", "composition": 1, "adsorption": 2.32282}]}, {"pressure": 0.0971234, "total_adsorption": 2.34111, "species_data": [{"InChIKey": "CTQNGGLPUBDAKN-UHFFFAOYSA-N", "composition": 1, "adsorption": 2.34111}]}, {"pressure": 0.101409, "total_adsorption": 2.34111, "species_data": [{"InChIKey": "CTQNGGLPUBDAKN-UHFFFAOYSA-N", "composition": 1, "adsorption": 2.34111}]}, {"pressure": 0.106126, "total_adsorption": 2.3594, "species_data": [{"InChIKey": "CTQNGGLPUBDAKN-UHFFFAOYSA-N", "composition": 1, "adsorption": 2.3594}]}, {"pressure": 0.110411, "total_adsorption": 2.3594, "species_data": [{"InChIKey": "CTQNGGLPUBDAKN-UHFFFAOYSA-N", "composition": 1, "adsorption": 2.3594}]}, {"pressure": 0.11427, "total_adsorption": 2.37769, "species_data": [{"InChIKey": "CTQNGGLPUBDAKN-UHFFFAOYSA-N", "composition": 1, "adsorption": 2.37769}]}]}