{"isotherm_data":[{"pressure":0.0171555,"total_adsorption":1.86877,"species_data":[{"composition":1,"adsorption":1.86877,"InChIKey":"ATUOYWHBWRKTHZ-UHFFFAOYSA-N"}]},{"pressure":0.0194949,"total_adsorption":1.50997,"species_data":[{"composition":1,"adsorption":1.50997,"InChIKey":"ATUOYWHBWRKTHZ-UHFFFAOYSA-N"}]},{"pressure":0.023004,"total_adsorption":0.971761,"species_data":[{"composition":1,"adsorption":0.971761,"InChIKey":"ATUOYWHBWRKTHZ-UHFFFAOYSA-N"}]},{"pressure":0.0746655,"total_adsorption":2.04817,"species_data":[{"composition":1,"adsorption":2.04817,"InChIKey":"ATUOYWHBWRKTHZ-UHFFFAOYSA-N"}]},{"pressure":0.103226,"total_adsorption":2.16777,"species_data":[{"composition":1,"adsorption":2.16777,"InChIKey":"ATUOYWHBWRKTHZ-UHFFFAOYSA-N"}]},{"pressure":0.306168,"total_adsorption":2.54153,"species_data":[{"composition":1,"adsorption":2.54153,"InChIKey":"ATUOYWHBWRKTHZ-UHFFFAOYSA-N"}]},{"pressure":0.510767,"total_adsorption":2.66113,"species_data":[{"composition":1,"adsorption":2.66113,"InChIKey":"ATUOYWHBWRKTHZ-UHFFFAOYSA-N"}]},{"pressure":0.744901,"total_adsorption":2.75083,"species_data":[{"composition":1,"adsorption":2.75083,"InChIKey":"ATUOYWHBWRKTHZ-UHFFFAOYSA-N"}]},{"pressure":1.00857,"total_adsorption":2.81063,"species_data":[{"composition":1,"adsorption":2.81063,"InChIKey":"ATUOYWHBWRKTHZ-UHFFFAOYSA-N"}]},{"pressure":2.03449,"total_adsorption":2.96013,"species_data":[{"composition":1,"adsorption":2.96013,"InChIKey":"ATUOYWHBWRKTHZ-UHFFFAOYSA-N"}]},{"pressure":2.53307,"total_adsorption":2.99003,"species_data":[{"composition":1,"adsorption":2.99003,"InChIKey":"ATUOYWHBWRKTHZ-UHFFFAOYSA-N"}]},{"pressure":3.03156,"total_adsorption":3.03488,"species_data":[{"composition":1,"adsorption":3.03488,"InChIKey":"ATUOYWHBWRKTHZ-UHFFFAOYSA-N"}]},{"pressure":4.02882,"total_adsorption":3.07973,"species_data":[{"composition":1,"adsorption":3.07973,"InChIKey":"ATUOYWHBWRKTHZ-UHFFFAOYSA-N"}]},{"pressure":5.05552,"total_adsorption":3.10963,"species_data":[{"composition":1,"adsorption":3.10963,"InChIKey":"ATUOYWHBWRKTHZ-UHFFFAOYSA-N"}]},{"pressure":6.02344,"total_adsorption":3.15449,"species_data":[{"composition":1,"adsorption":3.15449,"InChIKey":"ATUOYWHBWRKTHZ-UHFFFAOYSA-N"}]},{"pressure":6.99156,"total_adsorption":3.16944,"species_data":[{"composition":1,"adsorption":3.16944,"InChIKey":"ATUOYWHBWRKTHZ-UHFFFAOYSA-N"}]},{"pressure":8.01826,"total_adsorption":3.19934,"species_data":[{"composition":1,"adsorption":3.19934,"InChIKey":"ATUOYWHBWRKTHZ-UHFFFAOYSA-N"}]},{"pressure":8.98628,"total_adsorption":3.22924,"species_data":[{"composition":1,"adsorption":3.22924,"InChIKey":"ATUOYWHBWRKTHZ-UHFFFAOYSA-N"}]},{"pressure":10.0131,"total_adsorption":3.24419,"species_data":[{"composition":1,"adsorption":3.24419,"InChIKey":"ATUOYWHBWRKTHZ-UHFFFAOYSA-N"}]}],"temperature":303,"articleSource":"UNKNOWN","compositionType":"molefraction","adsorbates":[{"name":"N-propane","InChIKey":"ATUOYWHBWRKTHZ-UHFFFAOYSA-N"}],"adsorptionUnits":"molecules/unitcell","date":"1000-01-01","category":"","digitizer":"UNKNOWN","pressureUnits":"bar","DOI":"10.1021/Jp205369t","adsorbent":{"name":"MIL-53(Fe)-Br","hashkey":"NIST-MATDB-c2ffee037e058a74e93de7f891e25331"},"concentrationUnits":"","filename":"10.1021Jp205369t.Isotherm36","isotherm_type":""}