{"isotherm_data":[{"pressure":9.687,"total_adsorption":null,"species_data":[{"composition":1,"adsorption":0.5051,"InChIKey":"VNWKTOKETHGBQD-UHFFFAOYSA-N"}]},{"pressure":19.375,"total_adsorption":null,"species_data":[{"composition":1,"adsorption":0.9775,"InChIKey":"VNWKTOKETHGBQD-UHFFFAOYSA-N"}]},{"pressure":29.421,"total_adsorption":null,"species_data":[{"composition":1,"adsorption":1.3028,"InChIKey":"VNWKTOKETHGBQD-UHFFFAOYSA-N"}]},{"pressure":38.519,"total_adsorption":null,"species_data":[{"composition":1,"adsorption":1.6855,"InChIKey":"VNWKTOKETHGBQD-UHFFFAOYSA-N"}]},{"pressure":48.329,"total_adsorption":null,"species_data":[{"composition":1,"adsorption":2.019,"InChIKey":"VNWKTOKETHGBQD-UHFFFAOYSA-N"}]},{"pressure":57.902,"total_adsorption":null,"species_data":[{"composition":1,"adsorption":2.3117,"InChIKey":"VNWKTOKETHGBQD-UHFFFAOYSA-N"}]},{"pressure":67.357,"total_adsorption":null,"species_data":[{"composition":1,"adsorption":2.6289,"InChIKey":"VNWKTOKETHGBQD-UHFFFAOYSA-N"}]},{"pressure":76.576,"total_adsorption":null,"species_data":[{"composition":1,"adsorption":2.938,"InChIKey":"VNWKTOKETHGBQD-UHFFFAOYSA-N"}]},{"pressure":86.15,"total_adsorption":null,"species_data":[{"composition":1,"adsorption":3.198,"InChIKey":"VNWKTOKETHGBQD-UHFFFAOYSA-N"}]},{"pressure":95.963,"total_adsorption":null,"species_data":[{"composition":1,"adsorption":3.3844,"InChIKey":"VNWKTOKETHGBQD-UHFFFAOYSA-N"}]},{"pressure":105.538,"total_adsorption":null,"species_data":[{"composition":1,"adsorption":3.6118,"InChIKey":"VNWKTOKETHGBQD-UHFFFAOYSA-N"}]},{"pressure":114.757,"total_adsorption":null,"species_data":[{"composition":1,"adsorption":3.929,"InChIKey":"VNWKTOKETHGBQD-UHFFFAOYSA-N"}]},{"pressure":124.214,"total_adsorption":null,"species_data":[{"composition":1,"adsorption":4.1564,"InChIKey":"VNWKTOKETHGBQD-UHFFFAOYSA-N"}]},{"pressure":132.961,"total_adsorption":null,"species_data":[{"composition":1,"adsorption":4.3757,"InChIKey":"VNWKTOKETHGBQD-UHFFFAOYSA-N"}]},{"pressure":142.774,"total_adsorption":null,"species_data":[{"composition":1,"adsorption":4.554,"InChIKey":"VNWKTOKETHGBQD-UHFFFAOYSA-N"}]},{"pressure":152.587,"total_adsorption":null,"species_data":[{"composition":1,"adsorption":4.7404,"InChIKey":"VNWKTOKETHGBQD-UHFFFAOYSA-N"}]},{"pressure":161.69,"total_adsorption":null,"species_data":[{"composition":1,"adsorption":4.9188,"InChIKey":"VNWKTOKETHGBQD-UHFFFAOYSA-N"}]},{"pressure":171.386,"total_adsorption":null,"species_data":[{"composition":1,"adsorption":5.0562,"InChIKey":"VNWKTOKETHGBQD-UHFFFAOYSA-N"}]},{"pressure":180.961,"total_adsorption":null,"species_data":[{"composition":1,"adsorption":5.2836,"InChIKey":"VNWKTOKETHGBQD-UHFFFAOYSA-N"}]},{"pressure":191.141,"total_adsorption":null,"species_data":[{"composition":1,"adsorption":5.4594,"InChIKey":"VNWKTOKETHGBQD-UHFFFAOYSA-N"}]},{"pressure":200.713,"total_adsorption":null,"species_data":[{"composition":1,"adsorption":5.6266,"InChIKey":"VNWKTOKETHGBQD-UHFFFAOYSA-N"}]}],"temperature":363,"articleSource":"Figure 12","compositionType":"molefraction","adsorbates":[{"name":"Methane","InChIKey":"VNWKTOKETHGBQD-UHFFFAOYSA-N"}],"adsorptionUnits":"molecules/unitcell","date":"2019-06-28","category":"exp","digitizer":"Gabrielle Magid","pressureUnits":"bar","DOI":"10.1039/c7cp02993d","adsorbent":{"name":"C214H180O24N2","hashkey":"NIST-MATDB-3b0ab976116044bd11735a36748b3eb6"},"concentrationUnits":"","filename":"10.1039c7cp02993d.Isotherm33","isotherm_type":""}