{"isotherm_data":[{"pressure":0.63986,"total_adsorption":2.73493,"species_data":[{"composition":1,"adsorption":2.73493,"InChIKey":"UFHFLCQGNIYNRP-UHFFFAOYSA-N"}]},{"pressure":0.864866,"total_adsorption":4.92319,"species_data":[{"composition":1,"adsorption":4.92319,"InChIKey":"UFHFLCQGNIYNRP-UHFFFAOYSA-N"}]},{"pressure":2.53734,"total_adsorption":8.5324,"species_data":[{"composition":1,"adsorption":8.5324,"InChIKey":"UFHFLCQGNIYNRP-UHFFFAOYSA-N"}]},{"pressure":2.96023,"total_adsorption":9.95446,"species_data":[{"composition":1,"adsorption":9.95446,"InChIKey":"UFHFLCQGNIYNRP-UHFFFAOYSA-N"}]},{"pressure":4.2048,"total_adsorption":11.5945,"species_data":[{"composition":1,"adsorption":11.5945,"InChIKey":"UFHFLCQGNIYNRP-UHFFFAOYSA-N"}]},{"pressure":5.44434,"total_adsorption":12.6874,"species_data":[{"composition":1,"adsorption":12.6874,"InChIKey":"UFHFLCQGNIYNRP-UHFFFAOYSA-N"}]},{"pressure":6.68287,"total_adsorption":13.6708,"species_data":[{"composition":1,"adsorption":13.6708,"InChIKey":"UFHFLCQGNIYNRP-UHFFFAOYSA-N"}]},{"pressure":7.51258,"total_adsorption":14.7642,"species_data":[{"composition":1,"adsorption":14.7642,"InChIKey":"UFHFLCQGNIYNRP-UHFFFAOYSA-N"}]},{"pressure":9.56877,"total_adsorption":15.5279,"species_data":[{"composition":1,"adsorption":15.5279,"InChIKey":"UFHFLCQGNIYNRP-UHFFFAOYSA-N"}]},{"pressure":11.2141,"total_adsorption":16.1827,"species_data":[{"composition":1,"adsorption":16.1827,"InChIKey":"UFHFLCQGNIYNRP-UHFFFAOYSA-N"}]},{"pressure":12.4517,"total_adsorption":17.0567,"species_data":[{"composition":1,"adsorption":17.0567,"InChIKey":"UFHFLCQGNIYNRP-UHFFFAOYSA-N"}]},{"pressure":13.8911,"total_adsorption":17.6023,"species_data":[{"composition":1,"adsorption":17.6023,"InChIKey":"UFHFLCQGNIYNRP-UHFFFAOYSA-N"}]},{"pressure":15.7404,"total_adsorption":18.1474,"species_data":[{"composition":1,"adsorption":18.1474,"InChIKey":"UFHFLCQGNIYNRP-UHFFFAOYSA-N"}]},{"pressure":17.9985,"total_adsorption":18.5826,"species_data":[{"composition":1,"adsorption":18.5826,"InChIKey":"UFHFLCQGNIYNRP-UHFFFAOYSA-N"}]},{"pressure":19.4369,"total_adsorption":19.0187,"species_data":[{"composition":1,"adsorption":19.0187,"InChIKey":"UFHFLCQGNIYNRP-UHFFFAOYSA-N"}]},{"pressure":20.6704,"total_adsorption":19.4551,"species_data":[{"composition":1,"adsorption":19.4551,"InChIKey":"UFHFLCQGNIYNRP-UHFFFAOYSA-N"}]},{"pressure":22.9255,"total_adsorption":19.562,"species_data":[{"composition":1,"adsorption":19.562,"InChIKey":"UFHFLCQGNIYNRP-UHFFFAOYSA-N"}]},{"pressure":26.2102,"total_adsorption":20.215,"species_data":[{"composition":1,"adsorption":20.215,"InChIKey":"UFHFLCQGNIYNRP-UHFFFAOYSA-N"}]},{"pressure":29.4938,"total_adsorption":20.7585,"species_data":[{"composition":1,"adsorption":20.7585,"InChIKey":"UFHFLCQGNIYNRP-UHFFFAOYSA-N"}]},{"pressure":32.7765,"total_adsorption":21.1926,"species_data":[{"composition":1,"adsorption":21.1926,"InChIKey":"UFHFLCQGNIYNRP-UHFFFAOYSA-N"}]},{"pressure":36.6719,"total_adsorption":21.4072,"species_data":[{"composition":1,"adsorption":21.4072,"InChIKey":"UFHFLCQGNIYNRP-UHFFFAOYSA-N"}]},{"pressure":40.9772,"total_adsorption":21.6214,"species_data":[{"composition":1,"adsorption":21.6214,"InChIKey":"UFHFLCQGNIYNRP-UHFFFAOYSA-N"}]},{"pressure":44.8726,"total_adsorption":21.836,"species_data":[{"composition":1,"adsorption":21.836,"InChIKey":"UFHFLCQGNIYNRP-UHFFFAOYSA-N"}]},{"pressure":49.5856,"total_adsorption":21.8308,"species_data":[{"composition":1,"adsorption":21.8308,"InChIKey":"UFHFLCQGNIYNRP-UHFFFAOYSA-N"}]},{"pressure":55.937,"total_adsorption":21.7144,"species_data":[{"composition":1,"adsorption":21.7144,"InChIKey":"UFHFLCQGNIYNRP-UHFFFAOYSA-N"}]},{"pressure":57.9862,"total_adsorption":21.7122,"species_data":[{"composition":1,"adsorption":21.7122,"InChIKey":"UFHFLCQGNIYNRP-UHFFFAOYSA-N"}]},{"pressure":60.4452,"total_adsorption":21.7095,"species_data":[{"composition":1,"adsorption":21.7095,"InChIKey":"UFHFLCQGNIYNRP-UHFFFAOYSA-N"}]},{"pressure":65.1573,"total_adsorption":21.5949,"species_data":[{"composition":1,"adsorption":21.5949,"InChIKey":"UFHFLCQGNIYNRP-UHFFFAOYSA-N"}]},{"pressure":69.4595,"total_adsorption":21.4808,"species_data":[{"composition":1,"adsorption":21.4808,"InChIKey":"UFHFLCQGNIYNRP-UHFFFAOYSA-N"}]},{"pressure":71.9165,"total_adsorption":21.2592,"species_data":[{"composition":1,"adsorption":21.2592,"InChIKey":"UFHFLCQGNIYNRP-UHFFFAOYSA-N"}]},{"pressure":74.3745,"total_adsorption":21.1471,"species_data":[{"composition":1,"adsorption":21.1471,"InChIKey":"UFHFLCQGNIYNRP-UHFFFAOYSA-N"}]},{"pressure":76.8334,"total_adsorption":21.1444,"species_data":[{"composition":1,"adsorption":21.1444,"InChIKey":"UFHFLCQGNIYNRP-UHFFFAOYSA-N"}]},{"pressure":81.9533,"total_adsorption":20.8106,"species_data":[{"composition":1,"adsorption":20.8106,"InChIKey":"UFHFLCQGNIYNRP-UHFFFAOYSA-N"}]},{"pressure":87.0752,"total_adsorption":20.6955,"species_data":[{"composition":1,"adsorption":20.6955,"InChIKey":"UFHFLCQGNIYNRP-UHFFFAOYSA-N"}]},{"pressure":91.5804,"total_adsorption":20.3623,"species_data":[{"composition":1,"adsorption":20.3623,"InChIKey":"UFHFLCQGNIYNRP-UHFFFAOYSA-N"}]},{"pressure":96.9052,"total_adsorption":20.0282,"species_data":[{"composition":1,"adsorption":20.0282,"InChIKey":"UFHFLCQGNIYNRP-UHFFFAOYSA-N"}]},{"pressure":99.773,"total_adsorption":19.9156,"species_data":[{"composition":1,"adsorption":19.9156,"InChIKey":"UFHFLCQGNIYNRP-UHFFFAOYSA-N"}]},{"pressure":102.639,"total_adsorption":19.5842,"species_data":[{"composition":1,"adsorption":19.5842,"InChIKey":"UFHFLCQGNIYNRP-UHFFFAOYSA-N"}]}],"temperature":77,"articleSource":"UNKNOWN","compositionType":"molefraction","adsorbates":[{"name":"Hydrogen","InChIKey":"UFHFLCQGNIYNRP-UHFFFAOYSA-N"}],"adsorptionUnits":"mmol/g","date":"1000-01-01","category":"","digitizer":"UNKNOWN","pressureUnits":"bar","DOI":"10.1039/C2cc17168f","adsorbent":{"name":"PCN-53","hashkey":"NIST-MATDB-53139b1e3f2cd1225de4a47fba252e59"},"concentrationUnits":"","filename":"10.1039C2cc17168f.Isotherm9","isotherm_type":""}