{"filename": "10.1016j.cattod.2012.08.014.isotherm5", "DOI": "10.1016/j.cattod.2012.08.014", "articleSource": "UNKNOWN", "date": "1000-01-01", "digitizer": "UNKNOWN", "adsorbent": {"hashkey": "NIST-MATDB-fac679eed16cc9e5cce478f0e847f292", "name": "MIL-125"}, "adsorbates": [{"InChIKey": "CURLTUGMZLYLDI-UHFFFAOYSA-N", "name": "Carbon Dioxide"}], "category": "", "temperature": 298, "isotherm_type": "", "adsorptionUnits": "mg/g", "pressureUnits": "bar", "compositionType": "molefraction", "concentrationUnits": "", "isotherm_data": [{"pressure": 0.114069, "total_adsorption": 10.9193, "species_data": [{"InChIKey": "CURLTUGMZLYLDI-UHFFFAOYSA-N", "composition": 1, "adsorption": 10.9193}]}, {"pressure": 0.264773, "total_adsorption": 25.0038, "species_data": [{"InChIKey": "CURLTUGMZLYLDI-UHFFFAOYSA-N", "composition": 1, "adsorption": 25.0038}]}, {"pressure": 0.350689, "total_adsorption": 31.3418, "species_data": [{"InChIKey": "CURLTUGMZLYLDI-UHFFFAOYSA-N", "composition": 1, "adsorption": 31.3418}]}, {"pressure": 0.418295, "total_adsorption": 36.9756, "species_data": [{"InChIKey": "CURLTUGMZLYLDI-UHFFFAOYSA-N", "composition": 1, "adsorption": 36.9756}]}, {"pressure": 0.476041, "total_adsorption": 41.9052, "species_data": [{"InChIKey": "CURLTUGMZLYLDI-UHFFFAOYSA-N", "composition": 1, "adsorption": 41.9052}]}, {"pressure": 0.533788, "total_adsorption": 47.1869, "species_data": [{"InChIKey": "CURLTUGMZLYLDI-UHFFFAOYSA-N", "composition": 1, "adsorption": 47.1869}]}, {"pressure": 0.597168, "total_adsorption": 53.1728, "species_data": [{"InChIKey": "CURLTUGMZLYLDI-UHFFFAOYSA-N", "composition": 1, "adsorption": 53.1728}]}, {"pressure": 0.656323, "total_adsorption": 58.4545, "species_data": [{"InChIKey": "CURLTUGMZLYLDI-UHFFFAOYSA-N", "composition": 1, "adsorption": 58.4545}]}, {"pressure": 0.719703, "total_adsorption": 64.0883, "species_data": [{"InChIKey": "CURLTUGMZLYLDI-UHFFFAOYSA-N", "composition": 1, "adsorption": 64.0883}]}, {"pressure": 0.77745, "total_adsorption": 69.37, "species_data": [{"InChIKey": "CURLTUGMZLYLDI-UHFFFAOYSA-N", "composition": 1, "adsorption": 69.37}]}, {"pressure": 0.871816, "total_adsorption": 77.1165, "species_data": [{"InChIKey": "CURLTUGMZLYLDI-UHFFFAOYSA-N", "composition": 1, "adsorption": 77.1165}]}, {"pressure": 0.923928, "total_adsorption": 81.694, "species_data": [{"InChIKey": "CURLTUGMZLYLDI-UHFFFAOYSA-N", "composition": 1, "adsorption": 81.694}]}, {"pressure": 0.971816, "total_adsorption": 85.5672, "species_data": [{"InChIKey": "CURLTUGMZLYLDI-UHFFFAOYSA-N", "composition": 1, "adsorption": 85.5672}]}, {"pressure": 1.02815, "total_adsorption": 90.4968, "species_data": [{"InChIKey": "CURLTUGMZLYLDI-UHFFFAOYSA-N", "composition": 1, "adsorption": 90.4968}]}]}