{"filename": "10.1039C3cc48556k.Isotherm4", "DOI": "10.1039/C3cc48556k", "articleSource": "UNKNOWN", "date": "1000-01-01", "digitizer": "UNKNOWN", "adsorbent": {"hashkey": "NIST-MATDB-7197d409b92aa6e930558f99353d69f9", "name": "FJI-3"}, "adsorbates": [{"InChIKey": "IJGRMHOSHXDMSA-UHFFFAOYSA-N", "name": "Nitrogen"}], "category": "", "temperature": 87, "isotherm_type": "", "adsorptionUnits": "cm3(STP)/g", "pressureUnits": "bar", "compositionType": "molefraction", "concentrationUnits": "", "isotherm_data": [{"pressure": 0.0540641, "total_adsorption": 14.6725, "species_data": [{"InChIKey": "IJGRMHOSHXDMSA-UHFFFAOYSA-N", "composition": 1, "adsorption": 14.6725}]}, {"pressure": 0.0727697, "total_adsorption": 20.3802, "species_data": [{"InChIKey": "IJGRMHOSHXDMSA-UHFFFAOYSA-N", "composition": 1, "adsorption": 20.3802}]}, {"pressure": 0.09565, "total_adsorption": 26.0847, "species_data": [{"InChIKey": "IJGRMHOSHXDMSA-UHFFFAOYSA-N", "composition": 1, "adsorption": 26.0847}]}, {"pressure": 0.312304, "total_adsorption": 56.1639, "species_data": [{"InChIKey": "IJGRMHOSHXDMSA-UHFFFAOYSA-N", "composition": 1, "adsorption": 56.1639}]}, {"pressure": 0.766889, "total_adsorption": 87.2869, "species_data": [{"InChIKey": "IJGRMHOSHXDMSA-UHFFFAOYSA-N", "composition": 1, "adsorption": 87.2869}]}, {"pressure": 0.996351, "total_adsorption": 96.9203, "species_data": [{"InChIKey": "IJGRMHOSHXDMSA-UHFFFAOYSA-N", "composition": 1, "adsorption": 96.9203}]}, {"pressure": 1.02764, "total_adsorption": 98.5312, "species_data": [{"InChIKey": "IJGRMHOSHXDMSA-UHFFFAOYSA-N", "composition": 1, "adsorption": 98.5312}]}, {"pressure": 1.05475, "total_adsorption": 100.145, "species_data": [{"InChIKey": "IJGRMHOSHXDMSA-UHFFFAOYSA-N", "composition": 1, "adsorption": 100.145}]}]}