{"isotherm_data":[{"pressure":0.115727,"total_adsorption":0.84507,"species_data":[{"composition":1,"adsorption":0.84507,"InChIKey":"UGFAIRIUMAVXCW-UHFFFAOYSA-N"}]},{"pressure":0.166172,"total_adsorption":1.40845,"species_data":[{"composition":1,"adsorption":1.40845,"InChIKey":"UGFAIRIUMAVXCW-UHFFFAOYSA-N"}]},{"pressure":0.219585,"total_adsorption":1.69014,"species_data":[{"composition":1,"adsorption":1.69014,"InChIKey":"UGFAIRIUMAVXCW-UHFFFAOYSA-N"}]},{"pressure":0.267062,"total_adsorption":1.83099,"species_data":[{"composition":1,"adsorption":1.83099,"InChIKey":"UGFAIRIUMAVXCW-UHFFFAOYSA-N"}]},{"pressure":0.31454,"total_adsorption":2.11268,"species_data":[{"composition":1,"adsorption":2.11268,"InChIKey":"UGFAIRIUMAVXCW-UHFFFAOYSA-N"}]},{"pressure":0.391691,"total_adsorption":2.11268,"species_data":[{"composition":1,"adsorption":2.11268,"InChIKey":"UGFAIRIUMAVXCW-UHFFFAOYSA-N"}]},{"pressure":0.439169,"total_adsorption":2.39437,"species_data":[{"composition":1,"adsorption":2.39437,"InChIKey":"UGFAIRIUMAVXCW-UHFFFAOYSA-N"}]},{"pressure":0.492582,"total_adsorption":2.39437,"species_data":[{"composition":1,"adsorption":2.39437,"InChIKey":"UGFAIRIUMAVXCW-UHFFFAOYSA-N"}]},{"pressure":0.545994,"total_adsorption":2.8169,"species_data":[{"composition":1,"adsorption":2.8169,"InChIKey":"UGFAIRIUMAVXCW-UHFFFAOYSA-N"}]},{"pressure":0.590504,"total_adsorption":2.95775,"species_data":[{"composition":1,"adsorption":2.95775,"InChIKey":"UGFAIRIUMAVXCW-UHFFFAOYSA-N"}]},{"pressure":0.646884,"total_adsorption":3.09859,"species_data":[{"composition":1,"adsorption":3.09859,"InChIKey":"UGFAIRIUMAVXCW-UHFFFAOYSA-N"}]},{"pressure":0.697329,"total_adsorption":3.52113,"species_data":[{"composition":1,"adsorption":3.52113,"InChIKey":"UGFAIRIUMAVXCW-UHFFFAOYSA-N"}]},{"pressure":0.744807,"total_adsorption":3.66197,"species_data":[{"composition":1,"adsorption":3.66197,"InChIKey":"UGFAIRIUMAVXCW-UHFFFAOYSA-N"}]},{"pressure":0.79822,"total_adsorption":3.94366,"species_data":[{"composition":1,"adsorption":3.94366,"InChIKey":"UGFAIRIUMAVXCW-UHFFFAOYSA-N"}]},{"pressure":0.848665,"total_adsorption":3.94366,"species_data":[{"composition":1,"adsorption":3.94366,"InChIKey":"UGFAIRIUMAVXCW-UHFFFAOYSA-N"}]},{"pressure":0.89911,"total_adsorption":4.22535,"species_data":[{"composition":1,"adsorption":4.22535,"InChIKey":"UGFAIRIUMAVXCW-UHFFFAOYSA-N"}]},{"pressure":0.949555,"total_adsorption":4.50704,"species_data":[{"composition":1,"adsorption":4.50704,"InChIKey":"UGFAIRIUMAVXCW-UHFFFAOYSA-N"}]},{"pressure":1,"total_adsorption":4.50704,"species_data":[{"composition":1,"adsorption":4.50704,"InChIKey":"UGFAIRIUMAVXCW-UHFFFAOYSA-N"}]}],"temperature":273,"articleSource":"UNKNOWN","compositionType":"molefraction","adsorbates":[{"name":"Carbon monoxide","InChIKey":"UGFAIRIUMAVXCW-UHFFFAOYSA-N"}],"adsorptionUnits":"cm3(STP)/g","date":"1000-01-01","category":"","digitizer":"UNKNOWN","pressureUnits":"bar","DOI":"10.1039/C2ra22118g","adsorbent":{"name":"H1/3[(Co^II13/2(BTB)4(OH)4/3(DMA)3]-2DMA-4H2O","hashkey":"NIST-MATDB-3fcb6a1791c5bc4d3c3626d33b997f2e"},"concentrationUnits":"","filename":"10.1039C2ra22118g.Isotherm13","isotherm_type":""}