{"filename": "10.1021Ja802474b.isotherm11", "DOI": "10.1021/Ja802474b", "articleSource": "UNKNOWN", "date": "1000-01-01", "digitizer": "UNKNOWN", "adsorbent": {"hashkey": "NIST-MATDB-2d66f217cfb755bb09f32b72eec35b0f", "name": "NiBpeneNiCN"}, "adsorbates": [{"InChIKey": "IJGRMHOSHXDMSA-UHFFFAOYSA-N", "name": "Nitrogen"}], "category": "", "temperature": 195, "isotherm_type": "", "adsorptionUnits": "mg/g", "pressureUnits": "bar", "compositionType": "molefraction", "concentrationUnits": "", "isotherm_data": [{"pressure": 0.109505, "total_adsorption": 0.0101432, "species_data": [{"InChIKey": "IJGRMHOSHXDMSA-UHFFFAOYSA-N", "composition": 1, "adsorption": 0.0101432}]}, {"pressure": 2.20698, "total_adsorption": 0.15216, "species_data": [{"InChIKey": "IJGRMHOSHXDMSA-UHFFFAOYSA-N", "composition": 1, "adsorption": 0.15216}]}, {"pressure": 6.79522, "total_adsorption": 0.212244, "species_data": [{"InChIKey": "IJGRMHOSHXDMSA-UHFFFAOYSA-N", "composition": 1, "adsorption": 0.212244}]}, {"pressure": 11.2524, "total_adsorption": 0.321488, "species_data": [{"InChIKey": "IJGRMHOSHXDMSA-UHFFFAOYSA-N", "composition": 1, "adsorption": 0.321488}]}, {"pressure": 13.2187, "total_adsorption": 0.348799, "species_data": [{"InChIKey": "IJGRMHOSHXDMSA-UHFFFAOYSA-N", "composition": 1, "adsorption": 0.348799}]}, {"pressure": 17.6759, "total_adsorption": 0.458042, "species_data": [{"InChIKey": "IJGRMHOSHXDMSA-UHFFFAOYSA-N", "composition": 1, "adsorption": 0.458042}]}, {"pressure": 19.7734, "total_adsorption": 0.447118, "species_data": [{"InChIKey": "IJGRMHOSHXDMSA-UHFFFAOYSA-N", "composition": 1, "adsorption": 0.447118}]}, {"pressure": 23.7061, "total_adsorption": 0.605521, "species_data": [{"InChIKey": "IJGRMHOSHXDMSA-UHFFFAOYSA-N", "composition": 1, "adsorption": 0.605521}]}, {"pressure": 25.5414, "total_adsorption": 0.725689, "species_data": [{"InChIKey": "IJGRMHOSHXDMSA-UHFFFAOYSA-N", "composition": 1, "adsorption": 0.725689}]}, {"pressure": 29.3431, "total_adsorption": 1.33199, "species_data": [{"InChIKey": "IJGRMHOSHXDMSA-UHFFFAOYSA-N", "composition": 1, "adsorption": 1.33199}]}, {"pressure": 31.1784, "total_adsorption": 1.55594, "species_data": [{"InChIKey": "IJGRMHOSHXDMSA-UHFFFAOYSA-N", "composition": 1, "adsorption": 1.55594}]}, {"pressure": 37.0776, "total_adsorption": 1.93829, "species_data": [{"InChIKey": "IJGRMHOSHXDMSA-UHFFFAOYSA-N", "composition": 1, "adsorption": 1.93829}]}, {"pressure": 42.4524, "total_adsorption": 2.15678, "species_data": [{"InChIKey": "IJGRMHOSHXDMSA-UHFFFAOYSA-N", "composition": 1, "adsorption": 2.15678}]}, {"pressure": 50.7112, "total_adsorption": 2.19502, "species_data": [{"InChIKey": "IJGRMHOSHXDMSA-UHFFFAOYSA-N", "composition": 1, "adsorption": 2.19502}]}, {"pressure": 54.5129, "total_adsorption": 2.22233, "species_data": [{"InChIKey": "IJGRMHOSHXDMSA-UHFFFAOYSA-N", "composition": 1, "adsorption": 2.22233}]}, {"pressure": 56.6103, "total_adsorption": 2.26056, "species_data": [{"InChIKey": "IJGRMHOSHXDMSA-UHFFFAOYSA-N", "composition": 1, "adsorption": 2.26056}]}, {"pressure": 58.5767, "total_adsorption": 2.19502, "species_data": [{"InChIKey": "IJGRMHOSHXDMSA-UHFFFAOYSA-N", "composition": 1, "adsorption": 2.19502}]}]}