{"isotherm_data":[{"pressure":6.64667,"total_adsorption":31.2722,"species_data":[{"composition":1,"adsorption":31.2722,"InChIKey":"VNWKTOKETHGBQD-UHFFFAOYSA-N"}]},{"pressure":10.1396,"total_adsorption":41.413,"species_data":[{"composition":1,"adsorption":41.413,"InChIKey":"VNWKTOKETHGBQD-UHFFFAOYSA-N"}]},{"pressure":16.6748,"total_adsorption":52.3989,"species_data":[{"composition":1,"adsorption":52.3989,"InChIKey":"VNWKTOKETHGBQD-UHFFFAOYSA-N"}]},{"pressure":25.9143,"total_adsorption":59.582,"species_data":[{"composition":1,"adsorption":59.582,"InChIKey":"VNWKTOKETHGBQD-UHFFFAOYSA-N"}]},{"pressure":30.3086,"total_adsorption":62.1172,"species_data":[{"composition":1,"adsorption":62.1172,"InChIKey":"VNWKTOKETHGBQD-UHFFFAOYSA-N"}]},{"pressure":36.8438,"total_adsorption":64.6525,"species_data":[{"composition":1,"adsorption":64.6525,"InChIKey":"VNWKTOKETHGBQD-UHFFFAOYSA-N"}]},{"pressure":46.196,"total_adsorption":65.9201,"species_data":[{"composition":1,"adsorption":65.9201,"InChIKey":"VNWKTOKETHGBQD-UHFFFAOYSA-N"}]},{"pressure":52.7312,"total_adsorption":66.7651,"species_data":[{"composition":1,"adsorption":66.7651,"InChIKey":"VNWKTOKETHGBQD-UHFFFAOYSA-N"}]},{"pressure":59.041,"total_adsorption":66.7651,"species_data":[{"composition":1,"adsorption":66.7651,"InChIKey":"VNWKTOKETHGBQD-UHFFFAOYSA-N"}]},{"pressure":65.4636,"total_adsorption":66.7651,"species_data":[{"composition":1,"adsorption":66.7651,"InChIKey":"VNWKTOKETHGBQD-UHFFFAOYSA-N"}]},{"pressure":71.8861,"total_adsorption":65.9201,"species_data":[{"composition":1,"adsorption":65.9201,"InChIKey":"VNWKTOKETHGBQD-UHFFFAOYSA-N"}]},{"pressure":84.7312,"total_adsorption":64.6525,"species_data":[{"composition":1,"adsorption":64.6525,"InChIKey":"VNWKTOKETHGBQD-UHFFFAOYSA-N"}]}],"temperature":298,"articleSource":"UNKNOWN","compositionType":"molefraction","adsorbates":[{"name":"Methane","InChIKey":"VNWKTOKETHGBQD-UHFFFAOYSA-N"}],"adsorptionUnits":"mg/g","date":"1000-01-01","category":"","digitizer":"UNKNOWN","pressureUnits":"bar","DOI":"10.1021/Ja9015765","adsorbent":{"name":"COF-6","hashkey":"NIST-MATDB-70e4cfa1b84669ae598c0d6593fbc8ea"},"concentrationUnits":"","filename":"10.1021Ja9015765.isotherm29","isotherm_type":""}