{"filename": "10.1039C4ta01174k.Isotherm22", "DOI": "10.1039/C4ta01174k", "articleSource": "UNKNOWN", "date": "1000-01-01", "digitizer": "UNKNOWN", "adsorbent": {"hashkey": "NIST-MATDB-d0457b10a84b406f2b918810c7a549eb", "name": "MIL-101(Cr)-150nm-PEI-1800"}, "adsorbates": [{"InChIKey": "IJGRMHOSHXDMSA-UHFFFAOYSA-N", "name": "Nitrogen"}], "category": "", "temperature": 298, "isotherm_type": "", "adsorptionUnits": "mmol/g", "pressureUnits": "bar", "compositionType": "molefraction", "concentrationUnits": "", "isotherm_data": [{"pressure": 0.277451, "total_adsorption": -0.0447427, "species_data": [{"InChIKey": "IJGRMHOSHXDMSA-UHFFFAOYSA-N", "composition": 1, "adsorption": -0.0447427}]}, {"pressure": 0.555178, "total_adsorption": -0.0223714, "species_data": [{"InChIKey": "IJGRMHOSHXDMSA-UHFFFAOYSA-N", "composition": 1, "adsorption": -0.0223714}]}, {"pressure": 0.832905, "total_adsorption": 8.88178e-16, "species_data": [{"InChIKey": "IJGRMHOSHXDMSA-UHFFFAOYSA-N", "composition": 1, "adsorption": 8.88178e-16}]}, {"pressure": 1.10035, "total_adsorption": 0.0223714, "species_data": [{"InChIKey": "IJGRMHOSHXDMSA-UHFFFAOYSA-N", "composition": 1, "adsorption": 0.0223714}]}, {"pressure": 1.36784, "total_adsorption": 0.0559284, "species_data": [{"InChIKey": "IJGRMHOSHXDMSA-UHFFFAOYSA-N", "composition": 1, "adsorption": 0.0559284}]}, {"pressure": 1.66099, "total_adsorption": 0.0782998, "species_data": [{"InChIKey": "IJGRMHOSHXDMSA-UHFFFAOYSA-N", "composition": 1, "adsorption": 0.0782998}]}, {"pressure": 1.93348, "total_adsorption": 0.0782998, "species_data": [{"InChIKey": "IJGRMHOSHXDMSA-UHFFFAOYSA-N", "composition": 1, "adsorption": 0.0782998}]}, {"pressure": 2.21626, "total_adsorption": 0.0782998, "species_data": [{"InChIKey": "IJGRMHOSHXDMSA-UHFFFAOYSA-N", "composition": 1, "adsorption": 0.0782998}]}]}