{"filename": "10.1016j.micromeso.2013.02.010.Isotherm1", "DOI": "10.1016/j.micromeso.2013.02.010", "articleSource": "UNKNOWN", "date": "1000-01-01", "digitizer": "UNKNOWN", "adsorbent": {"hashkey": "NIST-MATDB-1561fd28bd1db27e6565bb096dc87e24", "name": "ACF"}, "adsorbates": [{"InChIKey": "UFHFLCQGNIYNRP-UHFFFAOYSA-N", "name": "Hydrogen"}], "category": "", "temperature": 77, "isotherm_type": "", "adsorptionUnits": "g/l", "pressureUnits": "bar", "compositionType": "molefraction", "concentrationUnits": "", "isotherm_data": [{"pressure": 0.120186, "total_adsorption": 0.28942, "species_data": [{"InChIKey": "UFHFLCQGNIYNRP-UHFFFAOYSA-N", "composition": 1, "adsorption": 0.28942}]}, {"pressure": 1.1294, "total_adsorption": 14.7785, "species_data": [{"InChIKey": "UFHFLCQGNIYNRP-UHFFFAOYSA-N", "composition": 1, "adsorption": 14.7785}]}, {"pressure": 2.08382, "total_adsorption": 18.2533, "species_data": [{"InChIKey": "UFHFLCQGNIYNRP-UHFFFAOYSA-N", "composition": 1, "adsorption": 18.2533}]}, {"pressure": 3.89546, "total_adsorption": 21.1453, "species_data": [{"InChIKey": "UFHFLCQGNIYNRP-UHFFFAOYSA-N", "composition": 1, "adsorption": 21.1453}]}, {"pressure": 5.95895, "total_adsorption": 22.732, "species_data": [{"InChIKey": "UFHFLCQGNIYNRP-UHFFFAOYSA-N", "composition": 1, "adsorption": 22.732}]}, {"pressure": 9.8491, "total_adsorption": 24.7469, "species_data": [{"InChIKey": "UFHFLCQGNIYNRP-UHFFFAOYSA-N", "composition": 1, "adsorption": 24.7469}]}, {"pressure": 14.8404, "total_adsorption": 26.1781, "species_data": [{"InChIKey": "UFHFLCQGNIYNRP-UHFFFAOYSA-N", "composition": 1, "adsorption": 26.1781}]}, {"pressure": 19.8361, "total_adsorption": 26.8847, "species_data": [{"InChIKey": "UFHFLCQGNIYNRP-UHFFFAOYSA-N", "composition": 1, "adsorption": 26.8847}]}, {"pressure": 29.8319, "total_adsorption": 27.5731, "species_data": [{"InChIKey": "UFHFLCQGNIYNRP-UHFFFAOYSA-N", "composition": 1, "adsorption": 27.5731}]}, {"pressure": 39.8339, "total_adsorption": 27.247, "species_data": [{"InChIKey": "UFHFLCQGNIYNRP-UHFFFAOYSA-N", "composition": 1, "adsorption": 27.247}]}]}