{"filename": "10.1039C4dt00116h.Isotherm6", "DOI": "10.1039/C4dt00116h", "articleSource": "UNKNOWN", "date": "1000-01-01", "digitizer": "UNKNOWN", "adsorbent": {"hashkey": "NIST-MATDB-c11e1f7dfd62ec3fd0afcbf503bcc96f", "name": "CuMOF-PI"}, "adsorbates": [{"InChIKey": "CURLTUGMZLYLDI-UHFFFAOYSA-N", "name": "Carbon Dioxide"}], "category": "", "temperature": 273, "isotherm_type": "", "adsorptionUnits": "mg/g", "pressureUnits": "bar", "compositionType": "molefraction", "concentrationUnits": "", "isotherm_data": [{"pressure": 0.0513211, "total_adsorption": 6.56504, "species_data": [{"InChIKey": "CURLTUGMZLYLDI-UHFFFAOYSA-N", "composition": 1, "adsorption": 6.56504}]}, {"pressure": 0.071892, "total_adsorption": 6.55575, "species_data": [{"InChIKey": "CURLTUGMZLYLDI-UHFFFAOYSA-N", "composition": 1, "adsorption": 6.55575}]}, {"pressure": 0.110439, "total_adsorption": 7.95009, "species_data": [{"InChIKey": "CURLTUGMZLYLDI-UHFFFAOYSA-N", "composition": 1, "adsorption": 7.95009}]}, {"pressure": 0.159265, "total_adsorption": 9.81038, "species_data": [{"InChIKey": "CURLTUGMZLYLDI-UHFFFAOYSA-N", "composition": 1, "adsorption": 9.81038}]}, {"pressure": 0.184979, "total_adsorption": 9.79876, "species_data": [{"InChIKey": "CURLTUGMZLYLDI-UHFFFAOYSA-N", "composition": 1, "adsorption": 9.79876}]}, {"pressure": 0.22097, "total_adsorption": 10.2531, "species_data": [{"InChIKey": "CURLTUGMZLYLDI-UHFFFAOYSA-N", "composition": 1, "adsorption": 10.2531}]}, {"pressure": 0.241541, "total_adsorption": 10.2438, "species_data": [{"InChIKey": "CURLTUGMZLYLDI-UHFFFAOYSA-N", "composition": 1, "adsorption": 10.2438}]}, {"pressure": 0.269803, "total_adsorption": 11.6428, "species_data": [{"InChIKey": "CURLTUGMZLYLDI-UHFFFAOYSA-N", "composition": 1, "adsorption": 11.6428}]}, {"pressure": 0.303223, "total_adsorption": 12.0983, "species_data": [{"InChIKey": "CURLTUGMZLYLDI-UHFFFAOYSA-N", "composition": 1, "adsorption": 12.0983}]}, {"pressure": 0.331508, "total_adsorption": 12.0855, "species_data": [{"InChIKey": "CURLTUGMZLYLDI-UHFFFAOYSA-N", "composition": 1, "adsorption": 12.0855}]}, {"pressure": 0.370061, "total_adsorption": 13.0092, "species_data": [{"InChIKey": "CURLTUGMZLYLDI-UHFFFAOYSA-N", "composition": 1, "adsorption": 13.0092}]}, {"pressure": 0.421489, "total_adsorption": 12.986, "species_data": [{"InChIKey": "CURLTUGMZLYLDI-UHFFFAOYSA-N", "composition": 1, "adsorption": 12.986}]}, {"pressure": 0.467768, "total_adsorption": 13.4357, "species_data": [{"InChIKey": "CURLTUGMZLYLDI-UHFFFAOYSA-N", "composition": 1, "adsorption": 13.4357}]}, {"pressure": 0.521757, "total_adsorption": 13.8819, "species_data": [{"InChIKey": "CURLTUGMZLYLDI-UHFFFAOYSA-N", "composition": 1, "adsorption": 13.8819}]}, {"pressure": 0.580891, "total_adsorption": 14.3257, "species_data": [{"InChIKey": "CURLTUGMZLYLDI-UHFFFAOYSA-N", "composition": 1, "adsorption": 14.3257}]}, {"pressure": 0.658009, "total_adsorption": 15.7027, "species_data": [{"InChIKey": "CURLTUGMZLYLDI-UHFFFAOYSA-N", "composition": 1, "adsorption": 15.7027}]}, {"pressure": 0.732569, "total_adsorption": 16.1396, "species_data": [{"InChIKey": "CURLTUGMZLYLDI-UHFFFAOYSA-N", "composition": 1, "adsorption": 16.1396}]}, {"pressure": 0.822552, "total_adsorption": 17.0401, "species_data": [{"InChIKey": "CURLTUGMZLYLDI-UHFFFAOYSA-N", "composition": 1, "adsorption": 17.0401}]}, {"pressure": 0.927972, "total_adsorption": 17.463, "species_data": [{"InChIKey": "CURLTUGMZLYLDI-UHFFFAOYSA-N", "composition": 1, "adsorption": 17.463}]}]}