{"isotherm_data":[{"pressure":0.333615,"total_adsorption":9.92405,"species_data":[{"composition":1,"adsorption":9.92405,"InChIKey":"UFHFLCQGNIYNRP-UHFFFAOYSA-N"}]},{"pressure":0.344712,"total_adsorption":6.92776,"species_data":[{"composition":1,"adsorption":6.92776,"InChIKey":"UFHFLCQGNIYNRP-UHFFFAOYSA-N"}]},{"pressure":0.690811,"total_adsorption":13.481,"species_data":[{"composition":1,"adsorption":13.481,"InChIKey":"UFHFLCQGNIYNRP-UHFFFAOYSA-N"}]},{"pressure":0.86282,"total_adsorption":17.0385,"species_data":[{"composition":1,"adsorption":17.0385,"InChIKey":"UFHFLCQGNIYNRP-UHFFFAOYSA-N"}]},{"pressure":1.2214,"total_adsorption":20.2209,"species_data":[{"composition":1,"adsorption":20.2209,"InChIKey":"UFHFLCQGNIYNRP-UHFFFAOYSA-N"}]},{"pressure":1.76656,"total_adsorption":23.0282,"species_data":[{"composition":1,"adsorption":23.0282,"InChIKey":"UFHFLCQGNIYNRP-UHFFFAOYSA-N"}]},{"pressure":2.12861,"total_adsorption":25.2743,"species_data":[{"composition":1,"adsorption":25.2743,"InChIKey":"UFHFLCQGNIYNRP-UHFFFAOYSA-N"}]},{"pressure":2.85965,"total_adsorption":27.8937,"species_data":[{"composition":1,"adsorption":27.8937,"InChIKey":"UFHFLCQGNIYNRP-UHFFFAOYSA-N"}]},{"pressure":3.77935,"total_adsorption":29.5762,"species_data":[{"composition":1,"adsorption":29.5762,"InChIKey":"UFHFLCQGNIYNRP-UHFFFAOYSA-N"}]},{"pressure":4.88284,"total_adsorption":31.6327,"species_data":[{"composition":1,"adsorption":31.6327,"InChIKey":"UFHFLCQGNIYNRP-UHFFFAOYSA-N"}]},{"pressure":5.98911,"total_adsorption":32.9401,"species_data":[{"composition":1,"adsorption":32.9401,"InChIKey":"UFHFLCQGNIYNRP-UHFFFAOYSA-N"}]},{"pressure":7.28057,"total_adsorption":34.2469,"species_data":[{"composition":1,"adsorption":34.2469,"InChIKey":"UFHFLCQGNIYNRP-UHFFFAOYSA-N"}]},{"pressure":8.7586,"total_adsorption":35.1787,"species_data":[{"composition":1,"adsorption":35.1787,"InChIKey":"UFHFLCQGNIYNRP-UHFFFAOYSA-N"}]},{"pressure":10.4218,"total_adsorption":36.1098,"species_data":[{"composition":1,"adsorption":36.1098,"InChIKey":"UFHFLCQGNIYNRP-UHFFFAOYSA-N"}]},{"pressure":12.2716,"total_adsorption":36.6658,"species_data":[{"composition":1,"adsorption":36.6658,"InChIKey":"UFHFLCQGNIYNRP-UHFFFAOYSA-N"}]},{"pressure":13.9362,"total_adsorption":37.2224,"species_data":[{"composition":1,"adsorption":37.2224,"InChIKey":"UFHFLCQGNIYNRP-UHFFFAOYSA-N"}]},{"pressure":15.7867,"total_adsorption":37.5912,"species_data":[{"composition":1,"adsorption":37.5912,"InChIKey":"UFHFLCQGNIYNRP-UHFFFAOYSA-N"}]},{"pressure":17.4527,"total_adsorption":37.7732,"species_data":[{"composition":1,"adsorption":37.7732,"InChIKey":"UFHFLCQGNIYNRP-UHFFFAOYSA-N"}]},{"pressure":19.3039,"total_adsorption":37.9547,"species_data":[{"composition":1,"adsorption":37.9547,"InChIKey":"UFHFLCQGNIYNRP-UHFFFAOYSA-N"}]},{"pressure":21.1557,"total_adsorption":37.949,"species_data":[{"composition":1,"adsorption":37.949,"InChIKey":"UFHFLCQGNIYNRP-UHFFFAOYSA-N"}]},{"pressure":23.0076,"total_adsorption":37.9432,"species_data":[{"composition":1,"adsorption":37.9432,"InChIKey":"UFHFLCQGNIYNRP-UHFFFAOYSA-N"}]},{"pressure":24.8595,"total_adsorption":37.9374,"species_data":[{"composition":1,"adsorption":37.9374,"InChIKey":"UFHFLCQGNIYNRP-UHFFFAOYSA-N"}]},{"pressure":26.7121,"total_adsorption":37.7443,"species_data":[{"composition":1,"adsorption":37.7443,"InChIKey":"UFHFLCQGNIYNRP-UHFFFAOYSA-N"}]},{"pressure":28.5646,"total_adsorption":37.5513,"species_data":[{"composition":1,"adsorption":37.5513,"InChIKey":"UFHFLCQGNIYNRP-UHFFFAOYSA-N"}]},{"pressure":30.232,"total_adsorption":37.3588,"species_data":[{"composition":1,"adsorption":37.3588,"InChIKey":"UFHFLCQGNIYNRP-UHFFFAOYSA-N"}]},{"pressure":32.0853,"total_adsorption":36.9785,"species_data":[{"composition":1,"adsorption":36.9785,"InChIKey":"UFHFLCQGNIYNRP-UHFFFAOYSA-N"}]},{"pressure":33.9378,"total_adsorption":36.7855,"species_data":[{"composition":1,"adsorption":36.7855,"InChIKey":"UFHFLCQGNIYNRP-UHFFFAOYSA-N"}]},{"pressure":35.6059,"total_adsorption":36.4057,"species_data":[{"composition":1,"adsorption":36.4057,"InChIKey":"UFHFLCQGNIYNRP-UHFFFAOYSA-N"}]},{"pressure":37.4585,"total_adsorption":36.2127,"species_data":[{"composition":1,"adsorption":36.2127,"InChIKey":"UFHFLCQGNIYNRP-UHFFFAOYSA-N"}]},{"pressure":39.1265,"total_adsorption":35.8329,"species_data":[{"composition":1,"adsorption":35.8329,"InChIKey":"UFHFLCQGNIYNRP-UHFFFAOYSA-N"}]},{"pressure":40.9798,"total_adsorption":35.4526,"species_data":[{"composition":1,"adsorption":35.4526,"InChIKey":"UFHFLCQGNIYNRP-UHFFFAOYSA-N"}]},{"pressure":42.8331,"total_adsorption":35.0723,"species_data":[{"composition":1,"adsorption":35.0723,"InChIKey":"UFHFLCQGNIYNRP-UHFFFAOYSA-N"}]},{"pressure":44.5011,"total_adsorption":34.6926,"species_data":[{"composition":1,"adsorption":34.6926,"InChIKey":"UFHFLCQGNIYNRP-UHFFFAOYSA-N"}]},{"pressure":46.3544,"total_adsorption":34.3123,"species_data":[{"composition":1,"adsorption":34.3123,"InChIKey":"UFHFLCQGNIYNRP-UHFFFAOYSA-N"}]},{"pressure":48.2077,"total_adsorption":33.9319,"species_data":[{"composition":1,"adsorption":33.9319,"InChIKey":"UFHFLCQGNIYNRP-UHFFFAOYSA-N"}]},{"pressure":49.8757,"total_adsorption":33.5522,"species_data":[{"composition":1,"adsorption":33.5522,"InChIKey":"UFHFLCQGNIYNRP-UHFFFAOYSA-N"}]},{"pressure":51.729,"total_adsorption":33.1719,"species_data":[{"composition":1,"adsorption":33.1719,"InChIKey":"UFHFLCQGNIYNRP-UHFFFAOYSA-N"}]},{"pressure":53.5823,"total_adsorption":32.7916,"species_data":[{"composition":1,"adsorption":32.7916,"InChIKey":"UFHFLCQGNIYNRP-UHFFFAOYSA-N"}]},{"pressure":55.2503,"total_adsorption":32.4118,"species_data":[{"composition":1,"adsorption":32.4118,"InChIKey":"UFHFLCQGNIYNRP-UHFFFAOYSA-N"}]},{"pressure":57.1036,"total_adsorption":32.0315,"species_data":[{"composition":1,"adsorption":32.0315,"InChIKey":"UFHFLCQGNIYNRP-UHFFFAOYSA-N"}]},{"pressure":58.7717,"total_adsorption":31.6518,"species_data":[{"composition":1,"adsorption":31.6518,"InChIKey":"UFHFLCQGNIYNRP-UHFFFAOYSA-N"}]},{"pressure":59.8835,"total_adsorption":31.461,"species_data":[{"composition":1,"adsorption":31.461,"InChIKey":"UFHFLCQGNIYNRP-UHFFFAOYSA-N"}]}],"temperature":60,"articleSource":"UNKNOWN","compositionType":"molefraction","adsorbates":[{"name":"Hydrogen","InChIKey":"UFHFLCQGNIYNRP-UHFFFAOYSA-N"}],"adsorptionUnits":"mmol/g","date":"1000-01-01","category":"","digitizer":"UNKNOWN","pressureUnits":"bar","DOI":"10.1021/Jp305524f","adsorbent":{"name":"IRMOF-1","hashkey":"NIST-MATDB-2c9380bddc59f547484ff729eab7d7cb"},"concentrationUnits":"","filename":"10.1021Jp305524f.Isotherm130","isotherm_type":""}