{"isotherm_data":[{"pressure":4.9839,"total_adsorption":0.713058,"species_data":[{"composition":1,"adsorption":0.713058,"InChIKey":"IJGRMHOSHXDMSA-UHFFFAOYSA-N"}]},{"pressure":7.93091,"total_adsorption":1.13105,"species_data":[{"composition":1,"adsorption":1.13105,"InChIKey":"IJGRMHOSHXDMSA-UHFFFAOYSA-N"}]},{"pressure":10.0549,"total_adsorption":1.33989,"species_data":[{"composition":1,"adsorption":1.33989,"InChIKey":"IJGRMHOSHXDMSA-UHFFFAOYSA-N"}]},{"pressure":14.8658,"total_adsorption":1.94215,"species_data":[{"composition":1,"adsorption":1.94215,"InChIKey":"IJGRMHOSHXDMSA-UHFFFAOYSA-N"}]},{"pressure":20.1107,"total_adsorption":2.48273,"species_data":[{"composition":1,"adsorption":2.48273,"InChIKey":"IJGRMHOSHXDMSA-UHFFFAOYSA-N"}]},{"pressure":25.0086,"total_adsorption":3.0234,"species_data":[{"composition":1,"adsorption":3.0234,"InChIKey":"IJGRMHOSHXDMSA-UHFFFAOYSA-N"}]},{"pressure":30.037,"total_adsorption":3.46551,"species_data":[{"composition":1,"adsorption":3.46551,"InChIKey":"IJGRMHOSHXDMSA-UHFFFAOYSA-N"}]},{"pressure":35.0219,"total_adsorption":3.94458,"species_data":[{"composition":1,"adsorption":3.94458,"InChIKey":"IJGRMHOSHXDMSA-UHFFFAOYSA-N"}]},{"pressure":40.0502,"total_adsorption":4.42363,"species_data":[{"composition":1,"adsorption":4.42363,"InChIKey":"IJGRMHOSHXDMSA-UHFFFAOYSA-N"}]}],"temperature":298,"articleSource":"UNKNOWN","compositionType":"molefraction","adsorbates":[{"name":"Nitrogen","InChIKey":"IJGRMHOSHXDMSA-UHFFFAOYSA-N"}],"adsorptionUnits":"mmol/g","date":"1000-01-01","category":"","digitizer":"UNKNOWN","pressureUnits":"bar","DOI":"10.1039/C1jm10264h","adsorbent":{"name":"UMCM-2","hashkey":"NIST-MATDB-e541b4260474f7557374f08111813c73"},"concentrationUnits":"","filename":"10.1039C1jm10264h.Isotherm69","isotherm_type":""}