{"isotherm_data":[{"pressure":0.00987317,"total_adsorption":69.5471,"species_data":[{"composition":1,"adsorption":69.5471,"InChIKey":"IJGRMHOSHXDMSA-UHFFFAOYSA-N"}]},{"pressure":0.0197463,"total_adsorption":71.7441,"species_data":[{"composition":1,"adsorption":71.7441,"InChIKey":"IJGRMHOSHXDMSA-UHFFFAOYSA-N"}]},{"pressure":0.0296195,"total_adsorption":75.0452,"species_data":[{"composition":1,"adsorption":75.0452,"InChIKey":"IJGRMHOSHXDMSA-UHFFFAOYSA-N"}]},{"pressure":0.0394927,"total_adsorption":73.9299,"species_data":[{"composition":1,"adsorption":73.9299,"InChIKey":"IJGRMHOSHXDMSA-UHFFFAOYSA-N"}]},{"pressure":0.0513405,"total_adsorption":76.1246,"species_data":[{"composition":1,"adsorption":76.1246,"InChIKey":"IJGRMHOSHXDMSA-UHFFFAOYSA-N"}]},{"pressure":0.0710868,"total_adsorption":76.1022,"species_data":[{"composition":1,"adsorption":76.1022,"InChIKey":"IJGRMHOSHXDMSA-UHFFFAOYSA-N"}]},{"pressure":0.102681,"total_adsorption":78.2745,"species_data":[{"composition":1,"adsorption":78.2745,"InChIKey":"IJGRMHOSHXDMSA-UHFFFAOYSA-N"}]},{"pressure":0.124402,"total_adsorption":79.3539,"species_data":[{"composition":1,"adsorption":79.3539,"InChIKey":"IJGRMHOSHXDMSA-UHFFFAOYSA-N"}]},{"pressure":0.148098,"total_adsorption":80.4311,"species_data":[{"composition":1,"adsorption":80.4311,"InChIKey":"IJGRMHOSHXDMSA-UHFFFAOYSA-N"}]},{"pressure":0.173768,"total_adsorption":80.4019,"species_data":[{"composition":1,"adsorption":80.4019,"InChIKey":"IJGRMHOSHXDMSA-UHFFFAOYSA-N"}]},{"pressure":0.197463,"total_adsorption":82.5832,"species_data":[{"composition":1,"adsorption":82.5832,"InChIKey":"IJGRMHOSHXDMSA-UHFFFAOYSA-N"}]},{"pressure":0.221159,"total_adsorption":81.4521,"species_data":[{"composition":1,"adsorption":81.4521,"InChIKey":"IJGRMHOSHXDMSA-UHFFFAOYSA-N"}]},{"pressure":0.24288,"total_adsorption":82.5315,"species_data":[{"composition":1,"adsorption":82.5315,"InChIKey":"IJGRMHOSHXDMSA-UHFFFAOYSA-N"}]},{"pressure":0.270525,"total_adsorption":82.5001,"species_data":[{"composition":1,"adsorption":82.5001,"InChIKey":"IJGRMHOSHXDMSA-UHFFFAOYSA-N"}]},{"pressure":0.292246,"total_adsorption":83.5795,"species_data":[{"composition":1,"adsorption":83.5795,"InChIKey":"IJGRMHOSHXDMSA-UHFFFAOYSA-N"}]},{"pressure":0.315941,"total_adsorption":83.5526,"species_data":[{"composition":1,"adsorption":83.5526,"InChIKey":"IJGRMHOSHXDMSA-UHFFFAOYSA-N"}]},{"pressure":0.341612,"total_adsorption":83.5234,"species_data":[{"composition":1,"adsorption":83.5234,"InChIKey":"IJGRMHOSHXDMSA-UHFFFAOYSA-N"}]},{"pressure":0.369257,"total_adsorption":84.5961,"species_data":[{"composition":1,"adsorption":84.5961,"InChIKey":"IJGRMHOSHXDMSA-UHFFFAOYSA-N"}]},{"pressure":0.389003,"total_adsorption":84.5737,"species_data":[{"composition":1,"adsorption":84.5737,"InChIKey":"IJGRMHOSHXDMSA-UHFFFAOYSA-N"}]},{"pressure":0.412699,"total_adsorption":84.5468,"species_data":[{"composition":1,"adsorption":84.5468,"InChIKey":"IJGRMHOSHXDMSA-UHFFFAOYSA-N"}]},{"pressure":0.440343,"total_adsorption":85.6194,"species_data":[{"composition":1,"adsorption":85.6194,"InChIKey":"IJGRMHOSHXDMSA-UHFFFAOYSA-N"}]},{"pressure":0.46009,"total_adsorption":85.597,"species_data":[{"composition":1,"adsorption":85.597,"InChIKey":"IJGRMHOSHXDMSA-UHFFFAOYSA-N"}]},{"pressure":0.48576,"total_adsorption":86.6719,"species_data":[{"composition":1,"adsorption":86.6719,"InChIKey":"IJGRMHOSHXDMSA-UHFFFAOYSA-N"}]},{"pressure":0.509456,"total_adsorption":86.645,"species_data":[{"composition":1,"adsorption":86.645,"InChIKey":"IJGRMHOSHXDMSA-UHFFFAOYSA-N"}]},{"pressure":0.535126,"total_adsorption":86.6158,"species_data":[{"composition":1,"adsorption":86.6158,"InChIKey":"IJGRMHOSHXDMSA-UHFFFAOYSA-N"}]},{"pressure":0.556847,"total_adsorption":87.6952,"species_data":[{"composition":1,"adsorption":87.6952,"InChIKey":"IJGRMHOSHXDMSA-UHFFFAOYSA-N"}]},{"pressure":0.582517,"total_adsorption":88.7702,"species_data":[{"composition":1,"adsorption":88.7702,"InChIKey":"IJGRMHOSHXDMSA-UHFFFAOYSA-N"}]},{"pressure":0.608187,"total_adsorption":88.741,"species_data":[{"composition":1,"adsorption":88.741,"InChIKey":"IJGRMHOSHXDMSA-UHFFFAOYSA-N"}]},{"pressure":0.631883,"total_adsorption":89.8182,"species_data":[{"composition":1,"adsorption":89.8182,"InChIKey":"IJGRMHOSHXDMSA-UHFFFAOYSA-N"}]},{"pressure":0.655579,"total_adsorption":90.8953,"species_data":[{"composition":1,"adsorption":90.8953,"InChIKey":"IJGRMHOSHXDMSA-UHFFFAOYSA-N"}]},{"pressure":0.681249,"total_adsorption":90.8662,"species_data":[{"composition":1,"adsorption":90.8662,"InChIKey":"IJGRMHOSHXDMSA-UHFFFAOYSA-N"}]},{"pressure":0.70297,"total_adsorption":91.9456,"species_data":[{"composition":1,"adsorption":91.9456,"InChIKey":"IJGRMHOSHXDMSA-UHFFFAOYSA-N"}]},{"pressure":0.72864,"total_adsorption":94.1246,"species_data":[{"composition":1,"adsorption":94.1246,"InChIKey":"IJGRMHOSHXDMSA-UHFFFAOYSA-N"}]},{"pressure":0.752336,"total_adsorption":94.0977,"species_data":[{"composition":1,"adsorption":94.0977,"InChIKey":"IJGRMHOSHXDMSA-UHFFFAOYSA-N"}]},{"pressure":0.778006,"total_adsorption":96.2767,"species_data":[{"composition":1,"adsorption":96.2767,"InChIKey":"IJGRMHOSHXDMSA-UHFFFAOYSA-N"}]},{"pressure":0.799727,"total_adsorption":98.4602,"species_data":[{"composition":1,"adsorption":98.4602,"InChIKey":"IJGRMHOSHXDMSA-UHFFFAOYSA-N"}]},{"pressure":0.823422,"total_adsorption":101.746,"species_data":[{"composition":1,"adsorption":101.746,"InChIKey":"IJGRMHOSHXDMSA-UHFFFAOYSA-N"}]},{"pressure":0.851067,"total_adsorption":105.026,"species_data":[{"composition":1,"adsorption":105.026,"InChIKey":"IJGRMHOSHXDMSA-UHFFFAOYSA-N"}]},{"pressure":0.872788,"total_adsorption":110.522,"species_data":[{"composition":1,"adsorption":110.522,"InChIKey":"IJGRMHOSHXDMSA-UHFFFAOYSA-N"}]},{"pressure":0.884636,"total_adsorption":114.925,"species_data":[{"composition":1,"adsorption":114.925,"InChIKey":"IJGRMHOSHXDMSA-UHFFFAOYSA-N"}]},{"pressure":0.896484,"total_adsorption":119.328,"species_data":[{"composition":1,"adsorption":119.328,"InChIKey":"IJGRMHOSHXDMSA-UHFFFAOYSA-N"}]},{"pressure":0.902408,"total_adsorption":123.738,"species_data":[{"composition":1,"adsorption":123.738,"InChIKey":"IJGRMHOSHXDMSA-UHFFFAOYSA-N"}]},{"pressure":0.914256,"total_adsorption":129.245,"species_data":[{"composition":1,"adsorption":129.245,"InChIKey":"IJGRMHOSHXDMSA-UHFFFAOYSA-N"}]},{"pressure":0.924129,"total_adsorption":135.858,"species_data":[{"composition":1,"adsorption":135.858,"InChIKey":"IJGRMHOSHXDMSA-UHFFFAOYSA-N"}]},{"pressure":0.932027,"total_adsorption":143.578,"species_data":[{"composition":1,"adsorption":143.578,"InChIKey":"IJGRMHOSHXDMSA-UHFFFAOYSA-N"}]},{"pressure":0.9419,"total_adsorption":152.4,"species_data":[{"composition":1,"adsorption":152.4,"InChIKey":"IJGRMHOSHXDMSA-UHFFFAOYSA-N"}]},{"pressure":0.949799,"total_adsorption":161.223,"species_data":[{"composition":1,"adsorption":161.223,"InChIKey":"IJGRMHOSHXDMSA-UHFFFAOYSA-N"}]},{"pressure":0.957698,"total_adsorption":168.943,"species_data":[{"composition":1,"adsorption":168.943,"InChIKey":"IJGRMHOSHXDMSA-UHFFFAOYSA-N"}]}],"temperature":77,"articleSource":"UNKNOWN","compositionType":"molefraction","adsorbates":[{"name":"Nitrogen","InChIKey":"IJGRMHOSHXDMSA-UHFFFAOYSA-N"}],"adsorptionUnits":"cm3(STP)/g","date":"1000-01-01","category":"","digitizer":"UNKNOWN","pressureUnits":"bar","DOI":"10.1016/j.micromeso.2011.02.003","adsorbent":{"name":"CuBTC","hashkey":"NIST-MATDB-991daf7313251e7e607e2bab2da57e33"},"concentrationUnits":"","filename":"10.1016j.micromeso.2011.02.003.Isotherm2","isotherm_type":""}