{"filename": "10.1021Jp074889i.Isotherm86", "DOI": "10.1021/Jp074889i", "articleSource": "UNKNOWN", "date": "1000-01-01", "digitizer": "UNKNOWN", "adsorbent": {"hashkey": "NIST-MATDB-b2dc02871a66ac38e4b195796cf3e00b", "name": "ZIF-8"}, "adsorbates": [{"InChIKey": "VNWKTOKETHGBQD-UHFFFAOYSA-N", "name": "Methane"}], "category": "", "temperature": 270, "isotherm_type": "", "adsorptionUnits": "wt%", "pressureUnits": "bar", "compositionType": "molefraction", "concentrationUnits": "", "isotherm_data": [{"pressure": 1.79707, "total_adsorption": 1.06952, "species_data": [{"InChIKey": "VNWKTOKETHGBQD-UHFFFAOYSA-N", "composition": 1, "adsorption": 1.06952}]}, {"pressure": 2.56576, "total_adsorption": 1.67112, "species_data": [{"InChIKey": "VNWKTOKETHGBQD-UHFFFAOYSA-N", "composition": 1, "adsorption": 1.67112}]}, {"pressure": 3.33652, "total_adsorption": 2.07219, "species_data": [{"InChIKey": "VNWKTOKETHGBQD-UHFFFAOYSA-N", "composition": 1, "adsorption": 2.07219}]}, {"pressure": 4.1066, "total_adsorption": 2.54011, "species_data": [{"InChIKey": "VNWKTOKETHGBQD-UHFFFAOYSA-N", "composition": 1, "adsorption": 2.54011}]}, {"pressure": 5.64882, "total_adsorption": 3.2754, "species_data": [{"InChIKey": "VNWKTOKETHGBQD-UHFFFAOYSA-N", "composition": 1, "adsorption": 3.2754}]}, {"pressure": 7.96249, "total_adsorption": 4.34492, "species_data": [{"InChIKey": "VNWKTOKETHGBQD-UHFFFAOYSA-N", "composition": 1, "adsorption": 4.34492}]}, {"pressure": 10.5358, "total_adsorption": 5.28075, "species_data": [{"InChIKey": "VNWKTOKETHGBQD-UHFFFAOYSA-N", "composition": 1, "adsorption": 5.28075}]}, {"pressure": 14.9173, "total_adsorption": 6.21658, "species_data": [{"InChIKey": "VNWKTOKETHGBQD-UHFFFAOYSA-N", "composition": 1, "adsorption": 6.21658}]}, {"pressure": 20.5917, "total_adsorption": 7.01872, "species_data": [{"InChIKey": "VNWKTOKETHGBQD-UHFFFAOYSA-N", "composition": 1, "adsorption": 7.01872}]}, {"pressure": 25.755, "total_adsorption": 7.2861, "species_data": [{"InChIKey": "VNWKTOKETHGBQD-UHFFFAOYSA-N", "composition": 1, "adsorption": 7.2861}]}, {"pressure": 31.178, "total_adsorption": 7.41979, "species_data": [{"InChIKey": "VNWKTOKETHGBQD-UHFFFAOYSA-N", "composition": 1, "adsorption": 7.41979}]}, {"pressure": 38.1521, "total_adsorption": 7.41979, "species_data": [{"InChIKey": "VNWKTOKETHGBQD-UHFFFAOYSA-N", "composition": 1, "adsorption": 7.41979}]}, {"pressure": 44.6111, "total_adsorption": 7.2861, "species_data": [{"InChIKey": "VNWKTOKETHGBQD-UHFFFAOYSA-N", "composition": 1, "adsorption": 7.2861}]}, {"pressure": 51.0721, "total_adsorption": 6.95187, "species_data": [{"InChIKey": "VNWKTOKETHGBQD-UHFFFAOYSA-N", "composition": 1, "adsorption": 6.95187}]}, {"pressure": 57.2734, "total_adsorption": 6.75134, "species_data": [{"InChIKey": "VNWKTOKETHGBQD-UHFFFAOYSA-N", "composition": 1, "adsorption": 6.75134}]}, {"pressure": 60.3751, "total_adsorption": 6.5508, "species_data": [{"InChIKey": "VNWKTOKETHGBQD-UHFFFAOYSA-N", "composition": 1, "adsorption": 6.5508}]}, {"pressure": 61.409, "total_adsorption": 6.48396, "species_data": [{"InChIKey": "VNWKTOKETHGBQD-UHFFFAOYSA-N", "composition": 1, "adsorption": 6.48396}]}, {"pressure": 61.9256, "total_adsorption": 6.48396, "species_data": [{"InChIKey": "VNWKTOKETHGBQD-UHFFFAOYSA-N", "composition": 1, "adsorption": 6.48396}]}]}