{"filename": "10.1021la4004998.Isotherm91", "DOI": "10.1021/la4004998", "articleSource": "Figure 7b", "date": "2017-06-29", "digitizer": "Julia Chotoo", "adsorbent": {"hashkey": "NIST-MATDB-1201974f149c6afd96c47007dd9f0916", "name": "AC AP3-60"}, "adsorbates": [{"InChIKey": "IJGRMHOSHXDMSA-UHFFFAOYSA-N", "name": "Nitrogen"}], "category": "exp", "temperature": 318, "isotherm_type": "", "adsorptionUnits": "mmol/g", "pressureUnits": "bar", "compositionType": "molefraction", "concentrationUnits": "", "isotherm_data": [{"pressure": 0.474, "total_adsorption": 0.1236, "species_data": [{"InChIKey": "IJGRMHOSHXDMSA-UHFFFAOYSA-N", "composition": 1, "adsorption": 0.1236}]}, {"pressure": 2.747, "total_adsorption": 0.3626, "species_data": [{"InChIKey": "IJGRMHOSHXDMSA-UHFFFAOYSA-N", "composition": 1, "adsorption": 0.3626}]}, {"pressure": 5.071, "total_adsorption": 0.6923, "species_data": [{"InChIKey": "IJGRMHOSHXDMSA-UHFFFAOYSA-N", "composition": 1, "adsorption": 0.6923}]}, {"pressure": 9.776, "total_adsorption": 1.0962, "species_data": [{"InChIKey": "IJGRMHOSHXDMSA-UHFFFAOYSA-N", "composition": 1, "adsorption": 1.0962}]}, {"pressure": 29.985, "total_adsorption": 2.1264, "species_data": [{"InChIKey": "IJGRMHOSHXDMSA-UHFFFAOYSA-N", "composition": 1, "adsorption": 2.1264}]}]}