{"isotherm_data":[{"pressure":0.892857,"total_adsorption":0.477435,"species_data":[{"composition":1,"adsorption":0.477435,"InChIKey":"CURLTUGMZLYLDI-UHFFFAOYSA-N"}]},{"pressure":2.23214,"total_adsorption":1.90974,"species_data":[{"composition":1,"adsorption":1.90974,"InChIKey":"CURLTUGMZLYLDI-UHFFFAOYSA-N"}]},{"pressure":2.97619,"total_adsorption":2.70546,"species_data":[{"composition":1,"adsorption":2.70546,"InChIKey":"CURLTUGMZLYLDI-UHFFFAOYSA-N"}]},{"pressure":3.86905,"total_adsorption":3.66033,"species_data":[{"composition":1,"adsorption":3.66033,"InChIKey":"CURLTUGMZLYLDI-UHFFFAOYSA-N"}]},{"pressure":5.20833,"total_adsorption":4.77435,"species_data":[{"composition":1,"adsorption":4.77435,"InChIKey":"CURLTUGMZLYLDI-UHFFFAOYSA-N"}]},{"pressure":6.10119,"total_adsorption":5.88836,"species_data":[{"composition":1,"adsorption":5.88836,"InChIKey":"CURLTUGMZLYLDI-UHFFFAOYSA-N"}]},{"pressure":7.29167,"total_adsorption":7.32067,"species_data":[{"composition":1,"adsorption":7.32067,"InChIKey":"CURLTUGMZLYLDI-UHFFFAOYSA-N"}]},{"pressure":8.18452,"total_adsorption":8.59383,"species_data":[{"composition":1,"adsorption":8.59383,"InChIKey":"CURLTUGMZLYLDI-UHFFFAOYSA-N"}]},{"pressure":9.22619,"total_adsorption":10.0261,"species_data":[{"composition":1,"adsorption":10.0261,"InChIKey":"CURLTUGMZLYLDI-UHFFFAOYSA-N"}]},{"pressure":10.2679,"total_adsorption":11.7767,"species_data":[{"composition":1,"adsorption":11.7767,"InChIKey":"CURLTUGMZLYLDI-UHFFFAOYSA-N"}]},{"pressure":11.3095,"total_adsorption":13.8456,"species_data":[{"composition":1,"adsorption":13.8456,"InChIKey":"CURLTUGMZLYLDI-UHFFFAOYSA-N"}]},{"pressure":12.3512,"total_adsorption":15.7554,"species_data":[{"composition":1,"adsorption":15.7554,"InChIKey":"CURLTUGMZLYLDI-UHFFFAOYSA-N"}]},{"pressure":13.3929,"total_adsorption":17.9834,"species_data":[{"composition":1,"adsorption":17.9834,"InChIKey":"CURLTUGMZLYLDI-UHFFFAOYSA-N"}]},{"pressure":14.2857,"total_adsorption":19.8931,"species_data":[{"composition":1,"adsorption":19.8931,"InChIKey":"CURLTUGMZLYLDI-UHFFFAOYSA-N"}]},{"pressure":15.4762,"total_adsorption":22.1212,"species_data":[{"composition":1,"adsorption":22.1212,"InChIKey":"CURLTUGMZLYLDI-UHFFFAOYSA-N"}]},{"pressure":16.369,"total_adsorption":24.0309,"species_data":[{"composition":1,"adsorption":24.0309,"InChIKey":"CURLTUGMZLYLDI-UHFFFAOYSA-N"}]},{"pressure":17.4107,"total_adsorption":25.6223,"species_data":[{"composition":1,"adsorption":25.6223,"InChIKey":"CURLTUGMZLYLDI-UHFFFAOYSA-N"}]},{"pressure":18.6012,"total_adsorption":26.8955,"species_data":[{"composition":1,"adsorption":26.8955,"InChIKey":"CURLTUGMZLYLDI-UHFFFAOYSA-N"}]},{"pressure":19.6429,"total_adsorption":28.0095,"species_data":[{"composition":1,"adsorption":28.0095,"InChIKey":"CURLTUGMZLYLDI-UHFFFAOYSA-N"}]},{"pressure":20.5357,"total_adsorption":28.6461,"species_data":[{"composition":1,"adsorption":28.6461,"InChIKey":"CURLTUGMZLYLDI-UHFFFAOYSA-N"}]},{"pressure":21.7262,"total_adsorption":29.601,"species_data":[{"composition":1,"adsorption":29.601,"InChIKey":"CURLTUGMZLYLDI-UHFFFAOYSA-N"}]},{"pressure":23.6607,"total_adsorption":30.5558,"species_data":[{"composition":1,"adsorption":30.5558,"InChIKey":"CURLTUGMZLYLDI-UHFFFAOYSA-N"}]},{"pressure":25.744,"total_adsorption":31.5107,"species_data":[{"composition":1,"adsorption":31.5107,"InChIKey":"CURLTUGMZLYLDI-UHFFFAOYSA-N"}]},{"pressure":27.6786,"total_adsorption":32.1473,"species_data":[{"composition":1,"adsorption":32.1473,"InChIKey":"CURLTUGMZLYLDI-UHFFFAOYSA-N"}]},{"pressure":30.506,"total_adsorption":32.943,"species_data":[{"composition":1,"adsorption":32.943,"InChIKey":"CURLTUGMZLYLDI-UHFFFAOYSA-N"}]},{"pressure":31.8452,"total_adsorption":33.1022,"species_data":[{"composition":1,"adsorption":33.1022,"InChIKey":"CURLTUGMZLYLDI-UHFFFAOYSA-N"}]},{"pressure":33.7798,"total_adsorption":33.2613,"species_data":[{"composition":1,"adsorption":33.2613,"InChIKey":"CURLTUGMZLYLDI-UHFFFAOYSA-N"}]},{"pressure":36.0119,"total_adsorption":33.5796,"species_data":[{"composition":1,"adsorption":33.5796,"InChIKey":"CURLTUGMZLYLDI-UHFFFAOYSA-N"}]},{"pressure":38.244,"total_adsorption":33.7387,"species_data":[{"composition":1,"adsorption":33.7387,"InChIKey":"CURLTUGMZLYLDI-UHFFFAOYSA-N"}]},{"pressure":40.1786,"total_adsorption":33.8979,"species_data":[{"composition":1,"adsorption":33.8979,"InChIKey":"CURLTUGMZLYLDI-UHFFFAOYSA-N"}]},{"pressure":42.4107,"total_adsorption":33.8979,"species_data":[{"composition":1,"adsorption":33.8979,"InChIKey":"CURLTUGMZLYLDI-UHFFFAOYSA-N"}]}],"temperature":298,"articleSource":"UNKNOWN","compositionType":"molefraction","adsorbates":[{"name":"Carbon Dioxide","InChIKey":"CURLTUGMZLYLDI-UHFFFAOYSA-N"}],"adsorptionUnits":"mmol/g","date":"1000-01-01","category":"","digitizer":"UNKNOWN","pressureUnits":"bar","DOI":"10.1021/jp307865n","adsorbent":{"name":"MOF-177","hashkey":"NIST-MATDB-bbd809480ca8c8d0e4d066e70a9719d1"},"concentrationUnits":"","filename":"10.1021jp307865n.Isotherm2-1","isotherm_type":""}