{"isotherm_data":[{"pressure":0.0108756,"total_adsorption":204.369,"species_data":[{"composition":1,"adsorption":204.369,"InChIKey":"IJGRMHOSHXDMSA-UHFFFAOYSA-N"}]},{"pressure":0.0323278,"total_adsorption":274.16,"species_data":[{"composition":1,"adsorption":274.16,"InChIKey":"IJGRMHOSHXDMSA-UHFFFAOYSA-N"}]},{"pressure":0.0609306,"total_adsorption":321.068,"species_data":[{"composition":1,"adsorption":321.068,"InChIKey":"IJGRMHOSHXDMSA-UHFFFAOYSA-N"}]},{"pressure":0.103835,"total_adsorption":354.248,"species_data":[{"composition":1,"adsorption":354.248,"InChIKey":"IJGRMHOSHXDMSA-UHFFFAOYSA-N"}]},{"pressure":0.162471,"total_adsorption":392.004,"species_data":[{"composition":1,"adsorption":392.004,"InChIKey":"IJGRMHOSHXDMSA-UHFFFAOYSA-N"}]},{"pressure":0.203945,"total_adsorption":408.021,"species_data":[{"composition":1,"adsorption":408.021,"InChIKey":"IJGRMHOSHXDMSA-UHFFFAOYSA-N"}]},{"pressure":0.261151,"total_adsorption":413.742,"species_data":[{"composition":1,"adsorption":413.742,"InChIKey":"IJGRMHOSHXDMSA-UHFFFAOYSA-N"}]},{"pressure":0.318356,"total_adsorption":416.03,"species_data":[{"composition":1,"adsorption":416.03,"InChIKey":"IJGRMHOSHXDMSA-UHFFFAOYSA-N"}]},{"pressure":0.401305,"total_adsorption":417.174,"species_data":[{"composition":1,"adsorption":417.174,"InChIKey":"IJGRMHOSHXDMSA-UHFFFAOYSA-N"}]},{"pressure":0.502845,"total_adsorption":421.751,"species_data":[{"composition":1,"adsorption":421.751,"InChIKey":"IJGRMHOSHXDMSA-UHFFFAOYSA-N"}]},{"pressure":0.601525,"total_adsorption":424.039,"species_data":[{"composition":1,"adsorption":424.039,"InChIKey":"IJGRMHOSHXDMSA-UHFFFAOYSA-N"}]},{"pressure":0.703065,"total_adsorption":422.895,"species_data":[{"composition":1,"adsorption":422.895,"InChIKey":"IJGRMHOSHXDMSA-UHFFFAOYSA-N"}]},{"pressure":0.760271,"total_adsorption":425.183,"species_data":[{"composition":1,"adsorption":425.183,"InChIKey":"IJGRMHOSHXDMSA-UHFFFAOYSA-N"}]},{"pressure":0.810326,"total_adsorption":426.327,"species_data":[{"composition":1,"adsorption":426.327,"InChIKey":"IJGRMHOSHXDMSA-UHFFFAOYSA-N"}]},{"pressure":0.880403,"total_adsorption":426.327,"species_data":[{"composition":1,"adsorption":426.327,"InChIKey":"IJGRMHOSHXDMSA-UHFFFAOYSA-N"}]},{"pressure":0.934748,"total_adsorption":427.471,"species_data":[{"composition":1,"adsorption":427.471,"InChIKey":"IJGRMHOSHXDMSA-UHFFFAOYSA-N"}]},{"pressure":0.976222,"total_adsorption":428.615,"species_data":[{"composition":1,"adsorption":428.615,"InChIKey":"IJGRMHOSHXDMSA-UHFFFAOYSA-N"}]},{"pressure":1.00053,"total_adsorption":432.048,"species_data":[{"composition":1,"adsorption":432.048,"InChIKey":"IJGRMHOSHXDMSA-UHFFFAOYSA-N"}]}],"temperature":77,"articleSource":"UNKNOWN","compositionType":"molefraction","adsorbates":[{"name":"Nitrogen","InChIKey":"IJGRMHOSHXDMSA-UHFFFAOYSA-N"}],"adsorptionUnits":"cm3(STP)/g","date":"1000-01-01","category":"","digitizer":"UNKNOWN","pressureUnits":"bar","DOI":"10.1016/j.micromeso.2012.11.021","adsorbent":{"name":"PTA-MIL-101","hashkey":"NIST-MATDB-6bfde1d6b7295d8d67f4c937b13fdbd3"},"concentrationUnits":"","filename":"10.1016j.micromeso.2012.11.021.isotherm5","isotherm_type":""}