{"filename": "10.1016j.ces.2016.08.026.Isotherm4", "DOI": "10.1016/j.ces.2016.08.026", "articleSource": "figure 1", "date": "2018-08-01", "digitizer": "Matthew Weiss", "adsorbent": {"hashkey": "NIST-MATDB-26015b30cc86c5c92fe84468297e2273", "name": "C-PDA-3"}, "adsorbates": [{"InChIKey": "IJGRMHOSHXDMSA-UHFFFAOYSA-N", "name": "Nitrogen"}], "category": "exp", "temperature": 77, "isotherm_type": "", "adsorptionUnits": "mmol/g", "pressureUnits": "bar", "compositionType": "molefraction", "concentrationUnits": "", "isotherm_data": [{"pressure": 0.003151, "total_adsorption": null, "species_data": [{"InChIKey": "IJGRMHOSHXDMSA-UHFFFAOYSA-N", "composition": 1, "adsorption": 4.008}]}, {"pressure": 0.004083, "total_adsorption": null, "species_data": [{"InChIKey": "IJGRMHOSHXDMSA-UHFFFAOYSA-N", "composition": 1, "adsorption": 2.084}]}, {"pressure": 0.004813, "total_adsorption": null, "species_data": [{"InChIKey": "IJGRMHOSHXDMSA-UHFFFAOYSA-N", "composition": 1, "adsorption": 9.277}]}, {"pressure": 0.004904, "total_adsorption": null, "species_data": [{"InChIKey": "IJGRMHOSHXDMSA-UHFFFAOYSA-N", "composition": 1, "adsorption": 11.334}]}, {"pressure": 0.005188, "total_adsorption": null, "species_data": [{"InChIKey": "IJGRMHOSHXDMSA-UHFFFAOYSA-N", "composition": 1, "adsorption": 6.065}]}, {"pressure": 0.005289, "total_adsorption": null, "species_data": [{"InChIKey": "IJGRMHOSHXDMSA-UHFFFAOYSA-N", "composition": 1, "adsorption": 7.206}]}, {"pressure": 0.005289, "total_adsorption": null, "species_data": [{"InChIKey": "IJGRMHOSHXDMSA-UHFFFAOYSA-N", "composition": 1, "adsorption": 7.228}]}, {"pressure": 0.006465, "total_adsorption": null, "species_data": [{"InChIKey": "IJGRMHOSHXDMSA-UHFFFAOYSA-N", "composition": 1, "adsorption": 15.092}]}, {"pressure": 0.006475, "total_adsorption": null, "species_data": [{"InChIKey": "IJGRMHOSHXDMSA-UHFFFAOYSA-N", "composition": 1, "adsorption": 15.118}]}, {"pressure": 0.006576, "total_adsorption": null, "species_data": [{"InChIKey": "IJGRMHOSHXDMSA-UHFFFAOYSA-N", "composition": 1, "adsorption": 18.001}]}, {"pressure": 0.007316, "total_adsorption": null, "species_data": [{"InChIKey": "IJGRMHOSHXDMSA-UHFFFAOYSA-N", "composition": 1, "adsorption": 22.231}]}, {"pressure": 0.013578, "total_adsorption": null, "species_data": [{"InChIKey": "IJGRMHOSHXDMSA-UHFFFAOYSA-N", "composition": 1, "adsorption": 22.857}]}, {"pressure": 0.030641, "total_adsorption": null, "species_data": [{"InChIKey": "IJGRMHOSHXDMSA-UHFFFAOYSA-N", "composition": 1, "adsorption": 25.943}]}, {"pressure": 0.060481, "total_adsorption": null, "species_data": [{"InChIKey": "IJGRMHOSHXDMSA-UHFFFAOYSA-N", "composition": 1, "adsorption": 29.396}]}, {"pressure": 0.086785, "total_adsorption": null, "species_data": [{"InChIKey": "IJGRMHOSHXDMSA-UHFFFAOYSA-N", "composition": 1, "adsorption": 31.838}]}, {"pressure": 0.101132, "total_adsorption": null, "species_data": [{"InChIKey": "IJGRMHOSHXDMSA-UHFFFAOYSA-N", "composition": 1, "adsorption": 33.028}]}, {"pressure": 0.121408, "total_adsorption": null, "species_data": [{"InChIKey": "IJGRMHOSHXDMSA-UHFFFAOYSA-N", "composition": 1, "adsorption": 34.567}]}, {"pressure": 0.14146, "total_adsorption": null, "species_data": [{"InChIKey": "IJGRMHOSHXDMSA-UHFFFAOYSA-N", "composition": 1, "adsorption": 35.927}]}, {"pressure": 0.164815, "total_adsorption": null, "species_data": [{"InChIKey": "IJGRMHOSHXDMSA-UHFFFAOYSA-N", "composition": 1, "adsorption": 37.247}]}, {"pressure": 0.1843, "total_adsorption": null, "species_data": [{"InChIKey": "IJGRMHOSHXDMSA-UHFFFAOYSA-N", "composition": 1, "adsorption": 37.832}]}, {"pressure": 0.313307, "total_adsorption": null, "species_data": [{"InChIKey": "IJGRMHOSHXDMSA-UHFFFAOYSA-N", "composition": 1, "adsorption": 41.088}]}, {"pressure": 0.366766, "total_adsorption": null, "species_data": [{"InChIKey": "IJGRMHOSHXDMSA-UHFFFAOYSA-N", "composition": 1, "adsorption": 41.384}]}, {"pressure": 0.42364, "total_adsorption": null, "species_data": [{"InChIKey": "IJGRMHOSHXDMSA-UHFFFAOYSA-N", "composition": 1, "adsorption": 41.761}]}, {"pressure": 0.47414, "total_adsorption": null, "species_data": [{"InChIKey": "IJGRMHOSHXDMSA-UHFFFAOYSA-N", "composition": 1, "adsorption": 41.876}]}, {"pressure": 0.829436, "total_adsorption": null, "species_data": [{"InChIKey": "IJGRMHOSHXDMSA-UHFFFAOYSA-N", "composition": 1, "adsorption": 42.663}]}, {"pressure": 0.859753, "total_adsorption": null, "species_data": [{"InChIKey": "IJGRMHOSHXDMSA-UHFFFAOYSA-N", "composition": 1, "adsorption": 42.787}]}, {"pressure": 0.887455, "total_adsorption": null, "species_data": [{"InChIKey": "IJGRMHOSHXDMSA-UHFFFAOYSA-N", "composition": 1, "adsorption": 42.743}]}, {"pressure": 0.908997, "total_adsorption": null, "species_data": [{"InChIKey": "IJGRMHOSHXDMSA-UHFFFAOYSA-N", "composition": 1, "adsorption": 42.94}]}, {"pressure": 0.937033, "total_adsorption": null, "species_data": [{"InChIKey": "IJGRMHOSHXDMSA-UHFFFAOYSA-N", "composition": 1, "adsorption": 43.092}]}, {"pressure": 0.963135, "total_adsorption": null, "species_data": [{"InChIKey": "IJGRMHOSHXDMSA-UHFFFAOYSA-N", "composition": 1, "adsorption": 43.334}]}, {"pressure": 0.992428, "total_adsorption": null, "species_data": [{"InChIKey": "IJGRMHOSHXDMSA-UHFFFAOYSA-N", "composition": 1, "adsorption": 43.665}]}, {"pressure": 1.0052, "total_adsorption": null, "species_data": [{"InChIKey": "IJGRMHOSHXDMSA-UHFFFAOYSA-N", "composition": 1, "adsorption": 43.763}]}]}