{"filename": "10.1021Ja058777l.Isotherm1", "DOI": "10.1021/Ja058777l", "articleSource": "UNKNOWN", "date": "1000-01-01", "digitizer": "UNKNOWN", "adsorbent": {"hashkey": "NIST-MATDB-a9f4e35c51a2d0f9dc540357527c374d", "name": "Cu3(TATB)2(H2O)3"}, "adsorbates": [{"InChIKey": "IJGRMHOSHXDMSA-UHFFFAOYSA-N", "name": "Nitrogen"}], "category": "", "temperature": 77, "isotherm_type": "", "adsorptionUnits": "cm3(STP)/g", "pressureUnits": "bar", "compositionType": "molefraction", "concentrationUnits": "", "isotherm_data": [{"pressure": 0.00339809, "total_adsorption": 181.193, "species_data": [{"InChIKey": "IJGRMHOSHXDMSA-UHFFFAOYSA-N", "composition": 1, "adsorption": 181.193}]}, {"pressure": 0.00550637, "total_adsorption": 52.7523, "species_data": [{"InChIKey": "IJGRMHOSHXDMSA-UHFFFAOYSA-N", "composition": 1, "adsorption": 52.7523}]}, {"pressure": 0.00814599, "total_adsorption": 639.908, "species_data": [{"InChIKey": "IJGRMHOSHXDMSA-UHFFFAOYSA-N", "composition": 1, "adsorption": 639.908}]}, {"pressure": 0.01028, "total_adsorption": 497.706, "species_data": [{"InChIKey": "IJGRMHOSHXDMSA-UHFFFAOYSA-N", "composition": 1, "adsorption": 497.706}]}, {"pressure": 0.0105714, "total_adsorption": 341.743, "species_data": [{"InChIKey": "IJGRMHOSHXDMSA-UHFFFAOYSA-N", "composition": 1, "adsorption": 341.743}]}, {"pressure": 0.0228653, "total_adsorption": 761.468, "species_data": [{"InChIKey": "IJGRMHOSHXDMSA-UHFFFAOYSA-N", "composition": 1, "adsorption": 761.468}]}, {"pressure": 0.037709, "total_adsorption": 816.514, "species_data": [{"InChIKey": "IJGRMHOSHXDMSA-UHFFFAOYSA-N", "composition": 1, "adsorption": 816.514}]}, {"pressure": 0.0637924, "total_adsorption": 855.505, "species_data": [{"InChIKey": "IJGRMHOSHXDMSA-UHFFFAOYSA-N", "composition": 1, "adsorption": 855.505}]}, {"pressure": 0.101133, "total_adsorption": 869.266, "species_data": [{"InChIKey": "IJGRMHOSHXDMSA-UHFFFAOYSA-N", "composition": 1, "adsorption": 869.266}]}, {"pressure": 0.140354, "total_adsorption": 876.147, "species_data": [{"InChIKey": "IJGRMHOSHXDMSA-UHFFFAOYSA-N", "composition": 1, "adsorption": 876.147}]}, {"pressure": 0.190786, "total_adsorption": 883.028, "species_data": [{"InChIKey": "IJGRMHOSHXDMSA-UHFFFAOYSA-N", "composition": 1, "adsorption": 883.028}]}, {"pressure": 0.256151, "total_adsorption": 896.789, "species_data": [{"InChIKey": "IJGRMHOSHXDMSA-UHFFFAOYSA-N", "composition": 1, "adsorption": 896.789}]}, {"pressure": 0.321525, "total_adsorption": 905.963, "species_data": [{"InChIKey": "IJGRMHOSHXDMSA-UHFFFAOYSA-N", "composition": 1, "adsorption": 905.963}]}, {"pressure": 0.394376, "total_adsorption": 912.844, "species_data": [{"InChIKey": "IJGRMHOSHXDMSA-UHFFFAOYSA-N", "composition": 1, "adsorption": 912.844}]}, {"pressure": 0.422392, "total_adsorption": 917.431, "species_data": [{"InChIKey": "IJGRMHOSHXDMSA-UHFFFAOYSA-N", "composition": 1, "adsorption": 917.431}]}, {"pressure": 0.465367, "total_adsorption": 915.138, "species_data": [{"InChIKey": "IJGRMHOSHXDMSA-UHFFFAOYSA-N", "composition": 1, "adsorption": 915.138}]}, {"pressure": 0.489642, "total_adsorption": 922.018, "species_data": [{"InChIKey": "IJGRMHOSHXDMSA-UHFFFAOYSA-N", "composition": 1, "adsorption": 922.018}]}, {"pressure": 0.506466, "total_adsorption": 917.431, "species_data": [{"InChIKey": "IJGRMHOSHXDMSA-UHFFFAOYSA-N", "composition": 1, "adsorption": 917.431}]}, {"pressure": 0.530754, "total_adsorption": 917.431, "species_data": [{"InChIKey": "IJGRMHOSHXDMSA-UHFFFAOYSA-N", "composition": 1, "adsorption": 917.431}]}, {"pressure": 0.560642, "total_adsorption": 919.725, "species_data": [{"InChIKey": "IJGRMHOSHXDMSA-UHFFFAOYSA-N", "composition": 1, "adsorption": 919.725}]}, {"pressure": 0.609214, "total_adsorption": 922.018, "species_data": [{"InChIKey": "IJGRMHOSHXDMSA-UHFFFAOYSA-N", "composition": 1, "adsorption": 922.018}]}, {"pressure": 0.633493, "total_adsorption": 926.606, "species_data": [{"InChIKey": "IJGRMHOSHXDMSA-UHFFFAOYSA-N", "composition": 1, "adsorption": 926.606}]}, {"pressure": 0.674588, "total_adsorption": 931.193, "species_data": [{"InChIKey": "IJGRMHOSHXDMSA-UHFFFAOYSA-N", "composition": 1, "adsorption": 931.193}]}, {"pressure": 0.706345, "total_adsorption": 933.486, "species_data": [{"InChIKey": "IJGRMHOSHXDMSA-UHFFFAOYSA-N", "composition": 1, "adsorption": 933.486}]}, {"pressure": 0.741847, "total_adsorption": 931.193, "species_data": [{"InChIKey": "IJGRMHOSHXDMSA-UHFFFAOYSA-N", "composition": 1, "adsorption": 931.193}]}, {"pressure": 0.790418, "total_adsorption": 933.486, "species_data": [{"InChIKey": "IJGRMHOSHXDMSA-UHFFFAOYSA-N", "composition": 1, "adsorption": 933.486}]}, {"pressure": 0.835249, "total_adsorption": 938.073, "species_data": [{"InChIKey": "IJGRMHOSHXDMSA-UHFFFAOYSA-N", "composition": 1, "adsorption": 938.073}]}, {"pressure": 0.891307, "total_adsorption": 933.486, "species_data": [{"InChIKey": "IJGRMHOSHXDMSA-UHFFFAOYSA-N", "composition": 1, "adsorption": 933.486}]}, {"pressure": 0.943607, "total_adsorption": 940.367, "species_data": [{"InChIKey": "IJGRMHOSHXDMSA-UHFFFAOYSA-N", "composition": 1, "adsorption": 940.367}]}, {"pressure": 0.960409, "total_adsorption": 947.248, "species_data": [{"InChIKey": "IJGRMHOSHXDMSA-UHFFFAOYSA-N", "composition": 1, "adsorption": 947.248}]}]}