{"filename": "10.1021Jp074918p.isotherm47", "DOI": "10.1021/Jp074918p", "articleSource": "UNKNOWN", "date": "1000-01-01", "digitizer": "UNKNOWN", "adsorbent": {"hashkey": "NIST-MATDB-1d3c38b5cbf43b273219dfe152bc9314", "name": "MCM22"}, "adsorbates": [{"InChIKey": "QQONPFPTGQHPMA-UHFFFAOYSA-N", "name": "Propene"}], "category": "", "temperature": 373, "isotherm_type": "", "adsorptionUnits": "molecules/unitcell", "pressureUnits": "bar", "compositionType": "molefraction", "concentrationUnits": "", "isotherm_data": [{"pressure": 1.13e-05, "total_adsorption": 0.0873899, "species_data": [{"InChIKey": "QQONPFPTGQHPMA-UHFFFAOYSA-N", "composition": 1, "adsorption": 0.0873899}]}, {"pressure": 2.17e-05, "total_adsorption": 0.0873899, "species_data": [{"InChIKey": "QQONPFPTGQHPMA-UHFFFAOYSA-N", "composition": 1, "adsorption": 0.0873899}]}, {"pressure": 5.37e-05, "total_adsorption": 0.0873899, "species_data": [{"InChIKey": "QQONPFPTGQHPMA-UHFFFAOYSA-N", "composition": 1, "adsorption": 0.0873899}]}, {"pressure": 0.000209, "total_adsorption": 0.0568017, "species_data": [{"InChIKey": "QQONPFPTGQHPMA-UHFFFAOYSA-N", "composition": 1, "adsorption": 0.0568017}]}, {"pressure": 0.00053, "total_adsorption": 0.0568017, "species_data": [{"InChIKey": "QQONPFPTGQHPMA-UHFFFAOYSA-N", "composition": 1, "adsorption": 0.0568017}]}, {"pressure": 0.00107185, "total_adsorption": 0.0873899, "species_data": [{"InChIKey": "QQONPFPTGQHPMA-UHFFFAOYSA-N", "composition": 1, "adsorption": 0.0873899}]}, {"pressure": 0.00201022, "total_adsorption": 0.0873899, "species_data": [{"InChIKey": "QQONPFPTGQHPMA-UHFFFAOYSA-N", "composition": 1, "adsorption": 0.0873899}]}, {"pressure": 0.00497188, "total_adsorption": 0.0568017, "species_data": [{"InChIKey": "QQONPFPTGQHPMA-UHFFFAOYSA-N", "composition": 1, "adsorption": 0.0568017}]}, {"pressure": 0.0103116, "total_adsorption": 0.0568017, "species_data": [{"InChIKey": "QQONPFPTGQHPMA-UHFFFAOYSA-N", "composition": 1, "adsorption": 0.0568017}]}, {"pressure": 0.0203369, "total_adsorption": 0.0873899, "species_data": [{"InChIKey": "QQONPFPTGQHPMA-UHFFFAOYSA-N", "composition": 1, "adsorption": 0.0873899}]}, {"pressure": 0.0515806, "total_adsorption": 0.179155, "species_data": [{"InChIKey": "QQONPFPTGQHPMA-UHFFFAOYSA-N", "composition": 1, "adsorption": 0.179155}]}, {"pressure": 0.0967378, "total_adsorption": 0.240331, "species_data": [{"InChIKey": "QQONPFPTGQHPMA-UHFFFAOYSA-N", "composition": 1, "adsorption": 0.240331}]}, {"pressure": 0.195649, "total_adsorption": 0.393272, "species_data": [{"InChIKey": "QQONPFPTGQHPMA-UHFFFAOYSA-N", "composition": 1, "adsorption": 0.393272}]}, {"pressure": 0.548754, "total_adsorption": 0.882684, "species_data": [{"InChIKey": "QQONPFPTGQHPMA-UHFFFAOYSA-N", "composition": 1, "adsorption": 0.882684}]}, {"pressure": 1.02917, "total_adsorption": 1.46386, "species_data": [{"InChIKey": "QQONPFPTGQHPMA-UHFFFAOYSA-N", "composition": 1, "adsorption": 1.46386}]}]}