{"filename": "10.1039C2sc00017b.isotherm7", "DOI": "10.1039/C2sc00017b", "articleSource": "UNKNOWN", "date": "1000-01-01", "digitizer": "UNKNOWN", "adsorbent": {"hashkey": "NIST-MATDB-6c3aa1fc2c64433a2c6a23ce2e354193", "name": "IFMC-1"}, "adsorbates": [{"InChIKey": "IJGRMHOSHXDMSA-UHFFFAOYSA-N", "name": "Nitrogen"}], "category": "", "temperature": 298, "isotherm_type": "", "adsorptionUnits": "cm3(STP)/g", "pressureUnits": "bar", "compositionType": "molefraction", "concentrationUnits": "", "isotherm_data": [{"pressure": 0.0337579, "total_adsorption": 1.19091, "species_data": [{"InChIKey": "IJGRMHOSHXDMSA-UHFFFAOYSA-N", "composition": 1, "adsorption": 1.19091}]}, {"pressure": 0.102405, "total_adsorption": 0.933479, "species_data": [{"InChIKey": "IJGRMHOSHXDMSA-UHFFFAOYSA-N", "composition": 1, "adsorption": 0.933479}]}, {"pressure": 0.175342, "total_adsorption": 1.70576, "species_data": [{"InChIKey": "IJGRMHOSHXDMSA-UHFFFAOYSA-N", "composition": 1, "adsorption": 1.70576}]}, {"pressure": 0.248279, "total_adsorption": 1.70576, "species_data": [{"InChIKey": "IJGRMHOSHXDMSA-UHFFFAOYSA-N", "composition": 1, "adsorption": 1.70576}]}, {"pressure": 0.35268, "total_adsorption": 2.22061, "species_data": [{"InChIKey": "IJGRMHOSHXDMSA-UHFFFAOYSA-N", "composition": 1, "adsorption": 2.22061}]}, {"pressure": 0.45279, "total_adsorption": 2.47803, "species_data": [{"InChIKey": "IJGRMHOSHXDMSA-UHFFFAOYSA-N", "composition": 1, "adsorption": 2.47803}]}, {"pressure": 0.55433, "total_adsorption": 2.22061, "species_data": [{"InChIKey": "IJGRMHOSHXDMSA-UHFFFAOYSA-N", "composition": 1, "adsorption": 2.22061}]}, {"pressure": 0.65015, "total_adsorption": 2.73546, "species_data": [{"InChIKey": "IJGRMHOSHXDMSA-UHFFFAOYSA-N", "composition": 1, "adsorption": 2.73546}]}, {"pressure": 0.75026, "total_adsorption": 2.99289, "species_data": [{"InChIKey": "IJGRMHOSHXDMSA-UHFFFAOYSA-N", "composition": 1, "adsorption": 2.99289}]}, {"pressure": 0.85466, "total_adsorption": 3.50774, "species_data": [{"InChIKey": "IJGRMHOSHXDMSA-UHFFFAOYSA-N", "composition": 1, "adsorption": 3.50774}]}, {"pressure": 0.924737, "total_adsorption": 3.76516, "species_data": [{"InChIKey": "IJGRMHOSHXDMSA-UHFFFAOYSA-N", "composition": 1, "adsorption": 3.76516}]}, {"pressure": 1.01055, "total_adsorption": 4.02259, "species_data": [{"InChIKey": "IJGRMHOSHXDMSA-UHFFFAOYSA-N", "composition": 1, "adsorption": 4.02259}]}]}