{"filename": "10.1002chem.201003376.Isotherm3", "DOI": "10.1002/chem.201003376", "articleSource": "UNKNOWN", "date": "1000-01-01", "digitizer": "UNKNOWN", "adsorbent": {"hashkey": "NIST-MATDB-23582fcb420b93d50151f45ac1fa1ecf", "name": "SNU-77R"}, "adsorbates": [{"InChIKey": "CURLTUGMZLYLDI-UHFFFAOYSA-N", "name": "Carbon Dioxide"}], "category": "", "temperature": 77, "isotherm_type": "", "adsorptionUnits": "cm3(STP)/g", "pressureUnits": "bar", "compositionType": "molefraction", "concentrationUnits": "", "isotherm_data": [{"pressure": 0.00268125, "total_adsorption": 108.223, "species_data": [{"InChIKey": "CURLTUGMZLYLDI-UHFFFAOYSA-N", "composition": 1, "adsorption": 108.223}]}, {"pressure": 0.00350539, "total_adsorption": 603.791, "species_data": [{"InChIKey": "CURLTUGMZLYLDI-UHFFFAOYSA-N", "composition": 1, "adsorption": 603.791}]}, {"pressure": 0.00360091, "total_adsorption": 522.145, "species_data": [{"InChIKey": "CURLTUGMZLYLDI-UHFFFAOYSA-N", "composition": 1, "adsorption": 522.145}]}, {"pressure": 0.00376752, "total_adsorption": 379.739, "species_data": [{"InChIKey": "CURLTUGMZLYLDI-UHFFFAOYSA-N", "composition": 1, "adsorption": 379.739}]}, {"pressure": 0.0144992, "total_adsorption": 806.934, "species_data": [{"InChIKey": "CURLTUGMZLYLDI-UHFFFAOYSA-N", "composition": 1, "adsorption": 806.934}]}, {"pressure": 0.0285096, "total_adsorption": 831.59, "species_data": [{"InChIKey": "CURLTUGMZLYLDI-UHFFFAOYSA-N", "composition": 1, "adsorption": 831.59}]}, {"pressure": 0.043924, "total_adsorption": 856.243, "species_data": [{"InChIKey": "CURLTUGMZLYLDI-UHFFFAOYSA-N", "composition": 1, "adsorption": 856.243}]}, {"pressure": 0.0635591, "total_adsorption": 873.294, "species_data": [{"InChIKey": "CURLTUGMZLYLDI-UHFFFAOYSA-N", "composition": 1, "adsorption": 873.294}]}, {"pressure": 0.104247, "total_adsorption": 895.999, "species_data": [{"InChIKey": "CURLTUGMZLYLDI-UHFFFAOYSA-N", "composition": 1, "adsorption": 895.999}]}, {"pressure": 0.151965, "total_adsorption": 909.197, "species_data": [{"InChIKey": "CURLTUGMZLYLDI-UHFFFAOYSA-N", "composition": 1, "adsorption": 909.197}]}, {"pressure": 0.194074, "total_adsorption": 916.709, "species_data": [{"InChIKey": "CURLTUGMZLYLDI-UHFFFAOYSA-N", "composition": 1, "adsorption": 916.709}]}, {"pressure": 0.25303, "total_adsorption": 924.189, "species_data": [{"InChIKey": "CURLTUGMZLYLDI-UHFFFAOYSA-N", "composition": 1, "adsorption": 924.189}]}, {"pressure": 0.299358, "total_adsorption": 925.997, "species_data": [{"InChIKey": "CURLTUGMZLYLDI-UHFFFAOYSA-N", "composition": 1, "adsorption": 925.997}]}, {"pressure": 0.348482, "total_adsorption": 937.294, "species_data": [{"InChIKey": "CURLTUGMZLYLDI-UHFFFAOYSA-N", "composition": 1, "adsorption": 937.294}]}, {"pressure": 0.400423, "total_adsorption": 940.99, "species_data": [{"InChIKey": "CURLTUGMZLYLDI-UHFFFAOYSA-N", "composition": 1, "adsorption": 940.99}]}, {"pressure": 0.443954, "total_adsorption": 933.31, "species_data": [{"InChIKey": "CURLTUGMZLYLDI-UHFFFAOYSA-N", "composition": 1, "adsorption": 933.31}]}, {"pressure": 0.491688, "total_adsorption": 933.216, "species_data": [{"InChIKey": "CURLTUGMZLYLDI-UHFFFAOYSA-N", "composition": 1, "adsorption": 933.216}]}, {"pressure": 0.540819, "total_adsorption": 938.816, "species_data": [{"InChIKey": "CURLTUGMZLYLDI-UHFFFAOYSA-N", "composition": 1, "adsorption": 938.816}]}, {"pressure": 0.59136, "total_adsorption": 938.718, "species_data": [{"InChIKey": "CURLTUGMZLYLDI-UHFFFAOYSA-N", "composition": 1, "adsorption": 938.718}]}, {"pressure": 0.634882, "total_adsorption": 938.633, "species_data": [{"InChIKey": "CURLTUGMZLYLDI-UHFFFAOYSA-N", "composition": 1, "adsorption": 938.633}]}, {"pressure": 0.686821, "total_adsorption": 944.227, "species_data": [{"InChIKey": "CURLTUGMZLYLDI-UHFFFAOYSA-N", "composition": 1, "adsorption": 944.227}]}, {"pressure": 0.733153, "total_adsorption": 942.238, "species_data": [{"InChIKey": "CURLTUGMZLYLDI-UHFFFAOYSA-N", "composition": 1, "adsorption": 942.238}]}, {"pressure": 0.783702, "total_adsorption": 936.443, "species_data": [{"InChIKey": "CURLTUGMZLYLDI-UHFFFAOYSA-N", "composition": 1, "adsorption": 936.443}]}, {"pressure": 0.837053, "total_adsorption": 934.44, "species_data": [{"InChIKey": "CURLTUGMZLYLDI-UHFFFAOYSA-N", "composition": 1, "adsorption": 934.44}]}, {"pressure": 0.886178, "total_adsorption": 945.736, "species_data": [{"InChIKey": "CURLTUGMZLYLDI-UHFFFAOYSA-N", "composition": 1, "adsorption": 945.736}]}]}