{"filename": "10.1039C2ee22769j.isotherm27", "DOI": "10.1039/C2ee22769j", "articleSource": "UNKNOWN", "date": "1000-01-01", "digitizer": "UNKNOWN", "adsorbent": {"hashkey": "NIST-MATDB-453276ee992ed07dc207ed08b2b221ce", "name": "Carbon"}, "adsorbates": [{"InChIKey": "VNWKTOKETHGBQD-UHFFFAOYSA-N", "name": "Methane"}], "category": "", "temperature": 298, "isotherm_type": "", "adsorptionUnits": "wt%", "pressureUnits": "bar", "compositionType": "molefraction", "concentrationUnits": "", "isotherm_data": [{"pressure": 0.996287, "total_adsorption": 2.30574, "species_data": [{"InChIKey": "VNWKTOKETHGBQD-UHFFFAOYSA-N", "composition": 1, "adsorption": 2.30574}]}, {"pressure": 1.99833, "total_adsorption": 3.82733, "species_data": [{"InChIKey": "VNWKTOKETHGBQD-UHFFFAOYSA-N", "composition": 1, "adsorption": 3.82733}]}, {"pressure": 3.96639, "total_adsorption": 5.7774, "species_data": [{"InChIKey": "VNWKTOKETHGBQD-UHFFFAOYSA-N", "composition": 1, "adsorption": 5.7774}]}, {"pressure": 5.98217, "total_adsorption": 7.2285, "species_data": [{"InChIKey": "VNWKTOKETHGBQD-UHFFFAOYSA-N", "composition": 1, "adsorption": 7.2285}]}, {"pressure": 7.95843, "total_adsorption": 8.06175, "species_data": [{"InChIKey": "VNWKTOKETHGBQD-UHFFFAOYSA-N", "composition": 1, "adsorption": 8.06175}]}, {"pressure": 9.97927, "total_adsorption": 8.82375, "species_data": [{"InChIKey": "VNWKTOKETHGBQD-UHFFFAOYSA-N", "composition": 1, "adsorption": 8.82375}]}, {"pressure": 11.9134, "total_adsorption": 9.39557, "species_data": [{"InChIKey": "VNWKTOKETHGBQD-UHFFFAOYSA-N", "composition": 1, "adsorption": 9.39557}]}, {"pressure": 14.9917, "total_adsorption": 10.1346, "species_data": [{"InChIKey": "VNWKTOKETHGBQD-UHFFFAOYSA-N", "composition": 1, "adsorption": 10.1346}]}, {"pressure": 19.9189, "total_adsorption": 11.0415, "species_data": [{"InChIKey": "VNWKTOKETHGBQD-UHFFFAOYSA-N", "composition": 1, "adsorption": 11.0415}]}, {"pressure": 30.0427, "total_adsorption": 12.1901, "species_data": [{"InChIKey": "VNWKTOKETHGBQD-UHFFFAOYSA-N", "composition": 1, "adsorption": 12.1901}]}]}