{"filename": "10.1126science.1217544.Isotherm7", "DOI": "10.1126/science.1217544", "articleSource": "UNKNOWN", "date": "1000-01-01", "digitizer": "UNKNOWN", "adsorbent": {"hashkey": "NIST-MATDB-1e93bd0672ca0c9d104d64b9ac6b00a2", "name": "Fe2(dobdc)"}, "adsorbates": [{"InChIKey": "HSFWRNGVRCDJHI-UHFFFAOYSA-N", "name": "Acetylene"}], "category": "", "temperature": 318, "isotherm_type": "", "adsorptionUnits": "mmol/g", "pressureUnits": "bar", "compositionType": "molefraction", "concentrationUnits": "", "isotherm_data": [{"pressure": 0.000122431, "total_adsorption": 0.0872274, "species_data": [{"InChIKey": "HSFWRNGVRCDJHI-UHFFFAOYSA-N", "composition": 1, "adsorption": 0.0872274}]}, {"pressure": 0.000231457, "total_adsorption": 0.174455, "species_data": [{"InChIKey": "HSFWRNGVRCDJHI-UHFFFAOYSA-N", "composition": 1, "adsorption": 0.174455}]}, {"pressure": 0.000367765, "total_adsorption": 0.261682, "species_data": [{"InChIKey": "HSFWRNGVRCDJHI-UHFFFAOYSA-N", "composition": 1, "adsorption": 0.261682}]}, {"pressure": 0.000655994, "total_adsorption": 0.392523, "species_data": [{"InChIKey": "HSFWRNGVRCDJHI-UHFFFAOYSA-N", "composition": 1, "adsorption": 0.392523}]}, {"pressure": 0.00101221, "total_adsorption": 0.566978, "species_data": [{"InChIKey": "HSFWRNGVRCDJHI-UHFFFAOYSA-N", "composition": 1, "adsorption": 0.566978}]}, {"pressure": 0.00151684, "total_adsorption": 0.806854, "species_data": [{"InChIKey": "HSFWRNGVRCDJHI-UHFFFAOYSA-N", "composition": 1, "adsorption": 0.806854}]}, {"pressure": 0.00202456, "total_adsorption": 1.02492, "species_data": [{"InChIKey": "HSFWRNGVRCDJHI-UHFFFAOYSA-N", "composition": 1, "adsorption": 1.02492}]}, {"pressure": 0.00278119, "total_adsorption": 1.2866, "species_data": [{"InChIKey": "HSFWRNGVRCDJHI-UHFFFAOYSA-N", "composition": 1, "adsorption": 1.2866}]}, {"pressure": 0.00360521, "total_adsorption": 1.57009, "species_data": [{"InChIKey": "HSFWRNGVRCDJHI-UHFFFAOYSA-N", "composition": 1, "adsorption": 1.57009}]}, {"pressure": 0.00481061, "total_adsorption": 1.85358, "species_data": [{"InChIKey": "HSFWRNGVRCDJHI-UHFFFAOYSA-N", "composition": 1, "adsorption": 1.85358}]}, {"pressure": 0.00605731, "total_adsorption": 2.15888, "species_data": [{"InChIKey": "HSFWRNGVRCDJHI-UHFFFAOYSA-N", "composition": 1, "adsorption": 2.15888}]}, {"pressure": 0.00785127, "total_adsorption": 2.46417, "species_data": [{"InChIKey": "HSFWRNGVRCDJHI-UHFFFAOYSA-N", "composition": 1, "adsorption": 2.46417}]}, {"pressure": 0.0101747, "total_adsorption": 2.81308, "species_data": [{"InChIKey": "HSFWRNGVRCDJHI-UHFFFAOYSA-N", "composition": 1, "adsorption": 2.81308}]}, {"pressure": 0.0135719, "total_adsorption": 3.1838, "species_data": [{"InChIKey": "HSFWRNGVRCDJHI-UHFFFAOYSA-N", "composition": 1, "adsorption": 3.1838}]}, {"pressure": 0.018632, "total_adsorption": 3.59813, "species_data": [{"InChIKey": "HSFWRNGVRCDJHI-UHFFFAOYSA-N", "composition": 1, "adsorption": 3.59813}]}, {"pressure": 0.023465, "total_adsorption": 3.85981, "species_data": [{"InChIKey": "HSFWRNGVRCDJHI-UHFFFAOYSA-N", "composition": 1, "adsorption": 3.85981}]}, {"pressure": 0.0322166, "total_adsorption": 4.25234, "species_data": [{"InChIKey": "HSFWRNGVRCDJHI-UHFFFAOYSA-N", "composition": 1, "adsorption": 4.25234}]}, {"pressure": 0.0429932, "total_adsorption": 4.51402, "species_data": [{"InChIKey": "HSFWRNGVRCDJHI-UHFFFAOYSA-N", "composition": 1, "adsorption": 4.51402}]}, {"pressure": 0.062559, "total_adsorption": 4.86293, "species_data": [{"InChIKey": "HSFWRNGVRCDJHI-UHFFFAOYSA-N", "composition": 1, "adsorption": 4.86293}]}, {"pressure": 0.0910794, "total_adsorption": 5.081, "species_data": [{"InChIKey": "HSFWRNGVRCDJHI-UHFFFAOYSA-N", "composition": 1, "adsorption": 5.081}]}, {"pressure": 0.132555, "total_adsorption": 5.38629, "species_data": [{"InChIKey": "HSFWRNGVRCDJHI-UHFFFAOYSA-N", "composition": 1, "adsorption": 5.38629}]}, {"pressure": 0.176958, "total_adsorption": 5.56075, "species_data": [{"InChIKey": "HSFWRNGVRCDJHI-UHFFFAOYSA-N", "composition": 1, "adsorption": 5.56075}]}, {"pressure": 0.265131, "total_adsorption": 5.84424, "species_data": [{"InChIKey": "HSFWRNGVRCDJHI-UHFFFAOYSA-N", "composition": 1, "adsorption": 5.84424}]}, {"pressure": 0.385898, "total_adsorption": 6.12773, "species_data": [{"InChIKey": "HSFWRNGVRCDJHI-UHFFFAOYSA-N", "composition": 1, "adsorption": 6.12773}]}, {"pressure": 0.545739, "total_adsorption": 6.3676, "species_data": [{"InChIKey": "HSFWRNGVRCDJHI-UHFFFAOYSA-N", "composition": 1, "adsorption": 6.3676}]}, {"pressure": 0.728088, "total_adsorption": 6.6947, "species_data": [{"InChIKey": "HSFWRNGVRCDJHI-UHFFFAOYSA-N", "composition": 1, "adsorption": 6.6947}]}, {"pressure": 0.94406, "total_adsorption": 6.91277, "species_data": [{"InChIKey": "HSFWRNGVRCDJHI-UHFFFAOYSA-N", "composition": 1, "adsorption": 6.91277}]}]}