{"filename": "10.1021Jp9006747.Isotherm4", "DOI": "10.1021/Jp9006747", "articleSource": "UNKNOWN", "date": "1000-01-01", "digitizer": "UNKNOWN", "adsorbent": {"hashkey": "NIST-MATDB-a802c8f06888bfc869dfc25af5ada337", "name": "Zn(BDC)(DABCO)0.5"}, "adsorbates": [{"InChIKey": "IVSZLXZYQVIEFR-UHFFFAOYSA-N", "name": "M-Xylene"}], "category": "", "temperature": 398, "isotherm_type": "", "adsorptionUnits": "mmol/g", "pressureUnits": "bar", "compositionType": "molefraction", "concentrationUnits": "", "isotherm_data": [{"pressure": 0.003, "total_adsorption": 2.27005, "species_data": [{"InChIKey": "IVSZLXZYQVIEFR-UHFFFAOYSA-N", "composition": 1, "adsorption": 2.27005}]}, {"pressure": 0.006, "total_adsorption": 2.55263, "species_data": [{"InChIKey": "IVSZLXZYQVIEFR-UHFFFAOYSA-N", "composition": 1, "adsorption": 2.55263}]}, {"pressure": 0.016, "total_adsorption": 2.91056, "species_data": [{"InChIKey": "IVSZLXZYQVIEFR-UHFFFAOYSA-N", "composition": 1, "adsorption": 2.91056}]}, {"pressure": 0.037, "total_adsorption": 3.05185, "species_data": [{"InChIKey": "IVSZLXZYQVIEFR-UHFFFAOYSA-N", "composition": 1, "adsorption": 3.05185}]}, {"pressure": 0.081, "total_adsorption": 3.18372, "species_data": [{"InChIKey": "IVSZLXZYQVIEFR-UHFFFAOYSA-N", "composition": 1, "adsorption": 3.18372}]}, {"pressure": 0.102, "total_adsorption": 3.2214, "species_data": [{"InChIKey": "IVSZLXZYQVIEFR-UHFFFAOYSA-N", "composition": 1, "adsorption": 3.2214}]}]}