{"filename": "10.1021ja104035j.Isotherm7", "DOI": "10.1021/ja104035j", "articleSource": "UNKNOWN", "date": "1000-01-01", "digitizer": "UNKNOWN", "adsorbent": {"hashkey": "NIST-MATDB-84a40dd818b928ee3ffae58c08422b64", "name": "ZIF-25"}, "adsorbates": [{"InChIKey": "CURLTUGMZLYLDI-UHFFFAOYSA-N", "name": "Carbon Dioxide"}], "category": "", "temperature": 298, "isotherm_type": "", "adsorptionUnits": "mmol/g", "pressureUnits": "bar", "compositionType": "molefraction", "concentrationUnits": "", "isotherm_data": [{"pressure": 0.0501212, "total_adsorption": 0.0589381, "species_data": [{"InChIKey": "CURLTUGMZLYLDI-UHFFFAOYSA-N", "composition": 1, "adsorption": 0.0589381}]}, {"pressure": 0.0902181, "total_adsorption": 0.117815, "species_data": [{"InChIKey": "CURLTUGMZLYLDI-UHFFFAOYSA-N", "composition": 1, "adsorption": 0.117815}]}, {"pressure": 0.124301, "total_adsorption": 0.163626, "species_data": [{"InChIKey": "CURLTUGMZLYLDI-UHFFFAOYSA-N", "composition": 1, "adsorption": 0.163626}]}, {"pressure": 0.170412, "total_adsorption": 0.235569, "species_data": [{"InChIKey": "CURLTUGMZLYLDI-UHFFFAOYSA-N", "composition": 1, "adsorption": 0.235569}]}, {"pressure": 0.222538, "total_adsorption": 0.301034, "species_data": [{"InChIKey": "CURLTUGMZLYLDI-UHFFFAOYSA-N", "composition": 1, "adsorption": 0.301034}]}, {"pressure": 0.276669, "total_adsorption": 0.359996, "species_data": [{"InChIKey": "CURLTUGMZLYLDI-UHFFFAOYSA-N", "composition": 1, "adsorption": 0.359996}]}, {"pressure": 0.332805, "total_adsorption": 0.432, "species_data": [{"InChIKey": "CURLTUGMZLYLDI-UHFFFAOYSA-N", "composition": 1, "adsorption": 0.432}]}, {"pressure": 0.384931, "total_adsorption": 0.484436, "species_data": [{"InChIKey": "CURLTUGMZLYLDI-UHFFFAOYSA-N", "composition": 1, "adsorption": 0.484436}]}, {"pressure": 0.437057, "total_adsorption": 0.543386, "species_data": [{"InChIKey": "CURLTUGMZLYLDI-UHFFFAOYSA-N", "composition": 1, "adsorption": 0.543386}]}, {"pressure": 0.493193, "total_adsorption": 0.602361, "species_data": [{"InChIKey": "CURLTUGMZLYLDI-UHFFFAOYSA-N", "composition": 1, "adsorption": 0.602361}]}, {"pressure": 0.549328, "total_adsorption": 0.654821, "species_data": [{"InChIKey": "CURLTUGMZLYLDI-UHFFFAOYSA-N", "composition": 1, "adsorption": 0.654821}]}, {"pressure": 0.601454, "total_adsorption": 0.700742, "species_data": [{"InChIKey": "CURLTUGMZLYLDI-UHFFFAOYSA-N", "composition": 1, "adsorption": 0.700742}]}, {"pressure": 0.65358, "total_adsorption": 0.759692, "species_data": [{"InChIKey": "CURLTUGMZLYLDI-UHFFFAOYSA-N", "composition": 1, "adsorption": 0.759692}]}, {"pressure": 0.707711, "total_adsorption": 0.805626, "species_data": [{"InChIKey": "CURLTUGMZLYLDI-UHFFFAOYSA-N", "composition": 1, "adsorption": 0.805626}]}, {"pressure": 0.763847, "total_adsorption": 0.851571, "species_data": [{"InChIKey": "CURLTUGMZLYLDI-UHFFFAOYSA-N", "composition": 1, "adsorption": 0.851571}]}, {"pressure": 0.813968, "total_adsorption": 0.89748, "species_data": [{"InChIKey": "CURLTUGMZLYLDI-UHFFFAOYSA-N", "composition": 1, "adsorption": 0.89748}]}, {"pressure": 0.868099, "total_adsorption": 0.943413, "species_data": [{"InChIKey": "CURLTUGMZLYLDI-UHFFFAOYSA-N", "composition": 1, "adsorption": 0.943413}]}, {"pressure": 0.924235, "total_adsorption": 0.982844, "species_data": [{"InChIKey": "CURLTUGMZLYLDI-UHFFFAOYSA-N", "composition": 1, "adsorption": 0.982844}]}, {"pressure": 0.976361, "total_adsorption": 1.02876, "species_data": [{"InChIKey": "CURLTUGMZLYLDI-UHFFFAOYSA-N", "composition": 1, "adsorption": 1.02876}]}, {"pressure": 1.03049, "total_adsorption": 1.06167, "species_data": [{"InChIKey": "CURLTUGMZLYLDI-UHFFFAOYSA-N", "composition": 1, "adsorption": 1.06167}]}, {"pressure": 1.0746, "total_adsorption": 1.10754, "species_data": [{"InChIKey": "CURLTUGMZLYLDI-UHFFFAOYSA-N", "composition": 1, "adsorption": 1.10754}]}]}