{"filename": "10.1039C3cc45866k.isotherm19", "DOI": "10.1039/C3cc45866k", "articleSource": "UNKNOWN", "date": "1000-01-01", "digitizer": "UNKNOWN", "adsorbent": {"hashkey": "NIST-MATDB-4c3f756846170c3b55b807888c07cbfa", "name": "PCN-200"}, "adsorbates": [{"InChIKey": "XKRFYHLGVUSROY-UHFFFAOYSA-N", "name": "Argon"}], "category": "", "temperature": 195, "isotherm_type": "", "adsorptionUnits": "cm3(STP)/g", "pressureUnits": "bar", "compositionType": "molefraction", "concentrationUnits": "", "isotherm_data": [{"pressure": 0.0110473, "total_adsorption": 0.496101, "species_data": [{"InChIKey": "XKRFYHLGVUSROY-UHFFFAOYSA-N", "composition": 1, "adsorption": 0.496101}]}, {"pressure": 0.107005, "total_adsorption": 2.68942, "species_data": [{"InChIKey": "XKRFYHLGVUSROY-UHFFFAOYSA-N", "composition": 1, "adsorption": 2.68942}]}, {"pressure": 0.202963, "total_adsorption": 4.69997, "species_data": [{"InChIKey": "XKRFYHLGVUSROY-UHFFFAOYSA-N", "composition": 1, "adsorption": 4.69997}]}, {"pressure": 0.292067, "total_adsorption": 6.29926, "species_data": [{"InChIKey": "XKRFYHLGVUSROY-UHFFFAOYSA-N", "composition": 1, "adsorption": 6.29926}]}, {"pressure": 0.374316, "total_adsorption": 7.80717, "species_data": [{"InChIKey": "XKRFYHLGVUSROY-UHFFFAOYSA-N", "composition": 1, "adsorption": 7.80717}]}, {"pressure": 0.451996, "total_adsorption": 8.90383, "species_data": [{"InChIKey": "XKRFYHLGVUSROY-UHFFFAOYSA-N", "composition": 1, "adsorption": 8.90383}]}, {"pressure": 0.5411, "total_adsorption": 10.0462, "species_data": [{"InChIKey": "XKRFYHLGVUSROY-UHFFFAOYSA-N", "composition": 1, "adsorption": 10.0462}]}, {"pressure": 0.62335, "total_adsorption": 11.0058, "species_data": [{"InChIKey": "XKRFYHLGVUSROY-UHFFFAOYSA-N", "composition": 1, "adsorption": 11.0058}]}, {"pressure": 0.726162, "total_adsorption": 12.0567, "species_data": [{"InChIKey": "XKRFYHLGVUSROY-UHFFFAOYSA-N", "composition": 1, "adsorption": 12.0567}]}, {"pressure": 0.835828, "total_adsorption": 12.8335, "species_data": [{"InChIKey": "XKRFYHLGVUSROY-UHFFFAOYSA-N", "composition": 1, "adsorption": 12.8335}]}, {"pressure": 0.93407, "total_adsorption": 13.4733, "species_data": [{"InChIKey": "XKRFYHLGVUSROY-UHFFFAOYSA-N", "composition": 1, "adsorption": 13.4733}]}]}