{"isotherm_data":[{"pressure":0.004707,"total_adsorption":null,"species_data":[{"composition":1,"adsorption":1.219,"InChIKey":"CURLTUGMZLYLDI-UHFFFAOYSA-N"}]},{"pressure":0.005773,"total_adsorption":null,"species_data":[{"composition":1,"adsorption":2.523,"InChIKey":"CURLTUGMZLYLDI-UHFFFAOYSA-N"}]},{"pressure":0.008966,"total_adsorption":null,"species_data":[{"composition":1,"adsorption":5.58,"InChIKey":"CURLTUGMZLYLDI-UHFFFAOYSA-N"}]},{"pressure":0.008977,"total_adsorption":null,"species_data":[{"composition":1,"adsorption":5.582,"InChIKey":"CURLTUGMZLYLDI-UHFFFAOYSA-N"}]},{"pressure":0.012174,"total_adsorption":null,"species_data":[{"composition":1,"adsorption":7.013,"InChIKey":"CURLTUGMZLYLDI-UHFFFAOYSA-N"}]},{"pressure":0.019238,"total_adsorption":null,"species_data":[{"composition":1,"adsorption":8.189,"InChIKey":"CURLTUGMZLYLDI-UHFFFAOYSA-N"}]},{"pressure":0.022234,"total_adsorption":null,"species_data":[{"composition":1,"adsorption":9.258,"InChIKey":"CURLTUGMZLYLDI-UHFFFAOYSA-N"}]},{"pressure":0.034647,"total_adsorption":null,"species_data":[{"composition":1,"adsorption":12.145,"InChIKey":"CURLTUGMZLYLDI-UHFFFAOYSA-N"}]},{"pressure":0.036369,"total_adsorption":null,"species_data":[{"composition":1,"adsorption":10.884,"InChIKey":"CURLTUGMZLYLDI-UHFFFAOYSA-N"}]},{"pressure":0.045995,"total_adsorption":null,"species_data":[{"composition":1,"adsorption":14.049,"InChIKey":"CURLTUGMZLYLDI-UHFFFAOYSA-N"}]},{"pressure":0.049633,"total_adsorption":null,"species_data":[{"composition":1,"adsorption":14.819,"InChIKey":"CURLTUGMZLYLDI-UHFFFAOYSA-N"}]},{"pressure":0.051983,"total_adsorption":null,"species_data":[{"composition":1,"adsorption":16.681,"InChIKey":"CURLTUGMZLYLDI-UHFFFAOYSA-N"}]},{"pressure":0.052833,"total_adsorption":null,"species_data":[{"composition":1,"adsorption":16.892,"InChIKey":"CURLTUGMZLYLDI-UHFFFAOYSA-N"}]},{"pressure":0.063112,"total_adsorption":null,"species_data":[{"composition":1,"adsorption":18.432,"InChIKey":"CURLTUGMZLYLDI-UHFFFAOYSA-N"}]},{"pressure":0.064389,"total_adsorption":null,"species_data":[{"composition":1,"adsorption":19.737,"InChIKey":"CURLTUGMZLYLDI-UHFFFAOYSA-N"}]},{"pressure":0.075956,"total_adsorption":null,"species_data":[{"composition":1,"adsorption":21.106,"InChIKey":"CURLTUGMZLYLDI-UHFFFAOYSA-N"}]},{"pressure":0.085807,"total_adsorption":null,"species_data":[{"composition":1,"adsorption":21.983,"InChIKey":"CURLTUGMZLYLDI-UHFFFAOYSA-N"}]},{"pressure":0.090729,"total_adsorption":null,"species_data":[{"composition":1,"adsorption":23.138,"InChIKey":"CURLTUGMZLYLDI-UHFFFAOYSA-N"}]},{"pressure":0.098224,"total_adsorption":null,"species_data":[{"composition":1,"adsorption":24.528,"InChIKey":"CURLTUGMZLYLDI-UHFFFAOYSA-N"}]},{"pressure":0.108075,"total_adsorption":null,"species_data":[{"composition":1,"adsorption":25.811,"InChIKey":"CURLTUGMZLYLDI-UHFFFAOYSA-N"}]},{"pressure":0.115997,"total_adsorption":null,"species_data":[{"composition":1,"adsorption":27.159,"InChIKey":"CURLTUGMZLYLDI-UHFFFAOYSA-N"}]},{"pressure":0.141271,"total_adsorption":null,"species_data":[{"composition":1,"adsorption":29.363,"InChIKey":"CURLTUGMZLYLDI-UHFFFAOYSA-N"}]},{"pressure":0.16505,"total_adsorption":null,"species_data":[{"composition":1,"adsorption":31.331,"InChIKey":"CURLTUGMZLYLDI-UHFFFAOYSA-N"}]},{"pressure":0.192473,"total_adsorption":null,"species_data":[{"composition":1,"adsorption":33.172,"InChIKey":"CURLTUGMZLYLDI-UHFFFAOYSA-N"}]},{"pressure":0.209181,"total_adsorption":null,"species_data":[{"composition":1,"adsorption":34.499,"InChIKey":"CURLTUGMZLYLDI-UHFFFAOYSA-N"}]},{"pressure":0.241533,"total_adsorption":null,"species_data":[{"composition":1,"adsorption":36.169,"InChIKey":"CURLTUGMZLYLDI-UHFFFAOYSA-N"}]},{"pressure":0.258671,"total_adsorption":null,"species_data":[{"composition":1,"adsorption":37.624,"InChIKey":"CURLTUGMZLYLDI-UHFFFAOYSA-N"}]},{"pressure":0.292308,"total_adsorption":null,"species_data":[{"composition":1,"adsorption":39.209,"InChIKey":"CURLTUGMZLYLDI-UHFFFAOYSA-N"}]},{"pressure":0.343089,"total_adsorption":null,"species_data":[{"composition":1,"adsorption":41.586,"InChIKey":"CURLTUGMZLYLDI-UHFFFAOYSA-N"}]},{"pressure":0.346727,"total_adsorption":null,"species_data":[{"composition":1,"adsorption":42.227,"InChIKey":"CURLTUGMZLYLDI-UHFFFAOYSA-N"}]},{"pressure":0.385297,"total_adsorption":null,"species_data":[{"composition":1,"adsorption":43.705,"InChIKey":"CURLTUGMZLYLDI-UHFFFAOYSA-N"}]},{"pressure":0.407794,"total_adsorption":null,"species_data":[{"composition":1,"adsorption":44.99,"InChIKey":"CURLTUGMZLYLDI-UHFFFAOYSA-N"}]},{"pressure":0.447218,"total_adsorption":null,"species_data":[{"composition":1,"adsorption":46.661,"InChIKey":"CURLTUGMZLYLDI-UHFFFAOYSA-N"}]},{"pressure":0.479359,"total_adsorption":null,"species_data":[{"composition":1,"adsorption":47.839,"InChIKey":"CURLTUGMZLYLDI-UHFFFAOYSA-N"}]},{"pressure":0.518574,"total_adsorption":null,"species_data":[{"composition":1,"adsorption":48.847,"InChIKey":"CURLTUGMZLYLDI-UHFFFAOYSA-N"}]},{"pressure":0.547716,"total_adsorption":null,"species_data":[{"composition":1,"adsorption":49.854,"InChIKey":"CURLTUGMZLYLDI-UHFFFAOYSA-N"}]},{"pressure":0.588427,"total_adsorption":null,"species_data":[{"composition":1,"adsorption":51.226,"InChIKey":"CURLTUGMZLYLDI-UHFFFAOYSA-N"}]},{"pressure":0.619714,"total_adsorption":null,"species_data":[{"composition":1,"adsorption":51.955,"InChIKey":"CURLTUGMZLYLDI-UHFFFAOYSA-N"}]},{"pressure":0.654857,"total_adsorption":null,"species_data":[{"composition":1,"adsorption":53.005,"InChIKey":"CURLTUGMZLYLDI-UHFFFAOYSA-N"}]},{"pressure":0.692785,"total_adsorption":null,"species_data":[{"composition":1,"adsorption":54.035,"InChIKey":"CURLTUGMZLYLDI-UHFFFAOYSA-N"}]},{"pressure":0.722999,"total_adsorption":null,"species_data":[{"composition":1,"adsorption":54.956,"InChIKey":"CURLTUGMZLYLDI-UHFFFAOYSA-N"}]},{"pressure":0.76136,"total_adsorption":null,"species_data":[{"composition":1,"adsorption":55.729,"InChIKey":"CURLTUGMZLYLDI-UHFFFAOYSA-N"}]},{"pressure":0.79179,"total_adsorption":null,"species_data":[{"composition":1,"adsorption":56.33,"InChIKey":"CURLTUGMZLYLDI-UHFFFAOYSA-N"}]},{"pressure":0.826287,"total_adsorption":null,"species_data":[{"composition":1,"adsorption":57.359,"InChIKey":"CURLTUGMZLYLDI-UHFFFAOYSA-N"}]},{"pressure":0.864861,"total_adsorption":null,"species_data":[{"composition":1,"adsorption":58.324,"InChIKey":"CURLTUGMZLYLDI-UHFFFAOYSA-N"}]},{"pressure":0.900646,"total_adsorption":null,"species_data":[{"composition":1,"adsorption":59.161,"InChIKey":"CURLTUGMZLYLDI-UHFFFAOYSA-N"}]},{"pressure":0.933006,"total_adsorption":null,"species_data":[{"composition":1,"adsorption":59.89,"InChIKey":"CURLTUGMZLYLDI-UHFFFAOYSA-N"}]},{"pressure":0.968364,"total_adsorption":null,"species_data":[{"composition":1,"adsorption":60.449,"InChIKey":"CURLTUGMZLYLDI-UHFFFAOYSA-N"}]},{"pressure":1.00137,"total_adsorption":null,"species_data":[{"composition":1,"adsorption":60.794,"InChIKey":"CURLTUGMZLYLDI-UHFFFAOYSA-N"}]},{"pressure":1.03458,"total_adsorption":null,"species_data":[{"composition":1,"adsorption":61.587,"InChIKey":"CURLTUGMZLYLDI-UHFFFAOYSA-N"}]},{"pressure":1.06908,"total_adsorption":null,"species_data":[{"composition":1,"adsorption":62.274,"InChIKey":"CURLTUGMZLYLDI-UHFFFAOYSA-N"}]},{"pressure":1.10294,"total_adsorption":null,"species_data":[{"composition":1,"adsorption":63.004,"InChIKey":"CURLTUGMZLYLDI-UHFFFAOYSA-N"}]},{"pressure":1.14195,"total_adsorption":null,"species_data":[{"composition":1,"adsorption":63.52,"InChIKey":"CURLTUGMZLYLDI-UHFFFAOYSA-N"}]},{"pressure":1.17259,"total_adsorption":null,"species_data":[{"composition":1,"adsorption":64.1,"InChIKey":"CURLTUGMZLYLDI-UHFFFAOYSA-N"}]},{"pressure":1.20367,"total_adsorption":null,"species_data":[{"composition":1,"adsorption":64.487,"InChIKey":"CURLTUGMZLYLDI-UHFFFAOYSA-N"}]}],"temperature":273,"articleSource":"figure 1b","compositionType":"molefraction","adsorbates":[{"name":"Carbon Dioxide","InChIKey":"CURLTUGMZLYLDI-UHFFFAOYSA-N"}],"adsorptionUnits":"cm3(STP)/g","date":"2018-07-20","category":"exp","digitizer":"Matthew Weiss","pressureUnits":"bar","DOI":"10.3390/en9030189","adsorbent":{"name":"Rka-A71","hashkey":"NIST-MATDB-1b0372c0a348d0a85c11184f873f2892"},"concentrationUnits":"","filename":"10.3390en9030189.Isotherm9","isotherm_type":""}