{"filename": "10.3327jnst.36.818.Isotherm7", "DOI": "10.3327/jnst.36.818", "articleSource": "Figure 2", "date": "2018-07-11", "digitizer": "Soojin Jang", "adsorbent": {"hashkey": "NIST-MATDB-07922026e71b5d1fe8b82349755ede50", "name": "MS5A"}, "adsorbates": [{"InChIKey": "FHNFHKCVQCLJFQ-UHFFFAOYSA-N", "name": "Xenon"}], "category": "exp", "temperature": 273, "isotherm_type": "", "adsorptionUnits": "mol/g", "pressureUnits": "bar", "compositionType": "molefraction", "concentrationUnits": "", "isotherm_data": [{"pressure": 1.5e-05, "total_adsorption": null, "species_data": [{"InChIKey": "FHNFHKCVQCLJFQ-UHFFFAOYSA-N", "composition": 1, "adsorption": 0}]}, {"pressure": 0.000103, "total_adsorption": null, "species_data": [{"InChIKey": "FHNFHKCVQCLJFQ-UHFFFAOYSA-N", "composition": 1, "adsorption": 1e-06}]}, {"pressure": 0.000364, "total_adsorption": null, "species_data": [{"InChIKey": "FHNFHKCVQCLJFQ-UHFFFAOYSA-N", "composition": 1, "adsorption": 2e-06}]}, {"pressure": 0.001225, "total_adsorption": null, "species_data": [{"InChIKey": "FHNFHKCVQCLJFQ-UHFFFAOYSA-N", "composition": 1, "adsorption": 8e-06}]}, {"pressure": 0.002604, "total_adsorption": null, "species_data": [{"InChIKey": "FHNFHKCVQCLJFQ-UHFFFAOYSA-N", "composition": 1, "adsorption": 1.6e-05}]}, {"pressure": 0.008171, "total_adsorption": null, "species_data": [{"InChIKey": "FHNFHKCVQCLJFQ-UHFFFAOYSA-N", "composition": 1, "adsorption": 5.4e-05}]}, {"pressure": 0.102636, "total_adsorption": null, "species_data": [{"InChIKey": "FHNFHKCVQCLJFQ-UHFFFAOYSA-N", "composition": 1, "adsorption": 0.000662}]}, {"pressure": 0.943844, "total_adsorption": null, "species_data": [{"InChIKey": "FHNFHKCVQCLJFQ-UHFFFAOYSA-N", "composition": 1, "adsorption": 0.002155}]}]}