{"isotherm_data":[{"pressure":0.00667621,"total_adsorption":152.475,"species_data":[{"composition":1,"adsorption":152.475,"InChIKey":"IJGRMHOSHXDMSA-UHFFFAOYSA-N"}]},{"pressure":0.0290913,"total_adsorption":178.878,"species_data":[{"composition":1,"adsorption":178.878,"InChIKey":"IJGRMHOSHXDMSA-UHFFFAOYSA-N"}]},{"pressure":0.0448009,"total_adsorption":199.505,"species_data":[{"composition":1,"adsorption":199.505,"InChIKey":"IJGRMHOSHXDMSA-UHFFFAOYSA-N"}]},{"pressure":0.0648807,"total_adsorption":212.706,"species_data":[{"composition":1,"adsorption":212.706,"InChIKey":"IJGRMHOSHXDMSA-UHFFFAOYSA-N"}]},{"pressure":0.0738116,"total_adsorption":219.307,"species_data":[{"composition":1,"adsorption":219.307,"InChIKey":"IJGRMHOSHXDMSA-UHFFFAOYSA-N"}]},{"pressure":0.0871567,"total_adsorption":223.432,"species_data":[{"composition":1,"adsorption":223.432,"InChIKey":"IJGRMHOSHXDMSA-UHFFFAOYSA-N"}]},{"pressure":0.0960729,"total_adsorption":228.383,"species_data":[{"composition":1,"adsorption":228.383,"InChIKey":"IJGRMHOSHXDMSA-UHFFFAOYSA-N"}]},{"pressure":0.107193,"total_adsorption":231.683,"species_data":[{"composition":1,"adsorption":231.683,"InChIKey":"IJGRMHOSHXDMSA-UHFFFAOYSA-N"}]},{"pressure":0.118319,"total_adsorption":235.809,"species_data":[{"composition":1,"adsorption":235.809,"InChIKey":"IJGRMHOSHXDMSA-UHFFFAOYSA-N"}]},{"pressure":0.127228,"total_adsorption":239.934,"species_data":[{"composition":1,"adsorption":239.934,"InChIKey":"IJGRMHOSHXDMSA-UHFFFAOYSA-N"}]},{"pressure":0.133912,"total_adsorption":243.234,"species_data":[{"composition":1,"adsorption":243.234,"InChIKey":"IJGRMHOSHXDMSA-UHFFFAOYSA-N"}]},{"pressure":0.156151,"total_adsorption":249.835,"species_data":[{"composition":1,"adsorption":249.835,"InChIKey":"IJGRMHOSHXDMSA-UHFFFAOYSA-N"}]},{"pressure":0.193946,"total_adsorption":259.736,"species_data":[{"composition":1,"adsorption":259.736,"InChIKey":"IJGRMHOSHXDMSA-UHFFFAOYSA-N"}]},{"pressure":0.207284,"total_adsorption":263.036,"species_data":[{"composition":1,"adsorption":263.036,"InChIKey":"IJGRMHOSHXDMSA-UHFFFAOYSA-N"}]},{"pressure":0.222863,"total_adsorption":268.812,"species_data":[{"composition":1,"adsorption":268.812,"InChIKey":"IJGRMHOSHXDMSA-UHFFFAOYSA-N"}]},{"pressure":0.238403,"total_adsorption":270.462,"species_data":[{"composition":1,"adsorption":270.462,"InChIKey":"IJGRMHOSHXDMSA-UHFFFAOYSA-N"}]},{"pressure":0.253967,"total_adsorption":274.587,"species_data":[{"composition":1,"adsorption":274.587,"InChIKey":"IJGRMHOSHXDMSA-UHFFFAOYSA-N"}]},{"pressure":0.282853,"total_adsorption":280.363,"species_data":[{"composition":1,"adsorption":280.363,"InChIKey":"IJGRMHOSHXDMSA-UHFFFAOYSA-N"}]},{"pressure":0.305063,"total_adsorption":283.663,"species_data":[{"composition":1,"adsorption":283.663,"InChIKey":"IJGRMHOSHXDMSA-UHFFFAOYSA-N"}]},{"pressure":0.327288,"total_adsorption":288.614,"species_data":[{"composition":1,"adsorption":288.614,"InChIKey":"IJGRMHOSHXDMSA-UHFFFAOYSA-N"}]},{"pressure":0.338393,"total_adsorption":290.264,"species_data":[{"composition":1,"adsorption":290.264,"InChIKey":"IJGRMHOSHXDMSA-UHFFFAOYSA-N"}]},{"pressure":0.371715,"total_adsorption":296.04,"species_data":[{"composition":1,"adsorption":296.04,"InChIKey":"IJGRMHOSHXDMSA-UHFFFAOYSA-N"}]},{"pressure":0.387279,"total_adsorption":300.165,"species_data":[{"composition":1,"adsorption":300.165,"InChIKey":"IJGRMHOSHXDMSA-UHFFFAOYSA-N"}]},{"pressure":0.402827,"total_adsorption":302.64,"species_data":[{"composition":1,"adsorption":302.64,"InChIKey":"IJGRMHOSHXDMSA-UHFFFAOYSA-N"}]},{"pressure":0.429488,"total_adsorption":307.591,"species_data":[{"composition":1,"adsorption":307.591,"InChIKey":"IJGRMHOSHXDMSA-UHFFFAOYSA-N"}]},{"pressure":0.447255,"total_adsorption":310.066,"species_data":[{"composition":1,"adsorption":310.066,"InChIKey":"IJGRMHOSHXDMSA-UHFFFAOYSA-N"}]},{"pressure":0.460578,"total_adsorption":311.716,"species_data":[{"composition":1,"adsorption":311.716,"InChIKey":"IJGRMHOSHXDMSA-UHFFFAOYSA-N"}]},{"pressure":0.478352,"total_adsorption":315.017,"species_data":[{"composition":1,"adsorption":315.017,"InChIKey":"IJGRMHOSHXDMSA-UHFFFAOYSA-N"}]},{"pressure":0.4939,"total_adsorption":317.492,"species_data":[{"composition":1,"adsorption":317.492,"InChIKey":"IJGRMHOSHXDMSA-UHFFFAOYSA-N"}]},{"pressure":0.507224,"total_adsorption":319.142,"species_data":[{"composition":1,"adsorption":319.142,"InChIKey":"IJGRMHOSHXDMSA-UHFFFAOYSA-N"}]},{"pressure":0.522779,"total_adsorption":322.442,"species_data":[{"composition":1,"adsorption":322.442,"InChIKey":"IJGRMHOSHXDMSA-UHFFFAOYSA-N"}]},{"pressure":0.536102,"total_adsorption":324.092,"species_data":[{"composition":1,"adsorption":324.092,"InChIKey":"IJGRMHOSHXDMSA-UHFFFAOYSA-N"}]},{"pressure":0.553876,"total_adsorption":327.393,"species_data":[{"composition":1,"adsorption":327.393,"InChIKey":"IJGRMHOSHXDMSA-UHFFFAOYSA-N"}]},{"pressure":0.569425,"total_adsorption":329.868,"species_data":[{"composition":1,"adsorption":329.868,"InChIKey":"IJGRMHOSHXDMSA-UHFFFAOYSA-N"}]},{"pressure":0.57832,"total_adsorption":332.343,"species_data":[{"composition":1,"adsorption":332.343,"InChIKey":"IJGRMHOSHXDMSA-UHFFFAOYSA-N"}]},{"pressure":0.596094,"total_adsorption":335.644,"species_data":[{"composition":1,"adsorption":335.644,"InChIKey":"IJGRMHOSHXDMSA-UHFFFAOYSA-N"}]},{"pressure":0.607198,"total_adsorption":337.294,"species_data":[{"composition":1,"adsorption":337.294,"InChIKey":"IJGRMHOSHXDMSA-UHFFFAOYSA-N"}]},{"pressure":0.622739,"total_adsorption":338.944,"species_data":[{"composition":1,"adsorption":338.944,"InChIKey":"IJGRMHOSHXDMSA-UHFFFAOYSA-N"}]},{"pressure":0.64052,"total_adsorption":343.069,"species_data":[{"composition":1,"adsorption":343.069,"InChIKey":"IJGRMHOSHXDMSA-UHFFFAOYSA-N"}]},{"pressure":0.656062,"total_adsorption":344.719,"species_data":[{"composition":1,"adsorption":344.719,"InChIKey":"IJGRMHOSHXDMSA-UHFFFAOYSA-N"}]},{"pressure":0.667174,"total_adsorption":347.195,"species_data":[{"composition":1,"adsorption":347.195,"InChIKey":"IJGRMHOSHXDMSA-UHFFFAOYSA-N"}]},{"pressure":0.682715,"total_adsorption":348.845,"species_data":[{"composition":1,"adsorption":348.845,"InChIKey":"IJGRMHOSHXDMSA-UHFFFAOYSA-N"}]},{"pressure":0.698249,"total_adsorption":349.67,"species_data":[{"composition":1,"adsorption":349.67,"InChIKey":"IJGRMHOSHXDMSA-UHFFFAOYSA-N"}]},{"pressure":0.71379,"total_adsorption":351.32,"species_data":[{"composition":1,"adsorption":351.32,"InChIKey":"IJGRMHOSHXDMSA-UHFFFAOYSA-N"}]},{"pressure":0.729339,"total_adsorption":353.795,"species_data":[{"composition":1,"adsorption":353.795,"InChIKey":"IJGRMHOSHXDMSA-UHFFFAOYSA-N"}]},{"pressure":0.747106,"total_adsorption":356.271,"species_data":[{"composition":1,"adsorption":356.271,"InChIKey":"IJGRMHOSHXDMSA-UHFFFAOYSA-N"}]},{"pressure":0.760421,"total_adsorption":357.096,"species_data":[{"composition":1,"adsorption":357.096,"InChIKey":"IJGRMHOSHXDMSA-UHFFFAOYSA-N"}]},{"pressure":0.780392,"total_adsorption":357.921,"species_data":[{"composition":1,"adsorption":357.921,"InChIKey":"IJGRMHOSHXDMSA-UHFFFAOYSA-N"}]},{"pressure":0.802579,"total_adsorption":358.746,"species_data":[{"composition":1,"adsorption":358.746,"InChIKey":"IJGRMHOSHXDMSA-UHFFFAOYSA-N"}]},{"pressure":0.829219,"total_adsorption":361.221,"species_data":[{"composition":1,"adsorption":361.221,"InChIKey":"IJGRMHOSHXDMSA-UHFFFAOYSA-N"}]},{"pressure":0.849189,"total_adsorption":362.046,"species_data":[{"composition":1,"adsorption":362.046,"InChIKey":"IJGRMHOSHXDMSA-UHFFFAOYSA-N"}]},{"pressure":0.866941,"total_adsorption":362.871,"species_data":[{"composition":1,"adsorption":362.871,"InChIKey":"IJGRMHOSHXDMSA-UHFFFAOYSA-N"}]},{"pressure":0.884692,"total_adsorption":363.696,"species_data":[{"composition":1,"adsorption":363.696,"InChIKey":"IJGRMHOSHXDMSA-UHFFFAOYSA-N"}]},{"pressure":0.902437,"total_adsorption":363.696,"species_data":[{"composition":1,"adsorption":363.696,"InChIKey":"IJGRMHOSHXDMSA-UHFFFAOYSA-N"}]},{"pressure":0.926844,"total_adsorption":364.521,"species_data":[{"composition":1,"adsorption":364.521,"InChIKey":"IJGRMHOSHXDMSA-UHFFFAOYSA-N"}]},{"pressure":0.955686,"total_adsorption":365.347,"species_data":[{"composition":1,"adsorption":365.347,"InChIKey":"IJGRMHOSHXDMSA-UHFFFAOYSA-N"}]}],"temperature":77,"articleSource":"UNKNOWN","compositionType":"molefraction","adsorbates":[{"name":"Nitrogen","InChIKey":"IJGRMHOSHXDMSA-UHFFFAOYSA-N"}],"adsorptionUnits":"cm3(STP)/g","date":"1000-01-01","category":"","digitizer":"UNKNOWN","pressureUnits":"bar","DOI":"10.3390/Ma7128037","adsorbent":{"name":"Fe-BTC","hashkey":"NIST-MATDB-a32141d840ee476b01d03de6aabc5dd0"},"concentrationUnits":"","filename":"10.3390Ma7128037.Isotherm1","isotherm_type":""}