{"filename": "10.3390en9030189.Isotherm9", "DOI": "10.3390/en9030189", "articleSource": "figure 1b", "date": "2018-07-20", "digitizer": "Matthew Weiss", "adsorbent": {"hashkey": "NIST-MATDB-1b0372c0a348d0a85c11184f873f2892", "name": "Rka-A71"}, "adsorbates": [{"InChIKey": "CURLTUGMZLYLDI-UHFFFAOYSA-N", "name": "Carbon Dioxide"}], "category": "exp", "temperature": 273, "isotherm_type": "", "adsorptionUnits": "cm3(STP)/g", "pressureUnits": "bar", "compositionType": "molefraction", "concentrationUnits": "", "isotherm_data": [{"pressure": 0.004707, "total_adsorption": null, "species_data": [{"InChIKey": "CURLTUGMZLYLDI-UHFFFAOYSA-N", "composition": 1, "adsorption": 1.219}]}, {"pressure": 0.005773, "total_adsorption": null, "species_data": [{"InChIKey": "CURLTUGMZLYLDI-UHFFFAOYSA-N", "composition": 1, "adsorption": 2.523}]}, {"pressure": 0.008966, "total_adsorption": null, "species_data": [{"InChIKey": "CURLTUGMZLYLDI-UHFFFAOYSA-N", "composition": 1, "adsorption": 5.58}]}, {"pressure": 0.008977, "total_adsorption": null, "species_data": [{"InChIKey": "CURLTUGMZLYLDI-UHFFFAOYSA-N", "composition": 1, "adsorption": 5.582}]}, {"pressure": 0.012174, "total_adsorption": null, "species_data": [{"InChIKey": "CURLTUGMZLYLDI-UHFFFAOYSA-N", "composition": 1, "adsorption": 7.013}]}, {"pressure": 0.019238, "total_adsorption": null, "species_data": [{"InChIKey": "CURLTUGMZLYLDI-UHFFFAOYSA-N", "composition": 1, "adsorption": 8.189}]}, {"pressure": 0.022234, "total_adsorption": null, "species_data": [{"InChIKey": "CURLTUGMZLYLDI-UHFFFAOYSA-N", "composition": 1, "adsorption": 9.258}]}, {"pressure": 0.034647, "total_adsorption": null, "species_data": [{"InChIKey": "CURLTUGMZLYLDI-UHFFFAOYSA-N", "composition": 1, "adsorption": 12.145}]}, {"pressure": 0.036369, "total_adsorption": null, "species_data": [{"InChIKey": "CURLTUGMZLYLDI-UHFFFAOYSA-N", "composition": 1, "adsorption": 10.884}]}, {"pressure": 0.045995, "total_adsorption": null, "species_data": [{"InChIKey": "CURLTUGMZLYLDI-UHFFFAOYSA-N", "composition": 1, "adsorption": 14.049}]}, {"pressure": 0.049633, "total_adsorption": null, "species_data": [{"InChIKey": "CURLTUGMZLYLDI-UHFFFAOYSA-N", "composition": 1, "adsorption": 14.819}]}, {"pressure": 0.051983, "total_adsorption": null, "species_data": [{"InChIKey": "CURLTUGMZLYLDI-UHFFFAOYSA-N", "composition": 1, "adsorption": 16.681}]}, {"pressure": 0.052833, "total_adsorption": null, "species_data": [{"InChIKey": "CURLTUGMZLYLDI-UHFFFAOYSA-N", "composition": 1, "adsorption": 16.892}]}, {"pressure": 0.063112, "total_adsorption": null, "species_data": [{"InChIKey": "CURLTUGMZLYLDI-UHFFFAOYSA-N", "composition": 1, "adsorption": 18.432}]}, {"pressure": 0.064389, "total_adsorption": null, "species_data": [{"InChIKey": "CURLTUGMZLYLDI-UHFFFAOYSA-N", "composition": 1, "adsorption": 19.737}]}, {"pressure": 0.075956, "total_adsorption": null, "species_data": [{"InChIKey": "CURLTUGMZLYLDI-UHFFFAOYSA-N", "composition": 1, "adsorption": 21.106}]}, {"pressure": 0.085807, "total_adsorption": null, "species_data": [{"InChIKey": "CURLTUGMZLYLDI-UHFFFAOYSA-N", "composition": 1, "adsorption": 21.983}]}, {"pressure": 0.090729, "total_adsorption": null, "species_data": [{"InChIKey": "CURLTUGMZLYLDI-UHFFFAOYSA-N", "composition": 1, "adsorption": 23.138}]}, {"pressure": 0.098224, "total_adsorption": null, "species_data": [{"InChIKey": "CURLTUGMZLYLDI-UHFFFAOYSA-N", "composition": 1, "adsorption": 24.528}]}, {"pressure": 0.108075, "total_adsorption": null, "species_data": [{"InChIKey": "CURLTUGMZLYLDI-UHFFFAOYSA-N", "composition": 1, "adsorption": 25.811}]}, {"pressure": 0.115997, "total_adsorption": null, "species_data": [{"InChIKey": "CURLTUGMZLYLDI-UHFFFAOYSA-N", "composition": 1, "adsorption": 27.159}]}, {"pressure": 0.141271, "total_adsorption": null, "species_data": [{"InChIKey": "CURLTUGMZLYLDI-UHFFFAOYSA-N", "composition": 1, "adsorption": 29.363}]}, {"pressure": 0.16505, "total_adsorption": null, "species_data": [{"InChIKey": "CURLTUGMZLYLDI-UHFFFAOYSA-N", "composition": 1, "adsorption": 31.331}]}, {"pressure": 0.192473, "total_adsorption": null, "species_data": [{"InChIKey": "CURLTUGMZLYLDI-UHFFFAOYSA-N", "composition": 1, "adsorption": 33.172}]}, {"pressure": 0.209181, "total_adsorption": null, "species_data": [{"InChIKey": "CURLTUGMZLYLDI-UHFFFAOYSA-N", "composition": 1, "adsorption": 34.499}]}, {"pressure": 0.241533, "total_adsorption": null, "species_data": [{"InChIKey": "CURLTUGMZLYLDI-UHFFFAOYSA-N", "composition": 1, "adsorption": 36.169}]}, {"pressure": 0.258671, "total_adsorption": null, "species_data": [{"InChIKey": "CURLTUGMZLYLDI-UHFFFAOYSA-N", "composition": 1, "adsorption": 37.624}]}, {"pressure": 0.292308, "total_adsorption": null, "species_data": [{"InChIKey": "CURLTUGMZLYLDI-UHFFFAOYSA-N", "composition": 1, "adsorption": 39.209}]}, {"pressure": 0.343089, "total_adsorption": null, "species_data": [{"InChIKey": "CURLTUGMZLYLDI-UHFFFAOYSA-N", "composition": 1, "adsorption": 41.586}]}, {"pressure": 0.346727, "total_adsorption": null, "species_data": [{"InChIKey": "CURLTUGMZLYLDI-UHFFFAOYSA-N", "composition": 1, "adsorption": 42.227}]}, {"pressure": 0.385297, "total_adsorption": null, "species_data": [{"InChIKey": "CURLTUGMZLYLDI-UHFFFAOYSA-N", "composition": 1, "adsorption": 43.705}]}, {"pressure": 0.407794, "total_adsorption": null, "species_data": [{"InChIKey": "CURLTUGMZLYLDI-UHFFFAOYSA-N", "composition": 1, "adsorption": 44.99}]}, {"pressure": 0.447218, "total_adsorption": null, "species_data": [{"InChIKey": "CURLTUGMZLYLDI-UHFFFAOYSA-N", "composition": 1, "adsorption": 46.661}]}, {"pressure": 0.479359, "total_adsorption": null, "species_data": [{"InChIKey": "CURLTUGMZLYLDI-UHFFFAOYSA-N", "composition": 1, "adsorption": 47.839}]}, {"pressure": 0.518574, "total_adsorption": null, "species_data": [{"InChIKey": "CURLTUGMZLYLDI-UHFFFAOYSA-N", "composition": 1, "adsorption": 48.847}]}, {"pressure": 0.547716, "total_adsorption": null, "species_data": [{"InChIKey": "CURLTUGMZLYLDI-UHFFFAOYSA-N", "composition": 1, "adsorption": 49.854}]}, {"pressure": 0.588427, "total_adsorption": null, "species_data": [{"InChIKey": "CURLTUGMZLYLDI-UHFFFAOYSA-N", "composition": 1, "adsorption": 51.226}]}, {"pressure": 0.619714, "total_adsorption": null, "species_data": [{"InChIKey": "CURLTUGMZLYLDI-UHFFFAOYSA-N", "composition": 1, "adsorption": 51.955}]}, {"pressure": 0.654857, "total_adsorption": null, "species_data": [{"InChIKey": "CURLTUGMZLYLDI-UHFFFAOYSA-N", "composition": 1, "adsorption": 53.005}]}, {"pressure": 0.692785, "total_adsorption": null, "species_data": [{"InChIKey": "CURLTUGMZLYLDI-UHFFFAOYSA-N", "composition": 1, "adsorption": 54.035}]}, {"pressure": 0.722999, "total_adsorption": null, "species_data": [{"InChIKey": "CURLTUGMZLYLDI-UHFFFAOYSA-N", "composition": 1, "adsorption": 54.956}]}, {"pressure": 0.76136, "total_adsorption": null, "species_data": [{"InChIKey": "CURLTUGMZLYLDI-UHFFFAOYSA-N", "composition": 1, "adsorption": 55.729}]}, {"pressure": 0.79179, "total_adsorption": null, "species_data": [{"InChIKey": "CURLTUGMZLYLDI-UHFFFAOYSA-N", "composition": 1, "adsorption": 56.33}]}, {"pressure": 0.826287, "total_adsorption": null, "species_data": [{"InChIKey": "CURLTUGMZLYLDI-UHFFFAOYSA-N", "composition": 1, "adsorption": 57.359}]}, {"pressure": 0.864861, "total_adsorption": null, "species_data": [{"InChIKey": "CURLTUGMZLYLDI-UHFFFAOYSA-N", "composition": 1, "adsorption": 58.324}]}, {"pressure": 0.900646, "total_adsorption": null, "species_data": [{"InChIKey": "CURLTUGMZLYLDI-UHFFFAOYSA-N", "composition": 1, "adsorption": 59.161}]}, {"pressure": 0.933006, "total_adsorption": null, "species_data": [{"InChIKey": "CURLTUGMZLYLDI-UHFFFAOYSA-N", "composition": 1, "adsorption": 59.89}]}, {"pressure": 0.968364, "total_adsorption": null, "species_data": [{"InChIKey": "CURLTUGMZLYLDI-UHFFFAOYSA-N", "composition": 1, "adsorption": 60.449}]}, {"pressure": 1.00137, "total_adsorption": null, "species_data": [{"InChIKey": "CURLTUGMZLYLDI-UHFFFAOYSA-N", "composition": 1, "adsorption": 60.794}]}, {"pressure": 1.03458, "total_adsorption": null, "species_data": [{"InChIKey": "CURLTUGMZLYLDI-UHFFFAOYSA-N", "composition": 1, "adsorption": 61.587}]}, {"pressure": 1.06908, "total_adsorption": null, "species_data": [{"InChIKey": "CURLTUGMZLYLDI-UHFFFAOYSA-N", "composition": 1, "adsorption": 62.274}]}, {"pressure": 1.10294, "total_adsorption": null, "species_data": [{"InChIKey": "CURLTUGMZLYLDI-UHFFFAOYSA-N", "composition": 1, "adsorption": 63.004}]}, {"pressure": 1.14195, "total_adsorption": null, "species_data": [{"InChIKey": "CURLTUGMZLYLDI-UHFFFAOYSA-N", "composition": 1, "adsorption": 63.52}]}, {"pressure": 1.17259, "total_adsorption": null, "species_data": [{"InChIKey": "CURLTUGMZLYLDI-UHFFFAOYSA-N", "composition": 1, "adsorption": 64.1}]}, {"pressure": 1.20367, "total_adsorption": null, "species_data": [{"InChIKey": "CURLTUGMZLYLDI-UHFFFAOYSA-N", "composition": 1, "adsorption": 64.487}]}]}