{"isotherm_data":[{"pressure":1.5e-5,"total_adsorption":null,"species_data":[{"composition":1,"adsorption":0,"InChIKey":"FHNFHKCVQCLJFQ-UHFFFAOYSA-N"}]},{"pressure":0.000103,"total_adsorption":null,"species_data":[{"composition":1,"adsorption":1.0e-6,"InChIKey":"FHNFHKCVQCLJFQ-UHFFFAOYSA-N"}]},{"pressure":0.000364,"total_adsorption":null,"species_data":[{"composition":1,"adsorption":2.0e-6,"InChIKey":"FHNFHKCVQCLJFQ-UHFFFAOYSA-N"}]},{"pressure":0.001225,"total_adsorption":null,"species_data":[{"composition":1,"adsorption":8.0e-6,"InChIKey":"FHNFHKCVQCLJFQ-UHFFFAOYSA-N"}]},{"pressure":0.002604,"total_adsorption":null,"species_data":[{"composition":1,"adsorption":1.6e-5,"InChIKey":"FHNFHKCVQCLJFQ-UHFFFAOYSA-N"}]},{"pressure":0.008171,"total_adsorption":null,"species_data":[{"composition":1,"adsorption":5.4e-5,"InChIKey":"FHNFHKCVQCLJFQ-UHFFFAOYSA-N"}]},{"pressure":0.102636,"total_adsorption":null,"species_data":[{"composition":1,"adsorption":0.000662,"InChIKey":"FHNFHKCVQCLJFQ-UHFFFAOYSA-N"}]},{"pressure":0.943844,"total_adsorption":null,"species_data":[{"composition":1,"adsorption":0.002155,"InChIKey":"FHNFHKCVQCLJFQ-UHFFFAOYSA-N"}]}],"temperature":273,"articleSource":"Figure 2","compositionType":"molefraction","adsorbates":[{"name":"Xenon","InChIKey":"FHNFHKCVQCLJFQ-UHFFFAOYSA-N"}],"adsorptionUnits":"mol/g","date":"2018-07-11","category":"exp","digitizer":"Soojin Jang","pressureUnits":"bar","DOI":"10.3327/jnst.36.818","adsorbent":{"name":"MS5A","hashkey":"NIST-MATDB-07922026e71b5d1fe8b82349755ede50"},"concentrationUnits":"","filename":"10.3327jnst.36.818.Isotherm7","isotherm_type":""}