{"filename": "10.5012bkcs.2010.31.01.220.Isotherm1", "DOI": "10.5012/bkcs.2010.31.01.220", "articleSource": "UNKNOWN", "date": "1000-01-01", "digitizer": "UNKNOWN", "adsorbent": {"hashkey": "NIST-MATDB-991daf7313251e7e607e2bab2da57e33", "name": "CuBTC"}, "adsorbates": [{"InChIKey": "ATUOYWHBWRKTHZ-UHFFFAOYSA-N", "name": "N-propane"}], "category": "", "temperature": 303, "isotherm_type": "", "adsorptionUnits": "mmol/g", "pressureUnits": "bar", "compositionType": "molefraction", "concentrationUnits": "", "isotherm_data": [{"pressure": 0.0189189, "total_adsorption": 1.59851, "species_data": [{"InChIKey": "ATUOYWHBWRKTHZ-UHFFFAOYSA-N", "composition": 1, "adsorption": 1.59851}]}, {"pressure": 0.0432432, "total_adsorption": 3.6803, "species_data": [{"InChIKey": "ATUOYWHBWRKTHZ-UHFFFAOYSA-N", "composition": 1, "adsorption": 3.6803}]}, {"pressure": 0.0702703, "total_adsorption": 5.46468, "species_data": [{"InChIKey": "ATUOYWHBWRKTHZ-UHFFFAOYSA-N", "composition": 1, "adsorption": 5.46468}]}, {"pressure": 0.072973, "total_adsorption": 5.53903, "species_data": [{"InChIKey": "ATUOYWHBWRKTHZ-UHFFFAOYSA-N", "composition": 1, "adsorption": 5.53903}]}, {"pressure": 0.102703, "total_adsorption": 6.05948, "species_data": [{"InChIKey": "ATUOYWHBWRKTHZ-UHFFFAOYSA-N", "composition": 1, "adsorption": 6.05948}]}, {"pressure": 0.121622, "total_adsorption": 6.35688, "species_data": [{"InChIKey": "ATUOYWHBWRKTHZ-UHFFFAOYSA-N", "composition": 1, "adsorption": 6.35688}]}, {"pressure": 0.145946, "total_adsorption": 6.50558, "species_data": [{"InChIKey": "ATUOYWHBWRKTHZ-UHFFFAOYSA-N", "composition": 1, "adsorption": 6.50558}]}, {"pressure": 0.167568, "total_adsorption": 6.65428, "species_data": [{"InChIKey": "ATUOYWHBWRKTHZ-UHFFFAOYSA-N", "composition": 1, "adsorption": 6.65428}]}, {"pressure": 0.189189, "total_adsorption": 6.72862, "species_data": [{"InChIKey": "ATUOYWHBWRKTHZ-UHFFFAOYSA-N", "composition": 1, "adsorption": 6.72862}]}, {"pressure": 0.208108, "total_adsorption": 6.87732, "species_data": [{"InChIKey": "ATUOYWHBWRKTHZ-UHFFFAOYSA-N", "composition": 1, "adsorption": 6.87732}]}, {"pressure": 0.227027, "total_adsorption": 6.95167, "species_data": [{"InChIKey": "ATUOYWHBWRKTHZ-UHFFFAOYSA-N", "composition": 1, "adsorption": 6.95167}]}, {"pressure": 0.243243, "total_adsorption": 7.02602, "species_data": [{"InChIKey": "ATUOYWHBWRKTHZ-UHFFFAOYSA-N", "composition": 1, "adsorption": 7.02602}]}, {"pressure": 0.267568, "total_adsorption": 7.10037, "species_data": [{"InChIKey": "ATUOYWHBWRKTHZ-UHFFFAOYSA-N", "composition": 1, "adsorption": 7.10037}]}, {"pressure": 0.289189, "total_adsorption": 7.13755, "species_data": [{"InChIKey": "ATUOYWHBWRKTHZ-UHFFFAOYSA-N", "composition": 1, "adsorption": 7.13755}]}, {"pressure": 0.305405, "total_adsorption": 7.2119, "species_data": [{"InChIKey": "ATUOYWHBWRKTHZ-UHFFFAOYSA-N", "composition": 1, "adsorption": 7.2119}]}, {"pressure": 0.327027, "total_adsorption": 7.24907, "species_data": [{"InChIKey": "ATUOYWHBWRKTHZ-UHFFFAOYSA-N", "composition": 1, "adsorption": 7.24907}]}, {"pressure": 0.343243, "total_adsorption": 7.28625, "species_data": [{"InChIKey": "ATUOYWHBWRKTHZ-UHFFFAOYSA-N", "composition": 1, "adsorption": 7.28625}]}, {"pressure": 0.362162, "total_adsorption": 7.32342, "species_data": [{"InChIKey": "ATUOYWHBWRKTHZ-UHFFFAOYSA-N", "composition": 1, "adsorption": 7.32342}]}, {"pressure": 0.386486, "total_adsorption": 7.36059, "species_data": [{"InChIKey": "ATUOYWHBWRKTHZ-UHFFFAOYSA-N", "composition": 1, "adsorption": 7.36059}]}, {"pressure": 0.408108, "total_adsorption": 7.39777, "species_data": [{"InChIKey": "ATUOYWHBWRKTHZ-UHFFFAOYSA-N", "composition": 1, "adsorption": 7.39777}]}, {"pressure": 0.421622, "total_adsorption": 7.43494, "species_data": [{"InChIKey": "ATUOYWHBWRKTHZ-UHFFFAOYSA-N", "composition": 1, "adsorption": 7.43494}]}, {"pressure": 0.445946, "total_adsorption": 7.43494, "species_data": [{"InChIKey": "ATUOYWHBWRKTHZ-UHFFFAOYSA-N", "composition": 1, "adsorption": 7.43494}]}, {"pressure": 0.467568, "total_adsorption": 7.47212, "species_data": [{"InChIKey": "ATUOYWHBWRKTHZ-UHFFFAOYSA-N", "composition": 1, "adsorption": 7.47212}]}, {"pressure": 0.486486, "total_adsorption": 7.50929, "species_data": [{"InChIKey": "ATUOYWHBWRKTHZ-UHFFFAOYSA-N", "composition": 1, "adsorption": 7.50929}]}, {"pressure": 0.508108, "total_adsorption": 7.54647, "species_data": [{"InChIKey": "ATUOYWHBWRKTHZ-UHFFFAOYSA-N", "composition": 1, "adsorption": 7.54647}]}, {"pressure": 0.52973, "total_adsorption": 7.54647, "species_data": [{"InChIKey": "ATUOYWHBWRKTHZ-UHFFFAOYSA-N", "composition": 1, "adsorption": 7.54647}]}, {"pressure": 0.548649, "total_adsorption": 7.62082, "species_data": [{"InChIKey": "ATUOYWHBWRKTHZ-UHFFFAOYSA-N", "composition": 1, "adsorption": 7.62082}]}, {"pressure": 0.57027, "total_adsorption": 7.62082, "species_data": [{"InChIKey": "ATUOYWHBWRKTHZ-UHFFFAOYSA-N", "composition": 1, "adsorption": 7.62082}]}, {"pressure": 0.589189, "total_adsorption": 7.65799, "species_data": [{"InChIKey": "ATUOYWHBWRKTHZ-UHFFFAOYSA-N", "composition": 1, "adsorption": 7.65799}]}, {"pressure": 0.608108, "total_adsorption": 7.62082, "species_data": [{"InChIKey": "ATUOYWHBWRKTHZ-UHFFFAOYSA-N", "composition": 1, "adsorption": 7.62082}]}, {"pressure": 0.62973, "total_adsorption": 7.65799, "species_data": [{"InChIKey": "ATUOYWHBWRKTHZ-UHFFFAOYSA-N", "composition": 1, "adsorption": 7.65799}]}, {"pressure": 0.656757, "total_adsorption": 7.69517, "species_data": [{"InChIKey": "ATUOYWHBWRKTHZ-UHFFFAOYSA-N", "composition": 1, "adsorption": 7.69517}]}, {"pressure": 0.672973, "total_adsorption": 7.73234, "species_data": [{"InChIKey": "ATUOYWHBWRKTHZ-UHFFFAOYSA-N", "composition": 1, "adsorption": 7.73234}]}, {"pressure": 0.691892, "total_adsorption": 7.73234, "species_data": [{"InChIKey": "ATUOYWHBWRKTHZ-UHFFFAOYSA-N", "composition": 1, "adsorption": 7.73234}]}, {"pressure": 0.710811, "total_adsorption": 7.73234, "species_data": [{"InChIKey": "ATUOYWHBWRKTHZ-UHFFFAOYSA-N", "composition": 1, "adsorption": 7.73234}]}, {"pressure": 0.732432, "total_adsorption": 7.76952, "species_data": [{"InChIKey": "ATUOYWHBWRKTHZ-UHFFFAOYSA-N", "composition": 1, "adsorption": 7.76952}]}, {"pressure": 0.754054, "total_adsorption": 7.80669, "species_data": [{"InChIKey": "ATUOYWHBWRKTHZ-UHFFFAOYSA-N", "composition": 1, "adsorption": 7.80669}]}, {"pressure": 0.772973, "total_adsorption": 7.76952, "species_data": [{"InChIKey": "ATUOYWHBWRKTHZ-UHFFFAOYSA-N", "composition": 1, "adsorption": 7.76952}]}, {"pressure": 0.791892, "total_adsorption": 7.80669, "species_data": [{"InChIKey": "ATUOYWHBWRKTHZ-UHFFFAOYSA-N", "composition": 1, "adsorption": 7.80669}]}, {"pressure": 0.816216, "total_adsorption": 7.84387, "species_data": [{"InChIKey": "ATUOYWHBWRKTHZ-UHFFFAOYSA-N", "composition": 1, "adsorption": 7.84387}]}, {"pressure": 0.82973, "total_adsorption": 7.84387, "species_data": [{"InChIKey": "ATUOYWHBWRKTHZ-UHFFFAOYSA-N", "composition": 1, "adsorption": 7.84387}]}, {"pressure": 0.851351, "total_adsorption": 7.91822, "species_data": [{"InChIKey": "ATUOYWHBWRKTHZ-UHFFFAOYSA-N", "composition": 1, "adsorption": 7.91822}]}, {"pressure": 0.87027, "total_adsorption": 7.91822, "species_data": [{"InChIKey": "ATUOYWHBWRKTHZ-UHFFFAOYSA-N", "composition": 1, "adsorption": 7.91822}]}, {"pressure": 0.889189, "total_adsorption": 7.91822, "species_data": [{"InChIKey": "ATUOYWHBWRKTHZ-UHFFFAOYSA-N", "composition": 1, "adsorption": 7.91822}]}, {"pressure": 0.913514, "total_adsorption": 7.95539, "species_data": [{"InChIKey": "ATUOYWHBWRKTHZ-UHFFFAOYSA-N", "composition": 1, "adsorption": 7.95539}]}, {"pressure": 0.935135, "total_adsorption": 7.99257, "species_data": [{"InChIKey": "ATUOYWHBWRKTHZ-UHFFFAOYSA-N", "composition": 1, "adsorption": 7.99257}]}, {"pressure": 0.954054, "total_adsorption": 7.99257, "species_data": [{"InChIKey": "ATUOYWHBWRKTHZ-UHFFFAOYSA-N", "composition": 1, "adsorption": 7.99257}]}, {"pressure": 0.967568, "total_adsorption": 7.99257, "species_data": [{"InChIKey": "ATUOYWHBWRKTHZ-UHFFFAOYSA-N", "composition": 1, "adsorption": 7.99257}]}, {"pressure": 0.991892, "total_adsorption": 7.99257, "species_data": [{"InChIKey": "ATUOYWHBWRKTHZ-UHFFFAOYSA-N", "composition": 1, "adsorption": 7.99257}]}]}