{"filename": "10.888801496395.2010.513360.Isotherm1", "DOI": "10.8888/01496395.2010.513360", "articleSource": "UNKNOWN", "date": "1000-01-01", "digitizer": "UNKNOWN", "adsorbent": {"hashkey": "NIST-MATDB-035dc75dddd00241bd76627f78cbef2d", "name": "Zeolite 5A"}, "adsorbates": [{"InChIKey": "CURLTUGMZLYLDI-UHFFFAOYSA-N", "name": "Carbon Dioxide"}], "category": "", "temperature": 303, "isotherm_type": "", "adsorptionUnits": "mmol/g", "pressureUnits": "bar", "compositionType": "molefraction", "concentrationUnits": "", "isotherm_data": [{"pressure": 0.0136807, "total_adsorption": 1.27692, "species_data": [{"InChIKey": "CURLTUGMZLYLDI-UHFFFAOYSA-N", "composition": 1, "adsorption": 1.27692}]}, {"pressure": 0.03316, "total_adsorption": 1.80576, "species_data": [{"InChIKey": "CURLTUGMZLYLDI-UHFFFAOYSA-N", "composition": 1, "adsorption": 1.80576}]}, {"pressure": 0.0618991, "total_adsorption": 2.21498, "species_data": [{"InChIKey": "CURLTUGMZLYLDI-UHFFFAOYSA-N", "composition": 1, "adsorption": 2.21498}]}, {"pressure": 0.0977185, "total_adsorption": 2.45468, "species_data": [{"InChIKey": "CURLTUGMZLYLDI-UHFFFAOYSA-N", "composition": 1, "adsorption": 2.45468}]}, {"pressure": 0.144977, "total_adsorption": 2.62465, "species_data": [{"InChIKey": "CURLTUGMZLYLDI-UHFFFAOYSA-N", "composition": 1, "adsorption": 2.62465}]}, {"pressure": 0.210349, "total_adsorption": 2.79477, "species_data": [{"InChIKey": "CURLTUGMZLYLDI-UHFFFAOYSA-N", "composition": 1, "adsorption": 2.79477}]}, {"pressure": 0.341329, "total_adsorption": 2.99536, "species_data": [{"InChIKey": "CURLTUGMZLYLDI-UHFFFAOYSA-N", "composition": 1, "adsorption": 2.99536}]}, {"pressure": 0.585515, "total_adsorption": 3.19689, "species_data": [{"InChIKey": "CURLTUGMZLYLDI-UHFFFAOYSA-N", "composition": 1, "adsorption": 3.19689}]}, {"pressure": 0.734828, "total_adsorption": 3.26795, "species_data": [{"InChIKey": "CURLTUGMZLYLDI-UHFFFAOYSA-N", "composition": 1, "adsorption": 3.26795}]}, {"pressure": 0.886422, "total_adsorption": 3.32906, "species_data": [{"InChIKey": "CURLTUGMZLYLDI-UHFFFAOYSA-N", "composition": 1, "adsorption": 3.32906}]}, {"pressure": 0.997296, "total_adsorption": 3.36989, "species_data": [{"InChIKey": "CURLTUGMZLYLDI-UHFFFAOYSA-N", "composition": 1, "adsorption": 3.36989}]}]}