,CURLTUGMZLYLDI-UHFFFAOYSA-N_298K,IJGRMHOSHXDMSA-UHFFFAOYSA-N_298K,VNWKTOKETHGBQD-UHFFFAOYSA-N_298K,MYMOFIZGZYHOMD-UHFFFAOYSA-N_298K,QQONPFPTGQHPMA-UHFFFAOYSA-N_298K,ATUOYWHBWRKTHZ-UHFFFAOYSA-N_298K,HSFWRNGVRCDJHI-UHFFFAOYSA-N_298K,UFHFLCQGNIYNRP-UHFFFAOYSA-N_298K,OTMSDBZUPAUEDD-UHFFFAOYSA-N_298K,VGGSQFUCUMXWEO-UHFFFAOYSA-N_298K,XLYOFNOQVPJJNP-UHFFFAOYSA-N_298K,FHNFHKCVQCLJFQ-UHFFFAOYSA-N_298K,DNNSSWSSYDEUBZ-UHFFFAOYSA-N_298K,MWUXSHHQAYIFBG-UHFFFAOYSA-N_298K,VLKZOEOYAKHREP-UHFFFAOYSA-N_298K,OKKJLVBELUTLKV-UHFFFAOYSA-N_298K,LFQSCWFLJHTTHZ-UHFFFAOYSA-N_298K,SFZCNBIFKDRMGX-UHFFFAOYSA-N_298K,UGFAIRIUMAVXCW-UHFFFAOYSA-N_298K,XDTMQSROBMDMFD-UHFFFAOYSA-N_298K,UHOVQNZJYSORNB-UHFFFAOYSA-N_298K,XKRFYHLGVUSROY-UHFFFAOYSA-N_298K,QGZKDVFQNNGYKY-UHFFFAOYSA-N_298K,JCXJVPUVTGWSNB-UHFFFAOYSA-N_298K,CSCPPACGZOOCGX-UHFFFAOYSA-N_298K,IJDNQMDRQITEOD-UHFFFAOYSA-N_298K,NNPPMTNAJDCUHE-UHFFFAOYSA-N_298K,KFZMGEQAYNKOFK-UHFFFAOYSA-N_298K,BDERNNFJNOPAEC-UHFFFAOYSA-N_298K,YXFVVABEGXRONW-UHFFFAOYSA-N_298K,RWSOTUBLDIXVET-UHFFFAOYSA-N_298K,OFBQJSOFQDEBGM-UHFFFAOYSA-N_298K,LRHPLDYGYMQRHN-UHFFFAOYSA-N_298K,URLKBWYHVLBVBO-UHFFFAOYSA-N_298K,RAHZWNYVWXNFOC-UHFFFAOYSA-N_298K,SWQJXJOGLNCZEY-UHFFFAOYSA-N_298K,GQPLMRYTRLFLPF-UHFFFAOYSA-N_298K,VXNZUUAINFGPBY-UHFFFAOYSA-N_298K,WSFSSNUMVMOOMR-UHFFFAOYSA-N_298K,QWTDNUCVQCZILF-UHFFFAOYSA-N_298K
NIST-MATDB-b2dc02871a66ac38e4b195796cf3e00b,0.7637948164850161,0.1449041184024509,0.31940563272117994,,24.205552528254362,39.94943333825374,0.0015064810518102586,0.03622760147156922,2.35581212896323,1.524489333520541,0.6283071403470153,,,,,3.218940085638354,,,0.12322912723284343,,,,1.0770907795013434,,,,,,,,,,,200.46006859561967,22.948549912692616,,,,,
NIST-MATDB-035dc75dddd00241bd76627f78cbef2d,89.66731353133451,0.5395998031301603,0.8934989870552532,0.11863577085367825,245.56009593976015,229.94318079106577,,,8.079139083457873,5.1281414972998425,132545.9868881572,,,,,,,,1.4967011294828862,,,,1113.6985631393873,,,449.6186777220157,,,,,,,,,,0.0005924660781788216,107.20783575547377,177.5266594241363,,
NIST-MATDB-453276ee992ed07dc207ed08b2b221ce,2.3073212741442752,0.32760586616724163,0.5062787745787094,0.20658077073160275,,,,0.057261297256705077,4.0638164265654995,25.545439829832212,21.564878022514606,11.828042642292937,2.6118471188007097,,1103.3868183065208,854.5499131715262,,,0.4614977424967996,,,1.1948767362319261,1.47386700890088,,1042.2069824271116,,,,,,10.01566764438938,,,,,,,,,
NIST-MATDB-1b85b1862d4e9cc2e0f46d0e2698ab79,1.499942367695381,0.22536303351140907,0.7604173368280503,0.18296011752124425,,,,,,,,,,,,,,,0.30512161797259096,,,,352.1620617441967,,,,,,,,,,,5929.9473983287135,,,,,,
NIST-MATDB-991daf7313251e7e607e2bab2da57e33,5.173708294005175,0.31980652004513066,0.8905104261043175,0.33044257262207966,672.7453391041025,152.87732502125218,53.408752059684325,0.050018603393170616,0.838235724820496,53.21875919301765,3538.2262859739308,5.584651998633968,,13.257863482446,4723.570601468684,2877.014621498403,6200.118107179734,,0.9873556132471782,,519.4378269683439,0.29020466811630663,1552.271583819951,,5011.403127385231,2.9391280970285476,1324.6341075891828,,,,,20578.763160329145,,,50.78097166705237,,,,,
NIST-MATDB-9f02824618e94d86caedc9fb497366ba,0.2078304680831388,,,,,,7.254404235927102,0.027958604805380073,,,,,,,,,,,,,,,,,,153.55681758974285,,,,,,,,,,,,,,
NIST-MATDB-acbbe796d49416e999dc819f2ae65fe9,5.390283964500921,,1.531123812515817,,,,30.243870371038163,0.08057026194632409,,,,2.6889546291088053,1.19662018817428,,,,,,,,,,,,,,,,,,,,,,258.62512750818286,,,,,
NIST-MATDB-2c9380bddc59f547484ff729eab7d7cb,1.659815252478762,0.2174287590333894,0.4344132905035521,,,,1.2865644964245344,0.03900651003533645,6.5558450261518315,,0.7675188373979722,0.9150697326072624,0.49799839591409645,0.17543539033384606,,,,,0.23547421029199658,,54.5300386956827,0.19442222052044297,93.59912913731313,0.6159004512207306,,,,,,,,,,,0.7359383047189118,,2.0532002320139346,,,
NIST-MATDB-ae6259bb1e493730cebe104ab746bb64,,,130.98265849618147,,,,,,2620.6853972581184,5488.8267188058735,,,,,,,,,,,,,676.8729998982525,,,,,,,,,,,,,,,,,
NIST-MATDB-8599871cd17b08ae7919e1260a35e914,6.079440175945648,1.311874945571271,2.6574514981364254,,,,,0.4523598024546747,,,,,,,,,,,,,,,,,,,,,,,,,,,,,,,,
NIST-MATDB-7c81afbf8f12d8eea290644848d46385,6.017635886604425,1.0743829097057125,1.4405512358340677,,,,,0.215936369926398,,,,,,,,,,,,,,,,,,,,,,,,,,,,,,,,
NIST-MATDB-99ef80e5d83870b3d92d1e7cc0055c90,5.484006598898217,1.069195892537851,2.2093349359924597,,,,,0.5163629735825402,,,,,,,,,,,,,,,,,,,,,,,,,,,,,,,,
NIST-MATDB-2505eaefa7cfdd83ff021d29f553b474,3.649651134677396,0.6953346882136262,1.1849533353149118,,,,,0.23987957859231016,,,,,,,,,,,,,,,,,,,,,,,,,,,,,,,,
NIST-MATDB-711a5d86d8c3d6b2444cbc4cc6215ce0,7.0611905661586025,0.41613378241737875,,0.41876836701816933,,,,,,,271.5234588548948,,,,,,,,,,,,,,,,,,,,,,,,,,,,,
NIST-MATDB-dd54d7cacde7ac48a6f3c53b525617d7,7.81915308007291,0.5250954802772372,,0.4738912598174654,,,,,,,364.2241187152481,,,,,,,,,,,,,,,,,,,,,,,,,,,,,
NIST-MATDB-99b2d1b315d9bd0b70972c5b0da4b675,,0.2476189486322375,,,,,,,,,,18.28652819072887,2.0010218769592485,,,543.6510005802409,,,,,,,,,,,,,,,,,,,,,,,,
NIST-MATDB-5ab0dbe0639729711750ef4b97715f0f,2.5431421578701707,0.2107730055175328,0.5949884365042815,0.14143655076969017,,39.18301631476348,,0.023972841369237018,0.8676595902748835,,1691.4223436575596,,,,33.328599988335625,,,15.417211054695496,0.2483472224132383,,23.03536461730304,,,,,,,,,,,,,,,,,,,
NIST-MATDB-9ee35322ac5ddba224d845a03c651b29,311.92703255370486,,1.072150130258467,,,,,0.029000746451418563,,,89503.60529441418,,,,,,130161.82524625528,,,,,,,,,,,,,,,,,,,,,,,
NIST-MATDB-0d52b4312e8dd98a53fcfaba14cd0e82,,,,,5853.983942533296,303.270486098512,,0.05594670419489868,,,33.32319857592391,,,,,,,,,,,,,,,231.68560265220623,,,,,,,,,,,,51.82762029568114,,
NIST-MATDB-1e130146cc6d11f05471f1e054d640c8,110.59235799668134,,0.26759096211459865,,,374.2694599461969,,0.6497737561670055,21.57826209921872,286.63011701494077,,,,,,,,38.64652291192344,,,,,,,,,,,,,,,,,,,,,707448.5858565435,
NIST-MATDB-b848f05ba9fb26cdd50755863b377c56,3.6447478192646035,0.5221018629450316,1.1470690491925981,,,,,,,,1.6209954176003991,,,,,,,,0.2768382336628067,,,,,,,,,,,,,,,,60.777848519214345,,,,,
NIST-MATDB-47dadc99a0da13b9e9bb3032468ecbdf,0.4602338826590896,,0.31908821137215626,,,,,0.012055238220052621,,,9.0875106710409,,,,,,,,,,,,,,,,,,,,,,,,,,,,,
NIST-MATDB-7cb7f2ebc677a987561f61f34f01f965,1.3283671707967204,0.16093565183621764,0.08498378704539299,0.19281215281583708,,0.07780571059095068,,,0.01505827900527191,,,,,,,120.74160788176933,439.9844480735724,,,,,0.1766639033805089,,,,0.13976733786922993,,,,,7.522775169482871,,,,,,,,,
NIST-MATDB-bbd809480ca8c8d0e4d066e70a9719d1,1.5990323537336477,0.19148085475719717,0.43007198334245844,0.17796337220937153,,,,0.07183688207338175,,,35411.20932430084,,,0.3572647659979313,,,,,0.31368578294891536,,,,201.23615786785737,1.4152258778112865,,,,,,,,,,,1.756585949180913,,0.055051320760218354,,,
NIST-MATDB-c72a7787d6aa9690e6f0e608535eba56,1.3744485322589046,0.17481429006010427,0.5247825814765376,,,,,,,,,,,,,,,,,,,,278.17561758431816,,,,,,,,,,,,,,,,,
NIST-MATDB-b2cbe7a27aa1570f2ff2c04b82289f25,4.225305862591053,0.35025082770174076,1.0222909949686674,,,85.70035062255474,,0.05243668916769609,10.035858760520522,,,,,,3867.5883146791034,,2913.819312403767,,,,22166.479378936303,,,,,,,,,77987.7484204036,,3644.3741765963664,,,,0.0013175325234706873,,,655.3102770408126,
NIST-MATDB-121099da5c9e0772a6f7a19e407c83ab,7.987355845778827,,0.11455091884656926,,,,,,,,9390.459895251062,,,,,3560195.280615681,155232.5797546704,,,,,,,,,,,,,,,,,,,,,,,
NIST-MATDB-89e81937227ff55fd71de86adb493b79,6.4197230792479685,0.3083120636384199,1.6589259591053893,,,,,0.42027536921901026,,,,,,,,,,,,,,,,,,,,,,,,,,,,,,,,
NIST-MATDB-d8cf38b309ee3a17162e8cfe4c836f7e,7.287472634376904,0.23464796288571738,1.0669799818374779,,,,,0.44740539850019473,,,,,,,,,,,,,,,,,,,,,,,,,,,,,,,,
NIST-MATDB-9d023a670a2aedb5225d9cd365e24210,3.503097499208125,,0.7020624240822475,,,,,0.10811982391762877,,,,,,,,,,,,,,,,,,,,,,,,,,,1.0928629851082532,,,,,
NIST-MATDB-aab7f4d547e6752b772d6f12520fde3b,1.797914625725572,0.17584206358262214,1.2248348040994146,,139.00516578846555,200.81769522533222,,,26.889889084951534,,1564.066198538487,,,,,,,,,,,,,,,1361.477161895096,,,,,,9570.929555354283,,,,,,,,
NIST-MATDB-5d0728ebc1e0053aa120288307a704c8,,0.34083086251190325,0.9065398385646122,0.36961970713583703,,167.16773119627356,,,0.004090673837962407,21.873392271229402,5.766782066420335,,,,31.899103000095565,,2580.742463295991,,,,337.20147565832644,0.29693478974307297,,,,1628.9888791019393,127.64013296844726,,,,,,,,,0.007402136846692914,,,,
NIST-MATDB-b76bbf3e404395a8b5d1b9ec08bf2d8f,41.46314302455624,0.36002437987824454,0.6834753376779487,,,,,0.032641919061017315,,,140490.3882666725,,,,,,,19.88815222177083,0.8972548997052694,,,,708.9256992039541,,,,,,,,,,,,,0.0006116601099768605,,,,
NIST-MATDB-f55cae58cff61d336d8b65bece21175f,1.5649531423761938,0.28580053336420397,0.34053163364055106,,,,,0.054649054969591444,2.7523876946319654,2.1577392956445935,2990.4519580423726,,,,,,,,0.31790408340460274,,,,,,,,,,,2249.8883049105443,,,,39866.63640829215,,,,,,
NIST-MATDB-71334e26f762777895a284849f14ca16,,,0.22167262846593944,,,,1.7524853429060914,,1.9592921241557915,1.25158447141956,,,,,,,,,,,,,,,,,,,,,,,,,,,,,,
NIST-MATDB-1733c0f5ae26290495f099f06d0dd880,1.2393200402722309,,0.6142213892416837,,,,1.019074371610138,0.2510556377948673,,,,,,0.3583629458543732,,,,,0.29642973335716494,,,,,0.5172854657337036,,,,,,,,,,,,,,,,
NIST-MATDB-297c8ffe0f482757db45335130e02770,1.8863880291167554,,0.6350102509242108,,,,1.2924077329550063,0.24604571156415367,,,,,,0.2536271661408443,,,,,0.33178358854654777,,,,,0.5913759706720277,,,,,,,,,,,,,,,,
NIST-MATDB-1f9d4e4fac6d97c9f29f5f996ab9f08d,0.46905828722364623,,0.1508347738526744,,,1.6442037197623744,,,0.49634740726277116,,,,,,,,,,,,,,,,,1.2955635251251136,,,,,,,,,,,,,,
NIST-MATDB-0fda178e19926b1dd1cb87d13b6c9b8f,1.1042858477832478,,0.5182080394806805,,,35.838554732521246,,,3.9763670510184177,,,,,,,,,,,,,,,,,406.8678769180446,151.78315117668106,,,,,,,,,,,,,
NIST-MATDB-62e7a8f42d4e7a6d5367646f760058d1,5.5021000478232,0.4220799427750956,1.2575951148946023,,,,23.596777486907794,,,,,,,,,,,,,,,,,,,,,,,,,,,,,,,,,
NIST-MATDB-2f391b46b4e3f7747db4ad7bba0ccbfd,0.3983592431117512,0.07164402129259159,0.10572086061016797,0.06174123492989887,,,,0.011591542731007052,,,,0.13613168295581854,0.06760321556438956,,,,,,,,,0.04382875490560532,150.69158653322853,,,,,,,,,,,,,,,,,
NIST-MATDB-fbb029f4b9e35be603895fea38ae239a,7.865146646025342,0.17677396971739506,1.7720518794936417,,,,,0.2732061671973767,,,,,,,,,,,,,,,,,,,,,,,,,,,,,,,,
NIST-MATDB-7aa6f7200318ad474b557940bc6726c0,14.965895314366064,,0.2448084296230269,,,,,,41.92282560164785,29.068755640784794,,,,,,,,,,,,,,,,,,,,,,,,,,,,,,
NIST-MATDB-90c6a1887a5e0f522854022bac0600a2,,,,,,,,,,,60.370864592013625,,,,46.860321688717484,182.87628328625922,493.5169230828014,,,,,,,,,6.082032210953434,,149.49127594207195,682.3788724183737,,,51.705494670870756,,,,,,,,
NIST-MATDB-e6b24d002f0be7b19db9e4a0b3345ee7,3.9269119440749463,178.2153288321368,0.9535613740156423,,,,,,16.791993805228177,,,,,,,,,,,,,,,,,,,,,,,,,,,,,,,
NIST-MATDB-bbd4c0c32dbd9f7b1df341984b71983f,8.01441927724483,116.40254084168184,0.892809156504966,,,232.625740352097,,,23.088067970638374,,,,,,,,,,,,,,,,,,,,,,,,,,,,,,,
NIST-MATDB-e23e0f3921a269533d74caae8c5a12bf,1.7402356552243046,0.12181311612549989,0.37948368923325737,,,,,0.07416421742054784,,,,,,,7.62246810360348,1186.1464393615383,2680.3447165578327,,3.7505978495360015,,,,,,,,,,,,,3.5422692422331687,,,,,,,,
NIST-MATDB-6f2de59bc9a4aafa57769c230fce91ab,4.452680200529866,,0.45921634237680387,,32.03615617893363,27.564548591658586,,,10.285359032299947,7.2735611478023765,,,,,,,,,,,,,,,,,,,,,,,,,,,,,,
NIST-MATDB-19f0b99c8dbe789defa47a66736fe641,3.0346638426849863,,0.592777068383642,,44.11370284216878,47.04362325942028,,,6.712912868714389,8.388750300988617,,,,,,,,,,,,,,,,,,,,,,,,,,,,,,
NIST-MATDB-1b5c20248717ca46ef341e3c5f2c1f30,0.746236531556438,0.03915838325957044,0.41205036916212356,,,0.10592353912397112,,0.1024962392543009,1.5266481794008027,,,,,,,,,,,,,,,,,,,,,,,,,,,,,,,
NIST-MATDB-f5e80ffaaaf05f4ed655664fd22defb9,53.45745489255194,1.1796623575276621,1.3846746548996705,,257.0741092391538,214.35652254613345,,0.5607837496303106,21.75365106755938,98.27545632940797,31583.221050031545,,,,,,,31.019743395840713,,,,,92.10659074101581,,,,,,,,,,,,,,,,,
NIST-MATDB-dd648c6388274576eaa6f506d849b3f9,4.77286831807304,0.348613787826433,0.8395890790679478,0.3260582133877096,,,,0.10103328582438816,,,1059.5183659151332,,,,,,,,0.9619772235837283,,,,,,,,,,,,,,,,,,,,,
NIST-MATDB-85fcc6055ba3ac2715a9d7ef6112cfa9,6.194310064420685,0.5144271466702589,0.8150185121626138,,,,,0.0425869258518606,,,,,,,,,,,,,,,,,,,,,,,,,,,,,,,,
NIST-MATDB-71d6fc9e1d75f65e8a04544608290958,11.416182887264068,0.7060249964352386,1.065113136931594,,,,,0.025670344912343164,,,6100.045769717822,,,,,,,18.871671924574077,,,,,,,,,,,,,,,,,,,,,,
NIST-MATDB-ab995b569e3eef266e371252ec189e8b,32.41562782747939,0.1487478230043783,0.5082560737605373,,,,,0.01569255670716946,,,,,,,,,,,0.2422293778431872,,,,,,,,,,,,,,,,,,,,,
NIST-MATDB-a4ed01077a429c5f198b12181cd8b6d8,5.300579581829796,,0.9154083450799263,,,194.12701564212665,24.25809892797073,,17.103594775266313,13.04985934656445,,,,,,,,,,,,,,,,,,,,,,,,,,,,,,
NIST-MATDB-e788f40ad7a33abe049ca098ed6ee980,,,,,,,,,,,36.66546584539375,,,,,37.83158830808367,13.796099279853902,,,,,,,,,,,7.018213732555693,20.229728808214702,,,,,,,,,,,
NIST-MATDB-2df53cb5b49803b76e21603aaac024e5,5.151807158383399,0.34240891983459093,0.8722971817761628,,,,,,,,55.00547807466711,,,,,351.4076396440751,,,,,,,,,,,,2.775937060546378,,,,,,,,,,,,
NIST-MATDB-5b3ad76c63b1ce87a685648f69a4de28,38.18943244756243,1.389094042797802,1.0961853535303212,,340.27354310794647,137.342174655136,,0.03957437619565368,23.092453439415767,101.10363296796336,63836.85155213816,5.807323871075634,1.099417586047415,600.8322755231356,,,2605.7557800025825,,,,,,,,,,,,,,,,,,,,,,,
NIST-MATDB-b425ac967ceb23a458c5e6f13f9dee6b,4.1918841554706905,0.20815350739528332,1.0117365487995338,,,,,,,,1974.6129918114339,,,,,,,,0.31510161155135213,,,,,,,,,,,,,,,,,,,,,
NIST-MATDB-951db94d5701c144378afbaface18b87,3.8678670689119445,,0.1008041710987708,,,3.830099614152243,,,0.361353879467855,,,,,,,,,,,,,,,,,40.10261389233254,,,,,,,,,,,,,,
NIST-MATDB-624ee8e668bdb1109b82aaf3264d39f2,7.233249323287047,0.1838610179045219,1.1095779266102506,,,,,,,,,,,,,,,,0.3874062220597954,,,,,,,,,,,,,,,,,,,,,
NIST-MATDB-9f116077bb53733bb10e030e7c3523a5,4.133735766521125,0.3751161266923075,0.9969072842528756,,,,,,,,,,,,,,,,0.46804348771602916,,,,,,,,,,,,,,,,,,,,,
NIST-MATDB-ad8443a58b6d0f9c90e2c966b478e551,9.186041585552797,0.39970531688301886,1.1439749593549418,,,,29.28538937694425,,12.090677027007704,20.213030259956632,,,,,,,,,,,,,,,,,,,,,,,,,,,,,,
NIST-MATDB-120341abab512148a2586319c9580c29,,,0.22419011910319092,,,,2.6803930622051766,,1.2628220928077907,1.3166089294363064,,,,,,,,,,,,,,,,,,,,,,,,,,,,,,
NIST-MATDB-8b2f5bfff597fd6ac1507365a3732a97,14.555166204558704,186.96462287820938,0.9600820419134961,,,,,0.03864823457654342,34.87437268922737,286.90570761787075,,10.377524880140804,15.313059880535778,,,,,33.60067484544904,,,,,,,,,,,,,,,,,,,,,,
NIST-MATDB-98261e1cacd11dbc66fdc2910f2226ce,0.13553241307672842,,0.021481494997133137,,,,,0.019623946103461333,,,,14.76450741748552,1.0579928465579942,,,311.43102891619463,,,,,,0.14785441598504045,,,,,,,924.6349864263362,608.9164069394647,,,910.2109063122454,291.6565320696631,,,,,,
NIST-MATDB-7afa6cd2b9010a5fee66c761d34f79ff,3.717526850899875,0.16596873171971324,0.9353294314167506,,,,,0.10432435893866497,,,663.8812094854949,,,,,,,,,,,,,,,,,,,,,,,,,,,,,
NIST-MATDB-b970cc46b139824b51520d18a9b63146,4.1151595915441375,0.318608041115606,0.8896637844179892,0.3186746406074773,,,,0.0849736322942828,,,,,,,,,,,,,,,,,,,,,,,,,,,,,,,,
NIST-MATDB-50f70ae705dac74976f4c6867d15233c,1.3962830340445813,0.02109397492544428,0.1475436337217098,,,,,,,,3227.0974976670236,,,,,,,,0.053273158009416684,,,,,,,,,,,,,,,,,,,,,
NIST-MATDB-0f23e9138eb186545d5877788ca80f1b,,,0.106639233912659,,,,,,,,18.723845894154984,,,,,5.188329405783946,2.17369345186677,,,0.14034371152802216,0.35476494925406266,,,,,,,,,,,,,,,,,,,
NIST-MATDB-554de36b7f2f656529c27910955ec14f,0.0191258442692619,,0.004985787553956908,,,,,,,,,,,,,,982.4581571726914,,,,11107.807133780385,,,,,,,,,,,,,,,,,,,
NIST-MATDB-d7ca58df25e418904749b937dc840b31,,,0.6054483197243267,,,40.68111291510833,,,5.966138194502589,3.447801018793848,,,,,,,,,,,,,,,,,,,,,,,,,,,,,,
NIST-MATDB-8218c9eddd5fc7ca376c0e5518b22881,,,0.5684220899925853,,,95.09303696672521,,,16.44965438618865,7.223311061580362,,,,,,,,,,,,,,,,,,,,,,,,,,,,,,
NIST-MATDB-6fd1bd97a5b2289108bee3430b51618c,2.120864263949325,0.13500553566349066,0.45211398892745364,0.11749433255268495,,,,0.03773528431400217,,,,,,,,,,,0.1958617411145629,,,,,,,,,,,,,,,,,,,,,
NIST-MATDB-3d59d2678a8055eac758c16bc16a055f,1.7207218720989244,0.26381502480249297,0.4371473160575206,,,,,,,,,,,,,,,,,,,,,,,,,,,,4.860640514566394,,,,,,,,,
NIST-MATDB-4f997dd50218f80755de4f39ef56d711,3.7891787996427015,0.2195626785726718,1.0192524764687698,,,,,,,,,,,,,,,,0.3338903784795433,,,,,,,,,,,,,,,,,,,,,
NIST-MATDB-fa79ad13534250f0bc3baa41eda9ec6f,3.9458742558628046,0.2675002612770664,0.9788365690476891,,,,,,,,,,,,,,,,0.4456120900904453,,,,,,,,,,,,,,,,,,,,,
NIST-MATDB-48f4023d446be2a618f2ac6acc88fee2,1.567526500103553,,0.19756137883347819,,13.437336504510009,,,0.10978046947224032,,,1376.5691184845134,,,,,,2448.4650252489664,,,,,,,,,,,,,,,4.200450188370005,,,,,,,,
NIST-MATDB-70adc65753e53e19b9751edf07eb47c2,2.5006495688057018,,,,,,,,0.2667081968235847,1.5046816769940503,,,,,,,,,,,114.08597208862794,,,,,,,,,,,,,,,,,,2622.5076254622063,
NIST-MATDB-aa9d45b8f26556531b2b8a0a19335c9b,1.9356530103490885,0.12914253973549877,0.7323867901188671,,53.32423863003947,58.50009622108739,7.133104325317926,,11.994064524962852,8.442225957123544,,,,,,,,,,,,,,,,,,,,,,,,,,,,,,
NIST-MATDB-217068c8f810635ff0993eb984f54688,1.2320144496292385,0.08692456780579888,0.27338667759808777,,,,,0.026579189514187338,,,,,,,,,,,,,,,,,,,,,,,,,,,,,,,,
NIST-MATDB-d46634db5e453c0b9bd1d9ceee9f7876,,,0.48194935680943674,,52.02467969584015,56.5266117729223,7.234777516021959,,6.5734489163065515,4.425083608369878,,,,,,,,,,,,,,,,,,,,,,,,,,,,,,
NIST-MATDB-b9bffc1a1dbe706adfe44577120a9311,0.6754512737066732,0.1787268705684103,0.3369622575920207,0.01578451830815619,,,,0.08089880103816229,,,382.0480679853229,,,,,,,,,,,,,,,,,,,,,,,,,,,,,
NIST-MATDB-e541b4260474f7557374f08111813c73,0.8184420112927915,0.201083817499778,0.3288067771324016,,,,,0.06007040576341063,,,,,,,,,,,,,,,,,,,,,,,,,,,,,,,,
NIST-MATDB-905c38b797b80f8e78474acc09b087cc,1.043380461990532,0.2888644135134293,0.19973853304221456,,,,,,,,,,,,,,,,10.166611518398664,,,,,,,,,,,,,,,,,,,,,
NIST-MATDB-e8a1a82c4fe2ad952d1c107156f780f2,1.9926146277243992,0.19220962194122865,0.3108836213175191,,,,17.41803123036533,,3.5697443781637577,7.671620160762547,2622.1925233842803,,,,,,168.62067658609075,3.4626527856301994,,,,,,,,,,,,213.88240726996878,,,,,,,,,,
NIST-MATDB-1463164fd412775c8f1cd0ae9fdd734c,0.7413516105884157,,0.23332237657617316,,,,1.4348999850361077,,,,,,,,,22.70787501292515,10.078597656350244,,,,,,,,,,,,,,,,,,,,,,,
NIST-MATDB-8cae84fb784881ac1d577dea3d006c4e,3.6250861921580397,,0.22368566992690408,,78.15111544229349,194.65584855105402,,,91.21695323166594,37.73217243487727,,,,,,,,,,,,,,,,371.61743826962015,,,,,,,,,,,,84.17119609532585,,
NIST-MATDB-cf456ceb20be181c82372f598ccd6566,2.6589677831054273,0.31648617627073866,0.592399363352612,,,,,0.1202426743924357,,,,,,,,,,,,,,,,,,,,,,,,,,,,,,,,
NIST-MATDB-6d9a3e40757ae61aefc59e3fda366056,2.644552000383673,,0.4050169974803722,,,,,0.07308728642838436,,,,,,,,,,,,,,,36.710682616251745,,,,,,,,,,,,,,,,,
NIST-MATDB-5b2f2fe36d08c935b34cbe0368bb90af,2.680976613119733,0.26295142012251255,0.47366537122443003,,,,,0.04938852070163004,,,,,,,,,,,,,,,,,,,,,,,,,,,,,,,,
NIST-MATDB-6853463892c58fa717af9cbfb228f048,2.745540596770354,0.24301777977129263,0.6614319410972571,,,,,0.02125392509451981,,,,,,,,,,,,,,,,,,,,,,,,,,,,,,,,
NIST-MATDB-d912f177ba8efc7896115a2e38b821e1,9.65881488170431,0.21544752716077537,,,,,,,,,111.62089292272226,,,,,190.84395741593968,3687.1775299758456,,,,,,,,,,,37.74280135272197,,,,,16.23596629011293,,,,,,,
NIST-MATDB-16b46a73888e61b0cad26c50f220e8e0,,,,,,,,,,,217.89914240602064,,,,,41.2109190841929,13.559269747582935,,,,5.18475824566511,,,,,,,,,5.964700312147826,,,,,,,,,,
NIST-MATDB-190ed881ef2c7d18396b178dd6a6d96e,3.2189223361113672,0.14212524320296674,,0.1873678706155929,,,,,,,,,,,,594.2663489083682,627.140894946161,,,,,,,,,,,,,,,,,,,,,,,
NIST-MATDB-002415bcd538b26626f2f03e5443f598,0.48282895231130385,0.03481222951814739,0.08326871873629044,0.03970749753368496,,,,,,,,,,,,,,,,,,,,,,,,,,,,,,,,,,,,
NIST-MATDB-60668389e359ed8efc2c4e30467d0950,0.6841591607599411,0.05288340156665527,0.17142405782194464,0.08230191653522263,,,,,,,,,,,,,,,,,,,,,,,,,,,,,,,,,,,,
NIST-MATDB-fd7ade7b33c3327069abc402f4d18439,12.355777044568782,0.10798995563815854,16.751245776775118,,,,,0.02261824540825397,,,,,,,,,,,,,,,,,,,,,,,,,,,,,,,,
NIST-MATDB-16fcbd54c408f9470f14f13f6a1b469d,,,,,,,,,,,,,,,,53.24414634058324,87.35126133711513,,,407.37065569530125,,,,,,,,,,136.22005237915462,,,,,,,,,,
NIST-MATDB-69f363671c1af77d5e044616e37f0142,,,,,,,,0.09502973616780652,,,,,,,2344.3049699047297,63.94650775693212,303.4353095438616,,,,,,,,,,,,1508.481211259783,,,,,43605.74795391625,,,,,,
NIST-MATDB-92e5cb35a42cbccccd0225ecabe23a0e,,,,,,,,,,,191.43947201278172,,,,,48.69597172895181,171.26504540070988,,,,13.256526658006186,,,,,,,,,,,,,,,,,,,
NIST-MATDB-8d651cf53aa2990d2cccb34177e624ff,1.7829654823741559,0.17350552889948564,0.5027870984230033,0.16558063972227596,,,,0.643361297420871,,,,,,,,,,,,,,0.16512069721530456,,,,,,,,,,,,,59.95517374622109,,,,,
NIST-MATDB-73d80cf55c3c599e004a9828b244ec48,,,,,,,,,,,228.72222142126193,,,,,38.78274897387334,68.573890046921,,,,,,,,21.64842427063936,,,,,,,,,,,,,,,
NIST-MATDB-c9b48f1b01eb70760c7d618b9ac9c937,7.48162611994084,0.15013886163415724,0.24374138206376947,0.2294229967889261,,,24.076227488916402,3.2916387728486174,1.533279087054552,12.43896222818632,,,,,,,,,0.1836621021618427,,,0.170458914380597,,,,,,,,,,,,,508.25030907936457,,,,,
NIST-MATDB-fab951d1e53d35279d22a30a416c2e08,1.2343171086929683,,0.5887257781074018,,,55.00233836683554,,,5.606476687871273,,,,,,,,,,,,,,,,,102.99870697191415,,,,,,,,,,,,,,
NIST-MATDB-081a0818678716f502aee0b58ac1b30a,17.510261184523873,,0.27586366445535987,,,,,,,,34011.82858702825,,,,,11067.639168339463,148191.52420983085,,,,,,513.0697980715084,,,,,,,,,,,,,0.0004980698194531555,,,,
NIST-MATDB-7794dcbafbe2d5a283b6a87ef79c2a1d,,,,,771.6358081507741,434.51872409014436,,,36.482482364203555,78.64110205032681,,,,,,,,,,,,,,,,,,,,,,,,,,,,,,
NIST-MATDB-98bd1513147122918efeb91846323729,,,,,307.1254693705828,252.83012608174178,,,21.154026899746015,46.93006535438959,,,,,,,,,,,,,,,,,,,,,,,,,,,,,,
NIST-MATDB-18e376e92b271f0e1a62a2a81dcd0a63,,,0.1930122912185353,,,17294.38928998317,,0.049118771690443284,0.5716308049886849,,,,,,,,,,,,,,,,,,,,,,,,,,,,,,,
NIST-MATDB-9e5edba55f0f609476161019d58113ed,2.382012074505502,0.13618063107222717,1.014146560030516,,,,,0.2541042624924875,,,,,,,,,,,,,,,,,,,,,,,,,,,,,,,,
NIST-MATDB-ddd6f2d174f6d5cc75ee1fda94840dd8,2.749357909373927,0.20357164948074602,1.0034706130995201,,,,,0.02529342947218396,,,,,,,,,,,,,,,,,,,,,,,,,,,,,,,,
NIST-MATDB-e09d347dd969d6bd83df1d148fc34ecc,2.2945078004317816,0.18861479469813697,0.5870257246039636,,,,,0.44046977576630053,,,3.2434960816742766,,,,,,,,,,,,,,,,,,,,,,,,,,,,,
NIST-MATDB-ba925980550f907f14b9e2aa08b07d60,0.9974975627728386,,0.3282988243604498,,,,,,,,17.275971009651578,,,,,37.36333905525495,170.20298770277356,,,,,,,,,,,,,,,,,,,,,,,
NIST-MATDB-6c372b00bde601be7642210d9d4ab853,0.6058493265622457,0.1388265185384279,,,,,,,,,,,,,,,,,,,,,,,,185.65124730656723,890.6558006385748,,,,,,,,,,,,,1607.2106883975284
NIST-MATDB-871f479ada0eb83955ce7aa6f2d0900c,0.6668649367826408,0.15456523861815474,,,,,,,,,,,,,,,,,,,,,,,,324.82102337637673,435.712437476176,,,,,,,,,,,,,
NIST-MATDB-c422d2007633d4bce61c708dc86bfc2d,17.078809776237243,,,,,,,,,29.773235435502755,,,,,,,,,0.5777048105664196,,,,,,,,,,,,,,,,,,,,315663.2026364296,
NIST-MATDB-2a55d7fddaa59cb289e94c60012b7c80,0.628977061624073,789.1236230580924,0.08598987716254405,,,,2.2316042145238044,0.036716829892694855,,,,,,,,,,,,,,0.32591830705674024,,,,,,,,,,,,,,,,,,
NIST-MATDB-90f0951725860967c6b057ba27a8977d,1.5329287103253797,0.11869705308628045,,,,,,,,,1563.3042294930947,,,,,,,,,,,,162.16511232234205,,,,,,,,,,,,,,,,,
NIST-MATDB-df647d61b00b35b8b88ae26030802346,2.716598380019226,0.20169817556496125,0.6071166286894635,,,64.85412574003253,,,9.08644453304597,,,,,,,,,,0.2543793651732723,,,,,,,,333.2986591218684,,,,,1770.4926792952979,,,,,,,,
NIST-MATDB-3c00423aff9d65616818359e68dbe724,,,,,10373.726167449984,602.6169801190543,,,40.14380007628083,869.2520653130547,,,,,,,,,,,,,,,,,,,,,,,,,,,,,,
NIST-MATDB-8723e0ee5698896e2bbc97aac94d548e,,,,,13386.653845853334,600.4982488306505,,,41.68790833610348,1078.3763770519836,,,,,,,,,,,,,,,,,,,,,,,,,,,,,,
NIST-MATDB-9a27824ac40dc0e23622482a49c56d1e,,,,,9945.786212153816,409.71837706176956,,,28.80088442951867,692.3221776913259,,,,,,,,,,,,,,,,,,,,,,,,,,,,,,
NIST-MATDB-d2c52845dd13f837e97464ee46efcccf,,,,,12213.159185299912,431.15697455170186,,,33.053777993106436,1320.803374439468,,,,,,,,,,,,,,,,,,,,,,,,,,,,,,
NIST-MATDB-3a650ab57f585098f15b7607aeb8fdb6,1.2318456360045213,,0.471740035763994,0.3073178678713614,,,,,,,,,,,,,,,,,,,,,,,,,,,0.13169106646694814,,,,,,,,,
NIST-MATDB-be9f51ea48c4eeb348d95a383edddd8a,2.8819789852242734,,0.4676158602704455,,,20.29494082569541,,0.2907919982974848,3.2015067471209595,,,,,,,,,,,,,,,,,106.88849278612044,,,,,,,,,,,,,,
NIST-MATDB-f0d21fca297aa06616af675ba0c455a4,2.6530145338808864,0.18914553856962152,0.5717214815572927,,,,,0.005989450701464528,,,,,,,,,,,,,,,,,,,,,,,,,,,,,,,,
NIST-MATDB-888a980473df7b326048a36cbcd7a4c4,1.6167513902224224,0.16374429578842886,0.42941132192267933,,,,,0.0059557062418263374,,,,,,,,,,,,,,,,,,,,,,,,,,,,,,,,
NIST-MATDB-6fd1551f35082430e34eb9ebf32ff5ea,,,,,,,,,,,511.4521001492764,,,,,260.51872264361987,924.9855032103468,,,,,,,,,,,,3337.081032612048,,,,,,,,,,,
NIST-MATDB-c235e2b9f0e0f3949e37b5ac3054f2ec,,,0.8258432647612203,,,,,0.10418035061733016,,,937.0220091878541,,,,12.723448927084078,15616.920288254281,,,,,906.8602550054093,,,,,,,,,1675.370141934798,,2.430437315173133,,,,,,,,
NIST-MATDB-2d25531dab4bccac4af1b6e13fe962fd,2.177419894969863,,0.2870865969638055,,,,8.800541224296188,,,4.175339124576885,,,,,,,,,,,,,,,,,,,,,,,,,,,,,,
NIST-MATDB-68390f4a9ea74563f10a775377cf5166,2.5588942642825825,0.22645574396364074,0.5445108659077502,,,,,0.06983761215573635,,,,,,,,,,,,,,,,,,,,,,,,,,,,,,,,
NIST-MATDB-1b640cdaf885a25b91b8daa3c3416e79,3.7819453342364473,0.33957209118177173,0.7916567787878984,,,,,0.1780230990628235,,,,,,,,,,,,,,,,,,,,,,,,,,,,,,,,
NIST-MATDB-901f5824839e50316a0fab04e514019d,0.010780987391326735,,,,,,,,,,142.2311354103031,,,,,29.12262562428681,,,,,11.77338467663924,,,,,,,,,,,,,,,,,,,
NIST-MATDB-d9783e337e7ce09116e25a43e33f6d63,2.451927150754556,,0.9502074927068519,,,252.97854965789676,,,21.13349947604018,12.070323310889759,,,,,,,,,,,,,,,,,,,,,,,,,,,,,,
NIST-MATDB-a0ba6cd310796edf309f0196ef75a697,2.9260908902547826,,0.42791454190938805,,,,,,,,,,,,,142.37536094883757,57.967237766330264,,,,288.6271372610471,,,,,,,,,,,,,,,,,,,
NIST-MATDB-2348f026850f75fcaf193b4f68a06388,0.2903724548902987,0.008184766683432218,0.029911994453373465,,,,,0.001374841876527792,,,,,,,,,,,,,,,,,,,,,,,,,,,,,,,,
NIST-MATDB-1b95fcd71d4ffac273b7f59c717efe16,3.7898076190936076,3288.4252098726106,0.9587152525056273,,,,,0.11825765083463392,,,,,,,,,,,,,,,,,,,,,,,,,,,,,,,,
NIST-MATDB-12f0e59f182a26494316933fff0304e2,0.26812434297275417,0.9573890603541213,3.75739273166498,,,,,,,,,,,,,,,,,,,,,,,,,,,,,,,,5.169321625138315,,,,,
NIST-MATDB-87df8c190af0b5a382312b8a4fd78f2a,2.1171073306423254,0.06310661221082421,0.28608416766613926,,,,5.20214985998424,,,,,,,,,,,,,,,,,,,,,,,,,,,,,,,,,
NIST-MATDB-af9b5a1bd2336cee6a19fb3149c6fead,,,,,,,,,,,11.374724001904505,,,,,19.26779178121829,15.374392339489148,,,,136.97868840102785,,,,,,,,2.0346251136815385,,,,,,,,,,,
NIST-MATDB-5a9adbf7ca9f80422e5ac35364502e27,1.4471300001110794,,0.7224672991244576,,,,,,8.38627038492072,4.517708006467645,,,,,,,,,,,,,,,,,,,,,,,,,,,,,,
NIST-MATDB-759ec4583bda992e58a383c8cdcdbf68,38.72685180472478,,0.3189808415197822,,,,,0.14625022138546537,,,,,,,,,,,1.1370533398695726,,,,,,,,,,,,,,,,,,,,,
NIST-MATDB-cd6c0017018587105d09e3d97e01da71,,0.18596158512389693,0.8353350648619701,,22.28855065604292,34.6196530151549,,,7.627177928706738,4.809564728493041,,,,,,,,,,,,,,,,,,,,,,,,,,,,,,
NIST-MATDB-a6f101f386dee100047fcaf572ce237c,,,0.19851446615950824,,6.017567576808862,1.0204223410358393,,,0.7755900515372312,0.7254539360636245,,,,,,,,,,,,,,,,,,,,,,,,,,,,,,
NIST-MATDB-2790822bec46626505ddb0821bf332b6,,,,,431.11530584902357,649.2962216150617,,,69.97448748581769,32.27901778107559,,,,,,,,,,,,,,,,,,,,,,,,,,,,,,
NIST-MATDB-7ff3a3a0cb9caeb14aea109250cb9329,,0.0021517147465399617,,0.00019446131804885772,523.9281694650142,344.827112215449,,,,,,,,,,,,,,,,0.0002707292720909245,,,,,,,,,,,,,,,,,,
NIST-MATDB-ce8173e1b2ca618003d7a57c5bab64fc,1.4060545605921901,0.3300012674433586,1.422552672806736,,,,,,,2.0647295277209174,,,,,,,,,,,,,,,,,,,,,,,,,,,,,,
NIST-MATDB-5d21dad0bce099244138bdcd0a410e0d,1.6586413999982654,0.196597146646103,,0.04481262534998754,,,,,,,,,,,,,,,0.31368795540074745,,,,,,,,,,,,,,,,,,,,,
NIST-MATDB-29c4141c741c8af2dfa727803041cce8,1.4917388194425987,0.0977941058879079,,0.04720056167280714,,,,,,,,,,,,,,,0.06541757092118035,,,,,,,,,,,,,,,,,,,,,
NIST-MATDB-ee36b2a9095ec91288836a44edfdc823,5.61769856096679,,4.699610499318886,,,,8.633338505865783,,,6.177518702207805,,,,,,,,,,,,,,,,,,,,,,,,,,,,,,
NIST-MATDB-8a8f6b8befba091e13b80a67b12a16d1,0.2523494903577428,0.1452878984456757,0.20473347395366845,,,,,0.37902673345362003,,,,,,,,,,,1.8126726003348141,,,,,,,,,,,,,,,,,,,,,
NIST-MATDB-810f774ed06a6416ba74c19ba4d8d6c9,6.421920597720623,0.1844910792428818,0.24527607802726176,,,,,0.1184967484586848,,,,,,,,,,,74.70143535701155,,,,,,,,,,,,,,,,,,,,,
NIST-MATDB-62cac39e7df6723d237dfb0c4bd20985,2.9754482997643192,0.16311115482686617,0.5655232885054347,,,,,0.21297983475769403,,,,,,,,,,,0.22570074102239052,,,,,,,,,,,,,,,,,,,,,
NIST-MATDB-5fee9a23ff456bc1904034f8ccd4dd08,,,1.0871587168120547,,,,9.445525487442165,,10.909214339290532,9.426810059517663,,,,,,,,,,,,,,,,,,,,,,,,,,,,,,
NIST-MATDB-f3c192944e2aca4c0d3eb6d4f981156d,,,0.3839921684591667,,,,6.129483121184432,,3.848045695776011,3.281634373571674,,,,,,,,,,,,,,,,,,,,,,,,,,,,,,
NIST-MATDB-616b0a7cef013735e93a3a5a1857186e,450.23435810329073,0.24738754936376373,,0.10476382792065378,,,,,,,,,,,,,,,,,,,,,,,,,,,,,,,,,94.15300166761261,,,
NIST-MATDB-7081ac565cb30dbee2a27fd3fadb1a99,84.08602934725002,0.374496510593827,,,,,,0.015153940949078954,,,,,,,,,,,,,,0.1242805487705502,,,,,,,,,,,,,,,,,,
NIST-MATDB-32e77061e4ee1bd3d6e0b2bddff41582,404.73746372489745,0.4304466147082585,2.588022226607926,,,,,,,,203573.56823367544,,,,,,,,,,,,,,,,,,,,,,,,,,,,,
NIST-MATDB-952573153c32f6838484226ec92b4c93,1.5169467594641124,0.28003370818265505,1.5262369287875917,,,,,,,,,,,,,,,,0.5523496853240091,,,,,,,,,,,,,,,,,,,,,
NIST-MATDB-0430f3ede7fd0f8d58eb6cf454011ef2,2.343245873217378,0.3230548153610859,0.9948289695232279,,,,,0.08813755437126283,,,,,,,,,,,,,,,,,,,,,,,,,,,,,,,,
NIST-MATDB-6e0014114e24ab8e83b8782e3c9ed523,4.393490944190645,,0.8348605799918272,,91.44705735728616,104.77369803498831,,,0.9550681497822497,8.008513398828386,,,,,,,,,,,,,,,,198.31537148351077,,,,,,,,,,,,339.27799213422554,,
NIST-MATDB-1ce14eb3e9cae7c5664342ced717c6d0,2.0496736488349914,,0.8024175740887941,,32.33369278850463,35.166856944083506,,,4.198849476923355,4.69173943663781,,,,,,,,,,,,,,,,307.6209288313687,,,,,,,,,,,,249.20883633735266,,
NIST-MATDB-279c9ad5012a5473728672cd454133fb,0.31031824662060137,0.03302515600016913,0.07024008449164264,0.05495117348383149,,,,,,,,,,,,,,,,,,,,,,,,,,,,,,,,,,,,
NIST-MATDB-157d2c3d9f1568cf1e25b51ade68fffd,0.4184193649258489,0.04246187159092204,0.09083931919604876,0.1524180507706083,,,,,,,,,,,,,,,,,,,,,,,,,,,,,,,,,,,,
NIST-MATDB-a32141d840ee476b01d03de6aabc5dd0,,,,,,,,,,,,,,,,,1349.4000097108828,,,,,,,,,,,,,936.7044140601938,,1002.0778473534963,,,,,,,,685.5326858734563
NIST-MATDB-6e3a08482c472745491d45de75647062,3.391199376350158,0.2195742687525524,0.4763952858645026,,,,,0.04262320895776563,,,4.271678454528243,,,,,,,,,,,,,,,,,,,,,,,,,,,,,
NIST-MATDB-51c3c6cff34fa757c68517fb2d597d65,,,,,,,,,,,,,,,,,,,,,,,,,,181.7391299960265,13.438333599821927,,,,,2884.5337953561534,,,,,,,,27.77273740373606
NIST-MATDB-27913719503d743c1fa3f4e3207302f3,,,,,,,,,,,,,,,,,,,,,,,,,,95.19349365615615,520.4908820467922,,,,,1069.083634257043,,,,,,,,1284.3417702632373
NIST-MATDB-d762bfeeb5b0f7083593a323d1e1f1f4,,,,,,,,,,,,,,,,,,,,,,,,,,38.039554931332965,364.75382707110055,,,,,1990.622879945566,,,,,,,,1569.047468019369
NIST-MATDB-68a48f466949d3c6ea7faa50d7d5823c,11.156282533897816,0.5828428009981098,1.87429130648976,,,,,0.0457515841280008,,,118.83134647031102,,,,,,,,,,,,,,,,,,,,,,,,,,,,,
NIST-MATDB-c8f4c078b4a081946d94943919a5aa6f,15.496957694204129,0.8441857478253506,2.4105508677957324,,,,,0.07275662481785607,,,176.86517921144787,,,,,,,,,,,,,,,,,,,,,,,,,,,,,
NIST-MATDB-dbdb9914fccedd909788d47def5a8189,0.8292394725885985,,,,1.5096165017651508,,1.7300680431958368,0.009004281514380437,,0.7071380445417272,,,,,,,,,0.0181653413923922,,,,,,,,,,,,,,,,,,,,,
NIST-MATDB-778beb7bfaa9cc0a813164b795c0dee9,1.18263448952825,,,,1.7674765756691788,,2.010956053901305,0.004144512142729693,,0.898924413824723,,,,,,,,,0.030682222998444607,,,,,,,,,,,,,,,,,,,,,
NIST-MATDB-c136610bba5d15e93297c7a7a13c6c9e,0.43474753976025265,,,,0.4814511698216191,,0.9876143247147978,0.005539415732499517,,0.25645806189053494,,,,,,,,,0.011294556070424526,,,,,,,,,,,,,,,,,,,,,
NIST-MATDB-c322422555c7d028cceccd6f450a3c5b,0.43353294635506834,,,,0.3770795387858664,,0.3674511308950526,0.0029629902344995114,,0.32348403608954834,,,,,,,,,0.011717986044041666,,,,,,,,,,,,,,,,,,,,,
NIST-MATDB-f9d8e90117d20eb0ddead5c076230cd5,0.4553722341583018,,,,0.47880961177623843,,0.7041264644753276,0.0025378570853496437,,0.2945300127988663,,,,,,,,,0.012013672104839425,,,,,,,,,,,,,,,,,,,,,
NIST-MATDB-17cf1c83cd26c9e331afe4eeeac10e9f,0.5284975405154444,,,,0.7645639654367895,,0.864182414306433,0.004474933709762558,,0.41170499179715975,,,,,,,,,0.015656093426644303,,,,,,,,,,,,,,,,,,,,,
NIST-MATDB-5442cdd93ee8028ce1e8b57896f7a844,5.040271641977401,0.2736461720094537,0.9954025307328715,,,,,,,,,,,,,,,,3.474074647111665,,,,,,,,,,,,,,,,,,,,,
NIST-MATDB-d1644201ec3b21d8e8c31c3df7c6f060,4.382802194383137,0.19568610098127334,0.5462764432078281,0.1184677039090066,,,,,,,,,,,,,,,0.2681201373024268,,,0.15256179676208137,,,,,,,,,,,,,,,,,,
NIST-MATDB-9313df158801d397ec2644372d880a7f,5.497488305267755,0.37812788499836175,0.8781155829260716,,,,,0.041826134355666324,,,,,,,,,,,,,,,,,,,,,,,,,,,,,,,,
NIST-MATDB-92a08c7ec6dc6045836ec6d1e5a2dc31,0.49253435997662315,0.019691348813623354,0.028733004559734984,,,,,,,,0.36507128062881194,,,,,,,,,,,,,,,,,,,,,,,,,,,,,
NIST-MATDB-7250c192a412fd34bb5c47e3c1ecf895,0.5958819857358735,0.18259414920220102,0.370657371226423,,,,,0.046003235275006424,,,,,,,,,,,,,,,,,,,,,,,,,,,,,,,,
NIST-MATDB-d7fd5dc049a91f0053480ac787e05f81,0.5439046398460403,0.16943385265228925,0.3557206611006722,,,,,0.04489801437755961,,,,,,,,,,,,,,,,,,,,,,,,,,,,,,,,
NIST-MATDB-c98304cceb3611a72534f784e3741e55,0.8676961163062386,0.22122750912537087,0.5174851890771172,,,,,0.04079200692061164,,,,,,,,,,,,,,,,,,,,,,,,,,,,,,,,
NIST-MATDB-725694ffb14abc06c5c38b8b0df81a89,2.173570629806969,0.17948648395837938,1.0799744772506241,0.4735442601225353,,,,,,,,,,,,,,,0.3426930800052754,,,,,,,,,,,,,,,,,,,,,
NIST-MATDB-69defbb815a1b2e90296326827748d96,5.1995152135980955,,0.758960678856455,,,,7.610146076035762,,,,,,,,,13.724544488242852,,,,,,,,,,,,,,,,,,,,,,,,
NIST-MATDB-81ce97da3e80d0c4f1b51b10da948255,,,,,,,,0.010604554373133129,,,,,,,,436.30252096658455,822.412853299785,,,,,,,,246.0453087833068,,,,185.15543699814918,,,,,,,,,,,
NIST-MATDB-99bf92208771cc605a3faf79b8eabf10,,,0.64250455717869,,,37.612291825405634,7.763674658506861,,5.659302589278895,4.228416556567363,,,,,,209.52506142741547,23.43079362297246,,,0.7790968699782935,60.699831189896116,,,,,,,,,10.678956922408888,,,,,,,,,,
NIST-MATDB-22cc5d2f7013cee412e01e9ff0861ce4,,,,,0.9074158440521259,0.5953255357718534,20.42184195259422,,2.7463749346485837,6.677907636753937,,,,,,,,,,,,,,,,0.3758597422025741,,,,,,,,,,,,,,
NIST-MATDB-4c5fc9ec0f07f55545f660abeabc296d,7.705373740674188,0.1889212620531884,1.136828280425456,0.22159533785426014,,,,0.022552483045915908,,,,,,,,,,,,,,0.3243736244044222,,,,,,,,,,,,,,,,,,
NIST-MATDB-a1811d120b849d172a5b30fd4889ec1d,,,0.8854229697981005,,,,16.64729500323296,,15.987845303488381,15.443795365844595,,,,,,,,,,,,,,,,,,,,,,,,,,,,,,
NIST-MATDB-f048a93795284c8e98b0c848fc471416,,,0.7542213568883762,,,,10.73191207040314,,16.527019586228356,8.2810985823963,,,,,,,,,,,,,,,,,,,,,,,,,,,,,,
NIST-MATDB-30dd74c9be4b046c2076cd94dec7e267,57.626860095996584,273.2069786529139,67.93867966867934,,,,,,,,52.48646529806436,,,,,165.661536534083,206.9875698169449,,,,,,,,1138.4314577998575,,,703.9590595478782,98.26986870140992,,,,109.7933160773652,,,,,,,
NIST-MATDB-595990fd285c5478047fd2f16f7f3be3,,,0.6293260907937859,,,,10.730089101671897,,11.996753609024124,7.772245761988206,,,,,,,,,,,,,,,,,,,,,,,,,,,,,,
NIST-MATDB-583d697c0afbca86fe273ecf518cf711,0.5999965625727587,,,,,,,,,,145.61437844455367,,,,,210.9808038832489,146.4771090905859,,,,2.552802164064046,,,,,,,,,,,,,,,,,,,
NIST-MATDB-148bf92e876591b367272f179fd6810e,,,0.7343627655317021,,,,7.912168644044304,,10.25283298711337,7.465381065313384,,,,,,,,,,,,,,,,,,,,,,,,,,,,,,
NIST-MATDB-a913314565a8850d65ecf76b10569999,3.6031560870364725,0.23530225352566522,0.49475842975472994,0.1478529463075528,,,,,,,,,,,,,,,0.2581713722113479,,,,,,,,,,,,,,,,,,,,,
NIST-MATDB-79bb15266bb8ce342990c61767bf4f13,,,,,,,,,,,14.912431128756165,,,,,86.85482049728148,212.72687127055474,,,,,,,,,,,,105.23967291677208,,,,,,,,,,,
NIST-MATDB-2beff6a677be50586da875ee5360f654,,,,,,,,,,,,,,,,64.72735272280731,36.6331793157195,,,,,,,,,,,,44.98247426833073,,,,212.62689793706642,,,,,,,
NIST-MATDB-61f9334857ca139ef1abe3aaa8dcbad7,,,,,,,,,,,,,,,,55.221889399636275,41.19640663425555,,,,,,,,,,,,33.349606690402794,,,,322.3953271674098,,,,,,,
NIST-MATDB-16d2ea75949f753ebc0daffccae0ed52,,,0.5455683408708151,,,84.16289641978939,,,12.48131686847074,,5277.647956110752,,,,,,,,,,,,,,,237.7968573531056,,,,,,,,,,,,,,
NIST-MATDB-29da3034f56a3f314e86df224086cae2,,,0.7325539665631781,,,102.69243079565612,,,16.43134871842523,,4141.887805733212,,,,,,,,,,,,,,,833.3303009517663,,,,,,495.24594551505294,,,,,,,,
NIST-MATDB-9aa5608088a0aab82ce1738a4116f469,,,,,,,,,,,183.5966151616515,,,,,19.611153221570884,27.129605922285766,,,,2.939671993184673,,,,18.473811678121802,,,,,,,,,,,,,,,
NIST-MATDB-d049583f6d607e59dc804c4029176dcb,0.451214531728164,0.18351327564539432,0.8634968567247461,0.1396705375766529,,,,,,,,,,,,,,,,,,,,,,,,,,,,,,,,,,,,
NIST-MATDB-8fad47f65fa08c7ac5157aa92c218b1d,0.44781374137907515,0.12037084472089744,0.2042430911148169,0.046560676307985126,,,,,,,,,,,,,,,,,,,,,,,,,,,,,,,,,,,,
NIST-MATDB-655315f090663b4723680a6683f06403,0.8963742429467907,0.38443228098540383,0.3518826190707412,0.16129620372315223,,,,,,,,,,,,,,,,,,,,,,,,,,,,,,,,,,,,
NIST-MATDB-7fdf5997d47b59af2318c9cf774e49ca,,,,,,56.69645591801695,,,,,47.115810229667915,,,,5280.734055521977,330.27431461939227,638.8578102661759,,,812.0111566416282,619.8371649094074,,,,,,,,,,,,,,,,,,,
